25-06-17 14:06:28.691 [6D[17.101470 event set 0x0000000000200000]
25-06-17 14:06:28.694 ec:~> [17.115081 Handle sleep: 0]
25-06-17 14:06:28.706 ec:~> ![17.130981 USB port p0 0]
25-06-17 14:06:28.721 ![17.133728 USB port p0 4]
25-06-17 14:06:28.723 I: C0: pdc_power_mgmt_set_dual_role: set role to 0
25-06-17 14:06:28.733 I: C0: SendCmdStart
25-06-17 14:06:28.735 I: C0: SendCmdWait
25-06-17 14:06:28.737 I: ST0: WRITE SET_PDR
25-06-17 14:06:28.739 I: ST0: PING_STATUS
25-06-17 14:06:28.746 [17.158538 event set 0x0000000000200000]
25-06-17 14:06:28.751 ec:~> I: C0: CCI=0x80000000
25-06-17 14:06:28.762 I: ST0: IDLE
25-06-17 14:06:28.763 I: C0: Attached.SNK
25-06-17 14:06:28.765 I: C0: SendCmdStart
25-06-17 14:06:28.768 I: C0: SendCmdWait
25-06-17 14:06:28.770 I: ST0: WRITE GET_CONNECTOR_STATUS
25-06-17 14:06:28.773 I: ST0: PING_STATUS
25-06-17 14:06:28.781 [17.193756 event set 0x0000000000200000]
25-06-17 14:06:28.786 ec:~> I: ST0: READ
25-06-17 14:06:28.794 I: C0: CCI=0x80001300
25-06-17 14:06:28.796 I: ST0: IDLE
25-06-17 14:06:28.798 I: C0: Attached.SNK
25-06-17 14:06:28.808 I: ST0: WRITE RAW:GET_CAPABILITY
25-06-17 14:06:28.811 I: ST0: PING_STATUS
25-06-17 14:06:28.831 I: ST0: READ
25-06-17 14:06:28.833 I: C0: CCI=0x80001000
25-06-17 14:06:28.835 I: ST0: IDLE
25-06-17 14:06:28.837 [17.250274 event set 0x0000000000200000]
25-06-17 14:06:28.842 ec:~> [17.271667 event set 0x0000000000200000]
25-06-17 14:06:28.863 ec:~> I: ST0: WRITE RAW:GET_CONNECTOR_CAPABILITY
25-06-17 14:06:28.878 I: ST0: PING_STATUS
25-06-17 14:06:28.899 I: ST0: READ
25-06-17 14:06:28.900 I: C0: CCI=0x80000400
25-06-17 14:06:28.903 I: ST0: IDLE
25-06-17 14:06:28.904 [17.317596 event set 0x0000000000200000]
25-06-17 14:06:28.908 ec:~> [17.325347 event set 0x0000000000200000]
25-06-17 14:06:28.916 ec:~> [17.340881 event set 0x0000000000200000]
25-06-17 14:06:28.932 ec:~> [17.344390 Battery 85% (Display 96.5 %) / 0h:42 to full]
25-06-17 14:06:28.938 ec:~> [17.475585 event set 0x0000000000200000]
25-06-17 14:06:29.067 ec:~> [17.480895 event set 0x0000000000200000]
25-06-17 14:06:29.071 ec:~> [17.505462 event set 0x0000000000200000]
25-06-17 14:06:29.095 ec:~> [17.510772 event set 0x0000000000200000]
25-06-17 14:06:29.101 ec:~> I: ST0: WRITE RAW:GET_CAPABILITY
25-06-17 14:06:29.106 I: ST0: PING_STATUS
25-06-17 14:06:29.124 I: ST0: READ
25-06-17 14:06:29.126 I: C0: CCI=0x80001000
25-06-17 14:06:29.128 I: ST0: IDLE
25-06-17 14:06:29.129 [17.544708 event set 0x0000000000200000]
25-06-17 14:06:29.134 ec:~> [17.550354 event set 0x0000000000200000]
25-06-17 14:06:29.140 ec:~> I: ST0: WRITE RAW:GET_CONNECTOR_CAPABILITY
25-06-17 14:06:29.144 I: ST0: PING_STATUS
25-06-17 14:06:29.164 I: ST0: READ
25-06-17 14:06:29.166 I: C0: CCI=0x80000400
25-06-17 14:06:29.168 I: ST0: IDLE
25-06-17 14:06:29.170 [17.579315 Battery 85% (Display 85.4 %) / 0h:42 to full]
25-06-17 14:06:29.175 ec:~> [17.585357 event set 0x0000000000200000]
25-06-17 14:06:29.180 ec:~> [17.591064 event set 0x0000000000200000]
25-06-17 14:06:29.185 ec:~> [17.596435 event set 0x0000000000200000]
25-06-17 14:06:29.189 ec:~> [17.723968 event set 0x0000000000200000]
25-06-17 14:06:29.314 ec:~> [17.729003 event set 0x0000000000200000]
25-06-17 14:06:29.317 ec:~> [17.753082 event set 0x0000000000200000]
25-06-17 14:06:29.341 ec:~> [17.758239 event set 0x0000000000200000]
25-06-17 14:06:29.346 ec:~> I: ST0: WRITE RAW:GET_CAPABILITY
25-06-17 14:06:29.350 I: ST0: PING_STATUS
25-06-17 14:06:29.370 I: ST0: READ
25-06-17 14:06:29.372 I: C0: CCI=0x80001000
25-06-17 14:06:29.374 I: ST0: IDLE
25-06-17 14:06:29.375 [17.792175 event set 0x0000000000200000]
25-06-17 14:06:29.380 ec:~> [17.797760 event set 0x0000000000200000]
25-06-17 14:06:29.386 ec:~> I: ST0: WRITE RAW:GET_CONNECTOR_CAPABILITY
25-06-17 14:06:29.390 I: ST0: PING_STATUS
25-06-17 14:06:29.410 I: ST0: READ
25-06-17 14:06:29.412 I: C0: CCI=0x80000400
25-06-17 14:06:29.414 I: ST0: IDLE
25-06-17 14:06:29.415 [17.832305 event set 0x0000000000200000]
25-06-17 14:06:29.420 ec:~> [17.837707 event set 0x0000000000200000]
25-06-17 14:06:29.425 ec:~> [17.843383 event set 0x0000000000200000]
25-06-17 14:06:29.431 ec:~> [17.973510 event set 0x0000000000200000]
25-06-17 14:06:29.560 ec:~> [17.978759 event set 0x0000000000200000]
25-06-17 14:06:29.565 ec:~> [18.003692 event set 0x0000000000200000]
25-06-17 14:06:29.590 ec:~> [18.008880 event set 0x0000000000200000]
25-06-17 14:06:29.595 ec:~> I: ST0: WRITE RAW:GET_CAPABILITY
25-06-17 14:06:29.599 I: ST0: PING_STATUS
25-06-17 14:06:29.619 I: ST0: READ
25-06-17 14:06:29.621 I: C0: CCI=0x80001000
25-06-17 14:06:29.623 I: ST0: IDLE
25-06-17 14:06:29.624 [18.042816 event set 0x0000000000200000]
25-06-17 14:06:29.629 ec:~> [18.048492 event set 0x0000000000200000]
25-06-17 14:06:29.634 ec:~> I: ST0: WRITE RAW:GET_CONNECTOR_CAPABILITY
25-06-17 14:06:29.639 I: ST0: PING_STATUS
25-06-17 14:06:29.659 I: ST0: READ
25-06-17 14:06:29.661 I: C0: CCI=0x80000400
25-06-17 14:06:29.663 I: ST0: IDLE
25-06-17 14:06:29.664 [18.083099 event set 0x0000000000200000]
25-06-17 14:06:29.669 ec:~> [18.088531 event set 0x0000000000200000]
25-06-17 14:06:29.674 ec:~> [18.094146 event set 0x0000000000200000]
25-06-17 14:06:29.680 ec:~> [18.223114 event set 0x0000000000200000]
25-06-17 14:06:29.810 ec:~> [18.227783 event set 0x0000000000200000]
25-06-17 14:06:29.813 ec:~> [18.252288 event set 0x0000000000200000]
25-06-17 14:06:29.837 ec:~> [18.257720 event set 0x0000000000200000]
25-06-17 14:06:29.842 ec:~> I: ST0: WRITE RAW:GET_CAPABILITY
25-06-17 14:06:29.846 I: ST0: PING_STATUS
25-06-17 14:06:29.866 I: ST0: READ
25-06-17 14:06:29.868 I: C0: CCI=0x80001000
25-06-17 14:06:29.870 I: ST0: IDLE
25-06-17 14:06:29.872 [18.291687 event set 0x0000000000200000]
25-06-17 14:06:29.877 ec:~> [18.297119 event set 0x0000000000200000]
25-06-17 14:06:29.883 ec:~> I: ST0: WRITE RAW:GET_CONNECTOR_CAPABILITY
25-06-17 14:06:29.886 I: ST0: PING_STATUS
25-06-17 14:06:29.906 I: ST0: READ
25-06-17 14:06:29.908 I: C0: CCI=0x80000400
25-06-17 14:06:29.910 I: ST0: IDLE
25-06-17 14:06:29.912 [18.331817 event set 0x0000000000200000]
25-06-17 14:06:29.916 ec:~> [18.338195 event set 0x0000000000200000]
25-06-17 14:06:29.922 ec:~> I: ST0: WRITE RAW:GET_PDOS
25-06-17 14:06:29.925 I: ST0: PING_STATUS
25-06-17 14:06:29.946 I: ST0: READ
25-06-17 14:06:29.947 I: C0: CCI=0x80000400
25-06-17 14:06:29.949 I: ST0: IDLE
25-06-17 14:06:29.951 [18.371398 event set 0x0000000000200000]
25-06-17 14:06:29.956 ec:~> [18.376800 event set 0x0000000000200000]
25-06-17 14:06:29.962 ec:~> I: ST0: WRITE RAW:GET_PDOS
25-06-17 14:06:29.965 I: ST0: PING_STATUS
25-06-17 14:06:29.984 I: ST0: READ
25-06-17 14:06:29.986 I: C0: CCI=0x80000c00
25-06-17 14:06:29.988 I: ST0: IDLE
25-06-17 14:06:29.990 [18.410247 event set 0x0000000000200000]
25-06-17 14:06:29.995 ec:~> [18.415649 event set 0x0000000000200000]
25-06-17 14:06:30.001 ec:~> I: ST0: WRITE RAW:GET_ALTERNATE_MODES
25-06-17 14:06:30.005 I: ST0: PING_STATUS
25-06-17 14:06:30.024 I: ST0: READ
25-06-17 14:06:30.025 I: C0: CCI=0x80000600
25-06-17 14:06:30.028 I: ST0: IDLE
25-06-17 14:06:30.029 [18.449859 event set 0x0000000000200000]
25-06-17 14:06:30.034 ec:~> [18.455261 event set 0x0000000000200000]
25-06-17 14:06:30.039 ec:~> [18.459747 event set 0x0000000000200000]
25-06-17 14:06:30.044 ec:~> [18.465332 event set 0x0000000000200000]
25-06-17 14:06:30.050 ec:~> I: ST0: WRITE RAW:GET_PD_MESSAGE
25-06-17 14:06:30.053 I: ST0: PING_STATUS
25-06-17 14:06:30.073 I: ST0: READ
25-06-17 14:06:30.075 I: C0: CCI=0x80001c00
25-06-17 14:06:30.077 I: ST0: IDLE
25-06-17 14:06:30.078 [18.499664 event set 0x0000000000200000]
25-06-17 14:06:30.083 ec:~> [18.505126 event set 0x0000000000200000]
25-06-17 14:06:30.088 ec:~> I: ST0: WRITE RAW:GET_CABLE_PROPERTY
25-06-17 14:06:30.092 I: ST0: PING_STATUS
25-06-17 14:06:30.112 I: ST0: READ
25-06-17 14:06:30.114 I: C0: CCI=0x80000500
25-06-17 14:06:30.117 I: ST0: IDLE
25-06-17 14:06:30.118 [18.539123 event set 0x0000000000200000]
25-06-17 14:06:30.122 ec:~> [18.544586 event set 0x0000000000200000]
25-06-17 14:06:30.127 ec:~> I: ST0: WRITE RAW:GET_PD_MESSAGE
25-06-17 14:06:30.131 I: ST0: PING_STATUS
25-06-17 14:06:30.151 I: ST0: READ
25-06-17 14:06:30.153 I: C0: CCI=0x80001c00
25-06-17 14:06:30.156 I: ST0: IDLE
25-06-17 14:06:30.157 [18.578948 event set 0x0000000000200000]
25-06-17 14:06:30.162 ec:~> [18.584594 event set 0x0000000000200000]
25-06-17 14:06:30.167 ec:~> I: ST0: WRITE RAW:GET_ALTERNATE_MODES
25-06-17 14:06:30.171 I: ST0: PING_STATUS
25-06-17 14:06:30.192 I: ST0: READ
25-06-17 14:06:30.193 I: C0: CCI=0x80000600
25-06-17 14:06:30.196 I: ST0: IDLE
25-06-17 14:06:30.197 [18.618927 event set 0x0000000000200000]
25-06-17 14:06:30.202 ec:~> [18.624359 event set 0x0000000000200000]
25-06-17 14:06:30.208 ec:~> I: ST0: WRITE RAW:GET_PDOS
25-06-17 14:06:30.211 I: ST0: PING_STATUS
25-06-17 14:06:30.230 I: ST0: READ
25-06-17 14:06:30.232 I: C0: CCI=0x80001000
25-06-17 14:06:30.234 I: ST0: IDLE
25-06-17 14:06:30.235 [18.657806 event set 0x0000000000200000]
25-06-17 14:06:30.240 ec:~> [18.663208 event set 0x0000000000200000]
25-06-17 14:06:30.245 ec:~> I: ST0: WRITE RAW:GET_PDOS
25-06-17 14:06:30.248 I: ST0: PING_STATUS
25-06-17 14:06:30.269 I: C0: CCI=0x80000000
25-06-17 14:06:30.271 I: ST0: IDLE
25-06-17 14:06:30.273 [18.694824 event set 0x0000000000200000]
25-06-17 14:06:30.277 ec:~> [18.700256 event set 0x0000000000200000]
25-06-17 14:06:30.282 ec:~> I: ST0: WRITE RAW:GET_ALTERNATE_MODES
25-06-17 14:06:30.286 I: ST0: PING_STATUS
25-06-17 14:06:30.306 I: ST0: READ
25-06-17 14:06:30.308 I: C0: CCI=0x80000600
25-06-17 14:06:30.310 I: ST0: IDLE
25-06-17 14:06:30.312 [18.734436 event set 0x0000000000200000]
25-06-17 14:06:30.316 ec:~> [18.739837 event set 0x0000000000200000]
25-06-17 14:06:30.321 ec:~> [18.744415 event set 0x0000000000200000]
25-06-17 14:06:30.326 ec:~> [18.749359 event set 0x0000000000200000]
25-06-17 14:06:30.331 ec:~> I: ST0: WRITE RAW:GET_PDOS
25-06-17 14:06:30.334 I: ST0: PING_STATUS
25-06-17 14:06:30.354 I: ST0: READ
25-06-17 14:06:30.356 I: C0: CCI=0x80001000
25-06-17 14:06:30.358 I: ST0: IDLE
25-06-17 14:06:30.360 [18.782897 event set 0x0000000000200000]
25-06-17 14:06:30.364 ec:~> [18.788330 event set 0x0000000000200000]
25-06-17 14:06:30.370 ec:~> I: ST0: WRITE RAW:GET_PDOS
25-06-17 14:06:30.373 I: ST0: PING_STATUS
25-06-17 14:06:30.393 I: C0: CCI=0x80000000
25-06-17 14:06:30.396 I: ST0: IDLE
25-06-17 14:06:30.397 [18.820037 event set 0x0000000000200000]
25-06-17 14:06:30.402 ec:~> [18.825805 event set 0x0000000000200000]
25-06-17 14:06:30.407 ec:~> [19.325866 Battery 85% (Display 85.5 %) / 0h:40 to full]
25-06-17 14:06:30.906 ec:~> I: ST0: WRITE RAW:GET_PDOS
25-06-17 14:06:31.113 I: ST0: PING_STATUS
25-06-17 14:06:31.130 I: ST0: READ
25-06-17 14:06:31.132 I: C0: CCI=0x80001000
25-06-17 14:06:31.134 I: ST0: IDLE
25-06-17 14:06:31.135 [19.563842 event set 0x0000000000200000]
25-06-17 14:06:31.140 ec:~> [19.570007 event set 0x0000000000200000]
25-06-17 14:06:31.147 ec:~> I: ST0: WRITE RAW:GET_PDOS
25-06-17 14:06:31.149 I: ST0: PING_STATUS
25-06-17 14:06:31.170 I: C0: CCI=0x80000000
25-06-17 14:06:31.172 I: ST0: IDLE
25-06-17 14:06:31.173 [19.601715 event set 0x0000000000200000]
25-06-17 14:06:31.178 ec:~> [19.607177 event set 0x0000000000200000]
25-06-17 14:06:31.183 ec:~> I: ST0: WRITE RAW:GET_ALTERNATE_MODES
25-06-17 14:06:31.187 I: ST0: PING_STATUS
25-06-17 14:06:31.208 I: ST0: READ
25-06-17 14:06:31.209 I: C0: CCI=0x80000600
25-06-17 14:06:31.211 I: ST0: IDLE
25-06-17 14:06:31.213 [19.641357 event set 0x0000000000200000]
25-06-17 14:06:31.217 ec:~> [19.646728 event set 0x0000000000200000]
25-06-17 14:06:31.222 ec:~> cbis
25-06-17 14:06:33.967 [22.411376 CBI Reading board info]
25-06-17 14:06:33.969 CBI_VERSION: 0x0000
25-06-17 14:06:33.970 TOTAL_SIZE: 32
25-06-17 14:06:33.972 BOARD_VERSION: 0 (0x0)
25-06-17 14:06:33.975 OEM_ID: (Error 1)
25-06-17 14:06:33.977 MODEL_ID: (Error 1)
25-06-17 14:06:33.979 SKU_ID: 2147483647 (0x7fffffff)
25-06-17 14:06:33.983 FW_CONFIG: 2516582721 (0x96000141)
25-06-17 14:06:33.987 PCB_SUPPLIER: (Error 1)
25-06-17 14:06:33.989 SSFC: 18 (0x12)
25-06-17 14:06:33.991 REWORK_ID: (Error 1)
25-06-17 14:06:33.994  43 42 49 46 00 00 20 00 00 04 00 00 00 00 02 04 |CBIF.. .........|
25-06-17 14:06:34.001  ff ff ff 7f 06 04 41 01 00 96 08 04 12 00 00 00 |......A.........|
25-06-17 14:06:34.008  00 00 00 00 00 00 00 00 00 00 00 00 00 00 00 00 |................|
25-06-17 14:06:34.014  00 00 00 00 00 00 00 00 00 00 00 00 00 00 00 00 |................|
25-06-17 14:06:34.021  00 00 00 00 00 00 00 00 00 00 00 00 00 00 00 00 |................|
25-06-17 14:06:34.028  00 00 00 00 00 00 00 00 00 00 00 00 00 00 00 00 |................|
25-06-17 14:06:34.033  00 00 00 00 00 00 00 00 00 00 00 00 00 00 00 00 |................|
25-06-17 14:06:34.038  00 00 00 00 00 00 00 00 00 00 00 00 00 00 00 00 |................|
25-06-17 14:06:34.044  00 00 00 00 00 00 00 00 00 00 00 00 00 00 00 00 |................|
25-06-17 14:06:34.050  00 00 00 00 00 00 00 00 00 00 00 00 00 00 00 00 |................|
25-06-17 14:06:34.057  00 00 00 00 00 00 00 00 00 00 00 00 00 00 00 00 |................|
25-06-17 14:06:34.063  00 00 00 00 00 00 00 00 00 00 00 00 00 00 00 00 |................|
25-06-17 14:06:34.070  00 00 00 00 00 00 00 00 00 00 00 00 00 00 00 00 |................|
25-06-17 14:06:34.076  00 00 00 00 00 00 00 00 00 00 00 00 00 00 00 00 |................|
25-06-17 14:06:34.082  00 00 00 00 00 00 00 00 00 00 00 00 00 00 00 00 |................|
25-06-17 14:06:34.085  00 00 00 00 00 00 00 00 00 00 00 00 00 00 00 00 |................|
25-06-17 14:06:34.086 ec:~> cbis set [25.330505 Battery 85% (Display 85.6 %) / 0h:36 to full]
25-06-17 14:06:36.871 ec:~> cbi set 0x[29.334320 Battery 85% (Display 85.7 %) / 0h:34 to full]
25-06-17 14:06:40.850 ec:~> cbi set 0x[35.340148 Battery 85% (Display 85.8 %) / 0h:32 to full]
25-06-17 14:06:46.817 ec:~> cbi set 0x[37.341949 Battery 86% (Display 85.8 %) / 0h:32 to full]
25-06-17 14:06:48.807 ec:~> cbi set 0x\[39.343536 Battery 86% (Display 85.9 %) / 0h:31 to full]
25-06-17 14:06:50.794 ec:~> cbi set 0x0x86000041 80x86000041  0x86000041 [45.349456 Battery 86% (Display 86.0 %) / 0h:30 to full]
25-06-17 14:06:56.763 ec:~> cbi set 8 0x86000041 4
25-06-17 14:06:57.783 ec:~> [51.605163 Battery 86% (Display 86.1 %) / 0h:30 to full]
25-06-17 14:07:02.979 ec:~> [55.609100 Battery 86% (Display 86.2 %) / 0h:29 to full]
25-06-17 14:07:06.956 ec:~> reboot
25-06-17 14:07:11.896 Rebooting!
25-06-17 14:07:11.896 
25-06-17 14:07:11.896 
25-06-17 14:07:11.924 ![0.012329 CBI Reading board info]
25-06-17 14:07:11.927 I: Querying USB-C port config
25-06-17 14:07:11.930 I: Port C0: using driver rts54-pdc@66
25-06-17 14:07:11.934 I: No PDC for C1. Port will be disabled.
25-06-17 14:07:11.938 I: Final USB-C count: 1
25-06-17 14:07:11.940 I: ST0: INIT
25-06-17 14:07:11.942 I: C0: Realtek RTS545x PDC DRIVER
25-06-17 14:07:11.945 I: C0: PDC Init
25-06-17 14:07:11.946 I: C0: pdc_power_mgmt_set_dual_role: set role to 3
25-06-17 14:07:11.951 I: C0: Setting AP power state to S5
25-06-17 14:07:11.954 E: C1: Port disabled per board configuration (total active ports: 1)
25-06-17 14:07:11.960 I: PPM driver found 1 USB-C ports
25-06-17 14:07:11.963 *** Booting Zephyr OS build 4.1.99 ***
25-06-17 14:07:11.967 !
25-06-17 14:07:11.967 !
25-06-17 14:07:11.968 --- UART initialized after reboot ---
25-06-17 14:07:11.972 ![Image: RO, anakin-0.0.0-43a8380 2025-06-17 11:00:14 wjh@wjh]
25-06-17 14:07:11.978 ![Reset cause: !soft!]
25-06-17 14:07:11.981 ![0.067626 KB Custom=1 Keypad=1 Vivaldi=0]
25-06-17 14:07:11.986 ![0.071502 KB WARN: Debounce durations not equal]
25-06-17 14:07:11.989 ![0.078430 init buttons]
25-06-17 14:07:11.992 ![0.080932 boot buttons: 0x0]
25-06-17 14:07:11.995 ![0.083618 VB Main]
25-06-17 14:07:11.996 ![0.085479 VB Ping Cr50]
25-06-17 14:07:11.999 
25-06-17 14:07:11.999 ec:~> [0.089385 hash start 0x00060000 0x0003dfc8]
25-06-17 14:07:12.005 ec:~> [0.208648 hash done 82660dd355f8faf6932dd24b276326dcceb5aa93b194f0a353e3ed06f552f8e7]
25-06-17 14:07:12.127 ec:~> [0.210205 VB Verifying hash]
25-06-17 14:07:12.131 ec:~> μμμμμμμμμμμμμμμμμμμμμμμμμμμμμμμμEC® ‚fΣUψϊφ“-ÒK'c&άΞµª“±”π£SγνυRψη
25-06-17 14:07:12.141 ec:~> [0.231353 VB Received 0xec07]
25-06-17 14:07:12.145 ec:~> [0.232513 VB Hash mismatch]
25-06-17 14:07:12.149 ec:~> [0.233154 VB Enable USB-PD]
25-06-17 14:07:12.153 ec:~> [0.233947 VB Exit]
25-06-17 14:07:12.156 ec:~> [0.235626 SBS battery supports pec: 1]
25-06-17 14:07:12.160 ec:~> [0.241912 BCFG Battery says AS3GXXD3KB,B140435]
25-06-17 14:07:12.166 ec:~> [0.242919 BCFG Config not found in FW]
25-06-17 14:07:12.171 ec:~> [0.243835 BCFG Config not found in CBI]
25-06-17 14:07:12.175 ec:~> [0.244567 BCFG Fall back to config_fw[0]]
25-06-17 14:07:12.180 ec:~> [0.246093 SBS Wait for battery stabilized during 1000000]
25-06-17 14:07:12.188 ec:~> [0.248657 SBS battery responded with status 80]
25-06-17 14:07:12.194 ec:~> [0.277069 SW 0x01]
25-06-17 14:07:12.194 ec:~> [0.296203 Sustainer disabled]
25-06-17 14:07:12.209 ec:~> [0.297302 event set 0x00000000000020I: ST00]
25-06-17 14:07:12.216 ec:~> : [J[0.298156 hostWRITE cmd init 0x00000VENDOR_ENABLE
25-06-17 14:07:12.224 00000002000]
25-06-17 14:07:12.226 ecI: ST:~> [0.2909133 Motion pre-: shutdown; loops PING_STATUS
25-06-17 14:07:12.234 0; last 299 ms aI: Initialized PPM num_ports=go; a=0x0, s=0x01
25-06-17 14:07:12.242 ]
25-06-17 14:07:12.242 ec:~> [0.301025 mkbp switches: 1]
25-06-17 14:07:12.247 ec:~> [0.302062 Inits done]
25-06-17 14:07:12.251 ec:~> [0I: ST.323577 event se0: t 0x000000000020INIT
25-06-17 14:07:12.257 0000]
25-06-17 14:07:12.258 ec:~> [0.311035 KB init state:ec:~>  --ec:~>  --ec:~>  --ec:~>  --ec:~>  --ec:~>  --ec:~>  --ec:~>  --ec:~>  --ec:~>  --ec:~>  --ec:~>  --ec:~> : ST[6D --ec:~> : [6D --ec:~> RITE [6D --ec:~> [6D]
25-06-17 14:07:12.288 ec:~> T_IC_STATUS
25-06-17 14:07:12.290 [6D[0.337524 Ipower state 0 = : STG3, in 0x0027]
25-06-17 14:07:12.296 0: ec:~> [0.PING_STATUS
25-06-17 14:07:12.299 338439 power state 5 = G3->S5, in 0x0027]
25-06-17 14:07:12.303 ec:~> [0.344116 power state 1 = S5, in 0x0037]
25-06-17 14:07:12.308 ec:~> [0.345184 power state 6 = S5->S3, in 0x0037]
25-06-17 14:07:12.313 ec:~> [0.346I: ST374 Set ec_pmic_0: en_odl_r: 1]
25-06-17 14:07:12.318 ecR:~> [0.37EAD
25-06-17 14:07:12.320 8448 Battery presence changed: -I: C1->1 0x0->0x2]
25-06-17 14:07:12.324 0ec:~> [0.: Realtek: FW Version: 379577 Battery n1.ow present]
25-06-17 14:07:12.330 ec:71.~> [0.3851 (GOOG0C00)
25-06-17 14:07:12.333 I: C498 BCFG Battery0: Realtek: PD Version:  says AS3GXXD3KB262, Rev ,B140435]
25-06-17 14:07:12.342 ec:~>769
25-06-17 14:07:12.343  I: ST0: INIT
25-06-17 14:07:12.344 [0.393798 BCFG Config not found in FW]
25-06-17 14:07:12.345 ec:~> [0.416534 Set ec_pmic_en_odl_r: 0]
25-06-17 14:07:12.349 ec:~> [0.417877 BCFG Config not found in CBI]
25-06-17 14:07:12.351 ec:~> [0.418884 BCFG Fall back to config_fw[0]]
25-06-17 14:07:12.353 ec:~> I: ST0: WRITE SET_NOTIFICATION_ENABLE
25-06-17 14:07:12.354 I: ST0: PING_STATUS
25-06-17 14:07:12.369 I: ST0: INIT
25-06-17 14:07:12.376 [0.467987 Set ec_pmic_en_odl_r: 1]
25-06-17 14:07:12.380 ec:~> [0.469238 Set ec_ap_sys_rst_odl: 1]
25-06-17 14:07:12.385 ec:~> I: ST0: WRITE PPM_RESET
25-06-17 14:07:12.393 I: ST0: PING_STATUS
25-06-17 14:07:12.413 I: ST0: INIT
25-06-17 14:07:12.434 I: ST0: IDLE
25-06-17 14:07:12.452 I: C0: PDC Subsystem Started
25-06-17 14:07:12.455 I: C0: SendCmdStart
25-06-17 14:07:12.458 I: C0: SendCmdWait
25-06-17 14:07:12.459 I: ST0: WRITE CMD_SET_PDO
25-06-17 14:07:12.461 I: ST0: PING_STATUS
25-06-17 14:07:12.463 E: Node with matching prop not found
25-06-17 14:07:12.482 I: C0: CCI=0x80000000
25-06-17 14:07:12.484 I: ST0: IDLE
25-06-17 14:07:12.486 I: C0: PDC Init
25-06-17 14:07:12.488 I: C0: SendCmdStart
25-06-17 14:07:12.491 I: C0: SendCmdWait
25-06-17 14:07:12.492 I: ST0: WRITE GET_CONNECTOR_STATUS
25-06-17 14:07:12.496 I: ST0: PING_STATUS
25-06-17 14:07:12.498 I: PD:S5->S3
25-06-17 14:07:12.499 [0.589416 Handle sleep: 0]
25-06-17 14:07:12.502 ec:~> [0.59057I: PD:S3->S0
25-06-17 14:07:12.506 6 power state 3 = S3, in 0x0016]
25-06-17 14:07:12.509 ec:~> [0.591369 power state 7 = S3->S0, in 0x0016]
25-06-17 14:07:12.515 ec:~> [0.592559 Motion pre-resume; loops 1; Ilast 255 ms ago;: ST a=0x0, s=0x0]
25-06-17 14:07:12.523 0: ec:~> [0.READ
25-06-17 14:07:12.526 595916 power staI: Cte 4 = S0, in 0x0: CCI=0x80001300
25-06-17 14:07:12.531 0016]
25-06-17 14:07:12.531 ec:~> I: ST0: IDLE
25-06-17 14:07:12.533 I: C0: Attached.SNK
25-06-17 14:07:12.533 I: C0 attached: Attached.SNK
25-06-17 14:07:12.557 I: C0: SendCmdStart
25-06-17 14:07:12.559 I: C0: SendCmdWait
25-06-17 14:07:12.561 I: ST0: WRITE GET_CONNECTOR_STATUS
25-06-17 14:07:12.564 I: ST0: PING_STATUS
25-06-17 14:07:12.585 I: ST0: READ
25-06-17 14:07:12.586 I: C0: CCI=0x80001300
25-06-17 14:07:12.589 I: ST0: IDLE
25-06-17 14:07:12.590 I: C0: Attached.SNK
25-06-17 14:07:12.617 I: C0: SendCmdStart
25-06-17 14:07:12.619 I: C0: SendCmdWait
25-06-17 14:07:12.621 I: ST0: WRITE GET_CONNECTOR_CAPABILITY
25-06-17 14:07:12.625 I: ST0: PING_STATUS
25-06-17 14:07:12.644 I: ST0: READ
25-06-17 14:07:12.646 I: C0: CCI=0x80000400
25-06-17 14:07:12.649 I: ST0: IDLE
25-06-17 14:07:12.650 I: C0: Attached.SNK
25-06-17 14:07:12.676 I: C0: SendCmdStart
25-06-17 14:07:12.678 I: C0: SendCmdWait
25-06-17 14:07:12.680 I: ST0: WRITE SET_UOR
25-06-17 14:07:12.681 I: ST0: PING_STATUS
25-06-17 14:07:12.702 I: C0: CCI=0x80000000
25-06-17 14:07:12.705 I: ST0: IDLE
25-06-17 14:07:12.707 I: C0: Attached.SNK
25-06-17 14:07:12.710 I: C0: SendCmdStart
25-06-17 14:07:12.713 I: C0: SendCmdWait
25-06-17 14:07:12.714 I: ST0: WRITE GET_CONNECTOR_STATUS
25-06-17 14:07:12.716 I: ST0: PING_STATUS
25-06-17 14:07:12.734 I: ST0: READ
25-06-17 14:07:12.736 I: C0: CCI=0x80001300
25-06-17 14:07:12.739 I: ST0: IDLE
25-06-17 14:07:12.741 I: C0: Attached.SNK
25-06-17 14:07:12.766 I: C0: SendCmdStart
25-06-17 14:07:12.770 I: C0: SendCmdWait
25-06-17 14:07:12.774 I: ST0: WRITE SET_PDR
25-06-17 14:07:12.775 I: ST0: PING_STATUS
25-06-17 14:07:12.792 I: C0: CCI=0x80000000
25-06-17 14:07:12.796 I: ST0: IDLE
25-06-17 14:07:12.798 I: C0: Attached.SNK
25-06-17 14:07:12.800 I: C0: SendCmdStart
25-06-17 14:07:12.804 I: C0: SendCmdWait
25-06-17 14:07:12.807 I: ST0: WRITE GET_CONNECTOR_STATUS
25-06-17 14:07:12.810 I: ST0: PING_STATUS
25-06-17 14:07:12.825 I: ST0: READ
25-06-17 14:07:12.827 I: C0: CCI=0x80001300
25-06-17 14:07:12.830 I: ST0: IDLE
25-06-17 14:07:12.832 I: C0: Attached.SNK
25-06-17 14:07:12.834 [0.926391 charge_manager_leave_safe_mode()]
25-06-17 14:07:12.839 ec:~> [0.941131 event set 0x0000000000000080]
25-06-17 14:07:12.853 ec:~> [0.942443 event set 0x0000000000400000]
25-06-17 14:07:12.859 ec:~> [0.9I: C46380 Battery 860: % (Display 86.2 SendCmdStart
25-06-17 14:07:12.867 %) / 0h:30 to fuI: Cll]
25-06-17 14:07:12.869 ec:~> : [J[0.947509 charSendCmdWait
25-06-17 14:07:12.871 ge_request(13200I: STmV, 2496mA)]
25-06-17 14:07:12.873 ec0: :~> WRITE SET_FRS_FUNCTION
25-06-17 14:07:12.876 I: ST0: PING_STATUS
25-06-17 14:07:12.894 I: C0: CCI=0x80000000
25-06-17 14:07:12.897 I: ST0: IDLE
25-06-17 14:07:12.899 I: C0: Attached.SNK
25-06-17 14:07:12.900 [0.994750 Battery 86% (Display 86.3 %) / 0h:30 to full]
25-06-17 14:07:12.907 ec:~> I: C0: SendCmdStart
25-06-17 14:07:12.926 I: C0: SendCmdWait
25-06-17 14:07:12.928 I: ST0: WRITE GET VDO
25-06-17 14:07:12.931 I: ST0: PING_STATUS
25-06-17 14:07:12.949 [1.044097 power I: STstate 4 = S0, in0 0x0010]
25-06-17 14:07:12.955 ec:~> : READ
25-06-17 14:07:12.957 I: C0: CCI=0x80000800
25-06-17 14:07:12.961 I: ST0: IDLE
25-06-17 14:07:12.962 I: C0: Attached.SNK
25-06-17 14:07:12.985 I: C0: SendCmdStart
25-06-17 14:07:12.989 I: C0: SendCmdWait
25-06-17 14:07:12.992 I: ST0: WRITE GET_PDOS
25-06-17 14:07:12.994 I: ST0: PING_STATUS
25-06-17 14:07:13.011 I: ST0: READ
25-06-17 14:07:13.013 I: C0: CCI=0x80001000
25-06-17 14:07:13.016 I: ST0: IDLE
25-06-17 14:07:13.018 I: C0: Attached.SNK
25-06-17 14:07:13.022 I: C0: SendCmdStart
25-06-17 14:07:13.025 I: C0: SendCmdWait
25-06-17 14:07:13.028 I: ST0: WRITE GET_PDOS
25-06-17 14:07:13.029 I: ST0: PING_STATUS
25-06-17 14:07:13.045 I: C0: CCI=0x80000000
25-06-17 14:07:13.048 I: ST0: IDLE
25-06-17 14:07:13.050 I: C0: Attached.SNK
25-06-17 14:07:13.075 I: C0: SendCmdStart
25-06-17 14:07:13.078 I: C0: SendCmdWait
25-06-17 14:07:13.081 I: ST0: WRITE READ_POWER_LEVEL
25-06-17 14:07:13.084 I: ST0: PING_STATUS
25-06-17 14:07:13.102 I: C0: CCI=0x80000000
25-06-17 14:07:13.105 I: ST0: IDLE
25-06-17 14:07:13.107 I: C0: Attached.SNK
25-06-17 14:07:13.109 I: IS_RDO_VALID: status=1, power_op_mode=3, RDO_POS=4
25-06-17 14:07:13.113 I: Available charging on C0
25-06-17 14:07:13.116 I:   PDO: 00164145
25-06-17 14:07:13.119 I:   V: 20000
25-06-17 14:07:13.124 I:   C: 3250
25-06-17 14:07:13.125 I:   P: 65000
25-06-17 14:07:13.126 [1.215972 Seeding initial chargeI supplier, port :0, supplier 0]
25-06-17 14:07:13.128  ec:~> pdc_power_mgmt_set_active_charge_port: charge_port=0
25-06-17 14:07:13.135 [1.229736 CL: p0I: IS_RDO_VALID: status= s0 i3250 v200001, power_op_mode=]
25-06-17 14:07:13.146 ec:~> 3, RDO_POS=4
25-06-17 14:07:13.147 I: IS_RDO_VALID: status=1, power_op_mode=3, RDO_POS=4
25-06-17 14:07:13.149 I: C0: sink_path_mask=0x1, selected_port=0, enable=1
25-06-17 14:07:13.177 I: C0: SendCmdStart
25-06-17 14:07:13.180 I: C0: SendCmdWait
25-06-17 14:07:13.183 I: ST0: WRITE GET_CABLE_PROPERTY
25-06-17 14:07:13.187 I: ST0: PING_STATUS
25-06-17 14:07:13.204 I: ST0: READ
25-06-17 14:07:13.207 I: C0: CCI=0x80000500
25-06-17 14:07:13.210 I: ST0: IDLE
25-06-17 14:07:13.212 I: C0: Attached.SNK
25-06-17 14:07:13.215 I: C0: IRQ
25-06-17 14:07:13.217 I: C0: CCI=0x10002
25-06-17 14:07:13.220 I: C0: SendCmdStart
25-06-17 14:07:13.223 I: C0: SendCmdWait
25-06-17 14:07:13.224 I: ST0: WRITE GET_CONNECTOR_STATUS
25-06-17 14:07:13.227 I: ST0: PING_STATUS
25-06-17 14:07:13.241 I: ST0: READ
25-06-17 14:07:13.243 I: C0: CCI=0x80001300
25-06-17 14:07:13.246 I: ST0: IDLE
25-06-17 14:07:13.248 I: C0: Attached.SNK
25-06-17 14:07:13.273 I: C0: SendCmdStart
25-06-17 14:07:13.275 I: Command (PDC_SET_AP_POWER_STATE) not implemented
25-06-17 14:07:13.281 I: C0: Attached.SNK
25-06-17 14:07:13.331 I: C0: sink_path_mask=0x1, selected_port=0, enable=1
25-06-17 14:07:13.361 I: C0: SendCmdStart
25-06-17 14:07:13.362 I: C0: SendCmdWait
25-06-17 14:07:13.364 I: ST0: WRITE GET_CABLE_PROPERTY
25-06-17 14:07:13.368 I: ST0: PING_STATUS
25-06-17 14:07:13.388 I: ST0: READ
25-06-17 14:07:13.389 I: C0: CCI=0x80000500
25-06-17 14:07:13.392 I: ST0: IDLE
25-06-17 14:07:13.393 I: C0: Attached.SNK
25-06-17 14:07:13.841 [1.942596 MKBP not cleared within threshold, toggling.]
25-06-17 14:07:13.848 ec:~> 4 signal changes:
25-06-17 14:07:13.945 ec:~>   0.343841  +0.000000  pg_pp3700_s5_od => 1
25-06-17 14:07:13.954 ec:~>   0.583160  +0.239319  ap_ec_sysrst_odl => 1
25-06-17 14:07:13.960 ec:~>   0.583435  +0.000275  pmic_ec_resetb => 1
25-06-17 14:07:13.966 ec:~>   1.043823  +0.460388  ap_in_sleep_l => 1
25-06-17 14:07:13.972 ec:~> I: PD: AP is ON: apply 'startup' followed by 'resume'
25-06-17 14:07:14.496 I: C0: pdc_power_mgmt_set_dual_role: set role to 1
25-06-17 14:07:14.501 I: C0: Setting AP power state to S0
25-06-17 14:07:14.506 I: C0: pdc_power_mgmt_set_dual_role: set role to 3
25-06-17 14:07:14.522 I: C0: SendCmdStart
25-06-17 14:07:14.524 I: Command (PDC_SET_AP_POWER_STATE) not implemented
25-06-17 14:07:14.530 I: C0: Attached.SNK
25-06-17 14:07:14.580 I: C0: SendCmdStart
25-06-17 14:07:14.583 I: C0: SendCmdWait
25-06-17 14:07:14.584 I: ST0: WRITE SET_PDR
25-06-17 14:07:14.588 I: ST0: PING_STATUS
25-06-17 14:07:14.606 I: C0: CCI=0x80000000
25-06-17 14:07:14.609 I: ST0: IDLE
25-06-17 14:07:14.611 I: C0: Attached.SNK
25-06-17 14:07:14.612 I: C0: SendCmdStart
25-06-17 14:07:14.615 I: C0: SendCmdWait
25-06-17 14:07:14.617 I: ST0: WRITE GET_CONNECTOR_STATUS
25-06-17 14:07:14.621 I: ST0: PING_STATUS
25-06-17 14:07:14.639 I: ST0: READ
25-06-17 14:07:14.642 I: C0: CCI=0x80001300
25-06-17 14:07:14.645 I: ST0: IDLE
25-06-17 14:07:14.647 I: C0: Attached.SNK
25-06-17 14:07:14.837 [2.944213 MKBP: The AP is failing to respond despite being powered on.]
25-06-17 14:07:14.844 ec:~> [6.036529 Battery 86% (Display 86.4 %) / 0h:30 to full]
25-06-17 14:07:17.916 ec:~> [12.041931 Battery 86% (Display 86.5 %) / 0h:29 to full]
25-06-17 14:07:23.883 ec:~> ![12.576843 USB port p0 4]
25-06-17 14:07:24.410 I: C0: pdc_power_mgmt_set_dual_role: set role to 0
25-06-17 14:07:24.416 I: C0: SendCmdStart
25-06-17 14:07:24.418 I: C0: SendCmdWait
25-06-17 14:07:24.420 I: ST0: WRITE SET_PDR
25-06-17 14:07:24.422 I: ST0: PING_STATUS
25-06-17 14:07:24.443 I: C0: CCI=0x80000000
25-06-17 14:07:24.445 I: ST0: IDLE
25-06-17 14:07:24.446 I: C0: Attached.SNK
25-06-17 14:07:24.448 I: C0: SendCmdStart
25-06-17 14:07:24.450 I: C0: SendCmdWait
25-06-17 14:07:24.452 I: ST0: WRITE GET_CONNECTOR_STATUS
25-06-17 14:07:24.455 I: ST0: PING_STATUS
25-06-17 14:07:24.475 I: ST0: READ
25-06-17 14:07:24.477 I: C0: CCI=0x80001300
25-06-17 14:07:24.479 I: ST0: IDLE
25-06-17 14:07:24.480 I: C0: Attached.SNK
25-06-17 14:07:25.611 AP_FW 300
25-06-17 14:07:25.614 ec:~> [17.038604 event set 0x0000000000200000]
25-06-17 14:07:28.844 ec:~> [17.059417 Handle sleep: 0]
25-06-17 14:07:28.864 ec:~> [17.069061 event set 0x0000000000200000]
25-06-17 14:07:28.874 ec:~> [17.090911 event set 0x0000000000200000]
25-06-17 14:07:28.896 ec:~> I: ST0: WRITE RAW:GET_CAPABILITY
25-06-17 14:07:28.915 I: ST0: PING_STATUS
25-06-17 14:07:28.936 I: ST0: READ
25-06-17 14:07:28.937 I: C0: CCI=0x80001000
25-06-17 14:07:28.940 I: ST0: IDLE
25-06-17 14:07:28.941 [17.140686 event set 0x0000000000200000]
25-06-17 14:07:28.946 ec:~> [17.165435 event set 0x0000000000200000]
25-06-17 14:07:28.970 ec:~> I: ST0: WRITE RAW:GET_CONNECTOR_CAPABILITY
25-06-17 14:07:28.980 I: ST0: PING_STATUS
25-06-17 14:07:29.000 I: ST0: READ
25-06-17 14:07:29.001 I: C0: CCI=0x80000400
25-06-17 14:07:29.003 I: ST0: IDLE
25-06-17 14:07:29.005 [17.204833 event set 0x0000000000200000]
25-06-17 14:07:29.009 ec:~> [17.214691 event set 0x0000000000200000]
25-06-17 14:07:29.019 ec:~> [17.227081 event set 0x0000000000200000]
25-06-17 14:07:29.032 ec:~> [17.366882 event set 0x0000000000200000]
25-06-17 14:07:29.170 ec:~> [17.372131 event set 0x0000000000200000]
25-06-17 14:07:29.175 ec:~> [17.397735 event set 0x0000000000200000]
25-06-17 14:07:29.201 ec:~> [17.403137 event set 0x0000000000200000]
25-06-17 14:07:29.206 ec:~> I: ST0: WRITE RAW:GET_CAPABILITY
25-06-17 14:07:29.210 I: ST0: PING_STATUS
25-06-17 14:07:29.230 I: ST0: READ
25-06-17 14:07:29.232 I: C0: CCI=0x80001000
25-06-17 14:07:29.234 I: ST0: IDLE
25-06-17 14:07:29.235 [17.437042 event set 0x0000000000200000]
25-06-17 14:07:29.240 ec:~> [17.442535 event set 0x0000000000200000]
25-06-17 14:07:29.246 ec:~> I: ST0: WRITE RAW:GET_CONNECTOR_CAPABILITY
25-06-17 14:07:29.250 I: ST0: PING_STATUS
25-06-17 14:07:29.270 I: ST0: READ
25-06-17 14:07:29.271 I: C0: CCI=0x80000400
25-06-17 14:07:29.274 I: ST0: IDLE
25-06-17 14:07:29.276 [17.477050 event set 0x0000000000200000]
25-06-17 14:07:29.281 ec:~> [17.482513 event set 0x0000000000200000]
25-06-17 14:07:29.287 ec:~> [17.487915 event set 0x0000000000200000]
25-06-17 14:07:29.292 ec:~> [17.621185 event set 0x0000000000200000]
25-06-17 14:07:29.423 ec:~> [17.626464 event set 0x0000000000200000]
25-06-17 14:07:29.428 ec:~> [17.651275 event set 0x0000000000200000]
25-06-17 14:07:29.453 ec:~> [17.656585 event set 0x0000000000200000]
25-06-17 14:07:29.458 ec:~> I: ST0: WRITE RAW:GET_CAPABILITY
25-06-17 14:07:29.462 I: ST0: PING_STATUS
25-06-17 14:07:29.482 I: ST0: READ
25-06-17 14:07:29.484 I: C0: CCI=0x80001000
25-06-17 14:07:29.486 I: ST0: IDLE
25-06-17 14:07:29.487 [17.690490 event set 0x0000000000200000]
25-06-17 14:07:29.492 ec:~> [17.695983 event set 0x0000000000200000]
25-06-17 14:07:29.498 ec:~> I: ST0: WRITE RAW:GET_CONNECTOR_CAPABILITY
25-06-17 14:07:29.502 I: ST0: PING_STATUS
25-06-17 14:07:29.522 I: ST0: READ
25-06-17 14:07:29.523 I: C0: CCI=0x80000400
25-06-17 14:07:29.525 I: ST0: IDLE
25-06-17 14:07:29.527 [17.730529 event set 0x0000000000200000]
25-06-17 14:07:29.532 ec:~> [17.736053 event set 0x0000000000200000]
25-06-17 14:07:29.538 ec:~> [17.741455 event set 0x0000000000200000]
25-06-17 14:07:29.543 ec:~> [17.870788 event set 0x0000000000200000]
25-06-17 14:07:29.674 ec:~> [17.876068 event set 0x0000000000200000]
25-06-17 14:07:29.676 ec:~> [17.901885 event set 0x0000000000200000]
25-06-17 14:07:29.702 ec:~> [17.907196 event set 0x0000000000200000]
25-06-17 14:07:29.708 ec:~> I: ST0: WRITE RAW:GET_CAPABILITY
25-06-17 14:07:29.711 I: ST0: PING_STATUS
25-06-17 14:07:29.731 I: ST0: READ
25-06-17 14:07:29.733 I: C0: CCI=0x80001000
25-06-17 14:07:29.735 I: ST0: IDLE
25-06-17 14:07:29.736 [17.941101 event set 0x0000000000200000]
25-06-17 14:07:29.741 ec:~> [17.946563 event set 0x0000000000200000]
25-06-17 14:07:29.747 ec:~> I: ST0: WRITE RAW:GET_CONNECTOR_CAPABILITY
25-06-17 14:07:29.751 I: ST0: PING_STATUS
25-06-17 14:07:29.771 I: ST0: READ
25-06-17 14:07:29.772 I: C0: CCI=0x80000400
25-06-17 14:07:29.775 I: ST0: IDLE
25-06-17 14:07:29.776 [17.981109 event set 0x0000000000200000]
25-06-17 14:07:29.781 ec:~> [17.986724 event set 0x0000000000200000]
25-06-17 14:07:29.787 ec:~> [17.992126 event set 0x0000000000200000]
25-06-17 14:07:29.792 ec:~> [18.048004 Battery 86% (Display 86.6 %) / 0h:29 to full]
25-06-17 14:07:29.849 ec:~> [18.120422 event set 0x0000000000200000]
25-06-17 14:07:29.920 ec:~> [18.125701 event set 0x0000000000200000]
25-06-17 14:07:29.925 ec:~> [18.150543 event set 0x0000000000200000]
25-06-17 14:07:29.949 ec:~> [18.155731 event set 0x0000000000200000]
25-06-17 14:07:29.957 ec:~> I: ST0: WRITE RAW:GET_CAPABILITY
25-06-17 14:07:29.960 I: ST0: PING_STATUS
25-06-17 14:07:29.978 I: ST0: READ
25-06-17 14:07:29.979 I: C0: CCI=0x80001000
25-06-17 14:07:29.982 I: ST0: IDLE
25-06-17 14:07:29.983 [18.189666 event set 0x0000000000200000]
25-06-17 14:07:29.988 ec:~> [18.195159 event set 0x0000000000200000]
25-06-17 14:07:29.994 ec:~> I: ST0: WRITE RAW:GET_CONNECTOR_CAPABILITY
25-06-17 14:07:29.999 I: ST0: PING_STATUS
25-06-17 14:07:30.018 I: ST0: READ
25-06-17 14:07:30.019 I: C0: CCI=0x80000400
25-06-17 14:07:30.021 I: ST0: IDLE
25-06-17 14:07:30.023 [18.229705 event set 0x0000000000200000]
25-06-17 14:07:30.027 ec:~> [18.235137 event set 0x0000000000200000]
25-06-17 14:07:30.033 ec:~> I: ST0: WRITE RAW:GET_PDOS
25-06-17 14:07:30.036 I: ST0: PING_STATUS
25-06-17 14:07:30.056 I: ST0: READ
25-06-17 14:07:30.058 I: C0: CCI=0x80000400
25-06-17 14:07:30.060 I: ST0: IDLE
25-06-17 14:07:30.061 [18.268371 event set 0x0000000000200000]
25-06-17 14:07:30.066 ec:~> [18.273834 event set 0x0000000000200000]
25-06-17 14:07:30.072 ec:~> I: ST0: WRITE RAW:GET_PDOS
25-06-17 14:07:30.075 I: ST0: PING_STATUS
25-06-17 14:07:30.095 I: ST0: READ
25-06-17 14:07:30.097 I: C0: CCI=0x800![18.306030 USB port p0 0]
25-06-17 14:07:30.102 ![18.308624 USB port p0 4]
25-06-17 14:07:30.105 I: C0: pdc_power_mgmt_set_dual_role: set role to 0
25-06-17 14:07:30.110 00c00
25-06-17 14:07:30.111 I: ST0: IDLE
25-06-17 14:07:30.114 [18.317535 event set 0x000000000I0200000]
25-06-17 14:07:30.119 ec:~> : C0: SendCmdStart
25-06-17 14:07:30.122 I: C0: SendCmdWait
25-06-17 14:07:30.123 I: ST0: WRITE SET_PDR
25-06-17 14:07:30.124 I: ST0: PING_STATUS
25-06-17 14:07:30.126 [18.332366 event set 0x0000000000200000]
25-06-17 14:07:30.130 ec:~> I: C0: CCI=0x80000000
25-06-17 14:07:30.144 I: ST0: IDLE
25-06-17 14:07:30.145 I: C0: Attached.SNK
25-06-17 14:07:30.148 I: C0: SendCmdStart
25-06-17 14:07:30.150 I: C0: SendCmdWait
25-06-17 14:07:30.153 I: ST0: WRITE GET_CONNECTOR_STATUS
25-06-17 14:07:30.155 I: ST0: PING_STATUS
25-06-17 14:07:30.173 I: ST0: READ
25-06-17 14:07:30.175 I: C0: CCI=0x80001300
25-06-17 14:07:30.178 I: ST0: IDLE
25-06-17 14:07:30.180 I: C0: Attached.SNK
25-06-17 14:07:30.193 I: ST0: WRITE RAW:GET_ALTERNATE_MODES
25-06-17 14:07:30.197 I: ST0: PING_STATUS
25-06-17 14:07:30.217 I: ST0: READ
25-06-17 14:07:30.219 I: C0: CCI=0x80000600
25-06-17 14:07:30.221 I: ST0: IDLE
25-06-17 14:07:30.222 [18.430419 event set 0x0000000000200000]
25-06-17 14:07:30.227 ec:~> [18.435821 event set 0x0000000000200000]
25-06-17 14:07:30.233 ec:~> [18.440551 event set 0x0000000000200000]
25-06-17 14:07:30.238 ec:~> [18.446105 event set 0x0000000000200000]
25-06-17 14:07:30.242 ec:~> I: ST0: WRITE RAW:GET_PD_MESSAGE
25-06-17 14:07:30.246 I: ST0: PING_STATUS
25-06-17 14:07:30.266 I: ST0: READ
25-06-17 14:07:30.268 I: C0: CCI=0x80001c00
25-06-17 14:07:30.271 I: ST0: IDLE
25-06-17 14:07:30.272 [18.480407 event set 0x0000000000200000]
25-06-17 14:07:30.277 ec:~> [18.485870 event set 0x0000000000200000]
25-06-17 14:07:30.282 ec:~> I: ST0: WRITE RAW:GET_CABLE_PROPERTY
25-06-17 14:07:30.286 I: ST0: PING_STATUS
25-06-17 14:07:30.306 I: ST0: READ
25-06-17 14:07:30.308 I: C0: CCI=0x80000500
25-06-17 14:07:30.310 I: ST0: IDLE
25-06-17 14:07:30.311 [18.519927 event set 0x0000000000200000]
25-06-17 14:07:30.316 ec:~> [18.525329 event set 0x0000000000200000]
25-06-17 14:07:30.322 ec:~> I: ST0: WRITE RAW:GET_PD_MESSAGE
25-06-17 14:07:30.325 I: ST0: PING_STATUS
25-06-17 14:07:30.345 I: ST0: READ
25-06-17 14:07:30.347 I: C0: CCI=0x80001c00
25-06-17 14:07:30.350 I: ST0: IDLE
25-06-17 14:07:30.351 [18.559661 event set 0x0000000000200000]
25-06-17 14:07:30.356 ec:~> [18.565093 event set 0x0000000000200000]
25-06-17 14:07:30.361 ec:~> I: ST0: WRITE RAW:GET_ALTERNATE_MODES
25-06-17 14:07:30.365 I: ST0: PING_STATUS
25-06-17 14:07:30.385 I: ST0: READ
25-06-17 14:07:30.387 I: C0: CCI=0x80000600
25-06-17 14:07:30.389 I: ST0: IDLE
25-06-17 14:07:30.390 [18.599395 event set 0x0000000000200000]
25-06-17 14:07:30.395 ec:~> [18.604797 event set 0x0000000000200000]
25-06-17 14:07:30.401 ec:~> I: ST0: WRITE RAW:GET_PDOS
25-06-17 14:07:30.403 I: ST0: PING_STATUS
25-06-17 14:07:30.423 I: ST0: READ
25-06-17 14:07:30.425 I: C0: CCI=0x80001000
25-06-17 14:07:30.428 I: ST0: IDLE
25-06-17 14:07:30.429 [18.638244 event set 0x0000000000200000]
25-06-17 14:07:30.433 ec:~> [18.643676 event set 0x0000000000200000]
25-06-17 14:07:30.439 ec:~> I: ST0: WRITE RAW:GET_PDOS
25-06-17 14:07:30.442 I: ST0: PING_STATUS
25-06-17 14:07:30.462 I: C0: CCI=0x80000000
25-06-17 14:07:30.465 I: ST0: IDLE
25-06-17 14:07:30.466 [18.675262 event set 0x0000000000200000]
25-06-17 14:07:30.470 ec:~> [18.680664 event set 0x0000000000200000]
25-06-17 14:07:30.476 ec:~> I: ST0: WRITE RAW:GET_ALTERNATE_MODES
25-06-17 14:07:30.479 I: ST0: PING_STATUS
25-06-17 14:07:30.500 I: ST0: READ
25-06-17 14:07:30.501 I: C0: CCI=0x80000600
25-06-17 14:07:30.504 I: ST0: IDLE
25-06-17 14:07:30.505 [18.714843 event set 0x0000000000200000]
25-06-17 14:07:30.510 ec:~> [18.720367 event set 0x0000000000200000]
25-06-17 14:07:30.515 ec:~> [18.724792 event set 0x0000000000200000]
25-06-17 14:07:30.520 ec:~> [18.729705 event set 0x0000000000200000]
25-06-17 14:07:30.525 ec:~> I: ST0: WRITE RAW:GET_PDOS
25-06-17 14:07:30.527 I: ST0: PING_STATUS
25-06-17 14:07:30.548 I: ST0: READ
25-06-17 14:07:30.549 I: C0: CCI=0x80001000
25-06-17 14:07:30.552 I: ST0: IDLE
25-06-17 14:07:30.553 [18.763366 event set 0x0000000000200000]
25-06-17 14:07:30.580 ec:~> [18.768829 event set 0x0000000000200000]
25-06-17 14:07:30.582 ec:~> I: ST0: WRITE RAW:GET_PDOS
25-06-17 14:07:30.583 I: ST0: PING_STATUS
25-06-17 14:07:30.586 I: C0: CCI=0x80000000
25-06-17 14:07:30.589 I: ST0: IDLE
25-06-17 14:07:30.590 [18.800476 event set 0x0000000000200000]
25-06-17 14:07:30.595 ec:~> [18.808044 event set 0x0000000000200000]
25-06-17 14:07:30.602 ec:~> I: ST0: WRITE RAW:GET_PDOS
25-06-17 14:07:31.255 I: ST0: PING_STATUS
25-06-17 14:07:31.273 I: ST0: READ
25-06-17 14:07:31.275 I: C0: CCI=0x80001000
25-06-17 14:07:31.277 I: ST0: IDLE
25-06-17 14:07:31.278 [19.493194 event set 0x0000000000200000]
25-06-17 14:07:31.283 ec:~> [19.499053 event set 0x0000000000200000]
25-06-17 14:07:31.289 ec:~> I: ST0: WRITE RAW:GET_PDOS
25-06-17 14:07:31.292 I: ST0: PING_STATUS
25-06-17 14:07:31.312 I: C0: CCI=0x80000000
25-06-17 14:07:31.314 I: ST0: IDLE
25-06-17 14:07:31.315 [19.530670 event set 0x0000000000200000]
25-06-17 14:07:31.320 ec:~> [19.536407 event set 0x0000000000200000]
25-06-17 14:07:31.326 ec:~> I: ST0: WRITE RAW:GET_ALTERNATE_MODES
25-06-17 14:07:31.330 I: ST0: PING_STATUS
25-06-17 14:07:31.350 I: ST0: READ
25-06-17 14:07:31.351 I: C0: CCI=0x80000600
25-06-17 14:07:31.355 I: ST0: IDLE
25-06-17 14:07:31.356 [19.570648 event set 0x0000000000200000]
25-06-17 14:07:31.361 ec:~> [19.576019 event set 0x0000000000200000]
25-06-17 14:07:31.366 ec:~> cbi [22.069030 event set 0x0000000000000080]
25-06-17 14:07:33.843 ec:~> cbi [22.075744 Battery 86% (Display 75.4 %) / 0h:29 to full]
25-06-17 14:07:33.852 ec:~> cbi [22.318542 event set 0x0000000000000080]
25-06-17 14:07:34.091 ec:~> cbi [22.326782 Battery 86% (Display 86.7 %) / 0h:29 to full]
25-06-17 14:07:34.101 ec:~> cbi set 8  60x86000041 0x86000041[29.063018 Battery 86% (Display 86.8 %) / 0h:29 to full]
25-06-17 14:07:40.792 ec:~> cbi set 6 0x86000041 4
25-06-17 14:07:43.312 ec:~> [32.316192 Battery 85% (Display 86.8 %) / 0h:29 to full]
25-06-17 14:07:44.024 ec:~> [33.316986 Battery 87% (Display 86.9 %) / 0h:29 to full]
25-06-17 14:07:45.019 ec:~> 
25-06-17 14:07:49.758 ec:~> cbi set [39.323455 Battery 87% (Display 87.0 %) / 0h:29 to full]
25-06-17 14:07:50.986 ec:~> cbi set 80x12 0x12 4
25-06-17 14:07:54.967 ec:~> reboo[44.356933 Battery 87% (Display 87.1 %) / 0h:29 to full]
25-06-17 14:07:55.989 ec:~> reboot
25-06-17 14:07:56.092 Rebooting!
25-06-17 14:07:56.093 
25-06-17 14:07:56.093 
25-06-17 14:07:56.122 ![0.012329 CBI Reading board info]
25-06-17 14:07:56.125 I: Querying USB-C port config
25-06-17 14:07:56.128 I: Port C0: using driver rts54-pdc@66
25-06-17 14:07:56.132 I: Port C1: using driver rts54-pdc@67
25-06-17 14:07:56.136 I: Final USB-C count: 2
25-06-17 14:07:56.138 I: ST0: INIT
25-06-17 14:07:56.140 I: C0: Realtek RTS545x PDC DRIVER
25-06-17 14:07:56.144 I: C0: PDC Init
25-06-17 14:07:56.145 I: C0: pdc_power_mgmt_set_dual_role: set role to 3
25-06-17 14:07:56.151 I: C0: Setting AP power state to S5
25-06-17 14:07:56.154 I: ST1: INIT
25-06-17 14:07:56.156 I: C1: Realtek RTS545x PDC DRIVER
25-06-17 14:07:56.159 I: C1: PDC Init
25-06-17 14:07:56.160 I: C1: pdc_power_mgmt_set_dual_role: set role to 3
25-06-17 14:07:56.165 I: C1: Setting AP power state to S5
25-06-17 14:07:56.169 I: PPM driver found 2 USB-C ports
25-06-17 14:07:56.172 *** Booting Zephyr OS build 4.1.99 ***
25-06-17 14:07:56.175 !
25-06-17 14:07:56.175 !
25-06-17 14:07:56.176 --- UART initialized after reboot ---
25-06-17 14:07:56.180 ![Image: RO, anakin-0.0.0-43a8380 2025-06-17 11:00:14 wjh@wjh]
25-06-17 14:07:56.185 ![Reset cause: !soft!]
25-06-17 14:07:56.187 ![0.074981 KB Custom=1 Keypad=1 Vivaldi=0]
25-06-17 14:07:56.192 ![0.078857 KB WARN: Debounce durations not equal]
25-06-17 14:07:56.194 ![0.085784 init buttons]
25-06-17 14:07:56.197 ![0.088287 boot buttons: 0x0]
25-06-17 14:07:56.200 ![0.090972 VB Main]
25-06-17 14:07:56.202 ![0.092834 VB Ping Cr50]
25-06-17 14:07:56.204 
25-06-17 14:07:56.204 ec:~> [0.096740 hash start 0x00060000 0x0003dfc8]
25-06-17 14:07:56.210 ec:~> [0.216003 hash done 82660dd355f8faf6932dd24b276326dcceb5aa93b194f0a353e3ed06f552f8e7]
25-06-17 14:07:56.333 ec:~> [0.217559 VB Verifying hash]
25-06-17 14:07:56.336 ec:~> μμμμμμμμμμμμμμμμμμμμμμμμμμμμμμμμEC® ‚fΣUψϊφ“-ÒK'c&άΞª“±”π£SγνυRψη
25-06-17 14:07:56.346 ec:~> [0.238677 VB Received 0xec07]
25-06-17 14:07:56.350 eI: Replacing "c:~> [0.2base-accel" for "39837 VB Hash mialt-base-accel" based on SSFC
25-06-17 14:07:56.358 smatch]
25-06-17 14:07:56.359 ec:~> : Replacing "[6D[0.240478 base-gyro" for "VB Enable USB-PDalt-base-gyro" based on SSFC
25-06-17 14:07:56.368 ]
25-06-17 14:07:56.368 ec:~> [0.241271 VB Exit]
25-06-17 14:07:56.371 ec:~> [0.261108 SBS battery supports pec: 1]
25-06-17 14:07:56.375 ec:~> [0.267547 BCFG Battery says AS3GXXD3KB,B140435]
25-06-17 14:07:56.381 ec:~> [0.268493 BCFG Config not found in FW]
25-06-17 14:07:56.385 ec:~> [0.269409 BCFG Config not found in CBI]
25-06-17 14:07:56.390 ec:~> [0.270294 BCFG Fall back to config_fw[0]]
25-06-17 14:07:56.395 ec:~> [0.271820 SBS Wait for battery stabilized during 1000000]
25-06-17 14:07:56.401 ec:~> [0.274536 SBS battery responded with status 80]
25-06-17 14:07:56.406 ec:~> [0.302429 SW 0x01]
25-06-17 14:07:56.412 ec:~> [0.321105 Sustainer disabled]
25-06-17 14:07:56.433 ec:~> [0.322204 event set 0x00000000000020I: ST00]
25-06-17 14:07:56.437 ec:~> : [J[0.323059 hostWRITE cmd init 0x00000VENDOR_ENABLE
25-06-17 14:07:56.443 00000002000]
25-06-17 14:07:56.445 ecI: ST:~> [0.3214035 Motion pre-: shutdown; loops WRITE 0; last 324 ms aVENDOR_ENABLE
25-06-17 14:07:56.452 go; a=0x7, s=0x0I: ST]
25-06-17 14:07:56.454 ec:~> 0: [0.325927 mkbp sPING_STATUS
25-06-17 14:07:56.458 witches: 1]
25-06-17 14:07:56.459 ec:I: Initialized PPM num_ports=~> [0.3262
25-06-17 14:07:56.464 934 Inits done]
25-06-17 14:07:56.466 ec:~> [0I: ST.356536 event se1t 0x000000000020: 0000]
25-06-17 14:07:56.471 ec:~> PING_STATUS
25-06-17 14:07:56.473 I: ST0: INIT
25-06-17 14:07:56.474 [0.357696 KB init state:ec:~>  --ec:~>  --ec:~>  --ec:~>  --ec:~>  --ec:~>  --ec:~>  --ec:~>  --ec:~>  --ec:~>  --ec:~>  --ec:~>  --ec:~>  --ec:~> : ST[6D --ec:~> : [6D --ec:~> RITE [6D]
25-06-17 14:07:56.500 ec:~> ET_IC_STATUS
25-06-17 14:07:56.502 [6D[0.375366 Ipower state 0 = : STG3, in 0x0027]
25-06-17 14:07:56.506 0ec:~> [0.: 376434 power staPING_STATUS
25-06-17 14:07:56.510 te 5 = G3->S5, iI: STn 0x0027]
25-06-17 14:07:56.513 ec:~>1:  [0.38238INIT
25-06-17 14:07:56.516 5 power state 1 = S5, in 0x0037]
25-06-17 14:07:56.519 ec:~> [0.383453 power state 6 = S5->S3, in 0x0037]
25-06-17 14:07:56.524 ec:I: ST~> [0.3840: 643 Set ec_pmic_Ren_odl_r: 1]
25-06-17 14:07:56.529 ecEAD
25-06-17 14:07:56.529 :~> I: C0: Realtek: FW Version: 1.71.1 (GOOG0C00)
25-06-17 14:07:56.535 I: C0: Realtek: PD Version: 262, Rev 769
25-06-17 14:07:56.539 I: ST0: INIT
25-06-17 14:07:56.540 I: ST1: WRITE GET_IC_STATUS
25-06-17 14:07:56.543 I: ST1: PING_STATUS
25-06-17 14:07:56.545 [0.437622 Set ec_pmic_en_odl_r: 0]
25-06-17 14:07:56.549 ec:~> [0.444366 Battery presence changed: -1->1 0x0->0x2]
25-06-17 14:07:56.557 ec:~> [0.445617 Battery now present]I: ST
25-06-17 14:07:56.562 ec:~> [0: 0.451507 BCFG BaWttery says AS3GXRXD3KB,B140435]
25-06-17 14:07:56.567 ITE ec:~> SET_NOTIFICATION_ENABLE
25-06-17 14:07:56.570 [0.452514 BCFG CI: STonfig not found 0: in FW]
25-06-17 14:07:56.575 PING_STATUS
25-06-17 14:07:56.576 I: ST1: READ
25-06-17 14:07:56.578 ec:~> I: C1: Realtek: FW Version: 1.71.1 (GOOG0C00)
25-06-17 14:07:56.586 I: C1: Realtek: PD Version: 262, Rev 769
25-06-17 14:07:56.590 I: ST1: INIT
25-06-17 14:07:56.591 [0.471282 BCFG Config not found in CBI]
25-06-17 14:07:56.595 ec:~> : ST[6D[0.481597 0: BCFG Fall back tIo config_fw[0]]N
25-06-17 14:07:56.600 ec:~> IT
25-06-17 14:07:56.601 [0.491577 Set ec_pmic_en_odl_r: 1]
25-06-17 14:07:56.607 ec:~> [0.492736 Set ec_ap_sys_rst_odl: 1]
25-06-17 14:07:56.610 ec:~> I: ST1: WRITE SET_NOTIFICATION_ENABLE
25-06-17 14:07:56.613 I: ST1: PING_STATUS
25-06-17 14:07:56.618 I: ST0: WRITE PPM_RESET
25-06-17 14:07:56.620 I: ST0: PING_STATUS
25-06-17 14:07:56.631 I: ST1: INIT
25-06-17 14:07:56.640 I: ST0: INIT
25-06-17 14:07:56.653 I: ST1: WRITE PPM_RESET
25-06-17 14:07:56.655 I: ST1: PING_STATUS
25-06-17 14:07:56.661 I: ST0: IDLE
25-06-17 14:07:56.663 I: C0: PDC Subsystem Started
25-06-17 14:07:56.666 I: C0: SendCmdStart
25-06-17 14:07:56.668 I: C0: SendCmdWait
25-06-17 14:07:56.670 I: ST0: WRITE CMD_SET_PDO
25-06-17 14:07:56.672 E: NoI: ST0: PING_STATUS
25-06-17 14:07:56.675 de with matching I: ST1: INIT
25-06-17 14:07:56.678 prop not found
25-06-17 14:07:56.692 I: C0: CCI=0x80000000
25-06-17 14:07:56.694 I: ST0: IDLE
25-06-17 14:07:56.696 I: C0: PDC Init
25-06-17 14:07:56.698 I: C0: SendCmdStart
25-06-17 14:07:56.700 I: C0: SendCmdWait
25-06-17 14:07:56.702 I: ST1: IDLE
25-06-17 14:07:56.703 I: ST0: WRITE GET_CONNECTOR_STATUS
25-06-17 14:07:56.707 I: C1: PDC Subsystem Started
25-06-17 14:07:56.710 I: C1: SendCmdStart
25-06-17 14:07:56.711 I: C1: SendCmdWait
25-06-17 14:07:56.713 I: ST1: WRITE CMD_SET_PDO
25-06-17 14:07:56.715 I: ST0: PING_STATUS
25-06-17 14:07:56.717 I: PDI: ST1: PING_STATUS
25-06-17 14:07:56.719 :S5->S3
25-06-17 14:07:56.720 [0.614044 Handle sleep: 0]
25-06-17 14:07:56.724 ec:~> [0.61517I: PD:S3->S0
25-06-17 14:07:56.727 3 power state 3 = S3, in 0x0016]
25-06-17 14:07:56.731 ec:~> [0.615997 power state 7 = S3->S0, in 0x0016]
25-06-17 14:07:56.736 ec:~> [0.617I: ST187 Motion pre-r0esume; loops 2; : last 73 ms ago; READ
25-06-17 14:07:56.745 a=0x7, s=0x0]
25-06-17 14:07:56.746 eI: Cc:~> [0.60: CCI=0x80001300
25-06-17 14:07:56.749 20635 power statI: STe 4 = S0, in 0x00: 016]
25-06-17 14:07:56.753 ec:~> IDLE
25-06-17 14:07:56.754 I: C0: Attached.SNK
25-06-17 14:07:56.756 I: C0 attached: Attached.SNK
25-06-17 14:07:56.759 I: C1: CCI=0x80000000
25-06-17 14:07:56.761 I: ST1: IDLE
25-06-17 14:07:56.763 I: C1: PDC Init
25-06-17 14:07:56.765 I: C1: SendCmdStart
25-06-17 14:07:56.767 I: C1: SendCmdWait
25-06-17 14:07:56.769 I: ST1: WRITE GET_CONNECTOR_STATUS
25-06-17 14:07:56.772 I: ST1: PING_STATUS
25-06-17 14:07:56.774 [0.636169 lid-accel: MS Done Init type:0x0 range:4]
25-06-17 14:07:56.779 ec:~> [0.665100 SENSOR accelgyro_lsm6dsm WHO_AM_I value: 0x6a]
25-06-17 14:07:56.786 ec:~I: C> [0.66900: 36 alt-base-acceSendCmdStart
25-06-17 14:07:56.790 l: MS Done Init I: Ctype:0x0 range:20: ]
25-06-17 14:07:56.794 ec:~> SendCmdWait
25-06-17 14:07:56.796 [0.670532 SENSORI: ST accelgyro_lsm6d0: sm WHO_AM_I valuWRITE e: 0x6a]
25-06-17 14:07:56.802 ec:~> GET_CONNECTOR_STATUS
25-06-17 14:07:56.804 [0.672302I: ST alt-base-gyro: 0: MS Done Init typPING_STATUS
25-06-17 14:07:56.810 e:0x1 range:1146I: ST]
25-06-17 14:07:56.812 ec:~> 1: READ
25-06-17 14:07:56.813 I: C1: CCI=0x80001300
25-06-17 14:07:56.815 I: ST1: IDLE
25-06-17 14:07:56.815 I: C1: Unattached
25-06-17 14:07:56.816 [0.710357 lid-accel ODR: 10000 INT: ON - roundupI: ST 1 from config 10:  [AP 0]: 0]
25-06-17 14:07:56.825 ec:READ
25-06-17 14:07:56.826 ~> [0.714141 alt-baI: Cse-accel ODR: 120: CCI=0x80001300
25-06-17 14:07:56.832 500 INT: UNCHANGI: STED - roundup 1 f0rom config 1 [AP:  0]: 0]
25-06-17 14:07:56.838 ec:~> IDLE
25-06-17 14:07:56.839 I: C0: Attached.SNK
25-06-17 14:07:56.840 I: C1: SendCmdStart
25-06-17 14:07:56.843 I: C1: SendCmdWait
25-06-17 14:07:56.845 I: ST1: WRITE GET_CONNECTOR_STATUS
25-06-17 14:07:56.848 I: ST1: PING_STATUS
25-06-17 14:07:56.849 [0.744415 alt-base-gyro ODR: 0 INT: UNCHANGED - roundup 0 from config 0 [AP 0]: 0]
25-06-17 14:07:56.858 ec:~> I: C0: SendCmdStart
25-06-17 14:07:56.866 I: C0: SendCmdWait
25-06-17 14:07:56.867 I: ST0: WRITE GET_CONNECTOR_CAPABILITY
25-06-17 14:07:56.871 I: ST0: PING_STATUS
25-06-17 14:07:56.873 I: ST1: READ
25-06-17 14:07:56.875 I: C1: CCI=0x80001300
25-06-17 14:07:56.877 I: ST1: IDLE
25-06-17 14:07:56.878 I: C1: Unattached
25-06-17 14:07:56.891 I: ST0: READ
25-06-17 14:07:56.893 I: C0: CCI=0x80000400
25-06-17 14:07:56.895 I: ST0: IDLE
25-06-17 14:07:56.896 I: C0: Attached.SNK
25-06-17 14:07:56.905 I: C1: SendCmdStart
25-06-17 14:07:56.907 I: C1: sink_path_to_send=0, chg_mgr_active_charge_port=-1
25-06-17 14:07:56.912 I: C1: SendCmdWait
25-06-17 14:07:56.914 I: ST1: WRITE SET_SINK_PATH
25-06-17 14:07:56.917 I: ST1: PING_STATUS
25-06-17 14:07:56.923 I: C0: SendCmdStart
25-06-17 14:07:56.925 I: C0: SendCmdWait
25-06-17 14:07:56.927 I: ST0: WRITE SET_UOR
25-06-17 14:07:56.929 I: ST0: PING_STATUS
25-06-17 14:07:56.936 I: C1: CCI=0x80000000
25-06-17 14:07:56.939 I: ST1: IDLE
25-06-17 14:07:56.941 I: C1: Unattached
25-06-17 14:07:56.943 I: C1: SendCmdStart
25-06-17 14:07:56.946 I: C1: SendCmdWait
25-06-17 14:07:56.951 I: ST1: WRITE GET_CONNECTOR_STATUS
25-06-17 14:07:56.956 I: ST1: PING_STATUS
25-06-17 14:07:56.959 I: C0: CCI=0x80000000
25-06-17 14:07:56.962 I: ST0: IDLE
25-06-17 14:07:56.964 I: C0: Attached.SNK
25-06-17 14:07:56.966 I: C0: SendCmdStart
25-06-17 14:07:56.967 I: C0: SendCmdWait
25-06-17 14:07:56.969 I: ST0: WRITE GET_CONNECTOR_STATUS
25-06-17 14:07:56.970 I: ST0: PING_STATUS
25-06-17 14:07:56.970 I: ST1: READ
25-06-17 14:07:56.971 I: C1: CCI=0x80001300
25-06-17 14:07:56.974 I: ST1: IDLE
25-06-17 14:07:56.975 I: C1: Unattached
25-06-17 14:07:56.983 I: ST0: READ
25-06-17 14:07:56.985 I: C0: CCI=0x80001300
25-06-17 14:07:56.987 I: ST0: IDLE
25-06-17 14:07:56.989 I: C0: Attached.SNK
25-06-17 14:07:57.000 I: C1: SendCmdStart
25-06-17 14:07:57.003 I: Command (PDC_SET_AP_POWER_STATE) not implemented
25-06-17 14:07:57.007 I: C1: Unattached
25-06-17 14:07:57.015 I: C0: SendCmdStart
25-06-17 14:07:57.017 I: C0: SendCmdWait
25-06-17 14:07:57.019 I: ST0: WRITE SET_PDR
25-06-17 14:07:57.021 I: ST0: PING_STATUS
25-06-17 14:07:57.034 I: C1: SendCmdStart
25-06-17 14:07:57.036 I: C1: SendCmdWait
25-06-17 14:07:57.039 I: ST1: WRITE SET_DRP_MODE
25-06-17 14:07:57.042 I: ST1: PING_STATUS
25-06-17 14:07:57.044 I: C0: CCI=0x80000000
25-06-17 14:07:57.048 I: ST0: IDLE
25-06-17 14:07:57.050 I: C0: Attached.SNK
25-06-17 14:07:57.053 I: C0: SendCmdStart
25-06-17 14:07:57.056 I: C0: SendCmdWait
25-06-17 14:07:57.058 I: ST0: WRITE GET_CONNECTOR_STATUS
25-06-17 14:07:57.061 I: ST0: PING_STATUS
25-06-17 14:07:57.064 I: C1: CCI=0x80000000
25-06-17 14:07:57.066 I: ST1: IDLE
25-06-17 14:07:57.068 I: C1: Unattached
25-06-17 14:07:57.071 I: C1: SendCmdStart
25-06-17 14:07:57.074 I: C1: SendCmdWait
25-06-17 14:07:57.076 I: ST1: WRITE SET_CCOM
25-06-17 14:07:57.078 I: ST1: PING_STATUS
25-06-17 14:07:57.081 I: ST0: READ
25-06-17 14:07:57.082 I: C0: CCI=0x80001300
25-06-17 14:07:57.084 I: ST0: IDLE
25-06-17 14:07:57.086 I: C0: Attached.SNK
25-06-17 14:07:57.088 [0.984527 charge_manager_leave_safe_mode()]
25-06-17 14:07:57.093 ec:I: C~> 1: CCI=0x80000000
25-06-17 14:07:57.095 I: ST1: IDLE
25-06-17 14:07:57.098 I: C1: Unattached
25-06-17 14:07:57.106 I: C0: SendCmdStart
25-06-17 14:07:57.109 I: C0: SendCmdWait
25-06-17 14:07:57.111 I: ST0: WRITE SET_FRS_FUNCTION
25-06-17 14:07:57.115 I: ST0: PING_STATUS
25-06-17 14:07:57.118 [1.014129 event set 0x0000000000000080]
25-06-17 14:07:57.124 ec:~> [1.015991 event set 0x0000000000400000]
25-06-17 14:07:57.131 ec:~> [1.019714 Battery 87% (Display 87.1 %) / 0h:30 to full]
25-06-17 14:07:57.139 ec:~> I: C[1.021118 charge0_request(13200mV:, 2496mA)]
25-06-17 14:07:57.146 ec:~ CCI=0x80000000
25-06-17 14:07:57.147 > I: ST0: IDLE
25-06-17 14:07:57.149 I: C0: Attached.SNK
25-06-17 14:07:57.151 I: C0: SendCmdStart
25-06-17 14:07:57.153 I: C0: SendCmdWait
25-06-17 14:07:57.154 I: ST0: WRITE GET VDO
25-06-17 14:07:57.155 I: ST0: PING_STATUS
25-06-17 14:07:57.169 I: ST0: READ
25-06-17 14:07:57.171 I: C0: CCI=0x80000800
25-06-17 14:07:57.173 I: ST0: IDLE
25-06-17 14:07:57.175 I: C0: Attached.SNK
25-06-17 14:07:57.180 I: C0: SendCmdStart
25-06-17 14:07:57.183 I: C0: SendCmdWait
25-06-17 14:07:57.185 I: ST0: WRITE GET_PDOS
25-06-17 14:07:57.189 [1.066040 power I: STstate 4 = S0, in0:  0x0010]
25-06-17 14:07:57.193 PING_STATUS
25-06-17 14:07:57.194 ec:~> I: ST0: READ
25-06-17 14:07:57.206 I: C0: CCI=0x80001000
25-06-17 14:07:57.209 I: ST0: IDLE
25-06-17 14:07:57.211 I: C0: Attached.SNK
25-06-17 14:07:57.214 I: C0: SendCmdStart
25-06-17 14:07:57.216 I: C0: SendCmdWait
25-06-17 14:07:57.218 I: ST0: WRITE GET_PDOS
25-06-17 14:07:57.220 I: ST0: PING_STATUS
25-06-17 14:07:57.236 I: C0: CCI=0x80000000
25-06-17 14:07:57.239 I: ST0: IDLE
25-06-17 14:07:57.241 I: C0: Attached.SNK
25-06-17 14:07:57.266 I: C0: SendCmdStart
25-06-17 14:07:57.269 I: C0: SendCmdWait
25-06-17 14:07:57.271 I: ST0: WRITE READ_POWER_LEVEL
25-06-17 14:07:57.274 I: ST0: PING_STATUS
25-06-17 14:07:57.293 I: C0: CCI=0x80000000
25-06-17 14:07:57.296 I: ST0: IDLE
25-06-17 14:07:57.299 I: C0: Attached.SNK
25-06-17 14:07:57.301 I: IS_RDO_VALID: status=1, power_op_mode=3, RDO_POS=4
25-06-17 14:07:57.308 I: Available charging on C0
25-06-17 14:07:57.311 I:   PDO: 00164145
25-06-17 14:07:57.312 I:   V: 20000
25-06-17 14:07:57.313 I:   C: 3250
25-06-17 14:07:57.314 I:   P: 65000
25-06-17 14:07:57.314 [1.208923 Seeding initial chargeI:  supplier, port p0, supplier 0]
25-06-17 14:07:57.323 dc_power_mgmt_set_active_charge_port: charge_port=ec:~> 0
25-06-17 14:07:57.333 [1.221527 CL: p0I: IS_RDO_VALID: status= s0 i3250 v200001, power_op_mode=]
25-06-17 14:07:57.337 ec:~> 3, RDO_POS=4
25-06-17 14:07:57.341 I: IS_RDO_VALID: status=1, power_op_mode=3, RDO_POS=4
25-06-17 14:07:57.346 I: C0: sink_path_mask=0x1, selected_port=0, enable=1
25-06-17 14:07:57.367 I: C0: SendCmdStart
25-06-17 14:07:57.370 I: C0: SendCmdWait
25-06-17 14:07:57.372 I: ST0: WRITE GET_CABLE_PROPERTY
25-06-17 14:07:57.377 I: ST0: PING_STATUS
25-06-17 14:07:57.394 I: ST0: READ
25-06-17 14:07:57.397 I: C0: CCI=0x80000500
25-06-17 14:07:57.399 I: ST0: IDLE
25-06-17 14:07:57.400 I: C0: Attached.SNK
25-06-17 14:07:57.402 I: C0: IRQ
25-06-17 14:07:57.403 I: C0: CCI=0x10002
25-06-17 14:07:57.407 I: C0: SendCmdStart
25-06-17 14:07:57.410 I: C0: SendCmdWait
25-06-17 14:07:57.413 I: ST0: WRITE GET_CONNECTOR_STATUS
25-06-17 14:07:57.417 I: ST0: PING_STATUS
25-06-17 14:07:57.431 I: ST0: READ
25-06-17 14:07:57.433 I: C0: CCI=0x80001300
25-06-17 14:07:57.436 I: ST0: IDLE
25-06-17 14:07:57.437 I: C0: Attached.SNK
25-06-17 14:07:57.463 I: C0: SendCmdStart
25-06-17 14:07:57.466 I: Command (PDC_SET_AP_POWER_STATE) not implemented
25-06-17 14:07:57.472 I: C0: Attached.SNK
25-06-17 14:07:57.521 I: C0: sink_path_mask=0x1, selected_port=0, enable=1
25-06-17 14:07:57.551 I: C0: SendCmdStart
25-06-17 14:07:57.554 I: C0: SendCmdWait
25-06-17 14:07:57.556 I: ST0: WRITE GET_CABLE_PROPERTY
25-06-17 14:07:57.559 I: ST0: PING_STATUS
25-06-17 14:07:57.579 I: ST0: READ
25-06-17 14:07:57.581 I: C0: CCI=0x80000500
25-06-17 14:07:57.583 I: ST0: IDLE
25-06-17 14:07:57.585 I: C0: Attached.SNK
25-06-17 14:07:58.113 [2.016143 MKBP not cleared within threshold, toggling.]
25-06-17 14:07:58.120 ec:~> 4 signal changes:
25-06-17 14:07:58.166 ec:~>   0.382019  +0.000000  pg_pp3700_s5_od => 1
25-06-17 14:07:58.177 ec:~>   0.605072  +0.223053  ap_ec_sysrst_odl => 1
25-06-17 14:07:58.184 ec:~>   0.605346  +0.000274  pmic_ec_resetb => 1
25-06-17 14:07:58.188 ec:~>   1.065765  +0.460419  ap_in_sleep_l => 1
25-06-17 14:07:58.192 ec:~> I: PD: AP is ON: apply 'startup' followed by 'resume'
25-06-17 14:07:58.720 I: C0: pdc_power_mgmt_set_dual_role: set role to 1
25-06-17 14:07:58.725 I: C0: Setting AP power state to S0
25-06-17 14:07:58.735 I: C0: pdc_power_mgmt_set_dual_role: set role to 3
25-06-17 14:07:58.740 I: C1: pdc_power_mgmt_set_dual_role: set role to 1
25-06-17 14:07:58.747 II: C1: SendCmdStart
25-06-17 14:07:58.751 I: Command (PDC_SET_AP_POWER_STATE) not implemented
25-06-17 14:07:58.759 I: C1: Unattached
25-06-17 14:07:58.760 I: C0: SendCmdStart
25-06-17 14:07:58.762 I: Command (PDC_SET_AP_POWER_STATE) not implemented
25-06-17 14:07:58.767 I: C0: Attached.SNK
25-06-17 14:07:58.771 : C1: Setting AP power state to S0
25-06-17 14:07:58.776 I: C1: pdc_power_mgmt_set_dual_role: set role to 3
25-06-17 14:07:58.781 I: C1: SendCmdStart
25-06-17 14:07:58.782 I: C1: SendCmdWait
25-06-17 14:07:58.783 I: ST1: WRITE SET_DRP_MODE
25-06-17 14:07:58.785 I: ST1: PING_STATUS
25-06-17 14:07:58.792 I: C1: CCI=0x10000000
25-06-17 14:07:58.799 I: C0: SendCmdStart
25-06-17 14:07:58.802 I: C0: SendCmdWait
25-06-17 14:07:58.804 I: ST0: WRITE SET_PDR
25-06-17 14:07:58.807 I: ST0: PING_STATUS
25-06-17 14:07:58.814 I: C1: CCI=0x80000000
25-06-17 14:07:58.819 I: ST1: IDLE
25-06-17 14:07:58.820 I: C1: Unattached
25-06-17 14:07:58.825 I: C0: CCI=0x80000000
25-06-17 14:07:58.828 I: ST0: IDLE
25-06-17 14:07:58.830 I: C0: Attached.SNK
25-06-17 14:07:58.832 I: C0: SendCmdStart
25-06-17 14:07:58.835 I: C0: SendCmdWait
25-06-17 14:07:58.838 I: ST0: WRITE GET_CONNECTOR_STATUS
25-06-17 14:07:58.841 I: ST0: PING_STATUS
25-06-17 14:07:58.844 I: C1: SendCmdStart
25-06-17 14:07:58.847 I: C1: SendCmdWait
25-06-17 14:07:58.850 I: ST1: WRITE SET_CCOM
25-06-17 14:07:58.853 I: ST1: PING_STATUS
25-06-17 14:07:58.858 I: ST0: READ
25-06-17 14:07:58.861 I: C0: CCI=0x80001300
25-06-17 14:07:58.863 I: ST0: IDLE
25-06-17 14:07:58.865 I: C0: Attached.SNK
25-06-17 14:07:58.871 I: C1: CCI=0x80000000
25-06-17 14:07:58.874 I: ST1: IDLE
25-06-17 14:07:58.876 I: C1: Unattached
25-06-17 14:07:59.108 [3.017761 MKBP: The AP is failing to respond despite being powered on.]
25-06-17 14:07:59.117 ec:~> [6.773132 Battery 87% (Display 87.2 %) / 0h:30 to full]
25-06-17 14:08:02.849 ec:~> ![12.586730 USB port p0 4]
25-06-17 14:08:08.619 I: C0: pdc_power_mgmt_set_dual_role: set role to 0
25-06-17 14:08:08.624 I: C1: pdc_power_mgmt_set_dual_role: set role to 0
25-06-17 14:08:08.630 I: C1: SendCmdStart
25-06-17 14:08:08.632 I: C1: SendCmdWait
25-06-17 14:08:08.634 I: ST1: WRITE SET_CCOM
25-06-17 14:08:08.635 I: ST1: PING_STATUS
25-06-17 14:08:08.641 I: C0: SendCmdStart
25-06-17 14:08:08.643 I: C0: SendCmdWait
25-06-17 14:08:08.645 I: ST0: WRITE SET_PDR
25-06-17 14:08:08.647 I: ST0: PING_STATUS
25-06-17 14:08:08.654 I: C1: CCI=0x10000000
25-06-17 14:08:08.667 I: C0: CCI=0x80000000
25-06-17 14:08:08.669 I: ST0: IDLE
25-06-17 14:08:08.671 I: C0: Attached.SNK
25-06-17 14:08:08.673 I: C0: SendCmdStart
25-06-17 14:08:08.674 I: C0: SendCmdWait
25-06-17 14:08:08.676 I: ST0: WRITE GET_CONNECTOR_STATUS
25-06-17 14:08:08.680 I: ST0: PING_STATUS
25-06-17 14:08:08.681 I: C1: CCI=0x80000000
25-06-17 14:08:08.683 I: ST1: IDLE
25-06-17 14:08:08.685 I: C1: Unattached
25-06-17 14:08:08.699 I: ST0: READ
25-06-17 14:08:08.701 I: C0: CCI=0x80001300
25-06-17 14:08:08.704 I: ST0: IDLE
25-06-17 14:08:08.705 I: C0: Attached.SNK
25-06-17 14:08:08.711 I: C1: SendCmdStart
25-06-17 14:08:08.713 I: C1: SendCmdWait
25-06-17 14:08:08.715 I: ST1: WRITE SET_DRP_MODE
25-06-17 14:08:08.717 I: ST1: PING_STATUS
25-06-17 14:08:08.738 I: C1: CCI=0x80000000
25-06-17 14:08:08.740 I: ST1: IDLE
25-06-17 14:08:08.742 I: C1: Unattached
25-06-17 14:08:09.822 AP_FW 300
25-06-17 14:08:09.824 ec:~> [14.032806 Battery 87% (Display 87.3 %) / 0h:30 to full]
25-06-17 14:08:10.060 ec:~> [17.063842 event set 0x0000000000200000]
25-06-17 14:08:13.070 ec:~> [17.078735 Handle sleep: 0]
25-06-17 14:08:13.083 ec:~> [17.095153 event set 0x0000000000200000]
25-06-17 14:08:13.101 ec:~> ![17.103332 USB port p0 0]
25-06-17 14:08:13.106 ![17.106079 USB port p0 4]
25-06-17 14:08:13.110 I: C0: pdc_power_mgmt_set_dual_role: set role to 0
25-06-17 14:08:13.115 I: C1: pdc_power_mgmt_set_dual_role: set role to 0
25-06-17 14:08:13.119 I: C0: SendCmdStart
25-06-17 14:08:13.121 I: C0: SendCmdWait
25-06-17 14:08:13.123 I: ST0: WRITE SET_PDR
25-06-17 14:08:13.125 I: ST0: PING_STATUS
25-06-17 14:08:13.128 I: C1: SendCmdStart
25-06-17 14:08:13.130 I: C1: SendCmdWait
25-06-17 14:08:13.132 I: ST1: WRITE SET_CCOM
25-06-17 14:08:13.134 I: ST1: PING_STATUS
25-06-17 14:08:13.142 [17.141540 event set 0x0000000000200000]
25-06-17 14:08:13.147 ec:~> I: C0: CCI=0x80000000
25-06-17 14:08:13.149 I: ST0: IDLE
25-06-17 14:08:13.150 I: C0: Attached.SNK
25-06-17 14:08:13.152 I: C0: SendCmdStart
25-06-17 14:08:13.154 I: C0: SendCmdWait
25-06-17 14:08:13.157 I: ST0: WRITE GET_CONNECTOR_STATUS
25-06-17 14:08:13.159 I: ST0: PING_STATUS
25-06-17 14:08:13.161 I: C1: CCI=0x10000000
25-06-17 14:08:13.179 I: ST0: READ
25-06-17 14:08:13.181 I: C0: CCI=0x80001300
25-06-17 14:08:13.184 I: ST0: IDLE
25-06-17 14:08:13.185 I: C0: Attached.SNK
25-06-17 14:08:13.187 I: C1: CCI=0x80000000
25-06-17 14:08:13.190 I: ST1: IDLE
25-06-17 14:08:13.191 I: C1: Unattached
25-06-17 14:08:13.192 I: C1: SendCmdStart
25-06-17 14:08:13.194 I: C1: SendCmdWait
25-06-17 14:08:13.196 I: ST1: WRITE SET_DRP_MODE
25-06-17 14:08:13.198 I: ST1: PING_STATUS
25-06-17 14:08:13.200 I: ST0: WRITE RAW:GET_CAPABILITY
25-06-17 14:08:13.203 I: ST0: PING_STATUS
25-06-17 14:08:13.218 I: C1: CCI=0x80000000
25-06-17 14:08:13.221 I: ST1: IDLE
25-06-17 14:08:13.222 I: C1: Unattached
25-06-17 14:08:13.224 I: ST0: READ
25-06-17 14:08:13.225 I: C0: CCI=0x80001000
25-06-17 14:08:13.228 I: ST0: IDLE
25-06-17 14:08:13.229 [17.228851 event set 0x0000000000200000]
25-06-17 14:08:13.233 ec:~> [17.254760 event set 0x0000000000200000]
25-06-17 14:08:13.259 ec:~> I: ST0: WRITE RAW:GET_CONNECTOR_CAPABILITY
25-06-17 14:08:13.276 I: ST0: PING_STATUS
25-06-17 14:08:13.296 I: ST0: READ
25-06-17 14:08:13.298 I: C0: CCI=0x80000400
25-06-17 14:08:13.300 I: ST0: IDLE
25-06-17 14:08:13.302 [17.302185 event set 0x0000000000200000]
25-06-17 14:08:13.306 ec:~> [17.313751 event set 0x0000000000200000]
25-06-17 14:08:13.318 ec:~> [17.322875 event set 0x0000000000200000]
25-06-17 14:08:13.327 ec:~> [17.460937 event set 0x0000000000200000]
25-06-17 14:08:13.559 ec:~> [17.467803 event set 0x0000000000200000]
25-06-17 14:08:13.561 ec:~> [17.492279 event set 0x0000000000200000]
25-06-17 14:08:13.563 ec:~> [17.497619 event set 0x0000000000200000]
25-06-17 14:08:13.566 ec:~> I: ST0: WRITE RAW:GET_CAPABILITY
25-06-17 14:08:13.570 I: ST0: PING_STATUS
25-06-17 14:08:13.573 I: ST0: READ
25-06-17 14:08:13.574 I: C0: CCI=0x80001000
25-06-17 14:08:13.576 I: ST0: IDLE
25-06-17 14:08:13.578 [17.531555 event set 0x0000000000200000]
25-06-17 14:08:13.583 ec:~> [17.537261 event set 0x0000000000200000]
25-06-17 14:08:13.587 ec:~> I: ST0: WRITE RAW:GET_CONNECTOR_CAPABILITY
25-06-17 14:08:13.589 I: ST0: PING_STATUS
25-06-17 14:08:13.590 I: ST0: READ
25-06-17 14:08:13.591 I: C0: CCI=0x80000400
25-06-17 14:08:13.592 I: ST0: IDLE
25-06-17 14:08:13.592 [17.572021 event set 0x0000000000200000]
25-06-17 14:08:13.594 ec:~> [17.577575 event set 0x0000000000200000]
25-06-17 14:08:13.596 ec:~> [17.583190 event set 0x0000000000200000]
25-06-17 14:08:13.597 ec:~> [17.716735 event set 0x0000000000200000]
25-06-17 14:08:13.720 ec:~> [17.722045 event set 0x0000000000200000]
25-06-17 14:08:13.724 ec:~> [17.746948 event set 0x0000000000200000]
25-06-17 14:08:13.748 ec:~> [17.752288 event set 0x0000000000200000]
25-06-17 14:08:13.753 ec:~> I: ST0: WRITE RAW:GET_CAPABILITY
25-06-17 14:08:13.759 I: ST0: PING_STATUS
25-06-17 14:08:13.777 I: ST0: READ
25-06-17 14:08:13.779 I: C0: CCI=0x80001000
25-06-17 14:08:13.782 I: ST0: IDLE
25-06-17 14:08:13.783 [17.786315 event set 0x0000000000200000]
25-06-17 14:08:13.788 ec:~> [17.791961 event set 0x0000000000200000]
25-06-17 14:08:13.795 ec:~> I: ST0: WRITE RAW:GET_CONNECTOR_CAPABILITY
25-06-17 14:08:13.799 I: ST0: PING_STATUS
25-06-17 14:08:13.818 I: ST0: READ
25-06-17 14:08:13.819 I: C0: CCI=0x80000400
25-06-17 14:08:13.822 I: ST0: IDLE
25-06-17 14:08:13.823 [17.826568 event set 0x0000000000200000]
25-06-17 14:08:13.828 ec:~> [17.831970 event set 0x0000000000200000]
25-06-17 14:08:13.834 ec:~> [17.837646 event set 0x0000000000200000]
25-06-17 14:08:13.839 ec:~> vers[17.966339 event set 0x0000000000200000]
25-06-17 14:08:13.967 ec:~> vers[17.971801 event set 0x0000000000200000]
25-06-17 14:08:13.972 ec:~> vers[17.996582 event set 0x0000000000200000]
25-06-17 14:08:13.997 ec:~> vers[18.001983 event set 0x0000000000200000]
25-06-17 14:08:14.002 ec:~> I: STvers0: WRITE RAW:GET_CAPABILITY
25-06-17 14:08:14.005 I: ST0: PING_STATUS
25-06-17 14:08:14.026 I: ST0: READ
25-06-17 14:08:14.028 I: C0: CCI=0x80001000
25-06-17 14:08:14.030 I: ST0: IDLE
25-06-17 14:08:14.031 [18.036529 event set 0x0000000000200000]
25-06-17 14:08:14.036 ec:~> vers[18.042572 event set 0x0000000000200000]
25-06-17 14:08:14.042 ec:~> I: STvers0: WRITE RAW:GET_CONNECTOR_CAPABILITY
25-06-17 14:08:14.047 I: ST0: PING_STATUS
25-06-17 14:08:14.049 [18.046905 Battery 87% (Display 87.4 %) / 0h:29 to full]
25-06-17 14:08:14.056 ec:~> versI: ST0: READ
25-06-17 14:08:14.069 I: C0: CCI=0x80000400
25-06-17 14:08:14.072 I: ST0: IDLE
25-06-17 14:08:14.073 [18.077606 event set 0x0000000000200000]
25-06-17 14:08:14.077 ec:~> vers[18.083343 event set 0x0000000000200000]
25-06-17 14:08:14.082 ec:~> vers[18.090209 event set 0x0000000000200000]
25-06-17 14:08:14.090 ec:~> vers[18.224090 event set 0x0000000000200000]
25-06-17 14:08:14.223 ec:~> vers[18.228851 event set 0x0000000000200000]
25-06-17 14:08:14.228 ec:~> vers[18.253082 event set 0x0000000000200000]
25-06-17 14:08:14.251 ec:~> vers[18.258361 event set 0x0000000000200000]
25-06-17 14:08:14.257 ec:~> I: STvers0: WRITE RAW:GET_CAPABILITY
25-06-17 14:08:14.261 I: ST0: PING_STATUS
25-06-17 14:08:14.281 I: ST0: READ
25-06-17 14:08:14.282 I: C0: CCI=0x80001000
25-06-17 14:08:14.285 I: ST0: IDLE
25-06-17 14:08:14.286 [18.292968 event set 0x0000000000200000]
25-06-17 14:08:14.291 ec:~> vers[18.298858 event set 0x0000000000200000]
25-06-17 14:08:14.296 ec:~> I: STvers0: WRITE RAW:GET_CONNECTOR_CAPABILITY
25-06-17 14:08:14.301 I: ST0: PING_STATUS
25-06-17 14:08:14.322 I: ST0: READ
25-06-17 14:08:14.323 I: C0: CCI=0x80000400
25-06-17 14:08:14.326 I: ST0: IDLE
25-06-17 14:08:14.327 [18.334045 event set 0x0000000000200000]
25-06-17 14:08:14.332 ec:~> vers[18.339538 event set 0x0000000000200000]
25-06-17 14:08:14.338 ec:~> versI: ST0: WRITE RAW:GET_PDOS
25-06-17 14:08:14.341 I: ST0: PING_STATUS
25-06-17 14:08:14.361 I: ST0: READ
25-06-17 14:08:14.362 I: C0: CCI=0x80000400
25-06-17 14:08:14.365 I: ST0: IDLE
25-06-17 14:08:14.366 [18.373352 event set 0x0000000000200000]
25-06-17 14:08:14.372 ec:~> vers[18.379058 event set 0x0000000000200000]
25-06-17 14:08:14.379 ec:~> I: STvers0: WRITE RAW:GET_PDOS
25-06-17 14:08:14.382 I: ST0: PING_STATUS
25-06-17 14:08:14.400 I: ST0: READ
25-06-17 14:08:14.402 I: C0: CCI=0x80000c00
25-06-17 14:08:14.404 I: ST0: IDLE
25-06-17 14:08:14.405 [18.412933 event set 0x0000000000200000]
25-06-17 14:08:14.410 ec:~> vers[18.418579 event set 0x0000000000200000]
25-06-17 14:08:14.416 ec:~> I: STvers0: WRITE RAW:GET_ALTERNATE_MODES
25-06-17 14:08:14.420 I: ST0: PING_STATUS
25-06-17 14:08:14.440 I: ST0: READ
25-06-17 14:08:14.442 I: C0: CCI=0x80000600
25-06-17 14:08:14.444 I: ST0: IDLE
25-06-17 14:08:14.445 [18.453186 event set 0x0000000000200000]
25-06-17 14:08:14.450 ec:~> vers[18.458831 event set 0x0000000000200000]
25-06-17 14:08:14.456 ec:~> vers[18.463500 event set 0x0000000000200000]
25-06-17 14:08:14.461 ec:~> vers[18.469146 event set 0x0000000000200000]
25-06-17 14:08:14.467 ec:~> I: STvers0: WRITE RAW:GET_PD_MESSAGE
25-06-17 14:08:14.470 I: ST0: PING_STATUS
25-06-17 14:08:14.490 I: ST0: READ
25-06-17 14:08:14.492 I: C0: CCI=0x80001c00
25-06-17 14:08:14.494 I: ST0: IDLE
25-06-17 14:08:14.496 [18.504058 event set 0x0000000000200000]
25-06-17 14:08:14.501 ec:~> vers[18.509582 event set 0x0000000000200000]
25-06-17 14:08:14.506 ec:~> verI: STs0: WRITE RAW:GET_CABLE_PROPERTY
25-06-17 14:08:14.510 I: ST0: PING_STATUS
25-06-17 14:08:14.531 I: ST0: READ
25-06-17 14:08:14.532 I: C0: CCI=0x80000500
25-06-17 14:08:14.535 I: ST0: IDLE
25-06-17 14:08:14.536 [18.544250 event set 0x0000000000200000]
25-06-17 14:08:14.541 ec:~> vers[18.550048 event set 0x0000000000200000]
25-06-17 14:08:14.546 ec:~> I: STvers0: WRITE RAW:GET_PD_MESSAGE
25-06-17 14:08:14.550 I: ST0: PING_STATUS
25-06-17 14:08:14.571 I: ST0: READ
25-06-17 14:08:14.573 I: C0: CCI=0x80001c00
25-06-17 14:08:14.575 I: ST0: IDLE
25-06-17 14:08:14.576 [18.584991 event set 0x0000000000200000]
25-06-17 14:08:14.581 ec:~> vers[18.590820 event set 0x0000000000200000]
25-06-17 14:08:14.587 ec:~> I: STvers0: WRITE RAW:GET_ALTERNATE_MODES
25-06-17 14:08:14.591 I: ST0: PING_STATUS
25-06-17 14:08:14.611 I: ST0: READ
25-06-17 14:08:14.613 I: C0: CCI=0x80000600
25-06-17 14:08:14.615 I: ST0: IDLE
25-06-17 14:08:14.616 [18.625427 event set 0x0000000000200000]
25-06-17 14:08:14.653 ec:~> vers[18.631164 event set 0x0000000000200000]
25-06-17 14:08:14.663 ec:~> I: STvers0: WRITE RAW:GET_PDOS
25-06-17 14:08:14.669 I: ST0: PING_STATUS
25-06-17 14:08:14.671 I: ST0: READ
25-06-17 14:08:14.672 I: C0: CCI=0x80001000
25-06-17 14:08:14.673 I: ST0: IDLE
25-06-17 14:08:14.673 [18.665161 event set 0x0000000000200000]
25-06-17 14:08:14.674 ec:~> vers[18.670928 event set 0x0000000000200000]
25-06-17 14:08:14.675 ec:~> I: STvers0: WRITE RAW:GET_PDOS
25-06-17 14:08:14.676 I: ST0: PING_STATUS
25-06-17 14:08:14.690 I: C0: CCI=0x80000000
25-06-17 14:08:14.692 I: ST0: IDLE
25-06-17 14:08:14.693 [18.702941 event set 0x0000000000200000]
25-06-17 14:08:14.699 ec:~> vers[18.708465 event set 0x0000000000200000]
25-06-17 14:08:14.704 ec:~> I: STvers0: WRITE RAW:GET_ALTERNATE_MODES
25-06-17 14:08:14.708 I: ST0: PING_STATUS
25-06-17 14:08:14.729 I: ST0: READ
25-06-17 14:08:14.730 I: C0: CCI=0x80000600
25-06-17 14:08:14.733 I: ST0: IDLE
25-06-17 14:08:14.734 [18.743255 event set 0x0000000000200000]
25-06-17 14:08:14.738 ec:~> vers[18.748779 event set 0x0000000000200000]
25-06-17 14:08:14.744 ec:~> I: STvers0: WRITE RAW:GET_PDOS
25-06-17 14:08:14.747 I: ST0: PING_STATUS
25-06-17 14:08:14.767 I: ST0: READ
25-06-17 14:08:14.769 I: C0: CCI=0x80001000
25-06-17 14:08:14.772 I: ST0: IDLE
25-06-17 14:08:14.773 [18.782775 event set 0x0000000000200000]
25-06-17 14:08:14.778 ec:~> vers[18.788848 event set 0x0000000000200000]
25-06-17 14:08:14.784 ec:~> versI: ST0: WRITE RAW:GET_PDOS
25-06-17 14:08:14.787 I: ST0: PING_STATUS
25-06-17 14:08:14.807 I: C0: CCI=0x80000000
25-06-17 14:08:14.810 I: ST0: IDLE
25-06-17 14:08:14.811 [18.820892 event set 0x0000000000200000]
25-06-17 14:08:14.816 ec:~> vers[18.826446 event set 0x0000000000200000]
25-06-17 14:08:14.821 ec:~> I: STvers1: WRITE RAW:GET_CONNECTOR_CAPABILITY
25-06-17 14:08:14.826 I: ST1: PING_STATUS
25-06-17 14:08:14.846 I: C1: CCI=0x10000000
25-06-17 14:08:14.868 I: ST1: READ
25-06-17 14:08:14.870 I: C1: CCI=0x80000400
25-06-17 14:08:14.872 I: ST1: IDLE
25-06-17 14:08:14.873 [18.883880 event set 0x0000000000200000]
25-06-17 14:08:14.878 ec:~> vers[18.889709 event set 0x0000000000200000]
25-06-17 14:08:14.885 ec:~> versI: ST1: WRITE RAW:GET_PDOS
25-06-17 14:08:14.887 I: ST1: PING_STATUS
25-06-17 14:08:14.908 I: ST1: READ
25-06-17 14:08:14.909 I: C1: CCI=0x80000400
25-06-17 14:08:14.912 I: ST1: IDLE
25-06-17 14:08:14.913 [18.923339 event set 0x0000000000200000]
25-06-17 14:08:14.918 ec:~> vers[18.929046 event set 0x0000000000200000]
25-06-17 14:08:14.924 ec:~> I: STvers1: WRITE RAW:GET_PDOS
25-06-17 14:08:14.926 I: ST1: PING_STATUS
25-06-17 14:08:14.946 I: ST1: READ
25-06-17 14:08:14.948 I: C1: CCI=0x80000c00
25-06-17 14:08:14.950 I: ST1: IDLE
25-06-17 14:08:14.952 [18.962799 event set 0x0000000000200000]
25-06-17 14:08:14.956 ec:~> vers[18.970092 event set 0x0000000000200000]
25-06-17 14:08:14.965 ec:~> I: STvers1: WRITE RAW:GET_ALTERNATE_MODES
25-06-17 14:08:14.970 I: ST1: PING_STATUS
25-06-17 14:08:14.988 I: ST1: READ
25-06-17 14:08:14.990 I: C1: CCI=0x80000600
25-06-17 14:08:14.993 I: ST1: IDLE
25-06-17 14:08:14.995 [19.004791 event set 0x0000000000200000]
25-06-17 14:08:15.001 ec:~> vers[19.010314 event set 0x0000000000200000]
25-06-17 14:08:15.009 ec:~> vers[19.015136 event set 0x0000000000200000]
25-06-17 14:08:15.014 ec:~> vers[19.020599 event set 0x0000000000200000]
25-06-17 14:08:15.019 ec:~> vers[19.025268 event set 0x0000000000200000]
25-06-17 14:08:15.025 ec:~> vers[19.030487 event set 0x0000000000200000]
25-06-17 14:08:15.027 ec:~> vers
25-06-17 14:08:15.106 vers: command not found
25-06-17 14:08:15.109 ec:~> 
25-06-17 14:08:15.393 ec:~> I: ST0: WRITE RAW:GET_PDOS
25-06-17 14:08:15.484 I: ST0: PING_STATUS
25-06-17 14:08:15.504 I: ST0: READ
25-06-17 14:08:15.506 I: C0: CCI=0x80001000
25-06-17 14:08:15.508 I: ST0: IDLE
25-06-17 14:08:15.509 [19.524078 event set 0x0000000000200000]
25-06-17 14:08:15.514 ec:~> [19.529815 event set 0x0000000000200000]
25-06-17 14:08:15.520 ec:~> I: ST0: WRITE RAW:GET_PDOS
25-06-17 14:08:15.523 I: ST0: PING_STATUS
25-06-17 14:08:15.543 I: C0: CCI=0x80000000
25-06-17 14:08:15.546 I: ST0: IDLE
25-06-17 14:08:15.547 [19.561431 event set 0x0000000000200000]
25-06-17 14:08:15.552 ec:~> [19.567016 event set 0x0000000000200000]
25-06-17 14:08:15.557 ec:~> I: ST0: WRITE RAW:GET_ALTERNATE_MODES
25-06-17 14:08:15.561 I: ST0: PING_STATUS
25-06-17 14:08:15.563 
25-06-17 14:08:15.563 ec:~> I: ST0: READ
25-06-17 14:08:15.582 I: C0: CCI=0x80000600
25-06-17 14:08:15.585 I: ST0: IDLE
25-06-17 14:08:15.586 [19.601287 event set 0x0000000000200000]
25-06-17 14:08:15.591 ec:~> [19.606719 event set 0x0000000000200000]
25-06-17 14:08:15.596 ec:~> 
25-06-17 14:08:15.758 ec:~> verison
25-06-17 14:08:16.777 verison: command not found
25-06-17 14:08:16.780 ec:~> ver[22.243499 alt-base-accel ODR: 12500 INT: UNCHANGED - roundup 1 from config 1 [AP 0]: 0]
25-06-17 14:08:18.222 ec:~> ver[22.254211 lid-accel ODR: 10000 INT: ON - roundup 1 from config 1 [AP 0]: 0]
25-06-17 14:08:18.230 ec:~> ver[22.258789 alt-base-gyro ODR: 0 INT: UNCHANGED - roundup 1 from config 0 [AP 0]: 0]
25-06-17 14:08:18.240 ec:~> version
25-06-17 14:08:18.830 Chip:	ite it82102 bx
25-06-17 14:08:18.831 Board:	0
25-06-17 14:08:18.832 RO:	anakin-0.0.0-43a8380
25-06-17 14:08:18.834 RW:	anakin-0.0.0-43a8380
25-06-17 14:08:18.837 Build:	anakin-0.0.0-43a8380 2025-06-17 11:00:14 wjh@wjh
25-06-17 14:08:18.856 ec:~> 
25-06-17 14:08:19.037 ec:~> 
25-06-17 14:08:19.214 ec:~> [26.056091 Battery 87% (Display 87.5 %) / 0h:29 to full]
25-06-17 14:08:22.006 ec:~> [30.058654 Battery 87% (Display 87.6 %) / 0h:29 to full]
25-06-17 14:08:25.984 ec:~> [31.511962 alt-base-gyro ODR: 0 INT: UNCHANGED - roundup 1 from config 0 [AP 0]: 0]
25-06-17 14:08:27.431 ec:~> [36.064422 Battery 87% (Display 87.7 %) / 0h:29 to full]
25-06-17 14:08:31.952 ec:~> [41.069305 Battery 87% (Display 87.8 %) / 0h:29 to full]
25-06-17 14:08:36.926 ec:~> [48.076507 Battery 87% (Display 87.9 %) / 0h:29 to full]
25-06-17 14:08:43.889 ec:~> [51.079925 Battery 88% (Display 87.9 %) / 0h:29 to full]
25-06-17 14:08:46.872 ec:~> [55.333312 Battery 88% (Display 88.0 %) / 0h:29 to full]
25-06-17 14:08:51.099 ec:~> [60.337951 Battery 88% (Display 88.1 %) / 0h:29 to full]
25-06-17 14:08:56.072 ec:~> [67.344696 Battery 88% (Display 88.2 %) / 0h:29 to full]
25-06-17 14:09:03.035 ec:~> [72.349456 Battery 88% (Display 88.3 %) / 0h:29 to full]
25-06-17 14:09:08.006 ec:~> [79.356842 Battery 88% (Display 88.4 %) / 0h:29 to full]
25-06-17 14:09:14.969 ec:~> [84.360412 Battery 88% (Display 88.5 %) / 0h:29 to full]
25-06-17 14:09:19.941 ec:~> I: C1: IRQ
25-06-17 14:09:21.733 I: C1: CCI=0x10004
25-06-17 14:09:21.735 I: C1: SendCmdStart
25-06-17 14:09:21.738 I: C1: SendCmdWait
25-06-17 14:09:21.739 I: ST1: WRITE GET_CONNECTOR_STATUS
25-06-17 14:09:21.742 I: ST1: PING_STATUS
25-06-17 14:09:21.761 I: ST1: READ
25-06-17 14:09:21.763 I: C1: CCI=0x80001300
25-06-17 14:09:21.766 I: ST1: IDLE
25-06-17 14:09:21.767 I: C1: TypeCSrcAttached
25-06-17 14:09:21.769 I: C1 attached: TypeCSrcAttached
25-06-17 14:09:21.772 [86.210174 event set 0x0000000000200000]
25-06-17 14:09:21.777 ec:~> [86.215057 event set 0x0000000000200000]
25-06-17 14:09:21.782 ec:~> [86.221801 event set 0x0000000000200000]
25-06-17 14:09:21.789 ec:~> I: C1: SendCmdStart
25-06-17 14:09:21.799 I: C1: SendCmdWait
25-06-17 14:09:21.801 I: ST1: WRITE CMD_ACK_CC_CI
25-06-17 14:09:21.803 I: ST1: PING_STATUS
25-06-17 14:09:21.824 I: C1: CCI=0x80000000
25-06-17 14:09:21.826 I: ST1: IDLE
25-06-17 14:09:21.827 I: C1: TypeCSrcAttached
25-06-17 14:09:21.830 I: C1: SendCmdStart
25-06-17 14:09:21.832 I: C1: sink_path_to_send=0, chg_mgr_active_charge_port=0
25-06-17 14:09:21.837 I: C1: SendCmdWait
25-06-17 14:09:21.839 I: ST1: WRITE SET_SINK_PATH
25-06-17 14:09:21.842 I: ST1: PING_STATUS
25-06-17 14:09:21.861 I: C1: CCI=0x80000000
25-06-17 14:09:21.879 I: ST1: IDLE
25-06-17 14:09:21.880 I: C1: TypeCSrcAttached
25-06-17 14:09:21.882 I: C1: SendCmdStart
25-06-17 14:09:21.883 I: C1: SendCmdWait
25-06-17 14:09:21.885 [86.308624 eventI set 0x000000000: ST0200000]
25-06-17 14:09:21.889 ec:~> 1: WRITE GET_CONNECTOR_STATUS
25-06-17 14:09:21.894 I: ST1: PING_STATUS
25-06-17 14:09:21.895 [86.321319 event set 0x0000000000200000]
25-06-17 14:09:21.896 ec:~> [86.327789 event set 0x0000000000200000]
25-06-17 14:09:21.897 ec:~> I: ST1: READ
25-06-17 14:09:21.901 I: C1: CCI=0x80001300
25-06-17 14:09:21.903 I: ST1: IDLE
25-06-17 14:09:21.904 I: C1: TypeCSrcAttached
25-06-17 14:09:22.808 I: C1: set current limit 3.0A
25-06-17 14:09:22.811 I: ST1: WRITE RAW:GET_CABLE_PROPERTY
25-06-17 14:09:22.815 I: ST1: PING_STATUS
25-06-17 14:09:22.835 I: ST1: READ
25-06-17 14:09:22.836 I: C1: SendCmdStart
25-06-17 14:09:22.839 I: C1: CCI=0x80000500
25-06-17 14:09:22.841 I: ST1: IDLE
25-06-17 14:09:22.842 [87.286193 event set 0x0000000000200000]
25-06-17 14:09:22.846 ec:~> [87.292846 event set 0x0000000000200000]
25-06-17 14:09:22.853 ec:~> I: ST1: WRITE RAW:GET_PD_MESSAGE
25-06-17 14:09:22.857 I: ST1: PING_STATUS
25-06-17 14:09:22.878 E: C1: Ping Status Error
25-06-17 14:09:22.880 I: C1: CCI=0xc0000000
25-06-17 14:09:22.882 I: ST1: IDLE
25-06-17 14:09:22.884 E: Error with UCSI command 0x15. Return was -5
25-06-17 14:09:22.888 [87.332336 eventI set 0x000000000: C0200000]
25-06-17 14:09:22.892 ec:~> 1: SendCmdWait
25-06-17 14:09:22.895 I: ST1: WRITE READ_POWER_LEVEL
25-06-17 14:09:22.898 I: ST1: PING_STATUS
25-06-17 14:09:22.902 [87.347442 event set 0x0000000000200000]
25-06-17 14:09:22.908 ec:~> E: Invalid conn=0
25-06-17 14:09:22.910 E: Error with UCSI command 0x13. Return was -34
25-06-17 14:09:22.914 [87.358459 event set 0x0000000000200000]
25-06-17 14:09:22.920 ec:~> I: C1: CCI=0x80000000
25-06-17 14:09:22.923 I: ST1: IDLE
25-06-17 14:09:22.925 I: C1: TypeCSrcAttached
25-06-17 14:09:22.927 I: C1: SendCmdStart
25-06-17 14:09:22.929 I: C1: SendCmdWait
25-06-17 14:09:22.931 I: ST1: WRITE SET_TPC_RP
25-06-17 14:09:22.932 I: ST1: PING_STATUS
25-06-17 14:09:22.934 [87.379516 event set 0x0000000000200000]
25-06-17 14:09:22.939 ec:~> I: C1: CCI=0x80000000
25-06-17 14:09:22.952 I: ST1: IDLE
25-06-17 14:09:22.954 I: C1: TypeCSrcAttached
25-06-17 14:09:22.956 I: C1: SendCmdStart
25-06-17 14:09:22.958 I: C1: SendCmdWait
25-06-17 14:09:22.960 I: C1: IRQ
25-06-17 14:09:22.961 I: C1: CCI=0x10004
25-06-17 14:09:22.962 I: ST1: WRITE CMD_SET_PDO
25-06-17 14:09:22.965 I: ST1: PING_STATUS
25-06-17 14:09:22.985 I: C1: CCI=0x80000000
25-06-17 14:09:22.988 I: ST1: IDLE
25-06-17 14:09:22.990 I: C1: TypeCSrcAttached
25-06-17 14:09:22.992 I: C1: SendCmdStart
25-06-17 14:09:22.994 I: C1: SendCmdWait
25-06-17 14:09:22.995 I: ST1: WRITE GET_CONNECTOR_STATUS
25-06-17 14:09:22.998 I: ST1: PING_STATUS
25-06-17 14:09:23.018 I: ST1: READ
25-06-17 14:09:23.020 I: C1: CCI=0x80001300
25-06-17 14:09:23.022 I: ST1: IDLE
25-06-17 14:09:23.023 I: C1: TypeCSrcAttached
25-06-17 14:09:23.026 I: C1: IRQ
25-06-17 14:09:23.027 I: C1: CCI=0x10004
25-06-17 14:09:23.029 I: C1: SendCmdStart
25-06-17 14:09:23.031 I: ST1: WRITE RAW:GET_PD_MESSAGE
25-06-17 14:09:23.034 I: ST1: PING_STATUS
25-06-17 14:09:23.054 E: C1: Ping Status Error
25-06-17 14:09:23.057 I: C1: CCI=0xc0000000
25-06-17 14:09:23.058 I: ST1: IDLE
25-06-17 14:09:23.060 I: C1: SendCmdWait
25-06-17 14:09:23.062 E: Error with UCSI command 0x15. Return was -5
25-06-17 14:09:23.066 [87.511810 eventI set 0x000000000: ST0200000]
25-06-17 14:09:23.071 ec:~> 1: WRITE GET_CONNECTOR_STATUS
25-06-17 14:09:23.074 I: ST1: PING_STATUS
25-06-17 14:09:23.079 [87.525604 event set 0x0000000000200000]
25-06-17 14:09:23.084 ec:~> E: Invalid conn=0
25-06-17 14:09:23.086 E: Error with UCSI command 0x13. Return was -34
25-06-17 14:09:23.090 [87.536590 event set 0x0000000000200000]
25-06-17 14:09:23.095 ec:~> I: ST1: READ
25-06-17 14:09:23.097 I: C1: CCI=0x80001300
25-06-17 14:09:23.099 I: ST1: IDLE
25-06-17 14:09:23.101 I: C1: TypeCSrcAttached
25-06-17 14:09:23.104 [87.550292 event set 0x0000000000200000]
25-06-17 14:09:23.110 ec:~> I: ST1: WRITE RAW:GET_CONNECTOR_CAPABILITY
25-06-17 14:09:23.114 I: ST1: PING_STATUS
25-06-17 14:09:23.128 I: C1: SendCmdStart
25-06-17 14:09:23.133 I: ST1: READ
25-06-17 14:09:23.135 I: C1: CCI=0x80000400
25-06-17 14:09:23.137 I: ST1: IDLE
25-06-17 14:09:23.138 [87.584930 event set 0x0000000000200000]
25-06-17 14:09:23.143 ec:~> [87.591125 event set 0x0000000000200000]
25-06-17 14:09:23.149 ec:~> [87.596069 event set 0x0000000000200000]
25-06-17 14:09:23.155 ec:~> I: C1: SendCmdWait
25-06-17 14:09:23.158 I: ST1: WRITE CMD_ACK_CC_CI
25-06-17 14:09:23.159 I: ST1: PING_STATUS
25-06-17 14:09:23.162 [87.608642 event set 0x0000000000200000]
25-06-17 14:09:23.167 ec:~> [87.614593 event set 0x0000000000200000]
25-06-17 14:09:23.173 ec:~> [87.621826 event set 0x0000000000200000]
25-06-17 14:09:23.179 ec:~> I: C1: CCI=0x80000000
25-06-17 14:09:23.182 I: ST1: IDLE
25-06-17 14:09:23.184 I: C1: TypeCSrcAttached
25-06-17 14:09:26.903 [91.373748 Battery 88% (Display 88.6 %) / 0h:29 to full]
25-06-17 14:09:26.909 ec:~> I: C1: IRQ
25-06-17 14:09:29.755 I: C1: CCI=0x10004
25-06-17 14:09:29.756 I: C1: SendCmdStart
25-06-17 14:09:29.758 I: C1: SendCmdWait
25-06-17 14:09:29.760 I: ST1: WRITE GET_CONNECTOR_STATUS
25-06-17 14:09:29.764 I: ST1: PING_STATUS
25-06-17 14:09:29.784 I: ST1: READ
25-06-17 14:09:29.785 I: C1: CCI=0x80001300
25-06-17 14:09:29.788 I: ST1: IDLE
25-06-17 14:09:29.789 I: C1: TypeCSrcAttached
25-06-17 14:09:29.791 [94.280548 event set 0x0000000000200000]
25-06-17 14:09:29.796 ec:~> [94.285736 event set 0x0000000000200000]
25-06-17 14:09:29.801 ec:~> [94.293853 event set 0x0000000000200000]
25-06-17 14:09:29.809 ec:~> I: C1: SendCmdStart
25-06-17 14:09:29.818 I: C1: SendCmdWait
25-06-17 14:09:29.820 I: ST1: WRITE CMD_ACK_CC_CI
25-06-17 14:09:29.822 I: ST1: PING_STATUS
25-06-17 14:09:29.843 I: C1: CCI=0x80000000
25-06-17 14:09:29.845 I: ST1: IDLE
25-06-17 14:09:29.846 I: C1: TypeCSrcAttached
25-06-17 14:09:34.117 [98.633178 Battery 88% (Display 88.7 %) / 0h:29 to full]
25-06-17 14:09:34.123 ec:~> [104.635559 Battery 88% (Display 88.8 %) / 0h:29 to full]
25-06-17 14:09:40.087 ec:~> [111.642730 Battery 88% (Display 88.9 %) / 0h:29 to full]
25-06-17 14:09:47.050 ec:~> [116.440551 power state 4 = S0, ![116.444549 USB port p0 0]
25-06-17 14:09:51.818 in 0x0018]
25-06-17 14:09:51.818 ec:~> [116.442108 chipset_resI: PD:S0->S3
25-06-17 14:09:51.823 et: 0x8]
25-06-17 14:09:51.824 ec:~> [116.442932 Set ec_ap_sysI: PD:S3->S5
25-06-17 14:09:51.829 _rst_odl: 0]
25-06-17 14:09:51.830 ec:~> [116.447570 power state 4 = S0, in 0x0017]
25-06-17 14:09:51.835 ec:~> [116.448455 power state 8 = S0->S3, in 0x0017]
25-06-17 14:09:51.841 ec:~> [116.449737 Motion pre-suspend; loops 2965; last 33 ms ago; a=0x7, s=0x333]
25-06-17 14:09:51.850 ec:~> [116.452911 power state 3 = S3, in 0x0017]
25-06-17 14:09:51.856 ec:~> [116.453765 power state 9 = S3->S5, in 0x0017]
25-06-17 14:09:51.861 ec:~> [116.454986 Motion pre-shutdown; loops 2965; last 39 ms ago; a=0x7, s=0x333]
25-06-17 14:09:51.870 ec:~> [116.458251 power state 1 = S5, in 0x0017]
25-06-17 14:09:51.876 ec:~> [116.459136 power state 6 = S5->S3, in 0x0017]
25-06-17 14:09:51.880 ec:~> [116.460388 Set ec_pmic_en_odl_r: 1]
25-06-17 14:09:51.885 ec:~> [116.511840 Set ec_pmic_en_odl_r: 0]
25-06-17 14:09:51.887 ec:~> [116.563201 Set ec_pmic_en_odl_rI: PD:S5->S3
25-06-17 14:09:51.938 : 1]
25-06-17 14:09:51.939 ec:~> [116.564361 Set ec_ap_sys_rst_odl: 1]
25-06-17 14:09:51.944 ec:~> [116.568054 Handle sleep: 0]
25-06-17 14:09:51.950 ec:~> [116.568939 power state 3 = S3, in 0x0016]
25-06-17 14:09:51.952 ec:~> [117.026336 power state 3 = S3, in 0x0010]
25-06-17 14:09:52.401 ec:~I: PD:S3->S0
25-06-17 14:09:52.404 > [117.027832 power state 7 = S3->S0, in 0x0010]
25-06-17 14:09:52.412 ec:~> [117.029205 Motion pre-resume; loops 2974; last 515 ms ago; a=0x7, s=0x0]
25-06-17 14:09:52.420 ec:~> [117.032928 power state 4 = S0, in 0x0010]
25-06-17 14:09:52.427 ec:~> [117.050170 lid-accel: MS Done Init type:0x0 range:4]
25-06-17 14:09:52.435 ec:~> [117.053924 SENSOR accelgyro_lsm6dsm WHO_AM_I value: 0x6a]
25-06-17 14:09:52.443 ec:~> [117.059753 alt-base-accel: MS Done Init type:0x0 range:2]
25-06-17 14:09:52.452 ec:~> [117.061431 SENSOR accelgyro_lsm6dsm WHO_AM_I value: 0x6a]
25-06-17 14:09:52.455 ec:~> [117.063110 alt-base-gyro: MS Done Init type:0x1 range:1146]
25-06-17 14:09:52.462 ec:~> [117.067291 lid-accel ODR: 10000 INT: ON - roundup 1 from config 1 [AP 0]: 0]
25-06-17 14:09:52.477 ec:~> [117.071136 alt-base-accel ODR: 12500 INT: UNCHANGED - roundup 1 from config 1 [AP 0]: 0]
25-06-17 14:09:52.484 ec:~> [117.074340 alt-base-gyro ODR: 0 INT: UNCHANGED - roundup 0 from config 0 [AP 0]: 0]
25-06-17 14:09:52.491 ec:~> [117.555908 Battery 89% (Display 89.0 %) / 0h:29 to full]
25-06-17 14:09:52.926 ec:~> 6 signal changes:
25-06-17 14:09:53.389 ec:~>   116.440246  +0.000000  ap_ec_warm_rst_req => 1
25-06-17 14:09:53.395 ec:~>   116.443969  +0.003723  ap_in_sleep_l => 0
25-06-17 14:09:53.402 ec:~>   116.444274  +0.000305  ap_ec_sysrst_odl => 0
25-06-17 14:09:53.410 ec:~>   116.447174  +0.002900  ap_ec_wdtrst_l => 0
25-06-17 14:09:53.419 ec:~>   116.565246  +0.118072  ap_ec_sysrst_odl => 1
25-06-17 14:09:53.423 ec:~>   117.026031  +0.460785  ap_in_sleep_l => 1
25-06-17 14:09:53.428 ec:~> [118.076232 MKBP not cleared within threshold, toggling.]
25-06-17 14:09:53.443 ec:~> I: PD: AP is ON: apply 'startup' followed by 'resume'
25-06-17 14:09:54.389 I: C0: pdc_power_mgmt_set_dual_role: set role to 1
25-06-17 14:09:54.397 I: C0: Setting AP power state to S0
25-06-17 14:09:54.402 I: C0: pdc_power_mgmt_set_dual_role: set role to 3
25-06-17 14:09:54.410 I: C1: pdc_power_mgmt_set_dual_role: set role to 1
25-06-17 14:09:54.418 I: C1:I: C0: SendCmdStart
25-06-17 14:09:54.421 I: Command (PDC_SET_AP_POWER_STATE) not implemented
25-06-17 14:09:54.426 I: C0: Attached.SNK
25-06-17 14:09:54.428  Setting AP power state to S0
25-06-17 14:09:54.431 I: C1: pdc_power_mgmtI: C1: SendCmdStart
25-06-17 14:09:54.436 I: Command (PDC_SET_AP_POWER_STATE) not implemented
25-06-17 14:09:54.441 I: C1: TypeCSrcAttached
25-06-17 14:09:54.444 _set_dual_role: set role to 3
25-06-17 14:09:54.447 [119.082733 MKBP: The AP is failing to respond despite being powered on.]
25-06-17 14:09:54.453 ec:~> I: C1: SendCmdStart
25-06-17 14:09:54.461 I: C1: SendCmdWait
25-06-17 14:09:54.465 I: ST1: WRITE SET_CCOM
25-06-17 14:09:54.467 I: ST1: PING_STATUS
25-06-17 14:09:54.469 I: C0: SendCmdStart
25-06-17 14:09:54.472 I: C0: SendCmdWait
25-06-17 14:09:54.474 I: ST0: WRITE SET_PDR
25-06-17 14:09:54.476 I: ST0: PING_STATUS
25-06-17 14:09:54.483 I: C1: CCI=0x10000000
25-06-17 14:09:54.495 I: C0: CCI=0x80000000
25-06-17 14:09:54.500 I: ST0: IDLE
25-06-17 14:09:54.501 I: C0: Attached.SNK
25-06-17 14:09:54.504 I: C0: SendCmdStart
25-06-17 14:09:54.506 I: C0: SendCmdWait
25-06-17 14:09:54.509 [119.152496 evenI: STt set 0x000000000: 00200000]
25-06-17 14:09:54.515 ec:~>WRITE  GET_CONNECTOR_STATUS
25-06-17 14:09:54.521 I: ST0: PING_STATUS
25-06-17 14:09:54.525 I: C1: CCI=0x80000000
25-06-17 14:09:54.528 I: ST1: IDLE
25-06-17 14:09:54.530 I: C1: TypeCSrcAttached
25-06-17 14:09:54.533 I: C1: IRQ
25-06-17 14:09:54.534 I: C1: CCI=0x10004
25-06-17 14:09:54.537 I: C1: SendCmdStart
25-06-17 14:09:54.540 I: C1: SendCmdWait
25-06-17 14:09:54.541 I: ST1: WRITE GET_CONNECTOR_STATUS
25-06-17 14:09:54.544 I: ST1: PING_STATUS
25-06-17 14:09:54.546 I: ST0: READ
25-06-17 14:09:54.548 I: C0: CCI=0x80001300
25-06-17 14:09:54.550 I: ST0: IDLE
25-06-17 14:09:54.552 I: C0: Attached.SNK
25-06-17 14:09:54.557 I: ST1: READ
25-06-17 14:09:54.558 I: C1: CCI=0x80001300
25-06-17 14:09:54.562 I: ST1: IDLE
25-06-17 14:09:54.563 I: C1: Unattached
25-06-17 14:09:54.565 I: C1 attached: Unattached
25-06-17 14:09:54.567 I: C1: set current limit 1.5A
25-06-17 14:09:54.588 I: C1: SendCmdStart
25-06-17 14:09:54.590 I: C1: SendCmdWait
25-06-17 14:09:54.592 I: ST1: WRITE CMD_ACK_CC_CI
25-06-17 14:09:54.594 I: ST1: PING_STATUS
25-06-17 14:09:54.614 I: C1: CCI=0x80000000
25-06-17 14:09:54.618 I: ST1: IDLE
25-06-17 14:09:54.620 I: C1: Unattached
25-06-17 14:09:54.624 I: C1: SendCmdStart
25-06-17 14:09:54.627 I: C1: sink_path_to_send=0, chg_mgr_active_charge_port=0
25-06-17 14:09:54.633 I: C1: SendCmdWait
25-06-17 14:09:54.634 I: ST1: WRITE SET_SINK_PATH
25-06-17 14:09:54.636 I: ST1: PING_STATUS
25-06-17 14:09:54.651 I: C1: CCI=0x80000000
25-06-17 14:09:54.654 I: ST1: IDLE
25-06-17 14:09:54.657 I: C1: Unattached
25-06-17 14:09:54.661 I: C1: SendCmdStart
25-06-17 14:09:54.663 I: C1: SendCmdWait
25-06-17 14:09:54.665 I: ST1: WRITE GET_CONNECTOR_STATUS
25-06-17 14:09:54.668 I: ST1: PING_STATUS
25-06-17 14:09:54.683 I: ST1: READ
25-06-17 14:09:54.685 I: C1: CCI=0x80001300
25-06-17 14:09:54.689 I: ST1: IDLE
25-06-17 14:09:54.691 I: C1: Unattached
25-06-17 14:09:54.715 I: C1: SendCmdStart
25-06-17 14:09:54.718 I: C1: SendCmdWait
25-06-17 14:09:54.721 I: ST1: WRITE SET_DRP_MODE
25-06-17 14:09:54.724 I: ST1: PING_STATUS
25-06-17 14:09:54.741 I: C1: CCI=0x80000000
25-06-17 14:09:54.746 I: ST1: IDLE
25-06-17 14:09:54.748 I: C1: Unattached
25-06-17 14:09:54.751 I: C1: SendCmdStart
25-06-17 14:09:54.754 I: C1: SendCmdWait
25-06-17 14:09:54.756 I: ST1: WRITE SET_CCOM
25-06-17 14:09:54.757 I: ST1: PING_STATUS
25-06-17 14:09:54.773 I: C1: CCI=0x80000000
25-06-17 14:09:54.776 I: ST1: IDLE
25-06-17 14:09:54.778 I: C1: Unattached
25-06-17 14:09:54.802 I: C1: SendCmdStart
25-06-17 14:09:54.806 I: C1: SendCmdWait
25-06-17 14:09:54.808 I: ST1: WRITE SET_TPC_RP
25-06-17 14:09:54.811 I: ST1: PING_STATUS
25-06-17 14:09:54.829 I: C1: CCI=0x80000000
25-06-17 14:09:54.832 I: ST1: IDLE
25-06-17 14:09:54.834 I: C1: Unattached
25-06-17 14:09:54.837 I: C1: IRQ
25-06-17 14:09:54.838 I: C1: CCI=0x10004
25-06-17 14:09:54.841 I: C1: SendCmdStart
25-06-17 14:09:54.842 I: C1: SendCmdWait
25-06-17 14:09:54.844 I: ST1: WRITE GET_CONNECTOR_STATUS
25-06-17 14:09:54.848 I: ST1: PING_STATUS
25-06-17 14:09:54.864 I: ST1: READ
25-06-17 14:09:54.867 I: C1: CCI=0x80001300
25-06-17 14:09:54.870 I: ST1: IDLE
25-06-17 14:09:54.872 I: C1: Unattached
25-06-17 14:09:54.896 I: C1: SendCmdStart
25-06-17 14:09:54.899 I: C1: SendCmdWait
25-06-17 14:09:54.902 I: ST1: WRITE CMD_ACK_CC_CI
25-06-17 14:09:54.905 I: ST1: PING_STATUS
25-06-17 14:09:54.923 I: C1: CCI=0x80000000
25-06-17 14:09:54.927 I: ST1: IDLE
25-06-17 14:09:54.929 I: C1: Unattached
25-06-17 14:09:54.933 I: C1: SendCmdStart
25-06-17 14:09:54.935 I: C1: SendCmdWait
25-06-17 14:09:54.937 I: ST1: WRITE SET_CCOM
25-06-17 14:09:54.940 I: ST1: PING_STATUS
25-06-17 14:09:54.954 I: C1: CCI=0x80000000
25-06-17 14:09:54.958 I: ST1: IDLE
25-06-17 14:09:54.960 I: C1: Unattached
25-06-17 14:09:54.962 I: C1: IRQ
25-06-17 14:09:54.965 I: C1: CCI=0x10004
25-06-17 14:09:54.968 I: C1: SendCmdStart
25-06-17 14:09:54.971 I: C1: SendCmdWait
25-06-17 14:09:54.973 I: ST1: WRITE GET_CONNECTOR_STATUS
25-06-17 14:09:54.977 I: ST1: PING_STATUS
25-06-17 14:09:54.989 I: ST1: READ
25-06-17 14:09:54.992 I: C1: CCI=0x80001300
25-06-17 14:09:54.995 I: ST1: IDLE
25-06-17 14:09:54.997 I: C1: Unattached
25-06-17 14:09:55.021 I: C1: SendCmdStart
25-06-17 14:09:55.025 I: C1: SendCmdWait
25-06-17 14:09:55.026 I: ST1: WRITE CMD_ACK_CC_CI
25-06-17 14:09:55.030 I: ST1: PING_STATUS
25-06-17 14:09:55.048 I: C1: CCI=0x80000000
25-06-17 14:09:55.051 I: ST1: IDLE
25-06-17 14:09:55.053 I: C1: Unattached
25-06-17 14:09:55.056 I: C1: SendCmdStart
25-06-17 14:09:55.058 I: C1: SendCmdWait
25-06-17 14:09:55.059 I: ST1: WRITE CMD_SET_PDO
25-06-17 14:09:55.062 I: ST1: PING_STATUS
25-06-17 14:09:55.079 I: C1: CCI=0x80000000
25-06-17 14:09:55.082 I: ST1: IDLE
25-06-17 14:09:55.084 I: C1: Unattached
25-06-17 14:09:55.086 I: C1: SendCmdStart
25-06-17 14:09:55.090 I: C1: SendCmdWait
25-06-17 14:09:55.093 I: ST1: WRITE GET_CONNECTOR_STATUS
25-06-17 14:09:55.096 I: ST1: PING_STATUS
25-06-17 14:09:55.112 I: ST1: READ
25-06-17 14:09:55.114 I: C1: CCI=0x80001300
25-06-17 14:09:55.117 I: ST1: IDLE
25-06-17 14:09:55.119 I: C1: Unattached
25-06-17 14:10:00.130 [124.814056 Battery 89% (Display 89.1 %) / 0h:29 to full]
25-06-17 14:10:00.137 ec:~> ![128.550140 USB port p0 4]
25-06-17 14:10:03.845 I: C0: pdc_power_mgmt_set_dual_role: set role to 0
25-06-17 14:10:03.849 I: C1: pdc_power_mgmt_set_dual_role: set role to 0
25-06-17 14:10:03.863 I: C0: SendCmdStart
25-06-17 14:10:03.865 I: C0: SendCmdWait
25-06-17 14:10:03.867 I: C1: SendCmdStart
25-06-17 14:10:03.869 I: C1: SendCmdWait
25-06-17 14:10:03.871 I: ST0: WRITE SET_PDR
25-06-17 14:10:03.873 I: ST1: WRITE SET_CCOM
25-06-17 14:10:03.876 I: ST0: PING_STATUS
25-06-17 14:10:03.877 I: ST1: PING_STATUS
25-06-17 14:10:03.895 I: C0: CCI=0x80000000
25-06-17 14:10:03.897 I: ST0: IDLE
25-06-17 14:10:03.898 I: C0: Attached.SNK
25-06-17 14:10:03.900 I: C0: SendCmdStart
25-06-17 14:10:03.903 I: C0: SendCmdWait
25-06-17 14:10:03.905 I: C1: CCI=0x10000000
25-06-17 14:10:03.907 I: ST0: WRITE GET_CONNECTOR_STATUS
25-06-17 14:10:03.910 I: ST0: PING_STATUS
25-06-17 14:10:03.926 I: C1: CCI=0x80000000
25-06-17 14:10:03.928 I: ST1: IDLE
25-06-17 14:10:03.929 I: C1: Unattached
25-06-17 14:10:03.931 I: ST0: READ
25-06-17 14:10:03.933 I: C0: CCI=0x80001300
25-06-17 14:10:03.935 I: ST0: IDLE
25-06-17 14:10:03.937 I: C0: Attached.SNK
25-06-17 14:10:03.956 I: C1: SendCmdStart
25-06-17 14:10:03.958 I: C1: SendCmdWait
25-06-17 14:10:03.960 I: ST1: WRITE SET_DRP_MODE
25-06-17 14:10:03.962 I: ST1: PING_STATUS
25-06-17 14:10:03.982 I: C1: CCI=0x80000000
25-06-17 14:10:03.985 I: ST1: IDLE
25-06-17 14:10:03.986 I: C1: Unattached
25-06-17 14:10:04.159 I: C1: IRQ
25-06-17 14:10:04.164 I: C1: CCI=0x10004
25-06-17 14:10:04.164 I: C1: SendCmdStart
25-06-17 14:10:04.165 I: C1: SendCmdWait
25-06-17 14:10:04.166 I: ST1: WRITE GET_CONNECTOR_STATUS
25-06-17 14:10:04.170 I: ST1: PING_STATUS
25-06-17 14:10:04.189 I: ST1: READ
25-06-17 14:10:04.191 I: C1: CCI=0x80001300
25-06-17 14:10:04.194 I: ST1: IDLE
25-06-17 14:10:04.195 I: C1: TypeCSrcAttached
25-06-17 14:10:04.198 I: C1 attached: TypeCSrcAttached
25-06-17 14:10:04.225 I: C1: SendCmdStart
25-06-17 14:10:04.228 I: C1: SendCmdWait
25-06-17 14:10:04.230 I: ST1: WRITE CMD_ACK_CC_CI
25-06-17 14:10:04.231 I: ST1: PING_STATUS
25-06-17 14:10:04.251 I: C1: CCI=0x80000000
25-06-17 14:10:04.253 I: ST1: IDLE
25-06-17 14:10:04.255 I: C1: TypeCSrcAttached
25-06-17 14:10:04.257 I: C1: SendCmdStart
25-06-17 14:10:04.259 I: C1: sink_path_to_send=0, chg_mgr_active_charge_port=0
25-06-17 14:10:04.264 I: C1: SendCmdWait
25-06-17 14:10:04.266 I: ST1: WRITE SET_SINK_PATH
25-06-17 14:10:04.269 I: ST1: PING_STATUS
25-06-17 14:10:04.288 I: C1: CCI=0x80000000
25-06-17 14:10:04.291 I: ST1: IDLE
25-06-17 14:10:04.293 I: C1: TypeCSrcAttached
25-06-17 14:10:04.296 I: C1: SendCmdStart
25-06-17 14:10:04.299 I: C1: SendCmdWait
25-06-17 14:10:04.301 I: ST1: WRITE GET_CONNECTOR_STATUS
25-06-17 14:10:04.304 I: ST1: PING_STATUS
25-06-17 14:10:04.321 I: ST1: READ
25-06-17 14:10:04.323 I: C1: CCI=0x80001300
25-06-17 14:10:04.326 I: ST1: IDLE
25-06-17 14:10:04.327 I: C1: TypeCSrcAttached
25-06-17 14:10:05.049 AP_FW 300
25-06-17 14:10:05.051 ec:~> I: C1: set current limit 3.0A
25-06-17 14:10:05.258 I: C1: SendCmdStart
25-06-17 14:10:05.260 I: C1: SendCmdWait
25-06-17 14:10:05.262 I: ST1: WRITE READ_POWER_LEVEL
25-06-17 14:10:05.265 I: ST1: PING_STATUS
25-06-17 14:10:05.285 I: C1: CCI=0x80000000
25-06-17 14:10:05.288 I: ST1: IDLE
25-06-17 14:10:05.289 I: C1: TypeCSrcAttached
25-06-17 14:10:05.291 I: C1: SendCmdStart
25-06-17 14:10:05.293 I: C1: SendCmdWait
25-06-17 14:10:05.295 I: ST1: WRITE SET_TPC_RP
25-06-17 14:10:05.297 I: ST1: PING_STATUS
25-06-17 14:10:05.317 I: C1: CCI=0x80000000
25-06-17 14:10:05.320 I: ST1: IDLE
25-06-17 14:10:05.320 I: C1: TypeCSrcAttached
25-06-17 14:10:05.323 I: C1: IRQ
25-06-17 14:10:05.324 I: C1: CCI=0x10004
25-06-17 14:10:05.326 I: C1: SendCmdStart
25-06-17 14:10:05.329 I: C1: SendCmdWait
25-06-17 14:10:05.331 I: ST1: WRITE GET_CONNECTOR_STATUS
25-06-17 14:10:05.334 I: ST1: PING_STATUS
25-06-17 14:10:05.353 I: ST1: READ
25-06-17 14:10:05.354 I: C1: CCI=0x80001300
25-06-17 14:10:05.357 I: ST1: IDLE
25-06-17 14:10:05.359 I: C1: TypeCSrcAttached
25-06-17 14:10:05.373 I: C1: IRQ
25-06-17 14:10:05.375 I: C1: CCI=0x10004
25-06-17 14:10:05.377 I: C1: SendCmdStart
25-06-17 14:10:05.379 I: C1: SendCmdWait
25-06-17 14:10:05.381 I: ST1: WRITE GET_CONNECTOR_STATUS
25-06-17 14:10:05.384 I: ST1: PING_STATUS
25-06-17 14:10:05.403 I: ST1: READ
25-06-17 14:10:05.405 I: C1: CCI=0x80001300
25-06-17 14:10:05.408 I: ST1: IDLE
25-06-17 14:10:05.409 I: C1: TypeCSrcAttached
25-06-17 14:10:05.436 I: C1: SendCmdStart
25-06-17 14:10:05.439 I: C1: SendCmdWait
25-06-17 14:10:05.441 I: ST1: WRITE CMD_ACK_CC_CI
25-06-17 14:10:05.444 I: ST1: PING_STATUS
25-06-17 14:10:05.463 I: C1: CCI=0x80000000
25-06-17 14:10:05.465 I: ST1: IDLE
25-06-17 14:10:05.466 I: C1: TypeCSrcAttached
25-06-17 14:10:05.469 I: C1: SendCmdStart
25-06-17 14:10:05.470 I: C1: SendCmdWait
25-06-17 14:10:05.473 I: ST1: WRITE CMD_SET_PDO
25-06-17 14:10:05.475 I: ST1: PING_STATUS
25-06-17 14:10:05.495 I: C1: CCI=0x80000000
25-06-17 14:10:05.497 I: ST1: IDLE
25-06-17 14:10:05.498 I: C1: TypeCSrcAttached
25-06-17 14:10:05.501 I: C1: SendCmdStart
25-06-17 14:10:05.503 I: C1: SendCmdWait
25-06-17 14:10:05.505 I: ST1: WRITE GET_CONNECTOR_STATUS
25-06-17 14:10:05.508 I: ST1: PING_STATUS
25-06-17 14:10:05.528 I: ST1: READ
25-06-17 14:10:05.530 I: C1: CCI=0x80001300
25-06-17 14:10:05.532 I: ST1: IDLE
25-06-17 14:10:05.533 I: C1: TypeCSrcAttached
25-06-17 14:10:07.099 [131.827789 Battery 89% (Display 89.2 %) / 0h:29 to full]
25-06-17 14:10:07.109 ec:~> [132.798004 MKBP not cleared within threshold, toggling.]
25-06-17 14:10:08.069 ec:~> [133.020355 event set 0x0000000000200000]
25-06-17 14:10:08.289 ec:~> [133.033935 Handle sleep: 0]
25-06-17 14:10:08.301 ec:~> [133.052947 event set 0x0000000000200000]
25-06-17 14:10:08.321 ec:~> [133.087799 event set 0x0000000000200000]
25-06-17 14:10:08.356 ec:~> I: ST0: WRITE RAW:GET_CAPABILITY
25-06-17 14:10:08.377 I: ST0: PING_STATUS
25-06-17 14:10:08.398 I: ST0: READ
25-06-17 14:10:08.400 I: C0: CCI=0x80001000
25-06-17 14:10:08.402 I: ST0: IDLE
25-06-17 14:10:08.403 [133.140716 event set 0x0000000000200000]
25-06-17 14:10:08.408 ec:~> [133.161895 event set 0x0000000000200000]
25-06-17 14:10:08.429 ec:~> I: ST0: WRITE RAW:GET_CONNECTOR_CAPABILITY
25-06-17 14:10:08.436 I: ST0: PING_STATUS
25-06-17 14:10:08.456 I: ST0: READ
25-06-17 14:10:08.458 I: C0: CCI=0x80000400
25-06-17 14:10:08.460 I: ST0: IDLE
25-06-17 14:10:08.461 [133.199249 event set 0x0000000000200000]
25-06-17 14:10:08.466 ec:~> [133.214385 event set 0x0000000000200000]
25-06-17 14:10:08.481 ec:~> [133.227813 event set 0x0000000000200000]
25-06-17 14:10:08.495 ec:~> [133.359313 event set 0x0000000000200000]
25-06-17 14:10:08.625 ec:~> [133.366455 event set 0x0000000000200000]
25-06-17 14:10:08.632 ec:~> [133.390533 event set 0x0000000000200000]
25-06-17 14:10:08.657 ec:~> [133.395904 event set 0x0000000000200000]
25-06-17 14:10:08.664 ec:~>I: ST 0: WRITE RAW:GET_CAPABILITY
25-06-17 14:10:08.667 I: ST0: PING_STATUS
25-06-17 14:10:08.685 I: ST0: READ
25-06-17 14:10:08.687 I: C0: CCI=0x80001000
25-06-17 14:10:08.690 I: ST0: IDLE
25-06-17 14:10:08.692 [133.429931 event set 0x0000000000200000]
25-06-17 14:10:08.697 ec:~> [133.435546 event set 0x0000000000200000]
25-06-17 14:10:08.704 ec:~>I: ST 0: WRITE RAW:GET_CONNECTOR_CAPABILITY
25-06-17 14:10:08.708 I: ST0: PING_STATUS
25-06-17 14:10:08.726 I: ST0: READ
25-06-17 14:10:08.727 I: C0: CCI=0x80000400
25-06-17 14:10:08.730 I: ST0: IDLE
25-06-17 14:10:08.731 [133.470245 event set 0x0000000000200000]
25-06-17 14:10:08.736 ec:~> [133.475769 event set 0x0000000000200000]
25-06-17 14:10:08.741 ec:~> [133.481445 event set 0x0000000000200000]
25-06-17 14:10:08.747 ec:~> [133.614959 event set 0x0000000000200000]
25-06-17 14:10:08.881 ec:~> [133.620269 event set 0x0000000000200000]
25-06-17 14:10:08.885 ec:~> [133.645141 event set 0x0000000000200000]
25-06-17 14:10:08.909 ec:~> [133.650604 event set 0x0000000000200000]
25-06-17 14:10:08.914 ec:~>I: ST 0: WRITE RAW:GET_CAPABILITY
25-06-17 14:10:08.918 I: ST0: PING_STATUS
25-06-17 14:10:08.938 I: ST0: READ
25-06-17 14:10:08.940 I: C0: CCI=0x80001000
25-06-17 14:10:08.942 I: ST0: IDLE
25-06-17 14:10:08.944 [133.684661 event set 0x0000000000200000]
25-06-17 14:10:08.948 ec:~> [133.690185 event set 0x0000000000200000]
25-06-17 14:10:08.954 ec:~>I: ST 0: WRITE RAW:GET_CONNECTOR_CAPABILITY
25-06-17 14:10:08.958 I: ST0: PING_STATUS
25-06-17 14:10:08.979 I: ST0: READ
25-06-17 14:10:08.980 I: C0: CCI=0x80000400
25-06-17 14:10:08.983 I: ST0: IDLE
25-06-17 14:10:08.984 [133.724853 event set 0x0000000000200000]
25-06-17 14:10:08.988 ec:~> [133.730377 event set 0x0000000000200000]
25-06-17 14:10:08.994 ec:~> [133.735992 event set 0x0000000000200000]
25-06-17 14:10:08.999 ec:~> [133.864746 event set 0x0000000000200000]
25-06-17 14:10:09.128 ec:~> [133.869812 event set 0x0000000000200000]
25-06-17 14:10:09.133 ec:~> [133.894744 event set 0x0000000000200000]
25-06-17 14:10:09.158 ec:~> [133.900146 event set 0x0000000000200000]
25-06-17 14:10:09.164 ec:~>I: ST 0: WRITE RAW:GET_CAPABILITY
25-06-17 14:10:09.167 I: ST0: PING_STATUS
25-06-17 14:10:09.186 I: ST0: READ
25-06-17 14:10:09.188 I: C0: CCI=0x80001000
25-06-17 14:10:09.190 I: ST0: IDLE
25-06-17 14:10:09.192 [133.934234 event set 0x0000000000200000]
25-06-17 14:10:09.196 ec:~> [133.940216 event set 0x0000000000200000]
25-06-17 14:10:09.202 ec:~>I: ST 0: WRITE RAW:GET_CONNECTOR_CAPABILITY
25-06-17 14:10:09.207 I: ST0: PING_STATUS
25-06-17 14:10:09.227 I: ST0: READ
25-06-17 14:10:09.229 I: C0: CCI=0x80000400
25-06-17 14:10:09.231 I: ST0: IDLE
25-06-17 14:10:09.232 [133.974945 event set 0x0000000000200000]
25-06-17 14:10:09.237 ec:~> [133.980468 event set 0x0000000000200000]
25-06-17 14:10:09.242 ec:~> [133.986083 event set 0x0000000000200000]
25-06-17 14:10:09.248 ec:~> [134.114196 event set 0x0000000000200000]
25-06-17 14:10:09.376 ec:~> [134.119873 event set 0x0000000000200000]
25-06-17 14:10:09.381 ec:~> [134.145324 event set 0x0000000000200000]
25-06-17 14:10:09.406 ec:~> [134.150695 event set 0x0000000000200000]
25-06-17 14:10:09.412 ec:~>I: ST 0: WRITE RAW:GET_CAPABILITY
25-06-17 14:10:09.415 I: ST0: PING_STATUS
25-06-17 14:10:09.435 I: ST0: READ
25-06-17 14:10:09.437 I: C0: CCI=0x80001000
25-06-17 14:10:09.439 I: ST0: IDLE
25-06-17 14:10:09.441 [134.184722 event set 0x0000000000200000]
25-06-17 14:10:09.445 ec:~> [134.191131 event set 0x0000000000200000]
25-06-17 14:10:09.452 ec:~> I: ST0: WRITE RAW:GET_CONNECTOR_CAPABILITY
25-06-17 14:10:09.456 I: ST0: PING_STATUS
25-06-17 14:10:09.477 I: ST0: READ
25-06-17 14:10:09.478 I: C0: CCI=0x80000400
25-06-17 14:10:09.480 I: ST0: IDLE
25-06-17 14:10:09.482 [134.226135 event set 0x0000000000200000]
25-06-17 14:10:09.486 ec:~> [134.231628 event set 0x0000000000200000]
25-06-17 14:10:09.492 ec:~> I: ST0: WRITE RAW:GET_PDOS
25-06-17 14:10:09.495 I: ST0: PING_STATUS
25-06-17 14:10:09.508 ![134.252197 USB port p0 0]
25-06-17 14:10:09.510 ![134.254943 USB port p0 4]
25-06-17 14:10:09.513 I: C0: pdc_power_mgmt_set_dual_role: set role to 0
25-06-17 14:10:09.517 I: C1: pdc_power_mgmt_set_dual_role: set role to 0
25-06-17 14:10:09.522 I: ST0: READ
25-06-17 14:10:09.524 I: C0: SendCmdStart
25-06-17 14:10:09.526 I: C0: CCI=0x80000400
25-06-17 14:10:09.529 I: ST0: IDLE
25-06-17 14:10:09.531 [134.273773 event set 0x0000000000200000]
25-06-17 14:10:09.535 ec:~> [134.279510 event set 0x0000000000200000]
25-06-17 14:10:09.540 ec:~> I: ST0: WRITE RAW:GET_PDOS
25-06-17 14:10:09.543 I: ST0: PING_STATUS
25-06-17 14:10:09.563 I: ST0: READ
25-06-17 14:10:09.565 I: C0: CCI=0x80000c00
25-06-17 14:10:09.568 I: ST0: IDLE
25-06-17 14:10:09.569 [134.313537 event set 0x0000000000200000]
25-06-17 14:10:09.574 ec:~> [134.319305 evenIt set 0x00000000: C00200000]
25-06-17 14:10:09.580 ec:~>0:  SendCmdWait
25-06-17 14:10:09.582 I: ST0: WRITE SET_PDR
25-06-17 14:10:09.584 I: ST0: PING_STATUS
25-06-17 14:10:09.604 I: C0: CCI=0x80000000
25-06-17 14:10:09.607 I: ST0: IDLE
25-06-17 14:10:09.608 I: C0: Attached.SNK
25-06-17 14:10:09.610 I: C0: SendCmdStart
25-06-17 14:10:09.612 I: C0: SendCmdWait
25-06-17 14:10:09.614 I: ST0: WRITE GET_CONNECTOR_STATUS
25-06-17 14:10:09.616 I: ST0: PING_STATUS
25-06-17 14:10:09.636 I: ST0: READ
25-06-17 14:10:09.638 I: C0: CCI=0x80001300
25-06-17 14:10:09.640 I: ST0: IDLE
25-06-17 14:10:09.642 I: C0: Attached.SNK
25-06-17 14:10:09.653 I: ST0: WRITE RAW:GET_ALTERNATE_MODES
25-06-17 14:10:09.656 I: ST0: PING_STATUS
25-06-17 14:10:09.677 I: ST0: READ
25-06-17 14:10:09.678 I: C0: CCI=0x80000600
25-06-17 14:10:09.681 I: ST0: IDLE
25-06-17 14:10:09.682 [134.427520 event set 0x0000000000200000]
25-06-17 14:10:09.687 ec:~> [134.434204 event set 0x0000000000200000]
25-06-17 14:10:09.693 ec:~> [134.438842 event set 0x0000000000200000]
25-06-17 14:10:09.699 ec:~> [134.444549 event set 0x0000000000200000]
25-06-17 14:10:09.704 ec:~>I : ST0: WRITE RAW:GET_PD_MESSAGE
25-06-17 14:10:09.707 I: ST0: PING_STATUS
25-06-17 14:10:09.727 I: ST0: READ
25-06-17 14:10:09.729 I: C0: CCI=0x80001c00
25-06-17 14:10:09.732 I: ST0: IDLE
25-06-17 14:10:09.733 [134.478973 event set 0x0000000000200000]
25-06-17 14:10:09.738 ec:~> [134.484588 event set 0x0000000000200000]
25-06-17 14:10:09.744 ec:~>I: ST 0: WRITE RAW:GET_CABLE_PROPERTY
25-06-17 14:10:09.749 I: ST0: PING_STATUS
25-06-17 14:10:09.767 I: ST0: READ
25-06-17 14:10:09.769 I: C0: CCI=0x80000500
25-06-17 14:10:09.772 I: ST0: IDLE
25-06-17 14:10:09.774 [134.518768 event set 0x0000000000200000]
25-06-17 14:10:09.779 ec:~> [134.524200 event set 0x0000000000200000]
25-06-17 14:10:09.784 ec:~>I: ST 0: WRITE RAW:GET_PD_MESSAGE
25-06-17 14:10:09.788 I: ST0: PING_STATUS
25-06-17 14:10:09.806 I: ST0: READ
25-06-17 14:10:09.809 I: C0: CCI=0x80001c00
25-06-17 14:10:09.811 I: ST0: IDLE
25-06-17 14:10:09.812 [134.558654 event set 0x0000000000200000]
25-06-17 14:10:09.817 ec:~> [134.564392 event set 0x0000000000200000]
25-06-17 14:10:09.822 ec:~> I: ST0: WRITE RAW:GET_ALTERNATE_MODES
25-06-17 14:10:09.827 I: ST0: PING_STATUS
25-06-17 14:10:09.847 I: ST0: READ
25-06-17 14:10:09.849 I: C0: CCI=0x80000600
25-06-17 14:10:09.852 I: ST0: IDLE
25-06-17 14:10:09.853 [134.599395 event set 0x0000000000200000]
25-06-17 14:10:09.858 ec:~> [134.605041 event set 0x0000000000200000]
25-06-17 14:10:09.864 ec:~>I: ST 0: WRITE RAW:GET_PDOS
25-06-17 14:10:09.866 I: ST0: PING_STATUS
25-06-17 14:10:09.886 I: ST0: READ
25-06-17 14:10:09.888 I: C0: CCI=0x80001000
25-06-17 14:10:09.890 I: ST0: IDLE
25-06-17 14:10:09.892 [134.638671 event set 0x0000000000200000]
25-06-17 14:10:09.897 ec:~> [134.644378 event set 0x0000000000200000]
25-06-17 14:10:09.902 ec:~> I: ST0: WRITE RAW:GET_PDOS
25-06-17 14:10:09.905 I: ST0: PING_STATUS
25-06-17 14:10:09.926 I: C0: CCI=0x80000000
25-06-17 14:10:09.928 I: ST0: IDLE
25-06-17 14:10:09.929 [134.676483 event set 0x0000000000200000]
25-06-17 14:10:09.934 ec:~> [134.682006 event set 0x0000000000200000]
25-06-17 14:10:09.939 ec:~>I: ST 0: WRITE RAW:GET_ALTERNATE_MODES
25-06-17 14:10:09.943 I: ST0: PING_STATUS
25-06-17 14:10:09.964 I: ST0: READ
25-06-17 14:10:09.965 I: C0: CCI=0x80000600
25-06-17 14:10:09.968 I: ST0: IDLE
25-06-17 14:10:09.969 [134.716430 event set 0x0000000000200000]
25-06-17 14:10:09.973 ec:~> [134.722747 event set 0x0000000000200000]
25-06-17 14:10:09.980 ec:~>I: ST 0: WRITE RAW:GET_PDOS
25-06-17 14:10:09.983 I: ST0: PING_STATUS
25-06-17 14:10:10.003 I: ST0: READ
25-06-17 14:10:10.005 I: C0: CCI=0x80001000
25-06-17 14:10:10.008 I: ST0: IDLE
25-06-17 14:10:10.009 [134.756622 event set 0x0000000000200000]
25-06-17 14:10:10.013 ec:~> [134.762176 event set 0x0000000000200000]
25-06-17 14:10:10.020 ec:~>I: ST 0: WRITE RAW:GET_PDOS
25-06-17 14:10:10.023 I: ST0: PING_STATUS
25-06-17 14:10:10.042 I: C0: CCI=0x80000000
25-06-17 14:10:10.045 I: ST0: IDLE
25-06-17 14:10:10.046 [134.793884 event set 0x0000000000200000]
25-06-17 14:10:10.051 ec:~> [134.799346 event set 0x0000000000200000]
25-06-17 14:10:10.056 ec:~>I: ST 1: WRITE RAW:GET_CONNECTOR_CAPABILITY
25-06-17 14:10:10.061 I: ST1: PING_STATUS
25-06-17 14:10:10.081 I: ST1: READ
25-06-17 14:10:10.082 I: C1: CCI=0x80000400
25-06-17 14:10:10.085 I: ST1: IDLE
25-06-17 14:10:10.086 [134.834167 event set 0x0000000000200000]
25-06-17 14:10:10.091 ec:~> [134.840026 event set 0x0000000000200000]
25-06-17 14:10:10.096 ec:~> I: ST1: WRITE RAW:GET_PDOS
25-06-17 14:10:10.100 I: ST1: PING_STATUS
25-06-17 14:10:10.120 I: ST1: READ
25-06-17 14:10:10.122 I: C1: CCI=0x80000400
25-06-17 14:10:10.124 I: ST1: IDLE
25-06-17 14:10:10.125 [134.873748 event set 0x0000000000200000]
25-06-17 14:10:10.130 ec:~> [134.879241 event set 0x0000000000200000]
25-06-17 14:10:10.136 ec:~>I: ST 1: WRITE RAW:GET_PDOS
25-06-17 14:10:10.139 I: ST1: PING_STATUS
25-06-17 14:10:10.159 I: ST1: READ
25-06-17 14:10:10.160 I: C1: CCI=0x80000c00
25-06-17 14:10:10.163 I: ST1: IDLE
25-06-17 14:10:10.164 [134.912811 event set 0x0000000000200000]
25-06-17 14:10:10.169 ec:~> [134.918548 event set 0x0000000000200000]
25-06-17 14:10:10.175 ec:~> I: ST1: WRITE RAW:GET_ALTERNATE_MODES
25-06-17 14:10:10.179 I: ST1: PING_STATUS
25-06-17 14:10:10.199 I: ST1: READ
25-06-17 14:10:10.201 I: C1: CCI=0x80000600
25-06-17 14:10:10.203 I: ST1: IDLE
25-06-17 14:10:10.204 [134.953308 event set 0x0000000000200000]
25-06-17 14:10:10.209 ec:~> [134.958801 event set 0x0000000000200000]
25-06-17 14:10:10.215 ec:~> [134.963439 event set 0x0000000000200000]
25-06-17 14:10:10.220 ec:~> [134.969116 event set 0x0000000000200000]
25-06-17 14:10:10.225 ec:~>I: ST 1: WRITE RAW:GET_PD_MESSAGE
25-06-17 14:10:10.228 I: ST1: PING_STATUS
25-06-17 14:10:10.248 E: C1: Ping Status Error
25-06-17 14:10:10.251 I: C1: CCI=0xc0000000
25-06-17 14:10:10.253 I: ST1: IDLE
25-06-17 14:10:10.254 E: Error with UCSI command 0x15. Return was -5
25-06-17 14:10:10.259 [135.007690 event set 0x0000000000200000]
25-06-17 14:10:10.264 ec:~> [135.012634 event set 0x0000000000200000]
25-06-17 14:10:10.268 ec:~> E: Invalid conn=0
25-06-17 14:10:10.270 E: Error with UCSI command 0x13. Return was -34
25-06-17 14:10:10.275 [135.024230 event set 0x0000000000200000]
25-06-17 14:10:10.280 ec:~> [135.029602 event set 0x0000000000200000]
25-06-17 14:10:10.285 ec:~>I: ST 1: WRITE RAW:GET_CABLE_PROPERTY
25-06-17 14:10:10.289 I: ST1: PING_STATUS
25-06-17 14:10:10.309 I: ST1: READ
25-06-17 14:10:10.311 I: C1: CCI=0x80000500
25-06-17 14:10:10.313 I: ST1: IDLE
25-06-17 14:10:10.314 [135.063781 event set 0x0000000000200000]
25-06-17 14:10:10.319 ec:~> [135.069549 event set 0x0000000000200000]
25-06-17 14:10:10.324 ec:~> I: ST1: WRITE RAW:GET_PD_MESSAGE
25-06-17 14:10:10.329 I: ST1: PING_STATUS
25-06-17 14:10:10.349 E: C1: Ping Status Error
25-06-17 14:10:10.351 I: C1: CCI=0xc0000000
25-06-17 14:10:10.353 I: ST1: IDLE
25-06-17 14:10:10.355 E: Error with UCSI command 0x15. Return was -5
25-06-17 14:10:10.359 [135.108673 event set 0x0000000000200000]
25-06-17 14:10:10.363 ec:~> [135.113433 event set 0x0000000000200000]
25-06-17 14:10:10.368 ec:~>E: Invalid conn= 0
25-06-17 14:10:10.370 E: Error with UCSI command 0x13. Return was -34
25-06-17 14:10:10.375 [135.124694 event set 0x0000000000200000]
25-06-17 14:10:10.379 ec:~> [135.130035 event set 0x0000000000200000]
25-06-17 14:10:10.385 ec:~> [135.134613 event set 0x0000000000200000]
25-06-17 14:10:10.390 ec:~> [135.139526 event set 0x0000000000200000]
25-06-17 14:10:10.395 ec:~> I: ST0: WRITE RAW:GET_PDOS
25-06-17 14:10:10.711 I: ST0: PING_STATUS
25-06-17 14:10:10.729 I: ST0: READ
25-06-17 14:10:10.731 I: C0: CCI=0x80001000
25-06-17 14:10:10.733 I: ST0: IDLE
25-06-17 14:10:10.734 [135.486877 event set 0x0000000000200000]
25-06-17 14:10:10.739 ec:~> [135.493591 event set 0x0000000000200000]
25-06-17 14:10:10.746 ec:~>I: ST 0: WRITE RAW:GET_PDOS
25-06-17 14:10:10.749 I: ST0: PING_STATUS
25-06-17 14:10:10.769 I: C0: CCI=0x80000000
25-06-17 14:10:10.772 I: ST0: IDLE
25-06-17 14:10:10.773 [135.525329 event set 0x0000000000200000]
25-06-17 14:10:10.777 ec:~> [135.530883 event set 0x0000000000200000]
25-06-17 14:10:10.783 ec:~>I: ST 0: WRITE RAW:GET_ALTERNATE_MODES
25-06-17 14:10:10.787 I: ST0: PING_STATUS
25-06-17 14:10:10.807 I: ST0: READ
25-06-17 14:10:10.809 I: C0: CCI=0x80000600
25-06-17 14:10:10.811 I: ST0: IDLE
25-06-17 14:10:10.812 [135.565246 event set 0x0000000000200000]
25-06-17 14:10:10.817 ec:~> [135.571258 event set 0x0000000000200000]
25-06-17 14:10:10.823 ec:~> I: C1: IRQ
25-06-17 14:10:12.183 I: C1: CCI=0x10004
25-06-17 14:10:12.183 I: C1: SendCmdStart
25-06-17 14:10:12.184 I: C1: SendCmdWait
25-06-17 14:10:12.184 I: ST1: WRITE GET_CONNECTOR_STATUS
25-06-17 14:10:12.187 I: ST1: PING_STATUS
25-06-17 14:10:12.207 I: ST1: READ
25-06-17 14:10:12.209 I: C1: CCI=0x80001300
25-06-17 14:10:12.211 I: ST1: IDLE
25-06-17 14:10:12.213 I: C1: TypeCSrcAttached
25-06-17 14:10:12.215 [136.976562 event set 0x0000000000200000]
25-06-17 14:10:12.220 ec:~> [136.980895 event set 0x0000000000200000]
25-06-17 14:10:12.225 ec:~> [136.987152 event set 0x0000000000200000]
25-06-17 14:10:12.230 ec:~> [136.991821 event set 0x0000000000200000]
25-06-17 14:10:12.235 ec:~> [136.997619 event set 0x0000000000200000]
25-06-17 14:10:12.241 ec:~>I: C 1: SendCmdStart
25-06-17 14:10:12.244 I: C1: SendCmdWait
25-06-17 14:10:12.246 I: ST1: WRITE CMD_ACK_CC_CI
25-06-17 14:10:12.248 I: ST1: PING_STATUS
25-06-17 14:10:12.267 I: C1: CCI=0x80000000
25-06-17 14:10:12.269 I: ST1: IDLE
25-06-17 14:10:12.271 I: C1: TypeCSrcAttached
25-06-17 14:10:12.682 [137.445709 alt-base-gyro ODR: 0 INT: UNCHANGED - roundup 1 from config 0 [AP 0]: 0]
25-06-17 14:10:12.690 ec:~> [137.452514 lid-accel ODR: 10000 INT: ON - roundup 1 from config 1 [AP 0]: 0]
25-06-17 14:10:12.698 ec:~> [137.480407 alt-base-accel ODR: 12500 INT: UNCHANGED - roundup 1 from config 1 [AP 0]: 0]
25-06-17 14:10:12.725 ec:~> [137.854187 event set 0x0000000000000080]
25-06-17 14:10:13.093 ec:~> [137.860656 Battery 89% (Display 77.7 %) / 0h:29 to full]
25-06-17 14:10:13.101 ec:~> I: ST1: WRITE RAW:GET_PD_MESSAGE
25-06-17 14:10:13.275 I: ST1: PING_STATUS
25-06-17 14:10:13.294 E: C1: Ping Status Error
25-06-17 14:10:13.297 I: C1: CCI=0xc0000000
25-06-17 14:10:13.299 I: ST1: IDLE
25-06-17 14:10:13.301 E: Error with UCSI command 0x15. Return was -5
25-06-17 14:10:13.305 [138.073028 event set 0x0000000000200000]
25-06-17 14:10:13.309 ec:~> [138.090759 event set 0x0000000000200000]
25-06-17 14:10:13.326 ec:~> E: Invalid conn=0
25-06-17 14:10:13.348 E: Error with UCSI command 0x13. Return was -34
25-06-17 14:10:13.352 [138.120910 event set 0x0000000000200000]
25-06-17 14:10:13.357 ec:~> [138.122955 event set 0x0000000000000080]
25-06-17 14:10:13.362 ec:~> [138.131072 Battery 89% (Display 89.3 %) / 0h:29 to full]
25-06-17 14:10:13.368 ec:~> [138.135345 event set 0x0000000000200000]
25-06-17 14:10:13.373 ec:~> I: ST1: WRITE RAW:GET_CONNECTOR_CAPABILITY
25-06-17 14:10:13.387 I: ST1: PING_STATUS
25-06-17 14:10:13.407 I: ST1: READ
25-06-17 14:10:13.409 I: C1: CCI=0x80000400
25-06-17 14:10:13.411 I: ST1: IDLE
25-06-17 14:10:13.412 [138.181915 event set 0x0000000000200000]
25-06-17 14:10:13.417 ec:~> [138.199188 event set 0x0000000000200000]
25-06-17 14:10:13.435 ec:~> [138.213165 event set 0x0000000000200000]
25-06-17 14:10:13.448 ec:~> [138.227111 event set 0x0000000000200000]
25-06-17 14:10:13.462 ec:~> [145.856018 Battery 89% (Display 89.4 %) / 0h:29 to full]
25-06-17 14:10:21.045 ec:~> [147.833709 alt-base-gyro ODR: 0 INT: UNCHANGED - roundup 1 from config 0 [AP 0]: 0]
25-06-17 14:10:23.013 ec:~> [148.382293 Battery 89% (Display 100.0 %) / 0h:29 to full]
25-06-17 14:10:23.556 ec:~> [148.614288 Battery 89% (Display 89.4 %) / 0h:29 to full]
25-06-17 14:10:23.784 ec:~> [150.867431 Battery 89% (Display 89.5 %) / 0h:29 to full]
25-06-17 14:10:26.023 ec:~> [158.874298 Battery 89% (Display 89.6 %) / 0h:29 to full]
25-06-17 14:10:33.979 ec:~> [165.128906 Battery 89% (Display 89.7 %) / 0h:29 to full]
25-06-17 14:10:40.194 ec:~> [173.138824 Battery 89% (Display 89.8 %) / 0h:29 to full]
25-06-17 14:10:48.153 ec:~> [181.145751 Battery 89% (Display 89.9 %) / 0h:29 to full]
25-06-17 14:10:56.110 ec:~> [187.153167 Battery 89% (Display 90.0 %) / 0h:29 to full]
25-06-17 14:11:02.079 ec:~> [191.155029 Battery 90% (Display 90.0 %) / 0h:29 to full]
25-06-17 14:11:06.156 ec:~> [195.159637 Battery 90% (Display 90.1 %) / 0h:29 to full]
25-06-17 14:11:10.035 ec:~> [201.165740 Battery 90% (Display 90.2 %) / 0h:29 to full]
25-06-17 14:11:16.004 ec:~> [209.422668 Battery 90% (Display 90.3 %) / 0h:29 to full]
25-06-17 14:11:24.207 ec:~> [213.426940 Battery 90% (Display 90.4 %) / 0h:29 to full]
25-06-17 14:11:28.185 ec:~> [221.434906 Battery 90% (Display 90.5 %) / 0h:29 to full]
25-06-17 14:11:36.142 ec:~> [230.445190 Battery 90% (Display 90.6 %) / 0h:29 to full]
25-06-17 14:11:45.095 ec:~> [236.450714 Battery 90% (Display 90.7 %) / 0h:29 to full]
25-06-17 14:11:51.064 ec:~> [244.457763 Battery 90% (Display 90.8 %) / 0h:29 to full]
25-06-17 14:11:59.018 ec:~> [251.713287 Battery 90% (Display 90.9 %) / 0h:29 to full]
25-06-17 14:12:06.227 ec:~> [260.722656 Battery 90% (Display 91.0 %) / 0h:29 to full]
25-06-17 14:12:15.179 ec:~> [268.729217 Battery 91% (Display 91.1 %) / 0h:29 to full]
25-06-17 14:12:23.134 ec:~> [275.735870 Battery 91% (Display 91.2 %) / 0h:29 to full]
25-06-17 14:12:30.096 ec:~> [284.994995 Battery 91% (Display 91.3 %) / 0h:29 to full]
25-06-17 14:12:39.295 ec:~> [288.417968 power state 4 = S0, in 0x0018]
25-06-17 14:12:42.696 ec:~> [288.41![288.424438 USB port p0 0]
25-06-17 14:12:42.699 9311 chipset_reset: 0x8]
25-06-17 14:12:42.702 ec:~> [288.4201I: PD:S0->S3
25-06-17 14:12:42.706 35 Set ec_ap_sys_rst_odl: 0]
25-06-17 14:12:42.709 ec:~> [288.I427795 power sta:te 4 = S0, in 0x PD:S3->S5
25-06-17 14:12:42.714 0017]
25-06-17 14:12:42.715 ec:~> [288.428863 power state 8 = S0->S3, in 0x0017]
25-06-17 14:12:42.721 ec:~> [288.429840 Motion pre-suspend; loops 7370; last 7 ms ago; a=0x7, s=0x333]
25-06-17 14:12:42.727 ec:~> [288.432830 power state 3 = S3, in 0x0017]
25-06-17 14:12:42.731 ec:~> [288.433685 power state 9 = S3->S5, in 0x0017]
25-06-17 14:12:42.737 ec:~> [288.434936 Motion pre-shutdown; loops 7370; last 12 ms ago; a=0x7, s=0x333]
25-06-17 14:12:42.744 ec:~> [288.440979 power state 1 = S5, in 0x0017]
25-06-17 14:12:42.749 ec:~> [288.441894 power state 6 = S5->S3, in 0x0017]
25-06-17 14:12:42.756 ec:~> [288.443145 Set ec_pmic_en_odl_r: 1]
25-06-17 14:12:42.759 ec:~> [288.494323 Set ec_pmic_en_odl_r: 0]
25-06-17 14:12:42.770 ec:~> [288.545989 Set ec_pmic_en_odl_rI: PD:S5->S3
25-06-17 14:12:42.821 : 1]
25-06-17 14:12:42.822 ec:~> [288.547180 Set ec_ap_sys_rst_odl: 1]
25-06-17 14:12:42.827 ec:~> [288.550903 Handle sleep: 0]
25-06-17 14:12:42.830 ec:~> [288.551849 power state 3 = S3, in 0x0016]
25-06-17 14:12:42.835 ec:~> [289.009338 power state 3 = S3, I: PD:S3->S0
25-06-17 14:12:43.284 in 0x0010]
25-06-17 14:12:43.286 ec:~> [289.010589 power state 7 = S3->S0, in 0x0010]
25-06-17 14:12:43.294 ec:~> [289.011840 Motion pre-resume; loops 7373; last 509 ms ago; a=0x7, s=0x0]
25-06-17 14:12:43.307 ec:~> [289.014404 power state 4 = S0, in 0x0010]
25-06-17 14:12:43.315 ec:~> [289.030456 lid-accel: MS Done Init type:0x0 range:4]
25-06-17 14:12:43.322 ec:~> [289.033599 SENSOR accelgyro_lsm6dsm WHO_AM_I value: 0x6a]
25-06-17 14:12:43.330 ec:~> [289.040252 alt-base-accel: MS Done Init type:0x0 range:2]
25-06-17 14:12:43.336 ec:~> [289.041809 SENSOR accelgyro_lsm6dsm WHO_AM_I value: 0x6a]
25-06-17 14:12:43.343 ec:~> [289.043884 alt-base-gyro: MS Done Init type:0x1 range:1146]
25-06-17 14:12:43.353 ec:~> [289.048095 lid-accel ODR: 10000 INT: ON - roundup 1 from config 1 [AP 0]: 0]
25-06-17 14:12:43.363 ec:~> [289.051635 alt-base-accel ODR: 12500 INT: UNCHANGED - roundup 1 from config 1 [AP 0]: 0]
25-06-17 14:12:43.372 ec:~> [289.054992 alt-base-gyro ODR: 0 INT: UNCHANGED - roundup 0 from config 0 [AP 0]: 0]
25-06-17 14:12:43.377 ec:~> 6 signal changes:
25-06-17 14:12:44.275 ec:~>   288.417663  +0.000000  ap_ec_warm_rst_req => 1
25-06-17 14:12:44.283 ec:~>   288.423858  +0.006195  ap_in_sleep_l => 0
25-06-17 14:12:44.291 ec:~>   288.424163  +0.000305  ap_ec_sysrst_odl => 0
25-06-17 14:12:44.297 ec:~>   288.427124  +0.002961  ap_ec_wdtrst_l => 0
25-06-17 14:12:44.305 ec:~>   288.548095  +0.120971  ap_ec_sysrst_odl => 1
25-06-17 14:12:44.309 ec:~>   289.009033  +0.460938  ap_in_sleep_l => 1
25-06-17 14:12:44.314 ec:~> [290.056854 MKBP not cleared within threshold, toggling.]
25-06-17 14:12:44.326 ec:~> I: PD: AP is ON: apply 'startup' followed by 'resume'
25-06-17 14:12:45.274 I: C0: pdc_power_mgmt_set_dual_role: set role to 1
25-06-17 14:12:45.282 I: C0: Setting AP power state to S0
25-06-17 14:12:45.287 I: C0: pdc_power_mgmt_set_dual_role: set role to 3
25-06-17 14:12:45.295 I: C1: pI: C0: SendCmdStart
25-06-17 14:12:45.302 I: Command (PDC_SET_AP_POWER_STATE) not implemented
25-06-17 14:12:45.308 I: C0: Attached.SNK
25-06-17 14:12:45.311 dc_power_mgmt_set_dual_role: set role to 1
25-06-17 14:12:45.316 I: C1: Setting AP power state to S0
25-06-17 14:12:45.320 I: C1: pdc_power_mgmt_set_dual_role: set role to 3
25-06-17 14:12:45.325 [291.058532 MKBP: The AP is failing to respond despite being powered on.]
25-06-17 14:12:45.334 ec:~> I: C1: SendCmdStart
25-06-17 14:12:45.337 I: Command (PDC_SET_AP_POWER_STATE) not implemented
25-06-17 14:12:45.344 I: C1: TypeCSrcAttached
25-06-17 14:12:45.348 I: C0: SendCmdStart
25-06-17 14:12:45.351 I: C0: SendCmdWait
25-06-17 14:12:45.355 I: ST0: WRITE SET_PDR
25-06-17 14:12:45.359 I: ST0: PING_STATUS
25-06-17 14:12:45.362 I: C1: SendCmdStart
25-06-17 14:12:45.365 I: C1: SendCmdWait
25-06-17 14:12:45.367 I: ST1: WRITE SET_CCOM
25-06-17 14:12:45.368 I: ST1: PING_STATUS
25-06-17 14:12:45.374 I: C0: CCI=0x80000000
25-06-17 14:12:45.378 I: ST0: IDLE
25-06-17 14:12:45.381 I: C0: Attached.SNK
25-06-17 14:12:45.382 I: C0: SendCmdStart
25-06-17 14:12:45.383 I: C0: SendCmdWait
25-06-17 14:12:45.385 [291.129150 evenIt set 0x00000000: ST00200000]
25-06-17 14:12:45.391 ec:~>0:  WRITE GET_CONNECTOR_STATUS
25-06-17 14:12:45.395 I: ST0: PING_STATUS
25-06-17 14:12:45.398 I: C1: CCI=0x80000000
25-06-17 14:12:45.402 I: ST1: IDLE
25-06-17 14:12:45.404 I: C1: TypeCSrcAttached
25-06-17 14:12:45.408 I: C1: IRQ
25-06-17 14:12:45.409 I: C1: CCI=0x10004
25-06-17 14:12:45.411 I: C1: SendCmdStart
25-06-17 14:12:45.413 I: C1: SendCmdWait
25-06-17 14:12:45.416 I: ST1: WRITE GET_CONNECTOR_STATUS
25-06-17 14:12:45.421 I: ST1: PING_STATUS
25-06-17 14:12:45.423 I: ST0: READ
25-06-17 14:12:45.424 I: C0: CCI=0x80001300
25-06-17 14:12:45.427 I: ST0: IDLE
25-06-17 14:12:45.428 I: C0: Attached.SNK
25-06-17 14:12:45.430 I: ST1: READ
25-06-17 14:12:45.432 I: C1: CCI=0x80001300
25-06-17 14:12:45.435 I: ST1: IDLE
25-06-17 14:12:45.436 I: C1: Unattached
25-06-17 14:12:45.438 I: C1 attached: Unattached
25-06-17 14:12:45.441 I: C1: set current limit 1.5A
25-06-17 14:12:45.466 I: C1: SendCmdStart
25-06-17 14:12:45.470 I: C1: SendCmdWait
25-06-17 14:12:45.472 I: ST1: WRITE CMD_ACK_CC_CI
25-06-17 14:12:45.475 I: ST1: PING_STATUS
25-06-17 14:12:45.493 I: C1: CCI=0x80000000
25-06-17 14:12:45.496 I: ST1: IDLE
25-06-17 14:12:45.498 I: C1: Unattached
25-06-17 14:12:45.500 I: C1: SendCmdStart
25-06-17 14:12:45.501 I: C1: sink_path_to_send=0, chg_mgr_active_charge_port=0
25-06-17 14:12:45.509 I: C1: SendCmdWait
25-06-17 14:12:45.512 I: ST1: WRITE SET_SINK_PATH
25-06-17 14:12:45.514 I: ST1: PING_STATUS
25-06-17 14:12:45.530 I: C1: CCI=0x80000000
25-06-17 14:12:45.532 I: ST1: IDLE
25-06-17 14:12:45.534 I: C1: Unattached
25-06-17 14:12:45.536 I: C1: SendCmdStart
25-06-17 14:12:45.539 I: C1: SendCmdWait
25-06-17 14:12:45.542 I: ST1: WRITE GET_CONNECTOR_STATUS
25-06-17 14:12:45.545 I: ST1: PING_STATUS
25-06-17 14:12:45.562 I: ST1: READ
25-06-17 14:12:45.564 I: C1: CCI=0x80001300
25-06-17 14:12:45.567 I: ST1: IDLE
25-06-17 14:12:45.568 I: C1: Unattached
25-06-17 14:12:45.594 I: C1: SendCmdStart
25-06-17 14:12:45.597 I: C1: SendCmdWait
25-06-17 14:12:45.598 I: ST1: WRITE SET_DRP_MODE
25-06-17 14:12:45.602 I: ST1: PING_STATUS
25-06-17 14:12:45.620 I: C1: CCI=0x80000000
25-06-17 14:12:45.623 I: ST1: IDLE
25-06-17 14:12:45.625 I: C1: Unattached
25-06-17 14:12:45.628 I: C1: SendCmdStart
25-06-17 14:12:45.630 I: C1: SendCmdWait
25-06-17 14:12:45.633 I: ST1: WRITE SET_CCOM
25-06-17 14:12:45.634 I: ST1: PING_STATUS
25-06-17 14:12:45.651 I: C1: CCI=0x80000000
25-06-17 14:12:45.654 I: ST1: IDLE
25-06-17 14:12:45.656 I: C1: Unattached
25-06-17 14:12:45.681 I: C1: SendCmdStart
25-06-17 14:12:45.684 I: C1: SendCmdWait
25-06-17 14:12:45.687 I: ST1: WRITE SET_TPC_RP
25-06-17 14:12:45.690 I: ST1: PING_STATUS
25-06-17 14:12:45.708 I: C1: CCI=0x80000000
25-06-17 14:12:45.712 I: ST1: IDLE
25-06-17 14:12:45.714 I: C1: Unattached
25-06-17 14:12:45.717 I: C1: IRQ
25-06-17 14:12:45.718 I: C1: CCI=0x10004
25-06-17 14:12:45.721 I: C1: SendCmdStart
25-06-17 14:12:45.723 I: C1: SendCmdWait
25-06-17 14:12:45.726 I: ST1: WRITE GET_CONNECTOR_STATUS
25-06-17 14:12:45.729 I: ST1: PING_STATUS
25-06-17 14:12:45.743 I: ST1: READ
25-06-17 14:12:45.746 I: C1: CCI=0x80001300
25-06-17 14:12:45.749 I: ST1: IDLE
25-06-17 14:12:45.750 I: C1: Unattached
25-06-17 14:12:45.775 I: C1: SendCmdStart
25-06-17 14:12:45.777 I: C1: SendCmdWait
25-06-17 14:12:45.780 I: ST1: WRITE CMD_ACK_CC_CI
25-06-17 14:12:45.784 I: ST1: PING_STATUS
25-06-17 14:12:45.802 I: C1: CCI=0x80000000
25-06-17 14:12:45.806 I: ST1: IDLE
25-06-17 14:12:45.808 I: C1: Unattached
25-06-17 14:12:45.809 I: C1: SendCmdStart
25-06-17 14:12:45.811 I: C1: SendCmdWait
25-06-17 14:12:45.813 I: ST1: WRITE SET_CCOM
25-06-17 14:12:45.815 I: ST1: PING_STATUS
25-06-17 14:12:45.833 I: C1: CCI=0x80000000
25-06-17 14:12:45.835 I: ST1: IDLE
25-06-17 14:12:45.837 I: C1: Unattached
25-06-17 14:12:45.841 I: C1: IRQ
25-06-17 14:12:45.842 I: C1: CCI=0x10004
25-06-17 14:12:45.846 I: C1: SendCmdStart
25-06-17 14:12:45.849 I: C1: SendCmdWait
25-06-17 14:12:45.851 I: ST1: WRITE GET_CONNECTOR_STATUS
25-06-17 14:12:45.855 I: ST1: PING_STATUS
25-06-17 14:12:45.868 I: ST1: READ
25-06-17 14:12:45.870 I: C1: CCI=0x80001300
25-06-17 14:12:45.874 I: ST1: IDLE
25-06-17 14:12:45.876 I: C1: Unattached
25-06-17 14:12:45.900 I: C1: SendCmdStart
25-06-17 14:12:45.904 I: C1: SendCmdWait
25-06-17 14:12:45.906 I: ST1: WRITE CMD_ACK_CC_CI
25-06-17 14:12:45.909 I: ST1: PING_STATUS
25-06-17 14:12:45.927 I: C1: CCI=0x80000000
25-06-17 14:12:45.931 I: ST1: IDLE
25-06-17 14:12:45.932 I: C1: Unattached
25-06-17 14:12:45.934 I: C1: SendCmdStart
25-06-17 14:12:45.937 I: C1: SendCmdWait
25-06-17 14:12:45.939 I: ST1: WRITE CMD_SET_PDO
25-06-17 14:12:45.941 I: ST1: PING_STATUS
25-06-17 14:12:45.958 I: C1: CCI=0x80000000
25-06-17 14:12:45.960 I: ST1: IDLE
25-06-17 14:12:45.962 I: C1: Unattached
25-06-17 14:12:45.964 I: C1: SendCmdStart
25-06-17 14:12:45.966 I: C1: SendCmdWait
25-06-17 14:12:45.967 I: ST1: WRITE GET_CONNECTOR_STATUS
25-06-17 14:12:45.971 I: ST1: PING_STATUS
25-06-17 14:12:45.990 I: ST1: READ
25-06-17 14:12:45.993 I: C1: CCI=0x80001300
25-06-17 14:12:45.995 I: ST1: IDLE
25-06-17 14:12:45.996 I: C1: Unattached
25-06-17 14:12:48.278 [294.042449 Battery 91% (Display 91.4 %) / 0h:29 to full]
25-06-17 14:12:48.286 ec:~> ![300.533233 USB port p0 4]
25-06-17 14:12:54.732 I: C0: pdc_power_mgmt_set_dual_role: set role to 0
25-06-17 14:12:54.734 I: C1: pdc_power_mgmt_set_dual_role: set role to 0
25-06-17 14:12:54.742 I: C0: SendCmdStart
25-06-17 14:12:54.744 I: C0: SendCmdWait
25-06-17 14:12:54.746 I: C1: SendCmdStart
25-06-17 14:12:54.748 I: C1: SendCmdWait
25-06-17 14:12:54.750 I: ST0: WRITE SET_PDR
25-06-17 14:12:54.752 I: ST1: WRITE SET_CCOM
25-06-17 14:12:54.754 I: ST0: PING_STATUS
25-06-17 14:12:54.756 I: ST1: PING_STATUS
25-06-17 14:12:54.773 I: C0: CCI=0x80000000
25-06-17 14:12:54.776 I: ST0: IDLE
25-06-17 14:12:54.777 I: C0: Attached.SNK
25-06-17 14:12:54.780 I: C0: SendCmdStart
25-06-17 14:12:54.781 I: C0: SendCmdWait
25-06-17 14:12:54.783 I: C1: CCI=0x10000000
25-06-17 14:12:54.785 I: ST0: WRITE GET_CONNECTOR_STATUS
25-06-17 14:12:54.789 I: ST0: PING_STATUS
25-06-17 14:12:54.805 I: C1: CCI=0x80000000
25-06-17 14:12:54.807 I: ST1: IDLE
25-06-17 14:12:54.809 I: C1: Unattached
25-06-17 14:12:54.810 I: ST0: READ
25-06-17 14:12:54.811 I: C0: CCI=0x80001300
25-06-17 14:12:54.814 I: ST0: IDLE
25-06-17 14:12:54.815 I: C0: Attached.SNK
25-06-17 14:12:54.834 I: C1: SendCmdStart
25-06-17 14:12:54.836 I: C1: SendCmdWait
25-06-17 14:12:54.838 I: ST1: WRITE SET_DRP_MODE
25-06-17 14:12:54.841 I: ST1: PING_STATUS
25-06-17 14:12:54.861 I: C1: CCI=0x80000000
25-06-17 14:12:54.863 I: ST1: IDLE
25-06-17 14:12:54.865 I: C1: Unattached
25-06-17 14:12:55.039 I: C1: IRQ
25-06-17 14:12:55.042 I: C1: CCI=0x10004
25-06-17 14:12:55.043 I: C1: SendCmdStart
25-06-17 14:12:55.044 I: C1: SendCmdWait
25-06-17 14:12:55.045 I: ST1: WRITE GET_CONNECTOR_STATUS
25-06-17 14:12:55.048 I: ST1: PING_STATUS
25-06-17 14:12:55.069 I: ST1: READ
25-06-17 14:12:55.071 I: C1: CCI=0x80001300
25-06-17 14:12:55.073 I: ST1: IDLE
25-06-17 14:12:55.075 I: C1: TypeCSrcAttached
25-06-17 14:12:55.077 I: C1 attached: TypeCSrcAttached
25-06-17 14:12:55.104 I: C1: SendCmdStart
25-06-17 14:12:55.106 I: C1: SendCmdWait
25-06-17 14:12:55.108 I: ST1: WRITE CMD_ACK_CC_CI
25-06-17 14:12:55.110 I: ST1: PING_STATUS
25-06-17 14:12:55.131 I: C1: CCI=0x80000000
25-06-17 14:12:55.133 I: ST1: IDLE
25-06-17 14:12:55.134 I: C1: TypeCSrcAttached
25-06-17 14:12:55.137 I: C1: SendCmdStart
25-06-17 14:12:55.139 I: C1: sink_path_to_send=0, chg_mgr_active_charge_port=0
25-06-17 14:12:55.145 I: C1: SendCmdWait
25-06-17 14:12:55.147 I: ST1: WRITE SET_SINK_PATH
25-06-17 14:12:55.149 I: ST1: PING_STATUS
25-06-17 14:12:55.168 I: C1: CCI=0x80000000
25-06-17 14:12:55.170 I: ST1: IDLE
25-06-17 14:12:55.172 I: C1: TypeCSrcAttached
25-06-17 14:12:55.174 I: C1: SendCmdStart
25-06-17 14:12:55.177 I: C1: SendCmdWait
25-06-17 14:12:55.179 I: ST1: WRITE GET_CONNECTOR_STATUS
25-06-17 14:12:55.182 I: ST1: PING_STATUS
25-06-17 14:12:55.201 I: ST1: READ
25-06-17 14:12:55.203 I: C1: CCI=0x80001300
25-06-17 14:12:55.205 I: ST1: IDLE
25-06-17 14:12:55.206 I: C1: TypeCSrcAttached
25-06-17 14:12:55.933 AP_FW 300
25-06-17 14:12:55.935 ec:~> I: C1: set current limit 3.0A
25-06-17 14:12:56.138 I: C1: SendCmdStart
25-06-17 14:12:56.140 I: C1: SendCmdWait
25-06-17 14:12:56.142 I: ST1: WRITE READ_POWER_LEVEL
25-06-17 14:12:56.144 I: ST1: PING_STATUS
25-06-17 14:12:56.164 I: C1: CCI=0x80000000
25-06-17 14:12:56.167 I: ST1: IDLE
25-06-17 14:12:56.168 I: C1: TypeCSrcAttached
25-06-17 14:12:56.170 I: C1: SendCmdStart
25-06-17 14:12:56.172 I: C1: SendCmdWait
25-06-17 14:12:56.174 I: ST1: WRITE SET_TPC_RP
25-06-17 14:12:56.177 I: ST1: PING_STATUS
25-06-17 14:12:56.196 I: C1: CCI=0x80000000
25-06-17 14:12:56.199 I: ST1: IDLE
25-06-17 14:12:56.200 I: C1: TypeCSrcAttached
25-06-17 14:12:56.203 I: C1: IRQ
25-06-17 14:12:56.204 I: C1: CCI=0x10004
25-06-17 14:12:56.206 I: C1: SendCmdStart
25-06-17 14:12:56.207 I: C1: SendCmdWait
25-06-17 14:12:56.209 I: ST1: WRITE GET_CONNECTOR_STATUS
25-06-17 14:12:56.213 I: ST1: PING_STATUS
25-06-17 14:12:56.232 I: ST1: READ
25-06-17 14:12:56.234 I: C1: CCI=0x80001300
25-06-17 14:12:56.237 I: ST1: IDLE
25-06-17 14:12:56.238 I: C1: TypeCSrcAttached
25-06-17 14:12:56.256 I: C1: IRQ
25-06-17 14:12:56.258 I: C1: CCI=0x10004
25-06-17 14:12:56.260 I: C1: SendCmdStart
25-06-17 14:12:56.262 I: C1: SendCmdWait
25-06-17 14:12:56.264 I: ST1: WRITE GET_CONNECTOR_STATUS
25-06-17 14:12:56.267 I: ST1: PING_STATUS
25-06-17 14:12:56.287 I: ST1: READ
25-06-17 14:12:56.288 I: C1: CCI=0x80001300
25-06-17 14:12:56.291 I: ST1: IDLE
25-06-17 14:12:56.293 I: C1: TypeCSrcAttached
25-06-17 14:12:56.319 I: C1: SendCmdStart
25-06-17 14:12:56.321 I: C1: SendCmdWait
25-06-17 14:12:56.323 I: ST1: WRITE CMD_ACK_CC_CI
25-06-17 14:12:56.326 I: ST1: PING_STATUS
25-06-17 14:12:56.346 I: C1: CCI=0x80000000
25-06-17 14:12:56.348 I: ST1: IDLE
25-06-17 14:12:56.349 I: C1: TypeCSrcAttached
25-06-17 14:12:56.352 I: C1: SendCmdStart
25-06-17 14:12:56.354 I: C1: SendCmdWait
25-06-17 14:12:56.356 I: ST1: WRITE CMD_SET_PDO
25-06-17 14:12:56.358 I: ST1: PING_STATUS
25-06-17 14:12:56.378 I: C1: CCI=0x80000000
25-06-17 14:12:56.380 I: ST1: IDLE
25-06-17 14:12:56.382 I: C1: TypeCSrcAttached
25-06-17 14:12:56.385 I: C1: SendCmdStart
25-06-17 14:12:56.387 I: C1: SendCmdWait
25-06-17 14:12:56.389 I: ST1: WRITE GET_CONNECTOR_STATUS
25-06-17 14:12:56.392 I: ST1: PING_STATUS
25-06-17 14:12:56.410 I: ST1: READ
25-06-17 14:12:56.412 I: C1: CCI=0x80001300
25-06-17 14:12:56.415 I: ST1: IDLE
25-06-17 14:12:56.416 I: C1: TypeCSrcAttached
25-06-17 14:12:57.233 [303.054199 Battery 91% (Display 91.5 %) / 0h:29 to full]
25-06-17 14:12:57.238 ec:~> [304.777221 MKBP not cleared within threshold, toggling.]
25-06-17 14:12:58.950 ec:~> [305.014678 event set 0x0000000000200000]
25-06-17 14:12:59.185 ec:~> [305.026000 Handle sleep: 0]
25-06-17 14:12:59.195 ec:~> [305.043975 event set 0x0000000000200000]
25-06-17 14:12:59.214 ec:~> [305.063201 event set 0x0000000000200000]
25-06-17 14:12:59.233 ec:~> I: ST0: WRITE RAW:GET_CAPABILITY
25-06-17 14:12:59.245 I: ST0: PING_STATUS
25-06-17 14:12:59.265 I: ST0: READ
25-06-17 14:12:59.267 I: C0: CCI=0x80001000
25-06-17 14:12:59.270 I: ST0: IDLE
25-06-17 14:12:59.271 [305.106079 event set 0x0000000000200000]
25-06-17 14:12:59.275 ec:~> [305.126251 event set 0x0000000000200000]
25-06-17 14:12:59.296 ec:~> I: ST0: WRITE RAW:GET_CONNECTOR_CAPABILITY
25-06-17 14:12:59.303 I: ST0: PING_STATUS
25-06-17 14:12:59.323 I: ST0: READ
25-06-17 14:12:59.325 I: C0: CCI=0x80000400
25-06-17 14:12:59.327 I: ST0: IDLE
25-06-17 14:12:59.328 [305.164062 event set 0x0000000000200000]
25-06-17 14:12:59.333 ec:~> [305.176239 event set 0x0000000000200000]
25-06-17 14:12:59.345 ec:~> [305.191741 event set 0x0000000000200000]
25-06-17 14:12:59.360 ec:~> [305.325744 event set 0x0000000000200000]
25-06-17 14:12:59.496 ec:~> [305.331085 event set 0x0000000000200000]
25-06-17 14:12:59.499 ec:~> [305.355834 event set 0x0000000000200000]
25-06-17 14:12:59.524 ec:~> [305.361358 event set 0x0000000000200000]
25-06-17 14:12:59.530 ec:~>I: ST 0: WRITE RAW:GET_CAPABILITY
25-06-17 14:12:59.534 I: ST0: PING_STATUS
25-06-17 14:12:59.553 I: ST0: READ
25-06-17 14:12:59.555 I: C0: CCI=0x80001000
25-06-17 14:12:59.558 I: ST0: IDLE
25-06-17 14:12:59.560 [305.395416 event set 0x0000000000200000]
25-06-17 14:12:59.565 ec:~> [305.400909 event set 0x0000000000200000]
25-06-17 14:12:59.571 ec:~>I: ST 0: WRITE RAW:GET_CONNECTOR_CAPABILITY
25-06-17 14:12:59.575 I: ST0: PING_STATUS
25-06-17 14:12:59.593 I: ST0: READ
25-06-17 14:12:59.595 I: C0: CCI=0x80000400
25-06-17 14:12:59.597 I: ST0: IDLE
25-06-17 14:12:59.598 [305.435516 event set 0x0000000000200000]
25-06-17 14:12:59.603 ec:~> [305.441101 event set 0x0000000000200000]
25-06-17 14:12:59.609 ec:~> [305.446746 event set 0x0000000000200000]
25-06-17 14:12:59.614 ec:~> [305.575347 event set 0x0000000000200000]
25-06-17 14:12:59.744 ec:~> [305.580688 event set 0x0000000000200000]
25-06-17 14:12:59.747 ec:~> [305.605438 event set 0x0000000000200000]
25-06-17 14:12:59.772 ec:~> [305.610870 event set 0x0000000000200000]
25-06-17 14:12:59.777 ec:~>I: ST 0: WRITE RAW:GET_CAPABILITY
25-06-17 14:12:59.780 I: ST0: PING_STATUS
25-06-17 14:12:59.801 I: ST0: READ
25-06-17 14:12:59.802 I: C0: CCI=0x80001000
25-06-17 14:12:59.805 I: ST0: IDLE
25-06-17 14:12:59.806 [305.644866 event set 0x0000000000200000]
25-06-17 14:12:59.811 ec:~> [305.651794 event set 0x0000000000200000]
25-06-17 14:12:59.818 ec:~>I: ST 0: WRITE RAW:GET_CONNECTOR_CAPABILITY
25-06-17 14:12:59.822 I: ST0: PING_STATUS
25-06-17 14:12:59.842 I: ST0: READ
25-06-17 14:12:59.844 I: C0: CCI=0x80000400
25-06-17 14:12:59.846 I: ST0: IDLE
25-06-17 14:12:59.847 [305.686462 event set 0x0000000000200000]
25-06-17 14:12:59.852 ec:~> [305.691986 event set 0x0000000000200000]
25-06-17 14:12:59.858 ec:~> [305.697662 event set 0x0000000000200000]
25-06-17 14:12:59.863 ec:~> [305.824951 event set 0x0000000000200000]
25-06-17 14:12:59.991 ec:~> [305.830291 event set 0x0000000000200000]
25-06-17 14:12:59.995 ec:~> [305.855041 event set 0x0000000000200000]
25-06-17 14:13:00.020 ec:~> [305.860260 event set 0x0000000000200000]
25-06-17 14:13:00.026 ec:~>I: ST 0: WRITE RAW:GET_CAPABILITY
25-06-17 14:13:00.029 I: ST0: PING_STATUS
25-06-17 14:13:00.049 I: ST0: READ
25-06-17 14:13:00.050 I: C0: CCI=0x80001000
25-06-17 14:13:00.053 I: ST0: IDLE
25-06-17 14:13:00.054 [305.894409 event set 0x0000000000200000]
25-06-17 14:13:00.059 ec:~> [305.900024 event set 0x0000000000200000]
25-06-17 14:13:00.065 ec:~>I: ST 0: WRITE RAW:GET_CONNECTOR_CAPABILITY
25-06-17 14:13:00.069 I: ST0: PING_STATUS
25-06-17 14:13:00.089 I: ST0: READ
25-06-17 14:13:00.090 I: C0: CCI=0x80000400
25-06-17 14:13:00.093 I: ST0: IDLE
25-06-17 14:13:00.094 [305.934722 event set 0x0000000000200000]
25-06-17 14:13:00.099 ec:~> [305.940307 event set 0x0000000000200000]
25-06-17 14:13:00.104 ec:~> [305.946746 event set 0x0000000000200000]
25-06-17 14:13:00.110 ec:~> [306.074554 event set 0x0000000000200000]
25-06-17 14:13:00.238 ec:~> [306.080108 event set 0x0000000000200000]
25-06-17 14:13:00.243 ec:~> [306.104705 event set 0x0000000000200000]
25-06-17 14:13:00.268 ec:~> [306.110076 event set 0x0000000000200000]
25-06-17 14:13:00.273 ec:~>I: ST 0: WRITE RAW:GET_CAPABILITY
25-06-17 14:13:00.276 I: ST0: PING_STATUS
25-06-17 14:13:00.297 I: ST0: READ
25-06-17 14:13:00.298 I: C0: CCI=0x80001000
25-06-17 14:13:00.301 I: ST0: IDLE
25-06-17 14:13:00.302 [306.144104 event set 0x0000000000200000]
25-06-17 14:13:00.307 ec:~> [306.149780 event set 0x0000000000200000]
25-06-17 14:13:00.313 ec:~>I : ST0: WRITE RAW:GET_CONNECTOR_CAPABILITY
25-06-17 14:13:00.317 I: ST0: PING_STATUS
25-06-17 14:13:00.337 I: ST0: READ
25-06-17 14:13:00.339 I: C0: CCI=0x80000400
25-06-17 14:13:00.341 I: ST0: IDLE
25-06-17 14:13:00.342 [306.184509 event set 0x0000000000200000]
25-06-17 14:13:00.347 ec:~> [306.190002 event set 0x0000000000200000]
25-06-17 14:13:00.353 ec:~> I: ST0: WRITE RAW:GET_PDOS
25-06-17 14:13:00.355 I: ST0: PING_STATUS
25-06-17 14:13:00.376 I: ST0: READ
25-06-17 14:13:00.377 I: C0: CCI=0x80000400
25-06-17 14:13:00.380 I: ST0: IDLE
25-06-17 14:13:00.381 [306.223358 event set 0x0000000000200000]
25-06-17 14:13:00.386 ec:~> [306.228881 event set 0x0000000000200000]
25-06-17 14:13:00.391 ec:~>I: ST 0: WRITE RAW:GET_PDOS
25-06-17 14:13:00.394 I: ST0: PING_STATUS
25-06-17 14:13:00.414 I: ST0: READ
25-06-17 14:13:00.416 I: C0: CCI=0x80000c00
25-06-17 14:13:00.419 I: ST0: IDLE
25-06-17 14:13:00.420 [306.262390 event set 0x0000000000200000]
25-06-17 14:13:00.425 ec:~> [306.267974 event set 0x0000000000200000]
25-06-17 14:13:00.430 ec:~>I: ST 0: WRITE ![306.274383 USB port p0 0]
25-06-17 14:13:00.434 ![306.277130 USB port p0 4]
25-06-17 14:13:00.437 I: C0: pdc_power_mgmt_set_dual_role: set role to 0
25-06-17 14:13:00.442 I: C1: pdc_power_mgmt_set_dual_role: set role to 0
25-06-17 14:13:00.447 RAW:GET_ALTERNATE_MODES
25-06-17 14:13:00.449 I: C0: SendCmdStart
25-06-17 14:13:00.451 I: ST0: PING_STATUS
25-06-17 14:13:00.470 I: ST0: READ
25-06-17 14:13:00.472 I: C0: CCI=0x80000600
25-06-17 14:13:00.475 I: ST0: IDLE
25-06-17 14:13:00.475 [306.318542 evenIt set 0x00000000: C00200000]
25-06-17 14:13:00.480 ec:~>0 : SendCmdWait
25-06-17 14:13:00.482 I: ST0: WRITE SET_PDR
25-06-17 14:13:00.484 I: ST0: PING_STATUS
25-06-17 14:13:00.490 [306.333282 event set 0x0000000000200000]
25-06-17 14:13:00.495 ec:~> [306.338134 event set 0x0000000000200000]
25-06-17 14:13:00.499 ec:~> [306.344909 event set 0x00000000I: C00200000]
25-06-17 14:13:00.507 ec:~>0:  CCI=0x80000000
25-06-17 14:13:00.509 I: ST0: IDLE
25-06-17 14:13:00.510 I: C0: Attached.SNK
25-06-17 14:13:00.512 I: C0: SendCmdStart
25-06-17 14:13:00.514 I: C0: SendCmdWait
25-06-17 14:13:00.516 I: ST0: WRITE GET_CONNECTOR_STATUS
25-06-17 14:13:00.519 I: ST0: PING_STATUS
25-06-17 14:13:00.539 I: ST0: READ
25-06-17 14:13:00.541 I: C0: CCI=0x80001300
25-06-17 14:13:00.544 I: ST0: IDLE
25-06-17 14:13:00.545 I: C0: Attached.SNK
25-06-17 14:13:00.548 I: ST0: WRITE RAW:GET_PD_MESSAGE
25-06-17 14:13:00.550 I: ST0: PING_STATUS
25-06-17 14:13:00.570 I: ST0: READ
25-06-17 14:13:00.572 I: C0: CCI=0x80001c00
25-06-17 14:13:00.575 I: ST0: IDLE
25-06-17 14:13:00.576 [306.419433 event set 0x0000000000200000]
25-06-17 14:13:00.581 ec:~> [306.425018 event set 0x0000000000200000]
25-06-17 14:13:00.588 ec:~>I: ST 0: WRITE RAW:GET_CABLE_PROPERTY
25-06-17 14:13:00.592 I: ST0: PING_STATUS
25-06-17 14:13:00.610 I: ST0: READ
25-06-17 14:13:00.612 I: C0: CCI=0x80000500
25-06-17 14:13:00.614 I: ST0: IDLE
25-06-17 14:13:00.616 [306.459228 event set 0x0000000000200000]
25-06-17 14:13:00.621 ec:~> [306.464752 event set 0x0000000000200000]
25-06-17 14:13:00.627 ec:~>I: ST 0: WRITE RAW:GET_PD_MESSAGE
25-06-17 14:13:00.631 I: ST0: PING_STATUS
25-06-17 14:13:00.649 I: ST0: READ
25-06-17 14:13:00.651 I: C0: CCI=0x80001c00
25-06-17 14:13:00.654 I: ST0: IDLE
25-06-17 14:13:00.655 [306.499206 event set 0x0000000000200000]
25-06-17 14:13:00.659 ec:~> [306.505950 event set 0x0000000000200000]
25-06-17 14:13:00.667 ec:~> I: ST0: WRITE RAW:GET_ALTERNATE_MODES
25-06-17 14:13:00.670 I: ST0: PING_STATUS
25-06-17 14:13:00.691 I: ST0: READ
25-06-17 14:13:00.692 I: C0: CCI=0x80000600
25-06-17 14:13:00.694 I: ST0: IDLE
25-06-17 14:13:00.696 [306.540252 event set 0x0000000000200000]
25-06-17 14:13:00.700 ec:~> [306.546081 event set 0x0000000000200000]
25-06-17 14:13:00.706 ec:~> I: ST0: WRITE RAW:GET_PDOS
25-06-17 14:13:00.710 I: ST0: PING_STATUS
25-06-17 14:13:00.730 I: ST0: READ
25-06-17 14:13:00.732 I: C0: CCI=0x80001000
25-06-17 14:13:00.734 I: ST0: IDLE
25-06-17 14:13:00.735 [306.580352 event set 0x0000000000200000]
25-06-17 14:13:00.740 ec:~> [306.586059 event set 0x0000000000200000]
25-06-17 14:13:00.746 ec:~> I: ST0: WRITE RAW:GET_PDOS
25-06-17 14:13:00.749 I: ST0: PING_STATUS
25-06-17 14:13:00.769 I: C0: CCI=0x80000000
25-06-17 14:13:00.772 I: ST0: IDLE
25-06-17 14:13:00.773 [306.617950 event set 0x0000000000200000]
25-06-17 14:13:00.778 ec:~> [306.623748 event set 0x0000000000200000]
25-06-17 14:13:00.784 ec:~> I: ST0: WRITE RAW:GET_ALTERNATE_MODES
25-06-17 14:13:00.788 I: ST0: PING_STATUS
25-06-17 14:13:00.808 I: ST0: READ
25-06-17 14:13:00.810 I: C0: CCI=0x80000600
25-06-17 14:13:00.812 I: ST0: IDLE
25-06-17 14:13:00.813 [306.658538 event set 0x0000000000200000]
25-06-17 14:13:00.818 ec:~> [306.664062 event set 0x0000000000200000]
25-06-17 14:13:00.823 ec:~>I: ST 0: WRITE RAW:GET_PDOS
25-06-17 14:13:00.826 I: ST0: PING_STATUS
25-06-17 14:13:00.847 I: ST0: READ
25-06-17 14:13:00.849 I: C0: CCI=0x80001000
25-06-17 14:13:00.851 I: ST0: IDLE
25-06-17 14:13:00.852 [306.697845 event set 0x0000000000200000]
25-06-17 14:13:00.857 ec:~> [306.703277 event set 0x0000000000200000]
25-06-17 14:13:00.862 ec:~>I: ST 0: WRITE RAW:GET_PDOS
25-06-17 14:13:00.865 I: ST0: PING_STATUS
25-06-17 14:13:00.886 I: C0: CCI=0x80000000
25-06-17 14:13:00.888 I: ST0: IDLE
25-06-17 14:13:00.889 [306.734924 event set 0x0000000000200000]
25-06-17 14:13:00.894 ec:~> [306.741302 event set 0x0000000000200000]
25-06-17 14:13:00.901 ec:~>I: ST 1: WRITE RAW:GET_CONNECTOR_CAPABILITY
25-06-17 14:13:00.905 I: ST1: PING_STATUS
25-06-17 14:13:00.925 I: ST1: READ
25-06-17 14:13:00.926 I: C1: CCI=0x80000400
25-06-17 14:13:00.929 I: ST1: IDLE
25-06-17 14:13:00.930 [306.776000 event set 0x0000000000200000]
25-06-17 14:13:00.935 ec:~> [306.781463 event set 0x0000000000200000]
25-06-17 14:13:00.940 ec:~> I: ST1: WRITE RAW:GET_PDOS
25-06-17 14:13:00.943 I: ST1: PING_STATUS
25-06-17 14:13:00.964 I: ST1: READ
25-06-17 14:13:00.965 I: C1: CCI=0x80000400
25-06-17 14:13:00.968 I: ST1: IDLE
25-06-17 14:13:00.969 [306.815216 event set 0x0000000000200000]
25-06-17 14:13:00.973 ec:~> [306.823028 event set 0x0000000000200000]
25-06-17 14:13:00.982 ec:~> I: ST1: WRITE RAW:GET_PDOS
25-06-17 14:13:00.985 I: ST1: PING_STATUS
25-06-17 14:13:01.005 I: ST1: READ
25-06-17 14:13:01.007 I: C1: CCI=0x80000c00
25-06-17 14:13:01.010 I: ST1: IDLE
25-06-17 14:13:01.010 [306.856964 event set 0x0000000000200000]
25-06-17 14:13:01.015 ec:~> [306.862426 event set 0x0000000000200000]
25-06-17 14:13:01.021 ec:~> I: ST1: WRITE RAW:GET_ALTERNATE_MODES
25-06-17 14:13:01.025 I: ST1: PING_STATUS
25-06-17 14:13:01.045 I: ST1: READ
25-06-17 14:13:01.046 I: C1: CCI=0x80000600
25-06-17 14:13:01.049 I: ST1: IDLE
25-06-17 14:13:01.051 [306.896820 event set 0x0000000000200000]
25-06-17 14:13:01.055 ec:~> [306.902465 event set 0x0000000000200000]
25-06-17 14:13:01.061 ec:~> [306.907928 event set 0x0000000000200000]
25-06-17 14:13:01.066 ec:~> [306.914764 event set 0x0000000000200000]
25-06-17 14:13:01.073 ec:~>I: ST 1: WRITE RAW:GET_PD_MESSAGE
25-06-17 14:13:01.078 I: ST1: PING_STATUS
25-06-17 14:13:01.096 E: C1: Ping Status Error
25-06-17 14:13:01.099 I: C1: CCI=0xc0000000
25-06-17 14:13:01.101 I: ST1: IDLE
25-06-17 14:13:01.102 E: Error with UCSI command 0x15. Return was -5
25-06-17 14:13:01.106 [306.953338 event set 0x0000000000200000]
25-06-17 14:13:01.111 ec:~> [306.958129 event set 0x0000000000200000]
25-06-17 14:13:01.116 ec:~>E: Invalid conn= 0
25-06-17 14:13:01.118 E: Error with UCSI command 0x13. Return was -34
25-06-17 14:13:01.122 [306.969390 event set 0x0000000000200000]
25-06-17 14:13:01.127 ec:~> [306.974761 event set 0x0000000000200000]
25-06-17 14:13:01.132 ec:~>I : ST1: WRITE RAW:GET_CABLE_PROPERTY
25-06-17 14:13:01.136 I: ST1: PING_STATUS
25-06-17 14:13:01.156 I: ST1: READ
25-06-17 14:13:01.158 I: C1: CCI=0x80000500
25-06-17 14:13:01.160 I: ST1: IDLE
25-06-17 14:13:01.161 [307.009063 event set 0x0000000000200000]
25-06-17 14:13:01.166 ec:~> [307.014526 event set 0x0000000000200000]
25-06-17 14:13:01.171 ec:~>I: ST 1: WRITE RAW:GET_PD_MESSAGE
25-06-17 14:13:01.175 I: ST1: PING_STATUS
25-06-17 14:13:01.195 E: C1: Ping Status Error
25-06-17 14:13:01.198 I: C1: CCI=0xc0000000
25-06-17 14:13:01.200 I: ST1: IDLE
25-06-17 14:13:01.202 E: Error with UCSI command 0x15. Return was -5
25-06-17 14:13:01.205 [307.053039 event set 0x0000000000200000]
25-06-17 14:13:01.210 ec:~> [307.058044 event set 0x0000000000200000]
25-06-17 14:13:01.215 ec:~>E: Inv alid conn=0
25-06-17 14:13:01.217 E: Error with UCSI command 0x13. Return was -34
25-06-17 14:13:01.221 [307.069305 event set 0x0000000000200000]
25-06-17 14:13:01.226 ec:~> [307.077972 event set 0x0000000000200000]
25-06-17 14:13:01.235 ec:~> [307.083038 event set 0x0000000000200000]
25-06-17 14:13:01.240 ec:~> [307.089019 event set 0x0000000000200000]
25-06-17 14:13:01.245 ec:~> I: ST0: WRITE RAW:GET_PDOS
25-06-17 14:13:01.539 I: ST0: PING_STATUS
25-06-17 14:13:01.560 I: ST0: READ
25-06-17 14:13:01.561 I: C0: CCI=0x80001000
25-06-17 14:13:01.564 I: ST0: IDLE
25-06-17 14:13:01.566 [307.414947 event set 0x0000000000200000]
25-06-17 14:13:01.570 ec:~> [307.420440 event set 0x0000000000200000]
25-06-17 14:13:01.575 ec:~> I: ST0: WRITE RAW:GET_PDOS
25-06-17 14:13:01.578 I: ST0: PING_STATUS
25-06-17 14:13:01.598 I: C0: CCI=0x80000000
25-06-17 14:13:01.601 I: ST0: IDLE
25-06-17 14:13:01.602 [307.452148 event set 0x0000000000200000]
25-06-17 14:13:01.607 ec:~> [307.457794 event set 0x0000000000200000]
25-06-17 14:13:01.612 ec:~>I: ST 0: WRITE RAW:GET_ALTERNATE_MODES
25-06-17 14:13:01.616 I: ST0: PING_STATUS
25-06-17 14:13:01.636 I: ST0: READ
25-06-17 14:13:01.638 I: C0: CCI=0x80000600
25-06-17 14:13:01.640 I: ST0: IDLE
25-06-17 14:13:01.641 [307.492126 event set 0x0000000000200000]
25-06-17 14:13:01.647 ec:~> [307.497772 event set 0x0000000000200000]
25-06-17 14:13:01.652 ec:~> I: C1: IRQ
25-06-17 14:13:03.060 I: C1: CCI=0x10004
25-06-17 14:13:03.062 I: C1: SendCmdStart
25-06-17 14:13:03.064 I: C1: SendCmdWait
25-06-17 14:13:03.066 I: ST1: WRITE GET_CONNECTOR_STATUS
25-06-17 14:13:03.069 I: ST1: PING_STATUS
25-06-17 14:13:03.089 I: ST1: READ
25-06-17 14:13:03.091 I: C1: CCI=0x80001300
25-06-17 14:13:03.093 I: ST1: IDLE
25-06-17 14:13:03.094 I: C1: TypeCSrcAttached
25-06-17 14:13:03.096 [308.956512 event set 0x0000000000200000]
25-06-17 14:13:03.101 ec:~> [308.960845 event set 0x0000000000200000]
25-06-17 14:13:03.106 ec:~> [308.966705 event set 0x0000000000200000]
25-06-17 14:13:03.111 ec:~> [308.971435 event set 0x0000000000200000]
25-06-17 14:13:03.117 ec:~> [308.977935 event set 0x0000000000200000]
25-06-17 14:13:03.122 ec:~>I:  C1: SendCmdStart
25-06-17 14:13:03.125 I: C1: SendCmdWait
25-06-17 14:13:03.128 I: ST1: WRITE CMD_ACK_CC_CI
25-06-17 14:13:03.130 I: ST1: PING_STATUS
25-06-17 14:13:03.150 I: C1: CCI=0x80000000
25-06-17 14:13:03.152 I: ST1: IDLE
25-06-17 14:13:03.153 I: C1: TypeCSrcAttached
25-06-17 14:13:03.562 [309.423858 alt-base-accel ODR: 12500 INT: UNCHANGED - roundup 1 from config 1 [AP 0]: 0]
25-06-17 14:13:03.571 ec:~> [309.430541 lid-accel ODR: 10000 INT: ON - roundup 1 from config 1 [AP 0]: 0]
25-06-17 14:13:03.579 ec:~> [309.453033 alt-base-gyro ODR: 0 INT: UNCHANGED - roundup 1 from config 0 [AP 0]: 0]
25-06-17 14:13:03.599 ec:~> I: ST1: WRITE RAW:GET_PD_MESSAGE
25-06-17 14:13:04.167 I: ST1: PING_STATUS
25-06-17 14:13:04.184 E: C1: Ping Status Error
25-06-17 14:13:04.186 I: C1: CCI=0xc0000000
25-06-17 14:13:04.189 I: ST1: IDLE
25-06-17 14:13:04.190 E: Error with UCSI command 0x15. Return was -5
25-06-17 14:13:04.194 [310.060852 event set 0x0000000000200000]
25-06-17 14:13:04.199 ec:~> [310.067535 event set 0x0000000000200000]
25-06-17 14:13:04.206 ec:~>E: Invalid conn= 0
25-06-17 14:13:04.208 E: Error with UCSI command 0x13. Return was -34
25-06-17 14:13:04.213 [310.078613 event set 0x0000000000200000]
25-06-17 14:13:04.217 ec:~> [310.085845 event set 0x0000000000200000]
25-06-17 14:13:04.223 ec:~> I: ST1: WRITE RAW:GET_CONNECTOR_CAPABILITY
25-06-17 14:13:04.229 I: ST1: PING_STATUS
25-06-17 14:13:04.244 [310.110809 Battery 91% (Display 91.6 %) / 0h:29 to full]
25-06-17 14:13:04.250 ec:~>I: ST 1: READ
25-06-17 14:13:04.252 I: C1: CCI=0x80000400
25-06-17 14:13:04.255 I: ST1: IDLE
25-06-17 14:13:04.255 [310.122406 event set 0x0000000000200000]
25-06-17 14:13:04.260 ec:~> [310.129882 event set 0x0000000000200000]
25-06-17 14:13:04.267 ec:~> [310.135589 event set 0x0000000000200000]
25-06-17 14:13:04.273 ec:~> [310.144195 event set 0x0000000000200000]
25-06-17 14:13:04.281 ec:~> [318.360687 alt-base-gyro ODR: 0 INT: UNCHANGED - roundup 1 from config 0 [AP 0]: 0]
25-06-17 14:13:12.450 ec:~> [319.094482 Battery 91% (Display 91.7 %) / 0h:29 to full]
25-06-17 14:13:13.176 ec:~> [328.103637 Battery 91% (Display 91.8 %) / 0h:29 to full]
25-06-17 14:13:22.128 ec:~> [335.110809 Battery 91% (Display 91.9 %) / 0h:29 to full]
25-06-17 14:13:29.090 ec:~> [345.371307 Battery 91% (Display 92.0 %) / 0h:29 to full]
25-06-17 14:13:39.286 ec:~> [352.377441 Battery 91% (Display 92.1 %) / 0h:29 to full]
25-06-17 14:13:46.248 ec:~> [357.380676 Battery 92% (Display 92.1 %) / 0h:29 to full]
25-06-17 14:13:51.220 ec:~> [362.386779 Battery 92% (Display 92.2 %) / 0h:29 to full]
25-06-17 14:13:56.194 ec:~> [369.393981 Battery 92% (Display 92.3 %) / 0h:28 to full]
25-06-17 14:14:03.156 ec:~> [379.653625 Battery 92% (Display 92.4 %) / 0h:28 to full]
25-06-17 14:14:13.350 ec:~> [389.660888 Battery 92% (Display 92.5 %) / 0h:28 to full]
25-06-17 14:14:23.294 ec:~> [397.669677 Battery 92% (Display 92.6 %) / 0h:27 to full]
25-06-17 14:14:31.252 ec:~> [407.679199 Battery 92% (Display 92.7 %) / 0h:27 to full]
25-06-17 14:14:41.198 ec:~> [415.936309 Battery 92% (Display 92.8 %) / 0h:27 to full]
25-06-17 14:14:49.402 ec:~> hibbserhib[425.948059 Battery 92% (Display 92.9 %) / 0h:27 to full]
25-06-17 14:14:59.351 ec:~> hibernate 
25-06-17 14:15:00.715 Hibernating until wake pin asserted.
25-06-17 14:15:00.717 [427.326904 AC on, skip hibernate]
25-06-17 14:15:00.720 ec:~> I: C0: IRQ
25-06-17 14:15:03.839 I: C0: CCI=0x10002
25-06-17 14:15:03.840 I: C0: SendCmdStart
25-06-17 14:15:03.841 I: C0: SendCmdWait
25-06-17 14:15:03.842 I: C0: IRQ
25-06-17 14:15:03.843 I: C0: CCI=0x10002
25-06-17 14:15:03.845 I: ST0: WRITE GET_CONNECTOR_STATUS
25-06-17 14:15:03.848 I: ST0: PING_STATUS
25-06-17 14:15:03.857 [430.488952 AC off]
25-06-17 14:15:03.861 ec:~> [430.493072 event set 0x0000000000000010]
25-06-17 14:15:03.867 ec:~> I: ST0: READ
25-06-17 14:15:03.869 I: C0: CCI=0x80001300
25-06-17 14:15:03.872 I: ST0: IDLE
25-06-17 14:15:03.873 I: C0: Unattached
25-06-17 14:15:03.875 I: C0 attached: Unattached
25-06-17 14:15:03.877 [430.509613 event set 0x0000000000200000]
25-06-17 14:15:03.882 ec:~>I : pdc[430.517120 even_t set 0x00000000p00200000]
25-06-17 14:15:03.890 ec:~>o wer_mgmt_set_act[430.525970 evenit set 0x00000000v00200000]
25-06-17 14:15:03.899 ec:~>e _charge_port: charge_port=[430.534881 evenIt set 0x00000000: C00400000]
25-06-17 14:15:03.907 ec:~>0 : SendCmdStart
25-06-17 14:15:03.910 I: C0: SendCmdWait
25-06-17 14:15:03.912 I: ST0: WRITE GET_CONNECTOR_STATUS
25-06-17 14:15:03.915 I: ST0: PING_STATUS
25-06-17 14:15:03.916 -1
25-06-17 14:15:03.918 [430.550964 CL: p-1 s-1 i512 v0]
25-06-17 14:15:03.924 ec:~> [430.552124 Battery 92% (Display 92.9 %) / 0h:27 to full]
25-06-17 14:15:03.930 ec:~> [430.554931 event set 0x0000000000200000]
25-06-17 14:15:03.934 ec:~> I: ST0: READ
25-06-17 14:15:03.936 I: C0: CCI=0x80001300
25-06-17 14:15:03.939 I: ST0: IDLE
25-06-17 14:15:03.940 I: C0: Unattached
25-06-17 14:15:03.967 I: C0: SendCmdStart
25-06-17 14:15:03.968 I: C0: SendCmdWait
25-06-17 14:15:03.971 I: ST0: WRITE CMD_ACK_CC_CI
25-06-17 14:15:03.973 I: ST0: PING_STATUS
25-06-17 14:15:03.993 I: C0: CCI=0x80000000
25-06-17 14:15:03.996 I: ST0: IDLE
25-06-17 14:15:03.997 I: C0: Unattached
25-06-17 14:15:03.998 I: C0: SendCmdStart
25-06-17 14:15:04.001 I: C0: sink_path_to_send=0, chg_mgr_active_charge_port=-1
25-06-17 14:15:04.007 I: C0: SendCmdWait
25-06-17 14:15:04.009 I: ST0: WRITE SET_SINK_PATH
25-06-17 14:15:04.011 I: ST0: PING_STATUS
25-06-17 14:15:04.030 I: C0: CCI=0x80000000
25-06-17 14:15:04.032 I: ST0: IDLE
25-06-17 14:15:04.034 I: C0: Unattached
25-06-17 14:15:04.036 I: C0: SendCmdStart
25-06-17 14:15:04.038 I: C0: SendCmdWait
25-06-17 14:15:04.040 [430.672332 evenI: STt set 0x000000000: 00200000]
25-06-17 14:15:04.045 ec:~>WRITE  GET_CONNECTOR_STATUS
25-06-17 14:15:04.048 I: ST0: PING_STATUS
25-06-17 14:15:04.054 [430.687469 event set 0x0000000000200000]
25-06-17 14:15:04.058 ec:~> [430.697296 event set 0x0000000000200000]
25-06-17 14:15:04.068 ec:~>I: ST 0: READ
25-06-17 14:15:04.071 I: C0: CCI=0x80001300
25-06-17 14:15:04.073 I: ST0: IDLE
25-06-17 14:15:04.074 I: C0: Unattached
25-06-17 14:15:04.101 I: C0: SendCmdStart
25-06-17 14:15:04.103 I: C0: SendCmdWait
25-06-17 14:15:04.104 I: ST0: WRITE SET_DRP_MODE
25-06-17 14:15:04.107 I: ST0: PING_STATUS
25-06-17 14:15:04.127 I: C0: CCI=0x80000000
25-06-17 14:15:04.130 I: ST0: IDLE
25-06-17 14:15:04.131 I: C0: Unattached
25-06-17 14:15:04.133 I: C0: SendCmdStart
25-06-17 14:15:04.135 I: C0: SendCmdWait
25-06-17 14:15:04.137 I: C0: IRQ
25-06-17 14:15:04.138 I: C0: CCI=0x10002
25-06-17 14:15:04.140 I: ST0: WRITE SET_CCOM
25-06-17 14:15:04.142 I: ST0: PING_STATUS
25-06-17 14:15:04.162 I: C0: CCI=0x80000000
25-06-17 14:15:04.164 I: ST0: IDLE
25-06-17 14:15:04.165 I: C0: Unattached
25-06-17 14:15:04.192 I: C0: SendCmdStart
25-06-17 14:15:04.193 I: C0: SendCmdWait
25-06-17 14:15:04.195 I: ST0: WRITE GET_CONNECTOR_STATUS
25-06-17 14:15:04.198 I: ST0: PING_STATUS
25-06-17 14:15:04.219 I: ST0: READ
25-06-17 14:15:04.221 I: C0: CCI=0x80001300
25-06-17 14:15:04.223 I: ST0: IDLE
25-06-17 14:15:04.224 I: C0: Unattached
25-06-17 14:15:04.226 [430.860687 event set 0x0000000000200000]
25-06-17 14:15:04.231 ec:~> [430.866119 event set 0x0000000000200000]
25-06-17 14:15:04.236 ec:~> [430.872985 event set 0x0000000000200000]
25-06-17 14:15:04.243 ec:~> I: C0: SendCmdStart
25-06-17 14:15:04.253 I: C0: SendCmdWait
25-06-17 14:15:04.255 I: ST0: WRITE CMD_ACK_CC_CI
25-06-17 14:15:04.258 I: ST0: PING_STATUS
25-06-17 14:15:04.278 I: C0: CCI=0x80000000
25-06-17 14:15:04.280 I: ST0: IDLE
25-06-17 14:15:04.281 I: C0: Unattached
25-06-17 14:15:04.283 I: C0: SendCmdStart
25-06-17 14:15:04.286 I: C0: SendCmdWait
25-06-17 14:15:04.288 I: ST0: WRITE SET_DRP_MODE
25-06-17 14:15:04.291 I: ST0: PING_STATUS
25-06-17 14:15:04.309 I: C0: CCI=0x80000000
25-06-17 14:15:04.312 I: ST0: IDLE
25-06-17 14:15:04.313 I: C0: Unattached
25-06-17 14:15:05.154 hibernate 
25-06-17 14:15:07.148 Hibernating until wake pin asserted.
25-06-17 14:15:07.151 [433.80023I: PD:S0->S3
25-06-17 14:15:07.153 1 chipset_force_shutdown: 0x8006![433.808105 USB port p0 0]
25-06-17 14:15:07.159 ]
25-06-17 14:15:07.159 [433.800964 power state 8 = S0->S3, in 0x0010]
25-06-17 14:15:07.164 [433.801818 Motion pre-suspend; loops 11090; last 9 ms ago; a=0x7, s=0x333]
25-06-17 14:15:07.171 [433.805480 power state 3 = S3, in 0x0010]
25-06-17 14:15:07.175 [433.806182 power state 9 = S3->S5, in 0x0010]
25-06-17 14:15:07.180 [433.807067 Set ec_ap_sys_rst_odl: 0]
25-06-17 14:15:07.183 [433.810974 Motion pre-shutdown; loops 11090; last 19 ms ago; a=0x7, s=0x333]
25-06-17 14:15:07.189 [433.811920 Set ec_pmic_en_odl_r: 0]
25-06-17 14:15:07.191 ec:~> E: Node with matching prop not found
25-06-17 14:15:07.913 E: Node with matching prop not found
25-06-17 14:15:08.149 1 signal changes:
25-06-17 14:15:08.155 ec:~>   433.807769  +0.000000  ap_ec_sysrst_odl => 0
25-06-17 14:15:08.157 ec:~> E: Node with matching prop not found
25-06-17 14:15:08.914 E: Node with matching prop not found
25-06-17 14:15:09.414 E: Node with matching prop not found
25-06-17 14:15:09.915 E: Node with matching prop not found
25-06-17 14:15:10.415 E: Node with matching prop not found
25-06-17 14:15:10.915 E: Node with matching prop not found
25-06-17 14:15:11.416 E: Node with matching prop not found
25-06-17 14:15:11.917 E: Node with matching prop not found
25-06-17 14:15:12.418 E: Node with matching prop not found
25-06-17 14:15:12.918 E: Node with matching prop not found
25-06-17 14:15:13.418 E: Node with matching prop not found
25-06-17 14:15:13.919 E: Node with matching prop not found
25-06-17 14:15:14.419 E: Node with matching prop not found
25-06-17 14:15:14.920 E: Node with matching prop not found
25-06-17 14:15:15.420 E: Node with matching prop not found
25-06-17 14:15:15.920 E: Node with matching prop not found
25-06-17 14:15:16.075 1 signal changes:
25-06-17 14:15:16.079 ec:~>   441.784057  +0.000000  pmic_ec_resetb => 0
25-06-17 14:15:16.081 ec:~> E: Node with matching prop not found
25-06-17 14:15:16.725 [443.438262 SetI ec_pmic_en_odl_: PD:S3->S5
25-06-17 14:15:16.730 r: 1]
25-06-17 14:15:16.730 ec:~> Reboot at shutdown: 6
25-06-17 14:15:16.733 ec:~> [443.443786 Waiting 1s before hibernating...]
25-06-17 14:15:16.738 ec:~> E: Node with matching prop not found
25-06-17 14:15:17.422 E: Node with matching prop not found
25-06-17 14:15:17.725 [444.445098 system hibernating]
25-06-17 14:15:17.730 ec:~> ![0.012359 CBI Reading board info]
25-06-17 14:15:17.894 I: Querying USB-C port config
25-06-17 14:15:17.896 I: Port C0: using driver rts54-pdc@66
25-06-17 14:15:17.899 I: Port C1: using driver rts54-pdc@67
25-06-17 14:15:17.902 I: Final USB-C count: 2
25-06-17 14:15:17.905 I: ST0: INIT
25-06-17 14:15:17.907 I: C0: Realtek RTS545x PDC DRIVER
25-06-17 14:15:17.910 I: C0: PDC Init
25-06-17 14:15:17.911 I: C0: pdc_power_mgmt_set_dual_role: set role to 3
25-06-17 14:15:17.916 I: C0: Setting AP power state to S5
25-06-17 14:15:17.919 I: ST1: INIT
25-06-17 14:15:17.921 I: C1: Realtek RTS545x PDC DRIVER
25-06-17 14:15:17.924 I: C1: PDC Init
25-06-17 14:15:17.926 I: C1: pdc_power_mgmt_set_dual_role: set role to 3
25-06-17 14:15:17.931 I: C1: Setting AP power state to S5
25-06-17 14:15:17.935 I: PPM driver found 2 USB-C ports
25-06-17 14:15:17.938 *** Booting Zephyr OS build 4.1.99 ***
25-06-17 14:15:17.941 !
25-06-17 14:15:17.942 !
25-06-17 14:15:17.942 --- UART initialized after reboot ---
25-06-17 14:15:17.946 ![Image: RO, anakin-0.0.0-43a8380 2025-06-17 11:00:14 wjh@wjh]
25-06-17 14:15:17.951 ![Reset cause: !hibernate!]
25-06-17 14:15:17.954 ![0.075439 KB Custom=1 Keypad=1 Vivaldi=0]
25-06-17 14:15:17.958 ![0.079315 KB WARN: Debounce durations not equal]
25-06-17 14:15:17.962 ![0.086242 init buttons]
25-06-17 14:15:17.965 ![0.088745 boot buttons: 0x0]
25-06-17 14:15:17.967 ![0.091430 VB Main]
25-06-17 14:15:17.969 ![0.093292 VB Ping Cr50]
25-06-17 14:15:17.972 
25-06-17 14:15:17.972 ec:~> [0.097198 hash start 0x00060000 0x0003dfc8]
25-06-17 14:15:17.978 ec:~> [0.216461 hash done 82660dd355f8faf6932dd24b276326dcceb5aa93b194f0a353e3ed06f552f8e7]
25-06-17 14:15:18.100 ec:~> [0.218017 VB Verifying hash]
25-06-17 14:15:18.104 ec:~> μμμμμμμμμμμμμμμμμμμμμμμμμμμμμμμμEC® ‚fΣUψϊφ“-ÒK'c&άΞµª“±”π£SγνυRψη
25-06-17 14:15:18.114 ec:~> [0.239135 VB Received 0xec07]
25-06-17 14:15:18.118 eI: Replacing "c:~> [0.2base-accel" for "40295 VB Hash mialt-base-accel" based on SSFC
25-06-17 14:15:18.127 smatch]
25-06-17 14:15:18.128 ec:~> : Replacing "[6D[0.240936 base-gyro" for "VB Enable USB-PDalt-base-gyro" based on SSFC
25-06-17 14:15:18.136 ]
25-06-17 14:15:18.137 ec:~> [0.241729 VB Exit]
25-06-17 14:15:18.140 ec:~> [0.261566 SBS battery supports pec: 1]
25-06-17 14:15:18.145 ec:~> [0.268310 BCFG Battery says AS3GXXD3KB,B140435]
25-06-17 14:15:18.151 ec:~> [0.269561 BCFG Config not found in FW]
25-06-17 14:15:18.157 ec:~> [0.270324 BCFG Config not found in CBI]
25-06-17 14:15:18.162 ec:~> [0.271209 BCFG Fall back to config_fw[0]]
25-06-17 14:15:18.166 ec:~> [0.272766 SBS Wait for battery stabilized during 1000000]
25-06-17 14:15:18.173 ec:~> [0.275390 SBS battery responded with status c0]
25-06-17 14:15:18.175 ec:~> [0.303283 SW 0x01]
25-06-17 14:15:18.181 ec:~> [0.322143 Sustainer disabled]
25-06-17 14:15:18.201 ec:~> [0.323242 event set 0x00000000000020I: ST00]
25-06-17 14:15:18.206 ec:~> : [J[0.324066 hostWRITE cmd init 0x00000VENDOR_ENABLE
25-06-17 14:15:18.212 00000002000]
25-06-17 14:15:18.213 ecI: ST:~> [0.3215042 Motion pre-: shutdown; loops WRITE 0; last 325 ms aVENDOR_ENABLE
25-06-17 14:15:18.222 go; a=0x7, s=0x0I: ST]
25-06-17 14:15:18.225 ec:~> 0: [0.326934 mkbp sPING_STATUS
25-06-17 14:15:18.230 witches: 1]
25-06-17 14:15:18.231 ec:I: Initialized PPM num_ports=~> [0.3272
25-06-17 14:15:18.236 941 Inits done]
25-06-17 14:15:18.238 ec:~> [0I: ST.357543 event se1t 0x000000000020: 0000]
25-06-17 14:15:18.244 ec:~> PING_STATUS
25-06-17 14:15:18.247 [0.358703 KB init state:ec:~>  --ec:~>  --ec:~>  --ec:~>  --ec:~>  --ec:~>  --ec:~>  --ec:~> : ST[6D --ec:~> : [6D --ec:~> NIT
25-06-17 14:15:18.265 [6D --ec:~>  --ec:~>  --ec:~> : ST[6D --ec:~> : [6D --ec:~> NI[6D --ec:~> 
25-06-17 14:15:18.275 [6D]
25-06-17 14:15:18.276 ec:~> [0.375152 power state 0 = G3, in 0x0027]
25-06-17 14:15:18.280 ec:~> [0.376190 power state 5 = G3->S5, in 0x0027]
25-06-17 14:15:18.287 ec:~> [0.38650I: ST5 power state 1 1: = S5, in 0x0037]WRITE 
25-06-17 14:15:18.293 ec:~> [GET_IC_STATUS
25-06-17 14:15:18.295 0.393798 power sItate 6 = S5->S3,: ST in 0x0037]
25-06-17 14:15:18.299 ec:1: ~> [0.395P050 Set ec_pmic_ING_STATUS
25-06-17 14:15:18.301 en_odl_r: 1]
25-06-17 14:15:18.302 ecI:~> : ST0: WRITE GET_IC_STATUS
25-06-17 14:15:18.303 I: ST0: PING_STATUS
25-06-17 14:15:18.307 I: ST1: READ
25-06-17 14:15:18.309 I: C1: Realtek: FW Version: 1.71.1 (GOOG0C00)
25-06-17 14:15:18.315 I: C1: Realtek: PD Version: 262, Rev 769
25-06-17 14:15:18.319 I: ST1: INIT
25-06-17 14:15:18.320 I: ST0: READ
25-06-17 14:15:18.322 [0.445159 BatterI: Cy presence chang0ed: -1->1 0x0->0: Realtek: FW Version: x2]
25-06-17 14:15:18.331 1.71.1 (GOOG0C00)
25-06-17 14:15:18.333 I: C0: Realtek: PD Version: 262, Rev 769
25-06-17 14:15:18.337 I: ST0: INIT
25-06-17 14:15:18.339 ec:~> [0.447418 Set ec_pmic_en_odl_r: I0]
25-06-17 14:15:18.346 ec:~> J[0.462738 Batte ry now present]ST
25-06-17 14:15:18.350 ec:~> 1: WRITE SET_NOTIFICATION_ENABLE
25-06-17 14:15:18.351 I: ST1: PING_STATUS
25-06-17 14:15:18.352 [0.478424 BCFG Battery says AS3GI: STXXD3KB,B140435]0: 
25-06-17 14:15:18.359 ec:~> [0WRITE .479614 BCFG ConSfig not found inET_NOTIFICATION_ENABLE
25-06-17 14:15:18.366  FW]
25-06-17 14:15:18.367 ec:~> I: ST[0.480377 BCF0: G Config not fouPING_STATUS
25-06-17 14:15:18.374 nd in CBI]
25-06-17 14:15:18.375 ec:~I: ST> [0.48121: 62 BCFG Fall bacINIT
25-06-17 14:15:18.379 k to config_fw[0]]
25-06-17 14:15:18.379 ec:~> I: ST0: INIT
25-06-17 14:15:18.387 [0.513397 Set ec_pmic_en_odl_r: 1]
25-06-17 14:15:18.391 ec:~> [0.514556 Set ec_ap_sys_rst_odl: 1]
25-06-17 14:15:18.396 ec:~> I: ST1: WRITE PPM_RESET
25-06-17 14:15:18.398 I: ST1: PING_STATUS
25-06-17 14:15:18.407 I: ST0: WRITE PPM_RESET
25-06-17 14:15:18.409 I: ST0: PING_STATUS
25-06-17 14:15:18.419 I: ST1: INIT
25-06-17 14:15:18.429 I: ST0: INIT
25-06-17 14:15:18.436 E: Node with matching prop not found
25-06-17 14:15:18.440 I: ST1: IDLE
25-06-17 14:15:18.451 I: ST0: IDLE
25-06-17 14:15:18.465 I: C0: PDC Subsystem Started
25-06-17 14:15:18.468 I: C0: SendCmdStart
25-06-17 14:15:18.470 I: C0: SendCmdWait
25-06-17 14:15:18.472 I: C1: PDC Subsystem Started
25-06-17 14:15:18.475 I: C1: SendCmdStart
25-06-17 14:15:18.477 I: C1: SendCmdWait
25-06-17 14:15:18.479 I: ST0: WRITE CMD_SET_PDO
25-06-17 14:15:18.481 I: ST1: WRITE CMD_SET_PDO
25-06-17 14:15:18.484 I: ST0: PING_STATUS
25-06-17 14:15:18.485 I: ST1: PING_STATUS
25-06-17 14:15:18.502 I: PD:I: C0: CCI=0x80000000
25-06-17 14:15:18.505 I: ST0: IDLE
25-06-17 14:15:18.507 I: C0: PDC Init
25-06-17 14:15:18.508 I: C0: SendCmdStart
25-06-17 14:15:18.510 I: C0: SendCmdWait
25-06-17 14:15:18.511 I: ST0: WRITE GET_CONNECTOR_STATUS
25-06-17 14:15:18.515 I: C1: CCI=0x80000000
25-06-17 14:15:18.517 I: ST1: IDLE
25-06-17 14:15:18.518 I: C1: PDC Init
25-06-17 14:15:18.520 I: C1: SendCmdStart
25-06-17 14:15:18.522 I: C1: SendCmdWait
25-06-17 14:15:18.524 I: ST0: PING_STATUS
25-06-17 14:15:18.526 I: ST1: WRITE GET_CONNECTOR_STATUS
25-06-17 14:15:18.530 S5-I: ST1: PING_STATUS
25-06-17 14:15:18.533 >S3
25-06-17 14:15:18.534 [0.657379 Handle sleep: 0]
25-06-17 14:15:18.538 ec:~> [0.65850I: PD:S3-8 power state 3 >S0
25-06-17 14:15:18.543 = S3, in 0x0016]
25-06-17 14:15:18.545 ec:~> [0.659332 power state 7 = S3->S0,I: ST in 0x0016]
25-06-17 14:15:18.550 ec:0: ~> [0.660READ
25-06-17 14:15:18.553 522 Motion pre-rI: Cesume; loops 2; 0: CCI=0x80001300
25-06-17 14:15:18.560 last 92 ms ago; I: STa=0x7, s=0x0]
25-06-17 14:15:18.563 e0: c:~> [0.6IDLE
25-06-17 14:15:18.564 65252 power statI: Ce 4 = S0, in 0x00: 016]
25-06-17 14:15:18.568 ec:~> Unattached
25-06-17 14:15:18.570 I: ST1: READ
25-06-17 14:15:18.571 I: C1: CCI=0x80001300
25-06-17 14:15:18.573 I: ST1: IDLE
25-06-17 14:15:18.573 I: C1: TypeCSrcAttached
25-06-17 14:15:18.574 I: C1 attached: TypeCSrcAttached
25-06-17 14:15:18.577 [0.704193 lid-accel: MS Done Init type:0x0 range:4]
25-06-17 14:15:18.583 ec:~> [0.706054 SENSOR accelgyro_lsm6dsm WHO_AM_I value: 0x6a]
25-06-17 14:15:18.590 ec:~I: C> [0.70960: 86 alt-base-acceSendCmdStart
25-06-17 14:15:18.594 l: MS Done Init I: Ctype:0x0 range:20: ]
25-06-17 14:15:18.598 ec:~> SendCm[0.711059 SENSORdWait
25-06-17 14:15:18.602  accelgyro_lsm6dI: STsm WHO_AM_I valu0: e: 0x6a]
25-06-17 14:15:18.608 ec:~> WRITE [0.712738GET_CONNECTOR_STATUS
25-06-17 14:15:18.612  alt-base-gyro: IMS Done Init typ: Ce:0x1 range:11461: ]
25-06-17 14:15:18.618 ec:~> SendCmdStart
25-06-17 14:15:18.621 I: C1: SendCmdWait
25-06-17 14:15:18.623 I: ST0: PING_STATUS
25-06-17 14:15:18.625 I: ST1: WRITE GET_CONNECTOR_STATUS
25-06-17 14:15:18.626 I: ST1: PING_STATUS
25-06-17 14:15:18.628 [0.753570 lid-accel ODR: 10000 INT: ON - roundup 1 from config 1 [AP 0]: 0]
25-06-17 14:15:18.635 ec:~> [0.757232 alt-base-accel ODR: 12500 INT: UNCHANGED - rI: SToundup 1 from co0: nfig 1 [AP 0]: 0R]
25-06-17 14:15:18.645 ec:~> EAD
25-06-17 14:15:18.647 [0.760528 alt-baI: Cse-gyro ODR: 0 I0: CCI=0x80001300
25-06-17 14:15:18.652 NT: UNCHANGED - I: STroundup 0 from c0: onfig 0 [AP 0]: IDLE
25-06-17 14:15:18.658 0]
25-06-17 14:15:18.658 ec:~> I: C0: Unattached
25-06-17 14:15:18.660 I: ST1: READ
25-06-17 14:15:18.661 I: C1: CCI=0x80001300
25-06-17 14:15:18.663 I: ST1: IDLE
25-06-17 14:15:18.664 I: C1: TypeCSrcAttached
25-06-17 14:15:18.682 I: C0: SendCmdStart
25-06-17 14:15:18.684 I: C0: sink_path_to_send=0, chg_mgr_active_charge_port=-1
25-06-17 14:15:18.690 I: C0: SendCmdWait
25-06-17 14:15:18.691 I: ST0: WRITE SET_SINK_PATH
25-06-17 14:15:18.694 I: C1: SendCmdStart
25-06-17 14:15:18.697 I: C1: sink_path_to_send=0, chg_mgr_active_charge_port=-1
25-06-17 14:15:18.702 I: C1: SendCmdWait
25-06-17 14:15:18.704 I: ST0: PING_STATUS
25-06-17 14:15:18.706 I: ST1: WRITE SET_SINK_PATH
25-06-17 14:15:18.708 I: ST1: PING_STATUS
25-06-17 14:15:18.722 I: C0: CCI=0x80000000
25-06-17 14:15:18.724 I: ST0: IDLE
25-06-17 14:15:18.725 I: C0: Unattached
25-06-17 14:15:18.727 I: C0: SendCmdStart
25-06-17 14:15:18.729 I: C0: SendCmdWait
25-06-17 14:15:18.731 I: ST0: WRITE GET_CONNECTOR_STATUS
25-06-17 14:15:18.734 I: C1: CCI=0x80000000
25-06-17 14:15:18.737 I: ST1: IDLE
25-06-17 14:15:18.739 I: C1: TypeCSrcAttached
25-06-17 14:15:18.742 I: C1: SendCmdStart
25-06-17 14:15:18.743 I: C1: SendCmdWait
25-06-17 14:15:18.748 I: ST0: PING_STATUS
25-06-17 14:15:18.751 I: ST1: WRITE GET_CONNECTOR_STATUS
25-06-17 14:15:18.753 I: ST1: PING_STATUS
25-06-17 14:15:18.763 I: ST0: READ
25-06-17 14:15:18.765 I: C0: CCI=0x80001300
25-06-17 14:15:18.767 I: ST0: IDLE
25-06-17 14:15:18.769 I: C0: Unattached
25-06-17 14:15:18.771 I: ST1: READ
25-06-17 14:15:18.773 I: C1: CCI=0x80001300
25-06-17 14:15:18.777 I: ST1: IDLE
25-06-17 14:15:18.779 I: C1: TypeCSrcAttached
25-06-17 14:15:18.795 I: C0: SendCmdStart
25-06-17 14:15:18.798 I: Command (PDC_SET_AP_POWER_STATE) not implemented
25-06-17 14:15:18.804 I: C0: Unattached
25-06-17 14:15:18.828 I: C0: SendCmdStart
25-06-17 14:15:18.832 I: C0: SendCmdWait
25-06-17 14:15:18.835 I: ST0: WRITE SET_DRP_MODE
25-06-17 14:15:18.838 I: ST0: PING_STATUS
25-06-17 14:15:18.855 I: C0: CCI=0x80000000
25-06-17 14:15:18.857 I: ST0: IDLE
25-06-17 14:15:18.860 I: C0: Unattached
25-06-17 14:15:18.875 [1.004486 chargeI_manager_leave_s:afe_mode()]
25-06-17 14:15:18.880 ec: ~> pdc_power_mgmt_set_active_charge_porI: C0: SendCmdStart
25-06-17 14:15:18.891 I: C0: SendCmdWait
25-06-17 14:15:18.893 I: ST0: WRITE SET_CCOM
25-06-17 14:15:18.896 I: ST0: PING_STATUS
25-06-17 14:15:18.900 t: charge_port=-1
25-06-17 14:15:18.904 [1.025360 CL: p-1 s-1 i512 v0]
25-06-17 14:15:18.909 ec:~> [1.031066 event set 0x0000000000000080]
25-06-17 14:15:18.915 ec:~> [1.032348 event set 0x0000000000400000]
25-06-17 14:15:18.922 ec:~> [1.0I: C34942 Battery 920: CCI=0x80000000
25-06-17 14:15:18.926 % (Display 92.9 I: ST%) / 105h:18 to 0: empty]
25-06-17 14:15:18.929 ec:~> IDLE
25-06-17 14:15:18.931 I: C0: Unattached
25-06-17 14:15:18.959 [1.089202 power state 4 = S0, in 0x0010]
25-06-17 14:15:18.965 ec:~> I: C1: set current limit 3.0A
25-06-17 14:15:19.627 I: C1: SendCmdStart
25-06-17 14:15:19.630 I: C1: SendCmdWait
25-06-17 14:15:19.632 I: ST1: WRITE READ_POWER_LEVEL
25-06-17 14:15:19.636 I: ST1: PING_STATUS
25-06-17 14:15:19.654 I: C1: CCI=0x80000000
25-06-17 14:15:19.658 I: ST1: IDLE
25-06-17 14:15:19.659 I: C1: TypeCSrcAttached
25-06-17 14:15:19.661 I: C1: SendCmdStart
25-06-17 14:15:19.663 I: Command (PDC_SET_AP_POWER_STATE) not implemented
25-06-17 14:15:19.670 I: C1: TypeCSrcAttached
25-06-17 14:15:19.692 I: C1: SendCmdStart
25-06-17 14:15:19.694 I: C1: SendCmdWait
25-06-17 14:15:19.697 I: ST1: WRITE SET_TPC_RP
25-06-17 14:15:19.701 I: ST1: PING_STATUS
25-06-17 14:15:19.719 I: C1: CCI=0x80000000
25-06-17 14:15:19.722 I: ST1: IDLE
25-06-17 14:15:19.724 I: C1: TypeCSrcAttached
25-06-17 14:15:19.749 I: C1: SendCmdStart
25-06-17 14:15:19.753 I: C1: SendCmdWait
25-06-17 14:15:19.756 I: ST1: WRITE SET_CCOM
25-06-17 14:15:19.758 I: ST1: PING_STATUS
25-06-17 14:15:19.776 I: C1: CCI=0x80000000
25-06-17 14:15:19.778 I: ST1: IDLE
25-06-17 14:15:19.780 I: C1: TypeCSrcAttached
25-06-17 14:15:19.784 I: C1: IRQ
25-06-17 14:15:19.786 I: C1: CCI=0x10004
25-06-17 14:15:19.789 I: C1: SendCmdStart
25-06-17 14:15:19.793 I: C1: SendCmdWait
25-06-17 14:15:19.794 I: ST1: WRITE GET_CONNECTOR_STATUS
25-06-17 14:15:19.796 I: ST1: PING_STATUS
25-06-17 14:15:19.811 I: ST1: READ
25-06-17 14:15:19.814 I: C1: CCI=0x80001300
25-06-17 14:15:19.817 I: ST1: IDLE
25-06-17 14:15:19.819 I: C1: Unattached
25-06-17 14:15:19.822 I: C1 attached: Unattached
25-06-17 14:15:19.825 I: C1: set current limit 1.5A
25-06-17 14:15:19.848 I: C1: SendCmdStart
25-06-17 14:15:19.851 I: C1: SendCmdWait
25-06-17 14:15:19.854 I: ST1: WRITE CMD_ACK_CC_CI
25-06-17 14:15:19.858 I: ST1: PING_STATUS
25-06-17 14:15:19.875 I: C1: CCI=0x80000000
25-06-17 14:15:19.878 I: ST1: IDLE
25-06-17 14:15:19.879 I: C1: Unattached
25-06-17 14:15:19.881 I: C1: SendCmdStart
25-06-17 14:15:19.884 I: C1: sink_path_to_send=0, chg_mgr_active_charge_port=-1
25-06-17 14:15:19.890 I: C1: SendCmdWait
25-06-17 14:15:19.892 I: ST1: WRITE SET_SINK_PATH
25-06-17 14:15:19.894 I: ST1: PING_STATUS
25-06-17 14:15:19.896 [2.032531 MKBP not cleared within threshold, toggling.]
25-06-17 14:15:19.902 ec:~> I: C1: CCI=0x80000000
25-06-17 14:15:19.915 I: ST1: IDLE
25-06-17 14:15:19.917 I: C1: Unattached
25-06-17 14:15:19.918 I: C1: SendCmdStart
25-06-17 14:15:19.919 I: C1: SendCmdWait
25-06-17 14:15:19.921 I: ST1: WRITE GET_CONNECTOR_STATUS
25-06-17 14:15:19.925 I: ST1: PING_STATUS
25-06-17 14:15:19.944 I: ST1: READ
25-06-17 14:15:19.946 I: C1: CCI=0x80001300
25-06-17 14:15:19.949 I: ST1: IDLE
25-06-17 14:15:19.951 I: C1: Unattached
25-06-17 14:15:19.953 4 signal changes:
25-06-17 14:15:19.956 ec:~>   0.386016  +0.000000  pg_pp3700_s5_od => 1
25-06-17 14:15:19.962 ec:~>   0.628326  +0.242310  ap_ec_sysrst_odl => 1
25-06-17 14:15:19.969 ec:~>   0.628631  +0.000305  pmic_ec_resetb => 1
25-06-17 14:15:19.976 ec:~>   1.088897  +0.460266  ap_in_sleep_l => 1
25-06-17 14:15:19.982 ec:~> I: C1: SendCmdStart
25-06-17 14:15:19.987 I: C1: SendCmdWait
25-06-17 14:15:19.989 I: ST1: WRITE SET_DRP_MODE
25-06-17 14:15:19.990 I: ST1: PING_STATUS
25-06-17 14:15:20.002 I: C1: CCI=0x80000000
25-06-17 14:15:20.006 I: ST1: IDLE
25-06-17 14:15:20.008 I: C1: Unattached
25-06-17 14:15:20.011 I: C1: SendCmdStart
25-06-17 14:15:20.013 I: C1: SendCmdWait
25-06-17 14:15:20.015 I: ST1: WRITE SET_CCOM
25-06-17 14:15:20.018 I: ST1: PING_STATUS
25-06-17 14:15:20.033 I: C1: CCI=0x80000000
25-06-17 14:15:20.037 I: ST1: IDLE
25-06-17 14:15:20.039 I: C1: Unattached
25-06-17 14:15:20.063 I: C1: SendCmdStart
25-06-17 14:15:20.065 I: C1: SendCmdWait
25-06-17 14:15:20.068 I: ST1: WRITE SET_TPC_RP
25-06-17 14:15:20.071 I: ST1: PING_STATUS
25-06-17 14:15:20.090 I: C1: CCI=0x80000000
25-06-17 14:15:20.092 I: ST1: IDLE
25-06-17 14:15:20.094 I: C1: Unattached
25-06-17 14:15:20.098 I: C1: IRQ
25-06-17 14:15:20.099 I: C1: CCI=0x10004
25-06-17 14:15:20.102 I: C1: SendCmdStart
25-06-17 14:15:20.105 I: C1: SendCmdWait
25-06-17 14:15:20.107 I: ST1: WRITE GET_CONNECTOR_STATUS
25-06-17 14:15:20.110 I: ST1: PING_STATUS
25-06-17 14:15:20.125 I: ST1: READ
25-06-17 14:15:20.127 I: C1: CCI=0x80001300
25-06-17 14:15:20.131 I: ST1: IDLE
25-06-17 14:15:20.133 I: C1: Unattached
25-06-17 14:15:20.157 I: C1: SendCmdStart
25-06-17 14:15:20.162 I: C1: SendCmdWait
25-06-17 14:15:20.164 I: ST1: WRITE CMD_ACK_CC_CI
25-06-17 14:15:20.167 I: ST1: PING_STATUS
25-06-17 14:15:20.183 I: C1: CCI=0x80000000
25-06-17 14:15:20.187 I: ST1: IDLE
25-06-17 14:15:20.188 I: C1: Unattached
25-06-17 14:15:20.191 I: C1: SendCmdStart
25-06-17 14:15:20.195 I: C1: SendCmdWait
25-06-17 14:15:20.197 I: ST1: WRITE SET_CCOM
25-06-17 14:15:20.200 I: ST1: PING_STATUS
25-06-17 14:15:20.215 I: C1: CCI=0x80000000
25-06-17 14:15:20.218 I: ST1: IDLE
25-06-17 14:15:20.220 I: C1: Unattached
25-06-17 14:15:20.224 I: C1: IRQ
25-06-17 14:15:20.226 I: C1: CCI=0x10004
25-06-17 14:15:20.228 I: C1: SendCmdStart
25-06-17 14:15:20.232 I: C1: SendCmdWait
25-06-17 14:15:20.234 I: ST1: WRITE GET_CONNECTOR_STATUS
25-06-17 14:15:20.237 I: ST1: PING_STATUS
25-06-17 14:15:20.250 I: ST1: READ
25-06-17 14:15:20.252 I: C1: CCI=0x80001300
25-06-17 14:15:20.256 I: ST1: IDLE
25-06-17 14:15:20.257 I: C1: Unattached
25-06-17 14:15:20.282 I: C1: SendCmdStart
25-06-17 14:15:20.285 I: C1: SendCmdWait
25-06-17 14:15:20.288 I: ST1: WRITE CMD_ACK_CC_CI
25-06-17 14:15:20.291 I: ST1: PING_STATUS
25-06-17 14:15:20.308 I: C1: CCI=0x80000000
25-06-17 14:15:20.313 I: ST1: IDLE
25-06-17 14:15:20.316 I: C1: Unattached
25-06-17 14:15:20.319 I: C1: SendCmdStart
25-06-17 14:15:20.321 I: C1: SendCmdWait
25-06-17 14:15:20.323 I: ST1: WRITE CMD_SET_PDO
25-06-17 14:15:20.326 I: ST1: PING_STATUS
25-06-17 14:15:20.340 I: C1: CCI=0x80000000
25-06-17 14:15:20.343 I: ST1: IDLE
25-06-17 14:15:20.345 I: C1: Unattached
25-06-17 14:15:20.348 I: C1: SendCmdStart
25-06-17 14:15:20.350 I: C1: SendCmdWait
25-06-17 14:15:20.352 I: ST1: WRITE GET_CONNECTOR_STATUS
25-06-17 14:15:20.358 I: ST1: PING_STATUS
25-06-17 14:15:20.372 I: ST1: READ
25-06-17 14:15:20.374 I: C1: CCI=0x80001300
25-06-17 14:15:20.377 I: ST1: IDLE
25-06-17 14:15:20.379 I: C1: Unattached
25-06-17 14:15:20.522 I: PD: AP is ON: apply 'startup' followed by 'resume'
25-06-17 14:15:20.528 I: C0: pdc_power_mgmt_set_dual_role: set role to 1
25-06-17 14:15:20.535 I: C0: Setting AP power state to S0
25-06-17 14:15:20.543 I: C0: pdc_power_mgmt_set_dual_role: set role to 3
25-06-17 14:15:20.551 I: C1: pdc_power_mgmt_set_dual_role: set role to 1
25-06-17 14:15:20.557 I: C1: Setting AP power state to S0
25-06-17 14:15:20.560 I: C1: pdc_power_mgmt_set_dual_rI: C0: SendCmdStart
25-06-17 14:15:20.565 I: Command (PDC_SET_AP_POWER_STATE) not implemented
25-06-17 14:15:20.570 I: C0: Unattached
25-06-17 14:15:20.571 I: C1: SendCmdStart
25-06-17 14:15:20.573 I: Command (PDC_SET_AP_POWER_STATE) not implemented
25-06-17 14:15:20.578 I: C1: Unattached
25-06-17 14:15:20.580 ole: set role to 3
25-06-17 14:15:20.582 I: C0: SendCmdStart
25-06-17 14:15:20.586 I: C0: SendCmdWait
25-06-17 14:15:20.588 I: ST0: WRITE SET_DRP_MODE
25-06-17 14:15:20.592 I: ST0: PING_STATUS
25-06-17 14:15:20.594 I: C1: SendCmdStart
25-06-17 14:15:20.597 I: C1: SendCmdWait
25-06-17 14:15:20.599 I: ST1: WRITE SET_DRP_MODE
25-06-17 14:15:20.601 I: ST1: PING_STATUS
25-06-17 14:15:20.609 I: C0: CCI=0x10000000
25-06-17 14:15:20.617 I: C1: CCI=0x80000000
25-06-17 14:15:20.619 I: ST1: IDLE
25-06-17 14:15:20.621 I: C1: Unattached
25-06-17 14:15:20.631 I: C0: CCI=0x80000000
25-06-17 14:15:20.634 I: ST0: IDLE
25-06-17 14:15:20.637 I: C0: Unattached
25-06-17 14:15:20.647 I: C1: SendCmdStart
25-06-17 14:15:20.649 I: C1: SendCmdWait
25-06-17 14:15:20.652 I: ST1: WRITE SET_CCOM
25-06-17 14:15:20.655 I: ST1: PING_STATUS
25-06-17 14:15:20.661 I: C0: SendCmdStart
25-06-17 14:15:20.663 I: C0: SendCmdWait
25-06-17 14:15:20.665 I: ST0: WRITE SET_CCOM
25-06-17 14:15:20.669 I: ST0: PING_STATUS
25-06-17 14:15:20.673 I: C1: CCI=0x80000000
25-06-17 14:15:20.677 I: ST1: IDLE
25-06-17 14:15:20.679 I: C1: Unattached
25-06-17 14:15:20.687 I: C0: CCI=0x80000000
25-06-17 14:15:20.691 I: ST0: IDLE
25-06-17 14:15:20.692 I: C0: Unattached
25-06-17 14:15:20.893 [3.034271 MKBP: The AP is failing to respond despite being powered on.]
25-06-17 14:15:20.901 ec:~> ![12.612213 USB port p0 4]
25-06-17 14:15:30.412 I: C0: pdc_power_mgmt_set_dual_role: set role to 0
25-06-17 14:15:30.417 I: C1: pdc_power_mgmt_set_dual_role: set role to 0
25-06-17 14:15:30.424 I: C0: SendCmdStart
25-06-17 14:15:30.427 I: C0: SendCmdWait
25-06-17 14:15:30.429 I: ST0: WRITE SET_CCOM
25-06-17 14:15:30.432 I: C1: SendCmdStart
25-06-17 14:15:30.434 I: C1: SendCmdWait
25-06-17 14:15:30.436 I: ST0: PING_STATUS
25-06-17 14:15:30.436 I: ST1: WRITE SET_CCOM
25-06-17 14:15:30.437 I: ST1: PING_STATUS
25-06-17 14:15:30.450 I: C0: CCI=0x10000000
25-06-17 14:15:30.454 I: C1: CCI=0x10000000
25-06-17 14:15:30.472 I: C0: CCI=0x80000000
25-06-17 14:15:30.475 I: ST0: IDLE
25-06-17 14:15:30.476 I: C0: Unattached
25-06-17 14:15:30.478 I: C1: CCI=0x80000000
25-06-17 14:15:30.480 I: ST1: IDLE
25-06-17 14:15:30.482 I: C1: Unattached
25-06-17 14:15:30.502 I: C0: SendCmdStart
25-06-17 14:15:30.505 I: C0: SendCmdWait
25-06-17 14:15:30.507 I: ST0: WRITE SET_DRP_MODE
25-06-17 14:15:30.510 I: C1: SendCmdStart
25-06-17 14:15:30.511 I: C1: SendCmdWait
25-06-17 14:15:30.514 I: ST0: PING_STATUS
25-06-17 14:15:30.516 I: ST1: WRITE SET_DRP_MODE
25-06-17 14:15:30.518 I: ST1: PING_STATUS
25-06-17 14:15:30.532 I: C0: CCI=0x80000000
25-06-17 14:15:30.534 I: ST0: IDLE
25-06-17 14:15:30.536 I: C0: Unattached
25-06-17 14:15:30.538 I: C1: CCI=0x80000000
25-06-17 14:15:30.541 I: ST1: IDLE
25-06-17 14:15:30.542 I: C1: Unattached
25-06-17 14:15:30.715 I: C1: IRQ
25-06-17 14:15:30.717 I: C1: CCI=0x10004
25-06-17 14:15:30.718 I: C1: SendCmdStart
25-06-17 14:15:30.720 I: C1: SendCmdWait
25-06-17 14:15:30.722 I: ST1: WRITE GET_CONNECTOR_STATUS
25-06-17 14:15:30.725 I: ST1: PING_STATUS
25-06-17 14:15:30.746 I: ST1: READ
25-06-17 14:15:30.747 I: C1: CCI=0x80001300
25-06-17 14:15:30.750 I: ST1: IDLE
25-06-17 14:15:30.752 I: C1: TypeCSrcAttached
25-06-17 14:15:30.754 I: C1 attached: TypeCSrcAttached
25-06-17 14:15:30.781 I: C1: SendCmdStart
25-06-17 14:15:30.783 I: C1: SendCmdWait
25-06-17 14:15:30.785 I: ST1: WRITE CMD_ACK_CC_CI
25-06-17 14:15:30.787 I: ST1: PING_STATUS
25-06-17 14:15:30.808 I: C1: CCI=0x80000000
25-06-17 14:15:30.810 I: ST1: IDLE
25-06-17 14:15:30.811 I: C1: TypeCSrcAttached
25-06-17 14:15:30.813 I: C1: SendCmdStart
25-06-17 14:15:30.815 I: C1: sink_path_to_send=0, chg_mgr_active_charge_port=-1
25-06-17 14:15:30.821 I: C1: SendCmdWait
25-06-17 14:15:30.823 I: ST1: WRITE SET_SINK_PATH
25-06-17 14:15:30.825 I: ST1: PING_STATUS
25-06-17 14:15:30.845 I: C1: CCI=0x80000000
25-06-17 14:15:30.847 I: ST1: IDLE
25-06-17 14:15:30.849 I: C1: TypeCSrcAttached
25-06-17 14:15:30.851 I: C1: SendCmdStart
25-06-17 14:15:30.854 I: C1: SendCmdWait
25-06-17 14:15:30.856 I: ST1: WRITE GET_CONNECTOR_STATUS
25-06-17 14:15:30.859 I: ST1: PING_STATUS
25-06-17 14:15:30.878 I: ST1: READ
25-06-17 14:15:30.879 I: C1: CCI=0x80001300
25-06-17 14:15:30.882 I: ST1: IDLE
25-06-17 14:15:30.883 I: C1: TypeCSrcAttached
25-06-17 14:15:31.615 AP_FW 300
25-06-17 14:15:31.617 ec:~> I: C1: set current limit 3.0A
25-06-17 14:15:31.815 I: C1: SendCmdStart
25-06-17 14:15:31.817 I: C1: SendCmdWait
25-06-17 14:15:31.818 I: ST1: WRITE READ_POWER_LEVEL
25-06-17 14:15:31.821 I: ST1: PING_STATUS
25-06-17 14:15:31.842 I: C1: CCI=0x80000000
25-06-17 14:15:31.844 I: ST1: IDLE
25-06-17 14:15:31.845 I: C1: TypeCSrcAttached
25-06-17 14:15:31.847 I: C1: SendCmdStart
25-06-17 14:15:31.849 I: C1: SendCmdWait
25-06-17 14:15:31.851 I: ST1: WRITE SET_TPC_RP
25-06-17 14:15:31.853 I: ST1: PING_STATUS
25-06-17 14:15:31.873 I: C1: CCI=0x80000000
25-06-17 14:15:31.875 I: ST1: IDLE
25-06-17 14:15:31.877 I: C1: TypeCSrcAttached
25-06-17 14:15:31.879 I: C1: IRQ
25-06-17 14:15:31.880 I: C1: CCI=0x10004
25-06-17 14:15:31.882 I: C1: SendCmdStart
25-06-17 14:15:31.884 I: C1: SendCmdWait
25-06-17 14:15:31.886 I: ST1: WRITE GET_CONNECTOR_STATUS
25-06-17 14:15:31.889 I: ST1: PING_STATUS
25-06-17 14:15:31.909 I: ST1: READ
25-06-17 14:15:31.911 I: C1: CCI=0x80001300
25-06-17 14:15:31.913 I: ST1: IDLE
25-06-17 14:15:31.914 I: C1: TypeCSrcAttached
25-06-17 14:15:31.933 I: C1: IRQ
25-06-17 14:15:31.934 I: C1: CCI=0x10004
25-06-17 14:15:31.935 I: C1: SendCmdStart
25-06-17 14:15:31.938 I: C1: SendCmdWait
25-06-17 14:15:31.939 I: ST1: WRITE GET_CONNECTOR_STATUS
25-06-17 14:15:31.942 I: ST1: PING_STATUS
25-06-17 14:15:31.963 I: ST1: READ
25-06-17 14:15:31.965 I: C1: CCI=0x80001300
25-06-17 14:15:31.967 I: ST1: IDLE
25-06-17 14:15:31.968 I: C1: TypeCSrcAttached
25-06-17 14:15:31.995 I: C1: SendCmdStart
25-06-17 14:15:31.997 I: C1: SendCmdWait
25-06-17 14:15:31.999 I: ST1: WRITE CMD_ACK_CC_CI
25-06-17 14:15:32.001 I: ST1: PING_STATUS
25-06-17 14:15:32.022 I: C1: CCI=0x80000000
25-06-17 14:15:32.024 I: ST1: IDLE
25-06-17 14:15:32.025 I: C1: TypeCSrcAttached
25-06-17 14:15:32.028 I: C1: SendCmdStart
25-06-17 14:15:32.030 I: C1: SendCmdWait
25-06-17 14:15:32.032 I: ST1: WRITE CMD_SET_PDO
25-06-17 14:15:32.034 I: ST1: PING_STATUS
25-06-17 14:15:32.054 I: C1: CCI=0x80000000
25-06-17 14:15:32.056 I: ST1: IDLE
25-06-17 14:15:32.058 I: C1: TypeCSrcAttached
25-06-17 14:15:32.060 I: C1: SendCmdStart
25-06-17 14:15:32.062 I: C1: SendCmdWait
25-06-17 14:15:32.063 I: ST1: WRITE GET_CONNECTOR_STATUS
25-06-17 14:15:32.066 I: ST1: PING_STATUS
25-06-17 14:15:32.087 I: ST1: READ
25-06-17 14:15:32.088 I: C1: CCI=0x80001300
25-06-17 14:15:32.091 I: ST1: IDLE
25-06-17 14:15:32.092 I: C1: TypeCSrcAttached
25-06-17 14:15:34.868 [17.098449 event set 0x0000000000200000]
25-06-17 14:15:34.873 ec:~> [17.114227 Handle sleep: 0]
25-06-17 14:15:34.886 ec:~> [17.132812 event set 0x0000000000200000]
25-06-17 14:15:34.906 ec:~> [17.149169 event set 0x0000000000200000]
25-06-17 14:15:34.922 ec:~> I: ST0: WRITE RAW:GET_CAPABILITY
25-06-17 14:15:34.940 I: ST0: PING_STATUS
25-06-17 14:15:34.960 I: C0: CCI=0x10000000
25-06-17 14:15:34.983 I: ST0: READ
25-06-17 14:15:34.985 I: C0: CCI=0x80001000
25-06-17 14:15:34.987 I: ST0: IDLE
25-06-17 14:15:34.989 [17.220611 event set 0x0000000000200000]
25-06-17 14:15:34.993 ec:~> [17.235229 event set 0x0000000000200000]
25-06-17 14:15:35.008 ec:~> I: ST0: WRITE RAW:GET_CONNECTOR_CAPABILITY
25-06-17 14:15:35.021 I: ST0: PING_STATUS
25-06-17 14:15:35.041 I: ST0: READ
25-06-17 14:15:35.042 I: C0: CCI=0x80000400
25-06-17 14:15:35.045 I: ST0: IDLE
25-06-17 14:15:35.046 [17.278808 event set 0x0000000000200000]
25-06-17 14:15:35.051 ec:~> [17.295074 event set 0x0000000000200000]
25-06-17 14:15:35.067 ec:~> [17.303314 event set 0x0000000000200000]
25-06-17 14:15:35.075 ec:~> [17.436279 event set 0x0000000000200000]
25-06-17 14:15:35.207 ec:~> [17.441528 event set 0x0000000000200000]
25-06-17 14:15:35.212 ec:~> [17.466339 event set 0x0000000000200000]
25-06-17 14:15:35.237 ec:~> [17.471710 event set 0x0000000000200000]
25-06-17 14:15:35.243 ec:~> I: ST0: WRITE RAW:GET_CAPABILITY
25-06-17 14:15:35.247 I: ST0: PING_STATUS
25-06-17 14:15:35.266 I: ST0: READ
25-06-17 14:15:35.268 I: C0: CCI=0x80001000
25-06-17 14:15:35.270 I: ST0: IDLE
25-06-17 14:15:35.272 [17.505706 event set 0x0000000000200000]
25-06-17 14:15:35.276 ec:~> [17.511352 event set 0x0000000000200000]
25-06-17 14:15:35.282 ec:~> I: ST0: WRITE RAW:GET_CONNECTOR_CAPABILITY
25-06-17 14:15:35.286 I: ST0: PING_STATUS
25-06-17 14:15:35.307 I: ST0: READ
25-06-17 14:15:35.308 I: C0: CCI=0x80000400
25-06-17 14:15:35.310 I: ST0: IDLE
25-06-17 14:15:35.312 [17.546020 event set 0x0000000000200000]
25-06-17 14:15:35.316 ec:~> [17.551635 event set 0x0000000000200000]
25-06-17 14:15:35.322 ec:~> [17.557434 event set 0x0000000000200000]
25-06-17 14:15:35.328 ec:~> [17.685852 event set 0x0000000000200000]
25-06-17 14:15:35.456 ec:~> [17.691131 event set 0x0000000000200000]
25-06-17 14:15:35.460 ec:~> [17.715942 event set 0x0000000000200000]
25-06-17 14:15:35.485 ec:~> [17.721282 event set 0x0000000000200000]
25-06-17 14:15:35.491 ec:~> I: ST0: WRITE RAW:GET_CAPABILITY
25-06-17 14:15:35.494 I: ST0: PING_STATUS
25-06-17 14:15:35.514 I: ST0: READ
25-06-17 14:15:35.516 I: C0: CCI=0x80001000
25-06-17 14:15:35.518 I: ST0: IDLE
25-06-17 14:15:35.519 [17.755218 event set 0x0000000000200000]
25-06-17 14:15:35.524 ec:~> [17.760742 event set 0x0000000000200000]
25-06-17 14:15:35.530 ec:~> I: ST0: WRITE RAW:GET_CONNECTOR_CAPABILITY
25-06-17 14:15:35.534 I: ST0: PING_STATUS
25-06-17 14:15:35.554 I: ST0: READ
25-06-17 14:15:35.556 I: C0: CCI=0x80000400
25-06-17 14:15:35.558 I: ST0: IDLE
25-06-17 14:15:35.559 [17.795318 event set 0x0000000000200000]
25-06-17 14:15:35.564 ec:~> [17.800750 event set 0x0000000000200000]
25-06-17 14:15:35.569 ec:~> [17.806152 event set 0x0000000000200000]
25-06-17 14:15:35.575 ec:~> [17.935333 event set 0x0000000000200000]
25-06-17 14:15:35.704 ec:~> [17.940917 event set 0x0000000000200000]
25-06-17 14:15:35.709 ec:~> [17.965545 event set 0x0000000000200000]
25-06-17 14:15:35.733 ec:~> [17.970886 event set 0x0000000000200000]
25-06-17 14:15:35.740 ec:~> I: ST0: WRITE RAW:GET_CAPABILITY
25-06-17 14:15:35.744 I: ST0: PING_STATUS
25-06-17 14:15:35.762 I: ST0: READ
25-06-17 14:15:35.764 I: C0: CCI=0x80001000
25-06-17 14:15:35.766 I: ST0: IDLE
25-06-17 14:15:35.768 [18.004852 event set 0x0000000000200000]
25-06-17 14:15:35.773 ec:~> [18.010406 event set 0x0000000000200000]
25-06-17 14:15:35.778 ec:~> I: ST0: WRITE RAW:GET_CONNECTOR_CAPABILITY
25-06-17 14:15:35.783 I: ST0: PING_STATUS
25-06-17 14:15:35.802 I: ST0: READ
25-06-17 14:15:35.804 I: C0: CCI=0x80000400
25-06-17 14:15:35.806 I: ST0: IDLE
25-06-17 14:15:35.807 [18.044982 event set 0x0000000000200000]
25-06-17 14:15:35.812 ec:~> [18.050506 event set 0x0000000000200000]
25-06-17 14:15:35.818 ec:~> [18.056213 event set 0x0000000000200000]
25-06-17 14:15:35.824 ec:~> [18.184936 event set 0x0000000000200000]
25-06-17 14:15:35.952 ec:~> [18.189727 event set 0x0000000000200000]
25-06-17 14:15:35.956 ec:~> [18.214019 event set 0x0000000000200000]
25-06-17 14:15:35.980 ec:~> [18.219482 event set 0x0000000000200000]
25-06-17 14:15:35.988 ec:~> I: ST0: WRITE RAW:GET_CAPABILITY
25-06-17 14:15:35.990 I: ST0: PING_STATUS
25-06-17 14:15:36.009 I: ST0: READ
25-06-17 14:15:36.011 I: C0: CCI=0x80001000
25-06-17 14:15:36.014 I: ST0: IDLE
25-06-17 14:15:36.015 [18.253509 event set 0x0000000000200000]
25-06-17 14:15:36.019 ec:~> [18.258941 event set 0x0000000000200000]
25-06-17 14:15:36.025 ec:~> I: ST0: WRITE RAW:GET_CONNECTOR_CAPABILITY
25-06-17 14:15:36.029 I: ST0: PING_STATUS
25-06-17 14:15:36.049 I: ST0: READ
25-06-17 14:15:36.051 I: C0: CCI=0x80000400
25-06-17 14:15:36.053 I: ST0: IDLE
25-06-17 14:15:36.054 [18.293548 event set 0x0000000000200000]
25-06-17 14:15:36.059 ec:~> [18.299011 event set 0x0000000000200000]
25-06-17 14:15:36.064 ec:~>I: ST 0: WRITE RAW:GET_PDOS
25-06-17 14:15:36.067 I: ST0: PING_STATUS
25-06-17 14:15:36.085 ![18.323974 USB port p0 0]
25-06-17 14:15:36.087 ![18.326660 USB port p0 4]
25-06-17 14:15:36.090 I: C0: pdc_power_mgmt_set_dual_role: set role to 0
25-06-17 14:15:36.094 I: C1: pdc_power_mgmt_set_dual_role: set role to 0
25-06-17 14:15:36.099 I: ST0: READ
25-06-17 14:15:36.100 I: C0: CCI=0x80000400
25-06-17 14:15:36.103 I: ST0: IDLE
25-06-17 14:15:36.104 [18.343383 eventI: C set 0x0000000000: 0200000]
25-06-17 14:15:36.109 ec:~> SendCmdStart
25-06-17 14:15:36.111 I: C0: SendCmdWait
25-06-17 14:15:36.113 I: ST0: WRITE SET_CCOM
25-06-17 14:15:36.115 I: ST0: PING_STATUS
25-06-17 14:15:36.120 [18.359466 event set 0x0000000000200000]
25-06-17 14:15:36.125 ec:~> I: C0: CCI=0x80000000
25-06-17 14:15:36.138 I: ST0: IDLE
25-06-17 14:15:36.139 I: C0: Unattached
25-06-17 14:15:36.144 I: ST0: WRITE RAW:GET_PDOS
25-06-17 14:15:36.147 I: ST0: PING_STATUS
25-06-17 14:15:36.165 I: C0: SendCmdStart
25-06-17 14:15:36.168 I: ST0: READ
25-06-17 14:15:36.169 I: C0: CCI=0x80000c00
25-06-17 14:15:36.172 I: ST0: IDLE
25-06-17 14:15:36.173 [18.412872 event set 0x0000000000200000]
25-06-17 14:15:36.178 ec:~> [18.418243 event set 0x0000000000200000]
25-06-17 14:15:36.183 ec:~> I: ST0: WRITE RAW:GET_ALTERNATE_MODES
25-06-17 14:15:36.187 I: ST0: PING_STATUS
25-06-17 14:15:36.207 I: ST0: READ
25-06-17 14:15:36.209 I: C0: CCI=0x80000600
25-06-17 14:15:36.212 I: ST0: IDLE
25-06-17 14:15:36.213 [18.452514 event set 0x0000000000200000]
25-06-17 14:15:36.217 ec:~> I: C0: SendCmdWait
25-06-17 14:15:36.220 I: ST0: WRITE SET_DRP_MODE
25-06-17 14:15:36.223 I: ST0: PING_STATUS
25-06-17 14:15:36.224 [18.464172 event set 0x0000000000200000]
25-06-17 14:15:36.228 ec:~> [18.468994 event set 0x0000000000200000]
25-06-17 14:15:36.234 ec:~> [18.474914 event set 0x0000000000200000]
25-06-17 14:15:36.240 ec:~> I: ST1: WRITE RAW:GET_CONNECTOR_CAPABILITY
25-06-17 14:15:36.244 I: ST1: PING_STATUS
25-06-17 14:15:36.246 I: C0: CCI=0x80000000
25-06-17 14:15:36.248 I: ST0: IDLE
25-06-17 14:15:36.249 I: C0: Unattached
25-06-17 14:15:36.264 I: ST1: READ
25-06-17 14:15:36.265 I: C1: CCI=0x80000400
25-06-17 14:15:36.268 I: ST1: IDLE
25-06-17 14:15:36.269 [18.509490 event set 0x0000000000200000]
25-06-17 14:15:36.274 ec:~> [18.515136 event set 0x0000000000200000]
25-06-17 14:15:36.279 ec:~> I: ST1: WRITE RAW:GET_PDOS
25-06-17 14:15:36.282 I: ST1: PING_STATUS
25-06-17 14:15:36.303 I: ST1: READ
25-06-17 14:15:36.304 I: C1: CCI=0x80000400
25-06-17 14:15:36.306 I: ST1: IDLE
25-06-17 14:15:36.308 [18.548400 event set 0x0000000000200000]
25-06-17 14:15:36.312 ec:~> [18.554138 event set 0x0000000000200000]
25-06-17 14:15:36.318 ec:~> I: ST1: WRITE RAW:GET_PDOS
25-06-17 14:15:36.321 I: ST1: PING_STATUS
25-06-17 14:15:36.341 I: ST1: READ
25-06-17 14:15:36.343 I: C1: CCI=0x80000c00
25-06-17 14:15:36.345 I: ST1: IDLE
25-06-17 14:15:36.347 [18.587524 event set 0x0000000000200000]
25-06-17 14:15:36.351 ec:~> [18.592956 event set 0x0000000000200000]
25-06-17 14:15:36.357 ec:~> I: ST1: WRITE RAW:GET_ALTERNATE_MODES
25-06-17 14:15:36.361 I: ST1: PING_STATUS
25-06-17 14:15:36.381 I: ST1: READ
25-06-17 14:15:36.382 I: C1: CCI=0x80000600
25-06-17 14:15:36.386 I: ST1: IDLE
25-06-17 14:15:36.387 [18.627288 event set 0x0000000000200000]
25-06-17 14:15:36.391 ec:~> [18.632781 event set 0x0000000000200000]
25-06-17 14:15:36.397 ec:~> [18.637451 event set 0x0000000000200000]
25-06-17 14:15:36.401 ec:~> [18.643127 event set 0x0000000000200000]
25-06-17 14:15:36.407 ec:~> I: ST1: WRITE RAW:GET_PD_MESSAGE
25-06-17 14:15:36.411 I: ST1: PING_STATUS
25-06-17 14:15:36.430 E: C1: Ping Status Error
25-06-17 14:15:36.433 I: C1: CCI=0xc0000000
25-06-17 14:15:36.435 I: ST1: IDLE
25-06-17 14:15:36.436 E: Error with UCSI command 0x15. Return was -5
25-06-17 14:15:36.440 [18.681610 event set 0x0000000000200000]
25-06-17 14:15:36.445 ec:~> [18.686706 event set 0x0000000000200000]
25-06-17 14:15:36.450 ec:~> E: Invalid conn=0
25-06-17 14:15:36.452 E: Error with UCSI command 0x13. Return was -34
25-06-17 14:15:36.456 [18.697845 event set 0x0000000000200000]
25-06-17 14:15:36.462 ec:~> [18.703186 event set 0x0000000000200000]
25-06-17 14:15:36.468 ec:~> I: ST1: WRITE RAW:GET_CABLE_PROPERTY
25-06-17 14:15:36.472 I: ST1: PING_STATUS
25-06-17 14:15:36.490 I: ST1: READ
25-06-17 14:15:36.492 I: C1: CCI=0x80000500
25-06-17 14:15:36.495 I: ST1: IDLE
25-06-17 14:15:36.497 [18.737274 event set 0x0000000000200000]
25-06-17 14:15:36.502 ec:~> [18.742767 event set 0x0000000000200000]
25-06-17 14:15:36.506 ec:~> I: ST1: WRITE RAW:GET_PD_MESSAGE
25-06-17 14:15:36.509 I: ST1: PING_STATUS
25-06-17 14:15:36.529 E: C1: Ping Status Error
25-06-17 14:15:36.532 I: C1: CCI=0xc0000000
25-06-17 14:15:36.534 I: ST1: IDLE
25-06-17 14:15:36.535 E: Error with UCSI command 0x15. Return was -5
25-06-17 14:15:36.539 [18.781280 event set 0x0000000000200000]
25-06-17 14:15:36.544 ec:~> [18.786010 event set 0x0000000000200000]
25-06-17 14:15:36.549 ec:~> E: Invalid conn=0
25-06-17 14:15:36.551 E: Error with UCSI command 0x13. Return was -34
25-06-17 14:15:36.555 [18.797027 event set 0x0000000000200000]
25-06-17 14:15:36.560 ec:~> [18.802124 event set 0x0000000000200000]
25-06-17 14:15:36.565 ec:~> [18.810211 event set 0x0000000000200000]
25-06-17 14:15:36.573 ec:~> [18.815277 event set 0x0000000000200000]
25-06-17 14:15:36.578 ec:~> I: C1: IRQ
25-06-17 14:15:38.738 I: C1: CCI=0x10004
25-06-17 14:15:38.739 I: C1: SendCmdStart
25-06-17 14:15:38.742 I: C1: SendCmdWait
25-06-17 14:15:38.744 I: ST1: WRITE GET_CONNECTOR_STATUS
25-06-17 14:15:38.746 I: ST1: PING_STATUS
25-06-17 14:15:38.766 I: ST1: READ
25-06-17 14:15:38.768 I: C1: CCI=0x80001300
25-06-17 14:15:38.770 I: ST1: IDLE
25-06-17 14:15:38.772 I: C1: TypeCSrcAttached
25-06-17 14:15:38.774 [21.030303 event set 0x0000000000200000]
25-06-17 14:15:38.778 ec:~> [21.034545 event set 0x0000000000200000]
25-06-17 14:15:38.783 ec:~> [21.040313 event set 0x0000000000200000]
25-06-17 14:15:38.788 ec:~> I: C1: SendCmdStart
25-06-17 14:15:38.801 I: C1: SendCmdWait
25-06-17 14:15:38.804 I: ST1: WRITE CMD_ACK_CC_CI
25-06-17 14:15:38.807 I: ST1: PING_STATUS
25-06-17 14:15:38.825 I: C1: CCI=0x80000000
25-06-17 14:15:38.828 I: ST1: IDLE
25-06-17 14:15:38.829 I: C1: TypeCSrcAttached
25-06-17 14:15:39.836 I: ST1: WRITE RAW:GET_PD_MESSAGE
25-06-17 14:15:39.840 I: ST1: PING_STATUS
25-06-17 14:15:39.859 E: C1: Ping Status Error
25-06-17 14:15:39.861 I: C1: CCI=0xc0000000
25-06-17 14:15:39.863 I: ST1: IDLE
25-06-17 14:15:39.864 E: Error with UCSI command 0x15. Return was -5
25-06-17 14:15:39.868 [22.131835 event set 0x0000000000200000]
25-06-17 14:15:39.873 ec:~> [22.136627 event set 0x0000000000200000]
25-06-17 14:15:39.878 ec:~> E: Invalid conn=0
25-06-17 14:15:39.880 E: Error with UCSI command 0x13. Return was -34
25-06-17 14:15:39.884 [22.147766 event set 0x0000000000200000]
25-06-17 14:15:39.889 ec:~> [22.153259 event set 0x0000000000200000]
25-06-17 14:15:39.894 ec:~> I: ST1: WRITE RAW:GET_CONNECTOR_CAPABILITY
25-06-17 14:15:39.899 I: ST1: PING_STATUS
25-06-17 14:15:39.919 I: ST1: READ
25-06-17 14:15:39.920 I: C1: CCI=0x80000400
25-06-17 14:15:39.923 I: ST1: IDLE
25-06-17 14:15:39.924 [22.187866 event set 0x0000000000200000]
25-06-17 14:15:39.929 ec:~> [22.193389 event set 0x0000000000200000]
25-06-17 14:15:39.934 ec:~> [22.198272 event set 0x0000000000200000]
25-06-17 14:15:39.939 ec:~> [22.204559 event set 0x0000000000200000]
25-06-17 14:15:39.945 ec:~> [23.292388 alt-base-accel ODR: 12500 INT: UNCHANGED - roundup 1 from config 1 [AP 0]: 0]
25-06-17 14:15:41.038 ec:~> [23.303009 alt-base-gyro ODR: 0 INT: UNCHANGED - roundup 1 from config 0 [AP 0]: 0]
25-06-17 14:15:41.048 ec:~> [23.344604 lid-accel ODR: 10000 INT: ON - roundup 1 from config 1 [AP 0]: 0]
25-06-17 14:15:41.081 ec:~> [26.574218 Battery 92% (Display 92.8 %) / 14h:51 to empty]
25-06-17 14:15:44.290 ec:~> [34.391174 alt-base-gyro ODR: 0 INT: UNCHANGED - roundup 1 from config 0 [AP 0]: 0]
25-06-17 14:15:52.060 ec:~> [76.100769 Battery 92% (Display 92.7 %) / 13h:56 to empty]
25-06-17 14:16:33.504 ec:~> [121.624450 Battery 92% (Display 92.6 %) / 14h:12 to empty]
25-06-17 14:17:18.740 ec:~> [185.157012 Battery 92% (Display 92.5 %) / 15h:11 to empty]
25-06-17 14:18:21.863 ec:~> [216.331420 tablet mode]
25-06-17 14:18:52.834 ec:~> [216.332489 mkbp switches: 3]
25-06-17 14:18:52.835 ec:~> [216.333374 event set 0x0000000010000000]
25-06-17 14:18:52.841 ec:~> [216.364654 lid-accel ODR: 12500 INT: ON - roundup 1 from config 0 [AP 12500]: 0]
25-06-17 14:18:52.870 ec:~> [220.568756 clamshell mode]
25-06-17 14:18:57.045 ec:~> [220.569854 mkbp switches: 1]
25-06-17 14:18:57.046 ec:~> [220.570739 event set 0x0000000010000000]
25-06-17 14:18:57.051 ec:~> [220.589202 lid-accel ODR: 10000 INT: ON - roundup 1 from config 1 [AP 0]: 0]
25-06-17 14:18:57.067 ec:~> [232.182281 Battery 92% (Display 92.4 %) / 15h:2 to empty]
25-06-17 14:19:08.583 ec:~> [295.715362 Battery 92% (Display 92.3 %) / 15h:5 to empty]
25-06-17 14:20:11.703 ec:~> [359.246734 Battery 92% (Display 92.2 %) / 14h:56 to empty]
25-06-17 14:21:14.822 ec:~> [407.769714 Battery 92% (Display 92.1 %) / 15h:11 to empty]
25-06-17 14:22:03.028 ec:~> [439.785583 Battery 91% (Display 92.1 %) / 15h:11 to empty]
25-06-17 14:22:34.835 ec:~> [471.299957 Battery 91% (Display 92.0 %) / 15h:10 to empty]
25-06-17 14:23:06.143 ec:~> [519.823822 Battery 91% (Display 91.9 %) / 15h:14 to empty]
25-06-17 14:23:54.350 ec:~> [653.891479 Battery 91% (Display 91.8 %) / 39h:30 to empty]
25-06-17 14:26:07.542 ec:~> [778.452941 Battery 91% (Display 91.7 %) / 39h:56 to empty]
25-06-17 14:28:11.284 ec:~> [944.037567 Battery 91% (Display 91.6 %) / 39h:53 to empty]
25-06-17 14:30:55.781 ec:~> [1110.121368 Battery 91% (Display 91.5 %) / 39h:23 to empty]
25-06-17 14:33:40.781 ec:~> [1234.183502 Battery 91% (Display 91.4 %) / 39h:21 to empty]
25-06-17 14:35:44.025 ec:~> [1400.769744 Battery 91% (Display 91.3 %) / 39h:45 to empty]
25-06-17 14:38:29.514 ec:~> [1565.852539 Battery 91% (Display 91.2 %) / 39h:16 to empty]
25-06-17 14:41:13.510 ec:~> [1731.440307 Battery 91% (Display 91.1 %) / 39h:13 to empty]
25-06-17 14:43:58.006 ec:~> [1856.502441 Battery 90% (Display 91.0 %) / 39h:11 to empty]
25-06-17 14:46:02.243 ec:~> 
25-06-17 14:46:22.243 ec:~> 
25-06-17 14:46:22.401 ec:~> 
25-06-17 14:46:22.553 ec:~> 
25-06-17 14:46:22.711 ec:~> 
25-06-17 14:46:22.850 ec:~> [2021.584320 Battery 90% (Display 90.9 %) / 39h:36 to empty]
25-06-17 14:48:46.237 ec:~> [2186.669555 Battery 90% (Display 90.8 %) / 39h:6 to empty]
25-06-17 14:51:30.236 ec:~> [2310.731658 Battery 90% (Display 90.7 %) / 39h:31 to empty]
25-06-17 14:53:33.480 ec:~> [2476.315948 Battery 90% (Display 90.6 %) / 38h:34 to empty]
25-06-17 14:56:17.966 ec:~> [2600.377136 Battery 90% (Display 90.5 %) / 38h:32 to empty]
25-06-17 14:58:21.203 ec:~> [2765.459136 Battery 90% (Display 90.4 %) / 38h:56 to empty]
25-06-17 15:01:05.194 ec:~> [2931.041870 Battery 90% (Display 90.3 %) / 39h:20 to empty]
25-06-17 15:03:49.687 ec:~> [3013.584197 Battery 90% (Display 90.2 %) / 38h:51 to empty]
25-06-17 15:05:11.686 ec:~> [3178.668853 Battery 90% (Display 90.1 %) / 38h:22 to empty]
25-06-17 15:07:55.684 ec:~> 25-06-17 15:10:30.377 AP_FW 300
25-06-17 15:10:30.379 ec:~> [18.090209 Handle sleep: 0]
25-06-17 15:10:34.443 ec:~> ![18.099731 USB port p0 0]
25-06-17 15:10:34.451 ![18.102478 USB port p0 4]
25-06-17 15:10:34.455 I: C0: pdc_power_mgmt_set_dual_role: set role to 0
25-06-17 15:10:34.460 I: C1: pdc_power_mgmt_set_dual_role: set role to 0
25-06-17 15:10:34.466 I: C1: SendCmdStart
25-06-17 15:10:34.469 I: C1: SendCmdWait
25-06-17 15:10:34.472 I: C0: SendCmdStart
25-06-17 15:10:34.474 I: C0: SendCmdWait
25-06-17 15:10:34.476 I: ST1: WRITE SET_CCOM
25-06-17 15:10:34.478 I: ST0: WRITE SET_PDR
25-06-17 15:10:34.479 I: ST1: PING_STATUS
25-06-17 15:10:34.480 I: ST0: PING_STATUS
25-06-17 15:10:34.484 [18.135833 event set 0x0000000000200000]
25-06-17 15:10:34.490 ec:~> I: C1: CCI=0x10000000
25-06-17 15:10:34.497 I: C0: CCI=0x80000000
25-06-17 15:10:34.500 I: ST0: IDLE
25-06-17 15:10:34.502 I: C0: Attached.SNK
25-06-17 15:10:34.505 I: C0: SendCmdStart
25-06-17 15:10:34.507 I: C0: SendCmdWait
25-06-17 15:10:34.509 I: ST0: WRITE GET_CONNECTOR_STATUS
25-06-17 15:10:34.511 I: ST0: PING_STATUS
25-06-17 15:10:34.513 [18.164428 event set 0x0000000000200000]I: C
25-06-17 15:10:34.520 ec:~> 1: CCI=0x80000000
25-06-17 15:10:34.523 I: ST1: IDLE
25-06-17 15:10:34.524 I: C1: Unattached
25-06-17 15:10:34.529 I: ST0: READ
25-06-17 15:10:34.531 I: C0: CCI=0x80001300
25-06-17 15:10:34.534 I: ST0: IDLE
25-06-17 15:10:34.536 I: C0: Attached.SNK
25-06-17 15:10:34.538 I: ST0: WRITE RAW:GET_CAPABILITY
25-06-17 15:10:34.542 I: ST0: PING_STATUS
25-06-17 15:10:34.548 I: C1: SendCmdStart
25-06-17 15:10:34.550 I: C1: SendCmdWait
25-06-17 15:10:34.552 I: ST1: WRITE SET_DRP_MODE
25-06-17 15:10:34.554 I: ST1: PING_STATUS
25-06-17 15:10:34.560 I: ST0: READ
25-06-17 15:10:34.562 I: C0: CCI=0x80001000
25-06-17 15:10:34.565 I: ST0: IDLE
25-06-17 15:10:34.565 [18.217376 event set 0x0000000000200000]
25-06-17 15:10:34.570 ec:~> I: C1: CCI=0x80000000
25-06-17 15:10:34.577 I: ST1: IDLE
25-06-17 15:10:34.579 I: C1: Unattached
25-06-17 15:10:34.581 [18.232940 event set 0x0000000000200000]
25-06-17 15:10:34.586 ec:~> I: ST0: WRITE RAW:GET_CONNECTOR_CAPABILITY
25-06-17 15:10:34.596 I: ST0: PING_STATUS
25-06-17 15:10:34.616 I: ST0: READ
25-06-17 15:10:34.617 I: C0: CCI=0x80000400
25-06-17 15:10:34.620 I: ST0: IDLE
25-06-17 15:10:34.621 [18.273406 event set 0x0000000000200000]
25-06-17 15:10:34.626 ec:~> [18.279205 event set 0x0000000000200000]
25-06-17 15:10:34.632 ec:~> [18.285369 event set 0x0000000000200000]
25-06-17 15:10:34.638 ec:~> [18.416564 event set 0x0000000000200000]
25-06-17 15:10:34.770 ec:~> [18.422241 event set 0x0000000000200000]
25-06-17 15:10:34.775 ec:~> [18.447631 event set 0x0000000000200000]
25-06-17 15:10:34.800 ec:~> [18.453369 event set 0x0000000000200000]
25-06-17 15:10:34.806 ec:~> I: ST0: WRITE RAW:GET_CAPABILITY
25-06-17 15:10:34.811 I: ST0: PING_STATUS
25-06-17 15:10:34.829 I: ST0: READ
25-06-17 15:10:34.831 I: C0: CCI=0x80001000
25-06-17 15:10:34.834 I: ST0: IDLE
25-06-17 15:10:34.835 [18.487640 event set 0x0000000000200000]
25-06-17 15:10:34.840 ec:~> [18.493774 event set 0x0000000000200000]
25-06-17 15:10:34.846 ec:~> I: ST0: WRITE RAW:GET_CONNECTOR_CAPABILITY
25-06-17 15:10:34.851 I: ST0: PING_STATUS
25-06-17 15:10:34.870 I: ST0: READ
25-06-17 15:10:34.872 I: C0: CCI=0x80000400
25-06-17 15:10:34.874 I: ST0: IDLE
25-06-17 15:10:34.875 [18.528686 event set 0x0000000000200000]
25-06-17 15:10:34.881 ec:~> [18.534515 event set 0x0000000000200000]
25-06-17 15:10:34.886 ec:~> [18.540649 event set 0x0000000000200000]
25-06-17 15:10:34.893 ec:~> [18.673736 event set 0x0000000000200000]
25-06-17 15:10:35.025 ec:~> [18.679504 event set 0x0000000000200000]
25-06-17 15:10:35.030 ec:~> [18.705749 event set 0x0000000000200000]
25-06-17 15:10:35.057 ec:~> [18.711486 event set 0x0000000000200000]
25-06-17 15:10:35.063 ec:~> I: ST0: WRITE RAW:GET_CAPABILITY
25-06-17 15:10:35.067 I: ST0: PING_STATUS
25-06-17 15:10:35.086 I: ST0: READ
25-06-17 15:10:35.088 I: C0: CCI=0x80001000
25-06-17 15:10:35.091 I: ST0: IDLE
25-06-17 15:10:35.091 [18.745941 event set 0x0000000000200000]
25-06-17 15:10:35.096 ec:~> [18.751953 event set 0x0000000000200000]
25-06-17 15:10:35.103 ec:~> I: ST0: WRITE RAW:GET_CONNECTOR_CAPABILITY
25-06-17 15:10:35.107 I: ST0: PING_STATUS
25-06-17 15:10:35.127 I: ST0: READ
25-06-17 15:10:35.129 I: C0: CCI=0x80000400
25-06-17 15:10:35.131 I: ST0: IDLE
25-06-17 15:10:35.132 [18.786804 event set 0x0000000000200000]
25-06-17 15:10:35.137 ec:~> [18.792602 event set 0x0000000000200000]
25-06-17 15:10:35.143 ec:~> [18.798767 event set 0x0000000000200000]
25-06-17 15:10:35.149 ec:~> [18.930908 event set 0x0000000000200000]
25-06-17 15:10:35.281 ec:~> [18.936584 event set 0x0000000000200000]
25-06-17 15:10:35.286 ec:~> [18.960968 event set 0x0000000000200000]
25-06-17 15:10:35.311 ec:~> [18.966705 event set 0x0000000000200000]
25-06-17 15:10:35.316 ec:~> I: ST0: WRITE RAW:GET_CAPABILITY
25-06-17 15:10:35.320 I: ST0: PING_STATUS
25-06-17 15:10:35.340 I: ST0: READ
25-06-17 15:10:35.342 I: C0: CCI=0x80001000
25-06-17 15:10:35.344 I: ST0: IDLE
25-06-17 15:10:35.345 [19.001037 event set 0x0000000000200000]
25-06-17 15:10:35.350 ec:~> [19.006896 event set 0x0000000000200000]
25-06-17 15:10:35.357 ec:~> I: ST0: WRITE RAW:GET_CONNECTOR_CAPABILITY
25-06-17 15:10:35.361 I: ST0: PING_STATUS
25-06-17 15:10:35.381 I: ST0: READ
25-06-17 15:10:35.382 I: C0: CCI=0x80000400
25-06-17 15:10:35.385 I: ST0: IDLE
25-06-17 15:10:35.386 [19.041809 event set 0x0000000000200000]
25-06-17 15:10:35.391 ec:~> [19.047637 event set 0x0000000000200000]
25-06-17 15:10:35.397 ec:~> [19.053863 event set 0x0000000000200000]
25-06-17 15:10:35.403 ec:~> [19.180145 event set 0x0000000000200000]
25-06-17 15:10:35.530 ec:~> [19.185302 event set 0x0000000000200000]
25-06-17 15:10:35.534 ec:~> [19.210144 event set 0x0000000000200000]
25-06-17 15:10:35.559 ec:~> [19.215911 event set 0x0000000000200000]
25-06-17 15:10:35.564 ec:~> I: ST0: WRITE RAW:GET_CAPABILITY
25-06-17 15:10:35.568 I: ST0: PING_STATUS
25-06-17 15:10:35.588 I: ST0: READ
25-06-17 15:10:35.610 I: C0: CCI=0x80001000
25-06-17 15:10:35.611 I: ST0: IDLE
25-06-17 15:10:35.612 [19.250213 event set 0x0000000000200000]
25-06-17 15:10:35.614 ec:~> [19.256072 event set 0x0000000000200000]
25-06-17 15:10:35.616 ec:~> I: ST0: WRITE RAW:GET_CONNECTOR_CAPABILITY
25-06-17 15:10:35.618 I: ST0: PING_STATUS
25-06-17 15:10:35.629 I: ST0: READ
25-06-17 15:10:35.630 I: C0: CCI=0x80000400
25-06-17 15:10:35.633 I: ST0: IDLE
25-06-17 15:10:35.634 [19.290985 event set 0x0000000000200000]
25-06-17 15:10:35.639 ec:~> [19.296813 event set 0x0000000000200000]
25-06-17 15:10:35.644 ec:~> I: ST0: WRITE RAW:GET_PDOS
25-06-17 15:10:35.648 I: ST0: PING_STATUS
25-06-17 15:10:35.668 I: ST0: READ
25-06-17 15:10:35.670 I: C0: CCI=0x80000400
25-06-17 15:10:35.672 I: ST0: IDLE
25-06-17 15:10:35.674 [19.330444 event set 0x0000000000200000]
25-06-17 15:10:35.678 ec:~> [19.336303 event set 0x0000000000200000]
25-06-17 15:10:35.685 ec:~> I: ST0: WRITE RAW:GET_PDOS
25-06-17 15:10:35.688 I: ST0: PING_STATUS
25-06-17 15:10:35.707 I: ST0: READ
25-06-17 15:10:35.709 I: C0: CCI=0x80000c00
25-06-17 15:10:35.712 I: ST0: IDLE
25-06-17 15:10:35.713 [19.370025 event set 0x0000000000200000]
25-06-17 15:10:35.718 ec:~> [19.375885 event set 0x0000000000200000]
25-06-17 15:10:35.724 ec:~> I: ST0: WRITE RAW:GET_ALTERNATE_MODES
25-06-17 15:10:35.728 I: ST0: PING_STATUS
25-06-17 15:10:35.748 I: ST0: READ
25-06-17 15:10:35.750 I: C0: CCI=0x80000600
25-06-17 15:10:35.752 I: ST0: IDLE
25-06-17 15:10:35.753 [19.410400 event set 0x0000000000200000]
25-06-17 15:10:35.758 ec:~> [19.416290 event set 0x0000000000200000]
25-06-17 15:10:35.764 ec:~> [19.421356 event set 0x0000000000200000]
25-06-17 15:10:35.769 ec:~> [19.427795 event set 0x0000000000200000]
25-06-17 15:10:35.775 ec:~> I: ST0: WRITE RAW:GET_PD_MESSAGE
25-06-17 15:10:35.779 I: ST0: PING_STATUS
25-06-17 15:10:35.799 I: ST0: READ
25-06-17 15:10:35.801 I: C0: CCI=0x80001c00
25-06-17 15:10:35.803 I: ST0: IDLE
25-06-17 15:10:35.805 [19.462463 event set 0x0000000000200000]
25-06-17 15:10:35.810 ec:~> [19.468505 event set 0x0000000000200000]
25-06-17 15:10:35.816 ec:~> I: ST0: WRITE RAW:GET_CABLE_PROPERTY
25-06-17 15:10:35.820 I: ST0: PING_STATUS
25-06-17 15:10:35.840 I: ST0: READ
25-06-17 15:10:35.841 I: C0: CCI=0x80000500
25-06-17 15:10:35.844 I: ST0: IDLE
25-06-17 15:10:35.845 [19.502960 event set 0x0000000000200000]
25-06-17 15:10:35.850 ec:~> [19.508819 event set 0x0000000000200000]
25-06-17 15:10:35.856 ec:~> I: ST0: WRITE RAW:GET_PD_MESSAGE
25-06-17 15:10:35.860 I: ST0: PING_STATUS
25-06-17 15:10:35.880 I: ST0: READ
25-06-17 15:10:35.882 I: C0: CCI=0x80001c00
25-06-17 15:10:35.884 I: ST0: IDLE
25-06-17 15:10:35.885 [19.543487 event set 0x0000000000200000]
25-06-17 15:10:35.890 ec:~> [19.549499 event set 0x0000000000200000]
25-06-17 15:10:35.896 ec:~> I: ST0: WRITE RAW:GET_ALTERNATE_MODES
25-06-17 15:10:35.900 I: ST0: PING_STATUS
25-06-17 15:10:35.921 I: ST0: READ
25-06-17 15:10:35.922 I: C0: CCI=0x80000600
25-06-17 15:10:35.924 I: ST0: IDLE
25-06-17 15:10:35.926 [19.584136 event set 0x0000000000200000]
25-06-17 15:10:35.931 ec:~> [19.589965 event set 0x0000000000200000]
25-06-17 15:10:35.936 ec:~> I: ST0: WRITE RAW:GET_PDOS
25-06-17 15:10:35.940 I: ST0: PING_STATUS
25-06-17 15:10:35.960 I: ST0: READ
25-06-17 15:10:35.962 I: C0: CCI=0x80001000
25-06-17 15:10:35.964 I: ST0: IDLE
25-06-17 15:10:35.965 [19.623901 event set 0x0000000000200000]
25-06-17 15:10:35.970 ec:~> [19.629852 event set 0x0000000000200000]
25-06-17 15:10:35.977 ec:~> I: ST0: WRITE RAW:GET_PDOS
25-06-17 15:10:35.980 I: ST0: PING_STATUS
25-06-17 15:10:35.999 I: C0: CCI=0x80000000
25-06-17 15:10:36.002 I: ST0: IDLE
25-06-17 15:10:36.003 [19.661804 event set 0x0000000000200000]
25-06-17 15:10:36.008 ec:~> [19.667633 event set 0x0000000000200000]
25-06-17 15:10:36.014 ec:~> I: ST0: WRITE RAW:GET_ALTERNATE_MODES
25-06-17 15:10:36.018 I: ST0: PING_STATUS
25-06-17 15:10:36.038 I: ST0: READ
25-06-17 15:10:36.040 I: C0: CCI=0x80000600
25-06-17 15:10:36.042 I: ST0: IDLE
25-06-17 15:10:36.043 [19.702209 event set 0x0000000000200000]
25-06-17 15:10:36.048 ec:~> [19.708099 event set 0x0000000000200000]
25-06-17 15:10:36.054 ec:~> I: ST0: WRITE RAW:GET_PDOS
25-06-17 15:10:36.058 I: ST0: PING_STATUS
25-06-17 15:10:36.078 I: ST0: READ
25-06-17 15:10:36.079 I: C0: CCI=0x80001000
25-06-17 15:10:36.082 I: ST0: IDLE
25-06-17 15:10:36.083 [19.741973 event set 0x0000000000200000]
25-06-17 15:10:36.088 ec:~> [19.748046 event set 0x0000000000200000]
25-06-17 15:10:36.094 ec:~> I: ST0: WRITE RAW:GET_PDOS
25-06-17 15:10:36.097 I: ST0: PING_STATUS
25-06-17 15:10:36.117 I: C0: CCI=0x80000000
25-06-17 15:10:36.120 I: ST0: IDLE
25-06-17 15:10:36.121 [19.779998 event set 0x0000000000200000]
25-06-17 15:10:36.126 ec:~> [19.785919 event set 0x0000000000200000]
25-06-17 15:10:36.133 ec:~> I: ST1: WRITE RAW:GET_CONNECTOR_CAPABILITY
25-06-17 15:10:36.138 I: ST1: PING_STATUS
25-06-17 15:10:36.156 I: C1: CCI=0x10000000
25-06-17 15:10:36.179 I: ST1: READ
25-06-17 15:10:36.181 I: C1: CCI=0x80000400
25-06-17 15:10:36.184 I: ST1: IDLE
25-06-17 15:10:36.186 [19.843231 event set 0x0000000000200000]
25-06-17 15:10:36.190 ec:~> [19.849029 event set 0x0000000000200000]
25-06-17 15:10:36.197 ec:~> I: ST1: WRITE RAW:GET_PDOS
25-06-17 15:10:36.199 I: ST1: PING_STATUS
25-06-17 15:10:36.218 I: ST1: READ
25-06-17 15:10:36.219 I: C1: CCI=0x80000400
25-06-17 15:10:36.222 I: ST1: IDLE
25-06-17 15:10:36.223 [19.882598 event set 0x0000000000200000]
25-06-17 15:10:36.228 ec:~> [19.888519 event set 0x0000000000200000]
25-06-17 15:10:36.234 ec:~> I: ST1: WRITE RAW:GET_PDOS
25-06-17 15:10:36.238 I: ST1: PING_STATUS
25-06-17 15:10:36.257 I: ST1: READ
25-06-17 15:10:36.259 I: C1: CCI=0x80000c00
25-06-17 15:10:36.261 I: ST1: IDLE
25-06-17 15:10:36.262 [19.922241 event set 0x0000000000200000]
25-06-17 15:10:36.268 ec:~> [19.928131 event set 0x0000000000200000]
25-06-17 15:10:36.273 ec:~> I: ST1: WRITE RAW:GET_ALTERNATE_MODES
25-06-17 15:10:36.277 I: ST1: PING_STATUS
25-06-17 15:10:36.297 I: ST1: READ
25-06-17 15:10:36.299 I: C1: CCI=0x80000600
25-06-17 15:10:36.301 I: ST1: IDLE
25-06-17 15:10:36.303 [19.962768 event set 0x0000000000200000]
25-06-17 15:10:36.307 ec:~> [19.968658 event set 0x0000000000200000]
25-06-17 15:10:36.313 ec:~> [19.973876 event set 0x0000000000200000]
25-06-17 15:10:36.319 ec:~> [19.980285 event set 0x0000000000200000]
25-06-17 15:10:36.325 ec:~> [19.985382 event set 0x0000000000200000]
25-06-17 15:10:36.330 ec:~> [19.991241 event set 0x0000000000200000]
25-06-17 15:10:36.336 ec:~> I: ST0: WRITE RAW:GET_PDOS
25-06-17 15:10:36.841 I: ST0: PING_STATUS
25-06-17 15:10:36.858 I: ST0: READ
25-06-17 15:10:36.860 I: C0: CCI=0x80001000
25-06-17 15:10:36.862 I: ST0: IDLE
25-06-17 15:10:36.864 [20.526245 event set 0x0000000000200000]
25-06-17 15:10:36.869 ec:~> [20.532104 event set 0x0000000000200000]
25-06-17 15:10:36.875 ec:~> I: ST0: WRITE RAW:GET_PDOS
25-06-17 15:10:36.878 I: ST0: PING_STATUS
25-06-17 15:10:36.898 I: C0: CCI=0x80000000
25-06-17 15:10:36.900 I: ST0: IDLE
25-06-17 15:10:36.901 [20.564056 event set 0x0000000000200000]
25-06-17 15:10:36.906 ec:~> [20.569946 event set 0x0000000000200000]
25-06-17 15:10:36.912 ec:~> I: ST0: WRITE RAW:GET_ALTERNATE_MODES
25-06-17 15:10:36.916 I: ST0: PING_STATUS
25-06-17 15:10:36.936 I: ST0: READ
25-06-17 15:10:36.938 I: C0: CCI=0x80000600
25-06-17 15:10:36.940 I: ST0: IDLE
25-06-17 15:10:36.942 [20.604614 event set 0x0000000000200000]
25-06-17 15:10:36.947 ec:~> [20.610473 event set 0x0000000000200000]
25-06-17 15:10:36.952 ec:~> [32.007507 base-gyro ODR: 0  - roundup 1 from config 0 [AP 0]: 0]
25-06-17 15:10:48.300 ec:~> [32.033264 base-accel ODR: 10000  - roundup 1 from config 1 [AP 0]: 0]
25-06-17 15:10:48.326 ec:~> [38.699584 base-gyro ODR: 0  - roundup 1 from config 0 [AP 0]: 0]
25-06-17 15:10:54.960 ec:~> ![0.012451 CBI Reading board info]
25-06-17 15:12:21.505 I: Querying USB-C port config
25-06-17 15:12:21.506 I: Port C0: using driver rts54-pdc@66
25-06-17 15:12:21.510 I: Port C1: using driver rts54-pdc@67
25-06-17 15:12:21.515 I: Final USB-C count: 2
25-06-17 15:12:21.517 I: ST0: INIT
25-06-17 15:12:21.519 I: C0: Realtek RTS545x PDC DRIVER
25-06-17 15:12:21.523 I: C0: PDC Init
25-06-17 15:12:21.525 I: C0: pdc_power_mgmt_set_dual_role: set role to 3
25-06-17 15:12:21.531 I: C0: Setting AP power state to S5
25-06-17 15:12:21.536 I: ST1: INIT
25-06-17 15:12:21.537 I: C1: Realtek RTS545x PDC DRIVER
25-06-17 15:12:21.542 I: C1: PDC Init
25-06-17 15:12:21.545 I: C1: pdc_power_mgmt_set_dual_role: set role to 3
25-06-17 15:12:21.550 I: C1: Setting AP power state to S5
25-06-17 15:12:21.552 I: PPM driver found 2 USB-C ports
25-06-17 15:12:21.556 *** Booting Zephyr OS build 4.1.99 ***
25-06-17 15:12:21.560 !
25-06-17 15:12:21.561 !
25-06-17 15:12:21.561 --- UART initialized after reboot ---
25-06-17 15:12:21.566 ![Image: RO, anakin-0.0.0-cecc8f3+ 2025-06-17 13:58:39 wjh@wjh]
25-06-17 15:12:21.572 ![Reset cause: !reset-pin! !power-on!]
25-06-17 15:12:21.573 ![0.076538 KB Custom=1 Keypad=1 Vivaldi=0]
25-06-17 15:12:21.574 ![0.080413 KB WARN: Debounce durations not equal]
25-06-17 15:12:21.579 ![0.087280 KB boot keys: 0x0]
25-06-17 15:12:21.582 ![0.089996 init buttons]
25-06-17 15:12:21.584 ![0.092529 boot buttons: 0x0]
25-06-17 15:12:21.587 ![0.095214 VB Main]
25-06-17 15:12:21.588 ![0.097076 VB Ping Cr50]
25-06-17 15:12:21.589 
25-06-17 15:12:21.590 ec:~> [0.100952 hash start 0x00060000 0x0003e030]
25-06-17 15:12:21.594 ec:~> [0.220062 hash done 000d9fd8b8e0229ff7b522d9d8c1cf0b221b9be11e2d76db7d0bfbd726463da0]
25-06-17 15:12:21.715 ec:~> [0.221618 VB Verifying hash]
25-06-17 15:12:21.720 ec:~> μμμμμμμμμμμμμμμμμμμμμμμμμμμμμμμμECΎ Ψΰ"χµ"ΩΨΑΟ"-vΫ}ϋΧ&F= 
25-06-17 15:12:21.729 ec:~> [0.242828 VB Received 0xec07]
25-06-17 15:12:21.733 eI: Replacing "c:~> [0.2lid-accel" for "43988 VB Hash mialt-lid-accel" based on SSFC
25-06-17 15:12:21.742 smatch]
25-06-17 15:12:21.743 ec:~> [0.244659 VB Enable USB-PD]
25-06-17 15:12:21.747 ec:~> [0.245452 VB Exit]
25-06-17 15:12:21.750 ec:~> [0.258850 BCFG Manuf name not found]
25-06-17 15:12:21.753 ec:~> [0.287078 SW 0x01]
25-06-17 15:12:21.776 ec:~> [0.289489 Sustainer disabled]
25-06-17 15:12:21.781 ec:~> [0.290405 event set 0x0000000I: ST000002000]
25-06-17 15:12:21.787 ec:~0: > [0.2912WRITE 59 hostcmd init VENDOR_ENABLE
25-06-17 15:12:21.794 0x00000000000020I: ST00]
25-06-17 15:12:21.796 ec:~> [J[0.292266 Moti: on pre-shutdown;WRITE  loops 0; last 2VENDOR_ENABLE
25-06-17 15:12:21.804 92 ms ago; a=0x7I: ST, s=0x0]
25-06-17 15:12:21.807 ec:~> 0: [0.294219PING_STATUS
25-06-17 15:12:21.811  mkbp switches: I: Initialized PPM num_ports=1]
25-06-17 15:12:21.817 ec:~> 
06-17 15:12:21.819 J[0.295227 Inits done]
25-06-17 15:12:21.821 ec:~> : ST6D[0.324798 e1vent set 0x00000: 00000200000]
25-06-17 15:12:21.826 ecPING_STATUS
25-06-17 15:12:21.828 :~> I: ST0: INIT
25-06-17 15:12:21.830 [0.325988 KB init state:ec:~>  --ec:~>  --ec:~>  --ec:~>  --ec:~>  --ec:~>  --ec:~>  --ec:~>  --ec:~>  --ec:~>  --ec:~>  --ec:~>  --ec:~>  --ec:~> : ST6D --ec:~>  6D --ec:~> RITE 6D]
25-06-17 15:12:21.858 ec:~> ET_IC_STATUS
25-06-17 15:12:21.860 6D[0.343933 pI: STower state 0 = G0: 3, in 0x0027]
25-06-17 15:12:21.866 ePING_STATUS
25-06-17 15:12:21.867 c:~> [0.3I: ST44970 power stat1: INIT
25-06-17 15:12:21.870 e 5 = G3->S5, in 0x0027]
25-06-17 15:12:21.872 ec:~> [0.346954 Not enough power to boot (-1 %, 0 mW)]
25-06-17 15:12:21.877 ec:~> [0.349639 Battery presence changedI: ST: -1->0 0x0->0x00: READ
25-06-17 15:12:21.882 ]
25-06-17 15:12:21.882 ec:~> [0.350830 event I: Cset 0x00000000000: Realtek: FW Ve400000]
25-06-17 15:12:21.888 ec:~> sion: [6D[0.353210 1.Battery 0% (Disp71.lay 0.0 %) / ??h1 (GOOG0C00)
25-06-17 15:12:21.894 I: C:?? to empty]
25-06-17 15:12:21.896 e0: Realtek: PD Version: c:~> [0.3262, Rev 54400 charge_req769
25-06-17 15:12:21.902 uest(11850mV, 0mI: STA)]
25-06-17 15:12:21.903 ec:~> 0: INIT
25-06-17 15:12:21.904 I: ST1: WRITE GET_IC_STATUS
25-06-17 15:12:21.904 I: ST1: PING_STATUS
25-06-17 15:12:21.919 I: ST0: WRITE SET_NOTIFICATION_ENABLE
25-06-17 15:12:21.922 I: ST0: PING_STATUS
25-06-17 15:12:21.924 I: ST1: READ
25-06-17 15:12:21.927 I: C1: Realtek: FW Version: 1.71.1 (GOOG0C00)
25-06-17 15:12:21.931 I: C1: Realtek: PD Version: 262, Rev 769
25-06-17 15:12:21.935 I: ST1: INIT
25-06-17 15:12:21.943 I: ST0: INIT
25-06-17 15:12:21.956 I: ST1: WRITE SET_NOTIFICATION_ENABLE
25-06-17 15:12:21.959 I: ST1: PING_STATUS
25-06-17 15:12:21.964 I: ST0: WRITE PPM_RESET
25-06-17 15:12:21.966 I: ST0: PING_STATUS
25-06-17 15:12:21.980 I: ST1: INIT
25-06-17 15:12:21.987 I: ST0: INIT
25-06-17 15:12:22.001 I: ST1: WRITE PPM_RESET
25-06-17 15:12:22.004 I: ST1: PING_STATUS
25-06-17 15:12:22.008 I: ST0: IDLE
25-06-17 15:12:22.024 I: ST1: INIT
25-06-17 15:12:22.028 I: C0: PDC Subsystem Started
25-06-17 15:12:22.032 I: C0: SendCmdStart
25-06-17 15:12:22.034 I: C0: SendCmdWait
25-06-17 15:12:22.036 I: ST0: WRITE CMD_SET_PDO
25-06-17 15:12:22.038 I: ST0: PING_STATUS
25-06-17 15:12:22.040 [0.554626 Not enough power to boot (-1 %, 0 mW)]
25-06-17 15:12:22.045 ec:~> I: ST1: IDLE
25-06-17 15:12:22.050 I: C1: PDC Subsystem Started
25-06-17 15:12:22.054 I: C1: SendCmdStart
25-06-17 15:12:22.056 I: C1: SendCmdWait
25-06-17 15:12:22.059 I: ST1: WRITE CMD_SET_PDO
25-06-17 15:12:22.061 I: ST1: PING_STATUS
25-06-17 15:12:22.062 I: C0: CCI=0x80000000
25-06-17 15:12:22.065 I: ST0: IDLE
25-06-17 15:12:22.067 I: C0: PDC Init
25-06-17 15:12:22.069 I: C0: SendCmdStart
25-06-17 15:12:22.070 I: C0: SendCmdWait
25-06-17 15:12:22.072 I: ST0: WRITE GET_CONNECTOR_STATUS
25-06-17 15:12:22.075 I: ST0: PING_STATUS
25-06-17 15:12:22.080 I: C1: CCI=0x80000000
25-06-17 15:12:22.082 I: ST1: IDLE
25-06-17 15:12:22.083 I: C1: PDC Init
25-06-17 15:12:22.085 I: C1: SendCmdStart
25-06-17 15:12:22.088 I: C1: SendCmdWait
25-06-17 15:12:22.089 I: ST1: WRITE GET_CONNECTOR_STATUS
25-06-17 15:12:22.092 I: ST1: PING_STATUS
25-06-17 15:12:22.094 I: ST0: READ
25-06-17 15:12:22.095 I: C0: CCI=0x80001300
25-06-17 15:12:22.098 I: ST0: IDLE
25-06-17 15:12:22.100 I: C0: Attached.SNK
25-06-17 15:12:22.103 I: C0 attached: Attached.SNK
25-06-17 15:12:22.112 I: ST1: READ
25-06-17 15:12:22.113 I: C1: CCI=0x80001300
25-06-17 15:12:22.116 I: ST1: IDLE
25-06-17 15:12:22.118 I: C1: Unattached
25-06-17 15:12:22.128 I: C0: SendCmdStart
25-06-17 15:12:22.130 I: C0: SendCmdWait
25-06-17 15:12:22.132 I: ST0: WRITE GET_CONNECTOR_STATUS
25-06-17 15:12:22.136 I: ST0: PING_STATUS
25-06-17 15:12:22.144 I: C1: SendCmdStart
25-06-17 15:12:22.146 I: C1: SendCmdWait
25-06-17 15:12:22.147 I: ST1: WRITE GET_CONNECTOR_STATUS
25-06-17 15:12:22.151 I: ST1: PING_STATUS
25-06-17 15:12:22.155 I: ST0: READ
25-06-17 15:12:22.157 I: C0: CCI=0x80001300
25-06-17 15:12:22.160 I: ST0: IDLE
25-06-17 15:12:22.161 I: C0: Attached.SNK
25-06-17 15:12:22.171 I: ST1: READ
25-06-17 15:12:22.173 I: C1: CCI=0x80001300
25-06-17 15:12:22.176 I: ST1: IDLE
25-06-17 15:12:22.177 I: C1: Unattached
25-06-17 15:12:22.187 I: C0: SendCmdStart
25-06-17 15:12:22.189 I: C0: SendCmdWait
25-06-17 15:12:22.191 I: ST0: WRITE GET_CONNECTOR_CAPABILITY
25-06-17 15:12:22.194 I: ST0: PING_STATUS
25-06-17 15:12:22.203 I: C1: SendCmdStart
25-06-17 15:12:22.205 I: C1: sink_path_to_send=0, chg_mgr_active_charge_port=-1
25-06-17 15:12:22.210 I: C1: SendCmdWait
25-06-17 15:12:22.212 I: ST1: WRITE SET_SINK_PATH
25-06-17 15:12:22.215 I: ST1: PING_STATUS
25-06-17 15:12:22.217 I: ST0: READ
25-06-17 15:12:22.219 I: C0: CCI=0x80000400
25-06-17 15:12:22.221 I: ST0: IDLE
25-06-17 15:12:22.223 I: C0: Attached.SNK
25-06-17 15:12:22.235 I: C1: CCI=0x80000000
25-06-17 15:12:22.238 I: ST1: IDLE
25-06-17 15:12:22.240 I: C1: Unattached
25-06-17 15:12:22.243 I: C1: SendCmdStart
25-06-17 15:12:22.245 I: C1: SendCmdWait
25-06-17 15:12:22.248 I: ST1: WRITE GET_CONNECTOR_STATUS
25-06-17 15:12:22.252 I: ST1: PING_STATUS
25-06-17 15:12:22.254 I: C0: SendCmdStart
25-06-17 15:12:22.256 I: C0: SendCmdWait
25-06-17 15:12:22.259 I: ST0: WRITE SET_UOR
25-06-17 15:12:22.262 I: ST0: PING_STATUS
25-06-17 15:12:22.263 [0.772338 Not enough power to boot (-1 %, 0 mW)]
25-06-17 15:12:22.266 ec:~> I: ST1: READ
25-06-17 15:12:22.269 I: C1: CCI=0x80001300
25-06-17 15:12:22.272 I: ST1: IDLE
25-06-17 15:12:22.274 I: C1: Unattached
25-06-17 15:12:22.275 E: C0: Ping Status Error
25-06-17 15:12:22.278 I: C0: CCI=0xc0000000
25-06-17 15:12:22.281 I: ST0: IDLE
25-06-17 15:12:22.283 I: ST0: WRITE SET_UOR
25-06-17 15:12:22.285 I: ST0: PING_STATUS
25-06-17 15:12:22.299 I: C1: SendCmdStart
25-06-17 15:12:22.301 I: Command (PDC_SET_AP_POWER_STATE) not implemented
25-06-17 15:12:22.308 I: C1: Unattached
25-06-17 15:12:22.310 E: C0: Ping Status Error
25-06-17 15:12:22.313 I: C0: CCI=0xc0000000
25-06-17 15:12:22.315 I: ST0: IDLE
25-06-17 15:12:22.317 I: ST0: WRITE SET_UOR
25-06-17 15:12:22.317 I: ST0: PING_STATUS
25-06-17 15:12:22.332 I: C1: SendCmdStart
25-06-17 15:12:22.334 I: C1: SendCmdWait
25-06-17 15:12:22.336 I: ST1: WRITE SET_DRP_MODE
25-06-17 15:12:22.338 I: ST1: PING_STATUS
25-06-17 15:12:22.340 E: C0: Ping Status Error
25-06-17 15:12:22.342 I: C0: CCI=0xc0000000
25-06-17 15:12:22.345 I: ST0: IDLE
25-06-17 15:12:22.346 E: PDC_SET_UOR resend attempts exceeded!
25-06-17 15:12:22.349 I: C0: Attached.SNK
25-06-17 15:12:22.358 I: C1: CCI=0x80000000
25-06-17 15:12:22.360 I: ST1: IDLE
25-06-17 15:12:22.362 I: C1: Unattached
25-06-17 15:12:22.376 I: C0: SendCmdStart
25-06-17 15:12:22.378 I: C0: SendCmdWait
25-06-17 15:12:22.380 I: ST0: WRITE SET_PDR
25-06-17 15:12:22.382 I: ST0: PING_STATUS
25-06-17 15:12:22.388 I: C1: SendCmdStart
25-06-17 15:12:22.390 I: C1: SendCmdWait
25-06-17 15:12:22.392 I: ST1: WRITE SET_CCOM
25-06-17 15:12:22.394 I: ST1: PING_STATUS
25-06-17 15:12:22.402 I: C0: CCI=0x80000000
25-06-17 15:12:22.404 I: ST0: IDLE
25-06-17 15:12:22.406 I: C0: Attached.SNK
25-06-17 15:12:22.408 I: C0: SendCmdStart
25-06-17 15:12:22.410 I: C0: SendCmdWait
25-06-17 15:12:22.413 I: ST0: WRITE GET_CONNECTOR_STATUS
25-06-17 15:12:22.416 I: ST0: PING_STATUS
25-06-17 15:12:22.419 I: C1: CCI=0x80000000
25-06-17 15:12:22.421 I: ST1: IDLE
25-06-17 15:12:22.421 I: C1: Unattached
25-06-17 15:12:22.434 I: ST0: READ
25-06-17 15:12:22.436 I: C0: CCI=0x80001300
25-06-17 15:12:22.438 I: ST0: IDLE
25-06-17 15:12:22.440 I: C0: Attached.SNK
25-06-17 15:12:22.458 [0.974426 Not enough power to boot (-1 %, 0 mW)]
25-06-17 15:12:22.463 ec:~> I: C0: SendCmdStart
25-06-17 15:12:22.469 I: C0: SendCmdWait
25-06-17 15:12:22.471 I: ST0: WRITE SET_FRS_FUNCTION
25-06-17 15:12:22.474 I: ST0: PING_STATUS
25-06-17 15:12:22.493 I: C0: CCI=0x80000000
25-06-17 15:12:22.496 I: ST0: IDLE
25-06-17 15:12:22.497 I: C0: Attached.SNK
25-06-17 15:12:22.499 I: C0: SendCmdStart
25-06-17 15:12:22.501 I: C0: SendCmdWait
25-06-17 15:12:22.503 I: ST0: WRITE GET VDO
25-06-17 15:12:22.505 I: ST0: PING_STATUS
25-06-17 15:12:22.525 I: ST0: READ
25-06-17 15:12:22.526 I: C0: CCI=0x80000800
25-06-17 15:12:22.528 I: ST0: IDLE
25-06-17 15:12:22.530 I: C0: Attached.SNK
25-06-17 15:12:22.532 I: C0: SendCmdStart
25-06-17 15:12:22.534 I: C0: SendCmdWait
25-06-17 15:12:22.536 I: ST0: WRITE GET_PDOS
25-06-17 15:12:22.538 I: ST0: PING_STATUS
25-06-17 15:12:22.557 I: ST0: READ
25-06-17 15:12:22.559 I: C0: CCI=0x80001000
25-06-17 15:12:22.562 I: ST0: IDLE
25-06-17 15:12:22.564 I: C0: Attached.SNK
25-06-17 15:12:22.566 I: C0: SendCmdStart
25-06-17 15:12:22.569 I: C0: SendCmdWait
25-06-17 15:12:22.570 I: ST0: WRITE GET_PDOS
25-06-17 15:12:22.572 I: ST0: PING_STATUS
25-06-17 15:12:22.591 I: C0: CCI=0x80000000
25-06-17 15:12:22.593 I: ST0: IDLE
25-06-17 15:12:22.594 I: C0: Attached.SNK
25-06-17 15:12:22.621 I: C0: SendCmdStart
25-06-17 15:12:22.623 I: C0: SendCmdWait
25-06-17 15:12:22.626 I: ST0: WRITE READ_POWER_LEVEL
25-06-17 15:12:22.629 I: ST0: PING_STATUS
25-06-17 15:12:22.648 I: C0: CCI=0x80000000
25-06-17 15:12:22.650 I: ST0: IDLE
25-06-17 15:12:22.652 I: C0: Attached.SNK
25-06-17 15:12:22.654 I: IS_RDO_VALID: status=1, power_op_mode=3, RDO_POS=1
25-06-17 15:12:22.658 I: Available charging on C0
25-06-17 15:12:22.661 I:   PDO: 0801912c
25-06-17 15:12:22.663 I:   V: 5000
25-06-17 15:12:22.664 I:   C: 3000
25-06-17 15:12:22.665 I:   P: 15000
25-06-17 15:12:22.667 [1.183380 Seeding initial chargeI:  supplier, port pd0, supplier 0]
25-06-17 15:12:22.675 c_power_mgmt_set_active_charge_port: charge_port=ec:~> 0
25-06-17 15:12:22.679 [1.196289 CL: p0I: IS_RDO_VALID: status= s0 i3000 v5000]1, power_op_mode=
25-06-17 15:12:22.687 ec:~> 3, RDO_POS=1
25-06-17 15:12:22.689 I: IS_RDO_VALID: status=1, power_op_mode=3, RDO_POS=1
25-06-17 15:12:22.694 I: pdc_power_mgmt_set_new_power_request: port=0
25-06-17 15:12:22.699 I: C0: sink_path_mask=0x1, selected_port=0, enable=1
25-06-17 15:12:22.704 I: C0: SendCmdStart
25-06-17 15:12:22.707 I: C0: SendCmdWait
25-06-17 15:12:22.708 I: ST0: WRITE GET_CABLE_PROPERTY
25-06-17 15:12:22.710 I: ST0: PING_STATUS
25-06-17 15:12:22.713 [1.230468 power state 1 = S5, in 0x0037]
25-06-17 15:12:22.717 ec:~> [1.231689 power state 6 = S5->S3, in 0x0037]
25-06-17 15:12:22.722 ec:~> [1.232757 Set ec_pmic_en_odl_r: 1]
25-06-17 15:12:22.727 ec:~> I: ST0: READ
25-06-17 15:12:22.730 I: C0: CCI=0x80000500
25-06-17 15:12:22.733 I: ST0: IDLE
25-06-17 15:12:22.735 I: C0: Attached.SNK
25-06-17 15:12:22.742 I: C0: IRQ
25-06-17 15:12:22.744 I: C0: CCI=0x10002
25-06-17 15:12:22.745 I: C0: SendCmdStart
25-06-17 15:12:22.748 I: C0: SendCmdWait
25-06-17 15:12:22.750 I: ST0: WRITE GET_CONNECTOR_STATUS
25-06-17 15:12:22.753 I: ST0: PING_STATUS
25-06-17 15:12:22.766 [1.283935 Set ec_pmic_en_odl_r: 0]
25-06-17 15:12:22.770 ec:~> I: ST0: READ
25-06-17 15:12:22.774 I: C0: CCI=0x80001300
25-06-17 15:12:22.776 I: ST0: IDLE
25-06-17 15:12:22.778 I: C0: Attached.SNK
25-06-17 15:12:22.804 I: C0: SendCmdStart
25-06-17 15:12:22.806 I: Command (PDC_SET_AP_POWER_STATE) not implemented
25-06-17 15:12:22.812 I: C0: Attached.SNK
25-06-17 15:12:22.817 [1.335296 Set ec_pmic_en_odl_r: 1]
25-06-17 15:12:22.821 ec:~> [1.336578 Set ec_ap_sys_rst_odl: 1]
25-06-17 15:12:22.826 ec:~> I: C0: sink_path_mask=0x1, selected_port=0, enable=1
25-06-17 15:12:22.892 I: C0: SendCmdStart
25-06-17 15:12:22.894 I: C0: SendCmdWait
25-06-17 15:12:22.896 I: ST0: WRITE GET_CABLE_PROPERTY
25-06-17 15:12:22.899 I: ST0: PING_STATUS
25-06-17 15:12:22.919 I: ST0: READ
25-06-17 15:12:22.921 I: C0: CCI=0x80000500
25-06-17 15:12:22.923 I: ST0: IDLE
25-06-17 15:12:22.924 I: C0: Attached.SNK
25-06-17 15:12:22.938 I: PD:S5->S3
25-06-17 15:12:22.939 [1.458465 Handle sleep: 0]
25-06-17 15:12:22.943 ec:~> [1.4595I64 power state 3:  = S3, in 0x00PD:S3->S0
25-06-17 15:12:22.950 16]
25-06-17 15:12:22.951 ec:~> [1.460418 power state 7 = S3->S0, in 0x0016]
25-06-17 15:12:22.957 ec:~> [1.461608 Motion pre-resume; loops 1; last 1117 ms ago; a=0x7, s=0x0]
25-06-17 15:12:22.963 ec:~> [1.467498 power state 4 = S0, in 0x0016]
25-06-17 15:12:22.969 ec:~> [1.470886 alt-lid-accel: 0: init failed: 1]
25-06-17 15:12:22.974 ec:~> [1.489257 base-accel: MS Done Init type:0x0 range:2]
25-06-17 15:12:22.979 ec:I: C~> [1.4930: PDO438 base-gyro: M1: S Done Init type0801912c, :0x1 range:1000]5000 
25-06-17 15:12:22.986 ec:~> 3000 15000
25-06-17 15:12:22.988 I: C0: PDO2: 0002d12c, 9000 3000 27000
25-06-17 15:12:22.991 I: C0: PDO3: 0004b12c, 15000 3000 45000
25-06-17 15:12:22.995 I: C0: PDO4: 00064145, 20000 3250 65000
25-06-17 15:12:22.998 I: C0: PDO5: 00000000, 0 0 0
25-06-17 15:12:23.001 I: C0: PDO6: 00000000, 0 0 0
25-06-17 15:12:23.003 I: C0: PDO7: 00000000, 0 0 0
25-06-17 15:12:23.008 [1.527740 base-accel ODR: 10000 INT: UNCHANGED - roundup 1 from config 1 [AP 0]: 0]
25-06-17 15:12:23.018 ec:~> [1.534088 base-gyro ODR: 0 INT: UNCHANGED - roundup 0 from config 0 [AP 0]: 0]
25-06-17 15:12:23.027 ec:~> I: C0: SendCmdStart
25-06-17 15:12:23.032 I: C0: SendCmdWait
25-06-17 15:12:23.035 I: ST0: WRITE READ_POWER_LEVEL
25-06-17 15:12:23.038 I: ST0: PING_STATUS
25-06-17 15:12:23.057 I: C0: CCI=0x80000000
25-06-17 15:12:23.059 I: ST0: IDLE
25-06-17 15:12:23.061 I: C0: Attached.SNK
25-06-17 15:12:23.063 I: IS_RDO_VALID: status=1, power_op_mode=3, RDO_POS=1
25-06-17 15:12:23.068 I: Available charging on C0
25-06-17 15:12:23.071 I:   PDO: 0801912c
25-06-17 15:12:23.073 I:   V: 5000
25-06-17 15:12:23.075 I:   C: 3000
25-06-17 15:12:23.075 I:   P: 15000
25-06-17 15:12:23.100 I: C0: sink_path_mask=0x1, selected_port=0, enable=1
25-06-17 15:12:23.129 I: C0: SendCmdStart
25-06-17 15:12:23.132 I: C0: SendCmdWait
25-06-17 15:12:23.134 I: ST0: WRITE GET_CABLE_PROPERTY
25-06-17 15:12:23.136 I: ST0: PING_STATUS
25-06-17 15:12:23.156 I: ST0: READ
25-06-17 15:12:23.158 I: C0: CCI=0x80000500
25-06-17 15:12:23.160 I: ST0: IDLE
25-06-17 15:12:23.161 I: C0: Attached.SNK
25-06-17 15:12:23.163 I: C0: IRQ
25-06-17 15:12:23.165 I: C0: CCI=0x10002
25-06-17 15:12:23.168 I: C0: SendCmdStart
25-06-17 15:12:23.170 I: C0: SendCmdWait
25-06-17 15:12:23.172 I: ST0: WRITE GET_CONNECTOR_STATUS
25-06-17 15:12:23.176 I: ST0: PING_STATUS
25-06-17 15:12:23.193 I: ST0: READ
25-06-17 15:12:23.196 I: C0: CCI=0x80001300
25-06-17 15:12:23.198 I: ST0: IDLE
25-06-17 15:12:23.199 I: C0: Attached.SNK
25-06-17 15:12:23.396 [1.916992 power state 4 = S0, in 0x0010]
25-06-17 15:12:23.402 ec:~> 4 signal changes:
25-06-17 15:12:24.394 ec:~>   1.230102  +0.000000  pg_pp3700_s5_od => 1
25-06-17 15:12:24.401 ec:~>   1.456634  +0.226532  pmic_ec_resetb => 1
25-06-17 15:12:24.407 ec:~>   1.456970  +0.000336  ap_ec_sysrst_odl => 1
25-06-17 15:12:24.415 ec:~>   1.916687  +0.459717  ap_in_sleep_l => 1
25-06-17 15:12:24.420 ec:~> I: PD: AP is ON: apply 'startup' followed by 'resume'
25-06-17 15:12:24.940 I: C0: pdc_power_mgmt_set_dual_role: set role to 1
25-06-17 15:12:24.947 I: C0: Setting AP power state to S0
25-06-17 15:12:24.952 I: C0: pdc_power_mgmt_set_dual_role: set role to 3
25-06-17 15:12:24.959 I: C1: pdc_power_mgmt_set_dual_role: set role I: C0: SendCmdStart
25-06-17 15:12:24.971 I: Command (PDC_SET_AP_POWER_STATE) not implemented
25-06-17 15:12:24.977 I: C0: Attached.SNK
25-06-17 15:12:24.979 to 1
25-06-17 15:12:24.980 I: C1: Setting AP power state to S0
25-06-17 15:12:24.985 I: C1: pdc_power_mgmt_set_dual_role: set role to 3
25-06-17 15:12:24.991 I: C1: SendCmdStart
25-06-17 15:12:24.994 I: Command (PDC_SET_AP_POWER_STATE) not implemented
25-06-17 15:12:25.001 I: C1: Unattached
25-06-17 15:12:25.016 I: C0: SendCmdStart
25-06-17 15:12:25.019 I: C0: SendCmdWait
25-06-17 15:12:25.021 I: ST0: WRITE SET_PDR
25-06-17 15:12:25.024 I: ST0: PING_STATUS
25-06-17 15:12:25.027 I: C1: SendCmdStart
25-06-17 15:12:25.032 I: C1: SendCmdWait
25-06-17 15:12:25.033 I: ST1: WRITE SET_DRP_MODE
25-06-17 15:12:25.036 I: ST1: PING_STATUS
25-06-17 15:12:25.042 I: C0: CCI=0x80000000
25-06-17 15:12:25.045 I: ST0: IDLE
25-06-17 15:12:25.047 I: C0: Attached.SNK
25-06-17 15:12:25.049 I: C0: SendCmdStart
25-06-17 15:12:25.051 I: C0: SendCmdWait
25-06-17 15:12:25.054 I: ST0: WRITE GET_CONNECTOR_STATUS
25-06-17 15:12:25.058 I: ST0: PING_STATUS
25-06-17 15:12:25.060 I: C1: CCI=0x10000000
25-06-17 15:12:25.075 I: ST0: READ
25-06-17 15:12:25.078 I: C0: CCI=0x80001300
25-06-17 15:12:25.080 I: ST0: IDLE
25-06-17 15:12:25.083 I: C0: Attached.SNK
25-06-17 15:12:25.085 I: C1: CCI=0x80000000
25-06-17 15:12:25.088 I: ST1: IDLE
25-06-17 15:12:25.089 I: C1: Unattached
25-06-17 15:12:25.091 I: C1: SendCmdStart
25-06-17 15:12:25.092 I: C1: SendCmdWait
25-06-17 15:12:25.094 I: ST1: WRITE SET_CCOM
25-06-17 15:12:25.097 I: ST1: PING_STATUS
25-06-17 15:12:25.113 I: C1: CCI=0x80000000
25-06-17 15:12:25.116 I: ST1: IDLE
25-06-17 15:12:25.117 I: C1: Unattached
25-06-17 15:12:34.226 ![12.796813 USB port p0 4]
25-06-17 15:12:34.230 I: C0: pdc_power_mgmt_set_dual_role: set role to 0
25-06-17 15:12:34.232 I: C1: pdc_power_mgmt_set_dual_role: set role to 0
25-06-17 15:12:34.237 I: C1: SendCmdStart
25-06-17 15:12:34.239 I: C1: SendCmdWait
25-06-17 15:12:34.241 I: ST1: WRITE SET_CCOM
25-06-17 15:12:34.243 I: ST1: PING_STATUS
25-06-17 15:12:34.246 I: C0: SendCmdStart
25-06-17 15:12:34.248 I: C0: SendCmdWait
25-06-17 15:12:34.250 I: ST0: WRITE SET_PDR
25-06-17 15:12:34.252 I: ST0: PING_STATUS
25-06-17 15:12:34.263 I: C1: CCI=0x10000000
25-06-17 15:12:34.272 I: C0: CCI=0x80000000
25-06-17 15:12:34.274 I: ST0: IDLE
25-06-17 15:12:34.276 I: C0: Attached.SNK
25-06-17 15:12:34.278 I: C0: SendCmdStart
25-06-17 15:12:34.281 I: C0: SendCmdWait
25-06-17 15:12:34.282 I: ST0: WRITE GET_CONNECTOR_STATUS
25-06-17 15:12:34.285 I: ST0: PING_STATUS
25-06-17 15:12:34.287 I: C1: CCI=0x80000000
25-06-17 15:12:34.290 I: ST1: IDLE
25-06-17 15:12:34.291 I: C1: Unattached
25-06-17 15:12:34.304 I: ST0: READ
25-06-17 15:12:34.306 I: C0: CCI=0x80001300
25-06-17 15:12:34.309 I: ST0: IDLE
25-06-17 15:12:34.311 I: C0: Attached.SNK
25-06-17 15:12:34.316 I: C1: SendCmdStart
25-06-17 15:12:34.318 I: C1: SendCmdWait
25-06-17 15:12:34.320 I: ST1: WRITE SET_DRP_MODE
25-06-17 15:12:34.322 I: ST1: PING_STATUS
25-06-17 15:12:34.343 I: C1: CCI=0x80000000
25-06-17 15:12:34.346 I: ST1: IDLE
25-06-17 15:12:34.347 I: C1: Unattached
25-06-17 15:12:35.430 AP_FW 300
25-06-17 15:12:35.433 ec:~> [18.088989 Handle sleep: 0]
25-06-17 15:12:39.498 ec:~> [18.105499 event set 0x0000000000200000]
25-06-17 15:12:39.514 ec:~> [18.119018 event set 0x000000000![18.122528 USB port p0 0]
25-06-17 15:12:39.529 ![18.125335 USB port p0 4]
25-06-17 15:12:39.531 I: C0: pdc_power_mgmt_set_dual_role: set role to 0
25-06-17 15:12:39.536 I: C1: pdc_power_mgmt_set_dual_role: set role to 0
25-06-17 15:12:39.540 0200000]
25-06-17 15:12:39.542 ec:~> I: C0: SendCmdStart
25-06-17 15:12:39.544 I: C0: SendCmdWait
25-06-17 15:12:39.547 I: C1: SendCmdStart
25-06-17 15:12:39.549 I: C1: SendCmdWait
25-06-17 15:12:39.551 I: ST0: WRITE SET_PDR
25-06-17 15:12:39.553 I: ST1: WRITE SET_CCOM
25-06-17 15:12:39.555 I: ST0: PING_STATUS
25-06-17 15:12:39.556 I: ST1: PING_STATUS
25-06-17 15:12:39.573 I: C0: CCI=0x80000000
25-06-17 15:12:39.575 I: ST0: IDLE
25-06-17 15:12:39.577 I: C0: Attached.SNK
25-06-17 15:12:39.579 I: C0: SendCmdStart
25-06-17 15:12:39.581 I: C0: SendCmdWait
25-06-17 15:12:39.582 I: C1: CCI=0x10000000
25-06-17 15:12:39.584 I: ST0: WRITE GET_CONNECTOR_STATUS
25-06-17 15:12:39.587 I: ST0: PING_STATUS
25-06-17 15:12:39.604 I: C1: CCI=0x80000000
25-06-17 15:12:39.606 I: ST1: IDLE
25-06-17 15:12:39.608 I: C1: Unattached
25-06-17 15:12:39.609 I: ST0: READ
25-06-17 15:12:39.611 I: C0: CCI=0x80001300
25-06-17 15:12:39.614 I: ST0: IDLE
25-06-17 15:12:39.616 I: C0: Attached.SNK
25-06-17 15:12:39.629 I: ST0: WRITE RAW:GET_CAPABILITY
25-06-17 15:12:39.633 I: ST0: PING_STATUS
25-06-17 15:12:39.635 I: C1: SendCmdStart
25-06-17 15:12:39.637 I: C1: SendCmdWait
25-06-17 15:12:39.638 I: ST1: WRITE SET_DRP_MODE
25-06-17 15:12:39.641 I: ST1: PING_STATUS
25-06-17 15:12:39.653 I: ST0: READ
25-06-17 15:12:39.655 I: C0: CCI=0x80001000
25-06-17 15:12:39.657 I: ST0: IDLE
25-06-17 15:12:39.659 [18.255523 event set 0x000000000I: C0200000]
25-06-17 15:12:39.663 ec:~> 1: CCI=0x80000000
25-06-17 15:12:39.665 I: ST1: IDLE
25-06-17 15:12:39.667 I: C1: Unattached
25-06-17 15:12:39.671 [18.268035 event set 0x0000000000200000]
25-06-17 15:12:39.675 ec:~> I: ST0: WRITE RAW:GET_CONNECTOR_CAPABILITY
25-06-17 15:12:39.680 I: ST0: PING_STATUS
25-06-17 15:12:39.700 I: ST0: READ
25-06-17 15:12:39.702 I: C0: CCI=0x80000400
25-06-17 15:12:39.704 I: ST0: IDLE
25-06-17 15:12:39.705 [18.302551 event set 0x0000000000200000]
25-06-17 15:12:39.710 ec:~> [18.307983 event set 0x0000000000200000]
25-06-17 15:12:39.715 ec:~> [18.313568 event set 0x0000000000200000]
25-06-17 15:12:39.721 ec:~> [18.446075 event set 0x0000000000200000]
25-06-17 15:12:39.854 ec:~> [18.451293 event set 0x0000000000200000]
25-06-17 15:12:39.858 ec:~> [18.476104 event set 0x0000000000200000]
25-06-17 15:12:39.884 ec:~> [18.481201 event set 0x0000000000200000]
25-06-17 15:12:39.891 ec:~> I: ST0: WRITE RAW:GET_CAPABILITY
25-06-17 15:12:39.894 I: ST0: PING_STATUS
25-06-17 15:12:39.912 I: ST0: READ
25-06-17 15:12:39.913 I: C0: CCI=0x80001000
25-06-17 15:12:39.916 I: ST0: IDLE
25-06-17 15:12:39.918 [18.515258 event set 0x0000000000200000]
25-06-17 15:12:39.923 ec:~> [18.520782 event set 0x0000000000200000]
25-06-17 15:12:39.930 ec:~> I: ST0: WRITE RAW:GET_CONNECTOR_CAPABILITY
25-06-17 15:12:39.934 I: ST0: PING_STATUS
25-06-17 15:12:39.952 I: ST0: READ
25-06-17 15:12:39.953 I: C0: CCI=0x80000400
25-06-17 15:12:39.956 I: ST0: IDLE
25-06-17 15:12:39.957 [18.555358 event set 0x0000000000200000]
25-06-17 15:12:39.962 ec:~> [18.560791 event set 0x0000000000200000]
25-06-17 15:12:39.967 ec:~> [18.566314 event set 0x0000000000200000]
25-06-17 15:12:39.972 ec:~> [18.695251 event set 0x0000000000200000]
25-06-17 15:12:40.102 ec:~> [18.700531 event set 0x0000000000200000]
25-06-17 15:12:40.106 ec:~> [18.725280 event set 0x0000000000200000]
25-06-17 15:12:40.130 ec:~> [18.730377 event set 0x0000000000200000]
25-06-17 15:12:40.136 ec:~> I: ST0: WRITE RAW:GET_CAPABILITY
25-06-17 15:12:40.139 I: ST0: PING_STATUS
25-06-17 15:12:40.159 I: ST0: READ
25-06-17 15:12:40.161 I: C0: CCI=0x80001000
25-06-17 15:12:40.163 I: ST0: IDLE
25-06-17 15:12:40.165 [18.764373 event set 0x0000000000200000]
25-06-17 15:12:40.169 ec:~> [18.769775 event set 0x0000000000200000]
25-06-17 15:12:40.175 ec:~> I: ST0: WRITE RAW:GET_CONNECTOR_CAPABILITY
25-06-17 15:12:40.179 I: ST0: PING_STATUS
25-06-17 15:12:40.200 I: ST0: READ
25-06-17 15:12:40.201 I: C0: CCI=0x80000400
25-06-17 15:12:40.203 I: ST0: IDLE
25-06-17 15:12:40.205 [18.804321 event set 0x0000000000200000]
25-06-17 15:12:40.210 ec:~> [18.809783 event set 0x0000000000200000]
25-06-17 15:12:40.214 ec:~> [18.815429 event set 0x0000000000200000]
25-06-17 15:12:40.220 ec:~> [18.945373 event set 0x0000000000200000]
25-06-17 15:12:40.352 ec:~> [18.950866 event set 0x0000000000200000]
25-06-17 15:12:40.355 ec:~> [18.975433 event set 0x0000000000200000]
25-06-17 15:12:40.380 ec:~> [18.980529 event set 0x0000000000200000]
25-06-17 15:12:40.385 ec:~> I: ST0: WRITE RAW:GET_CAPABILITY
25-06-17 15:12:40.388 I: ST0: PING_STATUS
25-06-17 15:12:40.409 I: ST0: READ
25-06-17 15:12:40.410 I: C0: CCI=0x80001000
25-06-17 15:12:40.413 I: ST0: IDLE
25-06-17 15:12:40.414 [19.014678 event set 0x0000000000200000]
25-06-17 15:12:40.418 ec:~> [19.020141 event set 0x0000000000200000]
25-06-17 15:12:40.425 ec:~> I: ST0: WRITE RAW:GET_CONNECTOR_CAPABILITY
25-06-17 15:12:40.429 I: ST0: PING_STATUS
25-06-17 15:12:40.449 I: ST0: READ
25-06-17 15:12:40.450 I: C0: CCI=0x80000400
25-06-17 15:12:40.452 I: ST0: IDLE
25-06-17 15:12:40.454 [19.054656 event set 0x0000000000200000]
25-06-17 15:12:40.459 ec:~> [19.060058 event set 0x0000000000200000]
25-06-17 15:12:40.464 ec:~> [19.065948 event set 0x0000000000200000]
25-06-17 15:12:40.469 ec:~> [19.193542 event set 0x0000000000200000]
25-06-17 15:12:40.598 ec:~> [19.198272 event set 0x0000000000200000]
25-06-17 15:12:40.602 ec:~> [19.223632 event set 0x0000000000200000]
25-06-17 15:12:40.627 ec:~> [19.229187 event set 0x0000000000200000]
25-06-17 15:12:40.632 ec:~> I: ST0: WRITE RAW:GET_CAPABILITY
25-06-17 15:12:40.635 I: ST0: PING_STATUS
25-06-17 15:12:40.656 I: ST0: READ
25-06-17 15:12:40.658 I: C0: CCI=0x80001000
25-06-17 15:12:40.660 I: ST0: IDLE
25-06-17 15:12:40.661 [19.263153 event set 0x0000000000200000]
25-06-17 15:12:40.666 ec:~> [19.268585 event set 0x0000000000200000]
25-06-17 15:12:40.671 ec:~> I: ST0: WRITE RAW:GET_CONNECTOR_CAPABILITY
25-06-17 15:12:40.676 I: ST0: PING_STATUS
25-06-17 15:12:40.696 I: ST0: READ
25-06-17 15:12:40.697 I: C0: CCI=0x80000400
25-06-17 15:12:40.700 I: ST0: IDLE
25-06-17 15:12:40.701 [19.303131 event set 0x0000000000200000]
25-06-17 15:12:40.706 ec:~> [19.308807 event set 0x0000000000200000]
25-06-17 15:12:40.712 ec:~> I: ST0: WRITE RAW:GET_PDOS
25-06-17 15:12:40.714 I: ST0: PING_STATUS
25-06-17 15:12:40.735 I: ST0: READ
25-06-17 15:12:40.736 I: C0: CCI=0x80000400
25-06-17 15:12:40.738 I: ST0: IDLE
25-06-17 15:12:40.740 [19.342071 event set 0x0000000000200000]
25-06-17 15:12:40.744 ec:~> [19.347503 event set 0x0000000000200000]
25-06-17 15:12:40.750 ec:~> I: ST0: WRITE RAW:GET_PDOS
25-06-17 15:12:40.753 I: ST0: PING_STATUS
25-06-17 15:12:40.773 I: ST0: READ
25-06-17 15:12:40.775 I: C0: CCI=0x80000c00
25-06-17 15:12:40.778 I: ST0: IDLE
25-06-17 15:12:40.778 [19.380950 event set 0x0000000000200000]
25-06-17 15:12:40.783 ec:~> [19.386596 event set 0x0000000000200000]
25-06-17 15:12:40.789 ec:~> I: ST0: WRITE RAW:GET_ALTERNATE_MODES
25-06-17 15:12:40.793 I: ST0: PING_STATUS
25-06-17 15:12:40.813 I: ST0: READ
25-06-17 15:12:40.815 I: C0: CCI=0x80000600
25-06-17 15:12:40.817 I: ST0: IDLE
25-06-17 15:12:40.818 [19.420806 event set 0x0000000000200000]
25-06-17 15:12:40.823 ec:~> [19.426239 event set 0x0000000000200000]
25-06-17 15:12:40.828 ec:~> [19.430877 event set 0x0000000000200000]
25-06-17 15:12:40.833 ec:~> [19.436584 event set 0x0000000000200000]
25-06-17 15:12:40.838 ec:~> I: ST0: WRITE RAW:GET_PD_MESSAGE
25-06-17 15:12:40.842 I: ST0: PING_STATUS
25-06-17 15:12:40.862 I: ST0: READ
25-06-17 15:12:40.865 I: C0: CCI=0x80001c00
25-06-17 15:12:40.867 I: ST0: IDLE
25-06-17 15:12:40.868 [19.470916 event set 0x0000000000200000]
25-06-17 15:12:40.873 ec:~> [19.476379 event set 0x0000000000200000]
25-06-17 15:12:40.879 ec:~> I: ST0: WRITE RAW:GET_CABLE_PROPERTY
25-06-17 15:12:40.882 I: ST0: PING_STATUS
25-06-17 15:12:40.902 I: ST0: READ
25-06-17 15:12:40.904 I: C0: CCI=0x80000500
25-06-17 15:12:40.906 I: ST0: IDLE
25-06-17 15:12:40.907 [19.510528 event set 0x0000000000200000]
25-06-17 15:12:40.912 ec:~> [19.515960 event set 0x0000000000200000]
25-06-17 15:12:40.917 ec:~> I: ST0: WRITE RAW:GET_PD_MESSAGE
25-06-17 15:12:40.921 I: ST0: PING_STATUS
25-06-17 15:12:40.941 I: ST0: READ
25-06-17 15:12:40.943 I: C0: CCI=0x80001c00
25-06-17 15:12:40.946 I: ST0: IDLE
25-06-17 15:12:40.947 [19.550231 event set 0x0000000000200000]
25-06-17 15:12:40.952 ec:~> [19.555694 event set 0x0000000000200000]
25-06-17 15:12:40.957 ec:~> I: ST0: WRITE RAW:GET_ALTERNATE_MODES
25-06-17 15:12:40.961 I: ST0: PING_STATUS
25-06-17 15:12:40.981 I: ST0: READ
25-06-17 15:12:40.983 I: C0: CCI=0x80000600
25-06-17 15:12:40.985 I: ST0: IDLE
25-06-17 15:12:40.987 [19.589965 event set 0x0000000000200000]
25-06-17 15:12:40.991 ec:~> [19.595397 event set 0x0000000000200000]
25-06-17 15:12:40.997 ec:~> I: ST0: WRITE RAW:GET_PDOS
25-06-17 15:12:41.000 I: ST0: PING_STATUS
25-06-17 15:12:41.020 I: ST0: READ
25-06-17 15:12:41.022 I: C0: CCI=0x80001000
25-06-17 15:12:41.024 I: ST0: IDLE
25-06-17 15:12:41.025 [19.628967 event set 0x0000000000200000]
25-06-17 15:12:41.030 ec:~> [19.634613 event set 0x0000000000200000]
25-06-17 15:12:41.036 ec:~> I: ST0: WRITE RAW:GET_PDOS
25-06-17 15:12:41.039 I: ST0: PING_STATUS
25-06-17 15:12:41.059 I: C0: CCI=0x80000000
25-06-17 15:12:41.062 I: ST0: IDLE
25-06-17 15:12:41.063 [19.666259 event set 0x0000000000200000]
25-06-17 15:12:41.068 ec:~> [19.671661 event set 0x0000000000200000]
25-06-17 15:12:41.073 ec:~> I: ST0: WRITE RAW:GET_ALTERNATE_MODES
25-06-17 15:12:41.077 I: ST0: PING_STATUS
25-06-17 15:12:41.097 I: ST0: READ
25-06-17 15:12:41.098 I: C0: CCI=0x80000600
25-06-17 15:12:41.101 I: ST0: IDLE
25-06-17 15:12:41.102 [19.705871 event set 0x0000000000200000]
25-06-17 15:12:41.107 ec:~> [19.711517 event set 0x0000000000200000]
25-06-17 15:12:41.113 ec:~> I: ST0: WRITE RAW:GET_PDOS
25-06-17 15:12:41.116 I: ST0: PING_STATUS
25-06-17 15:12:41.136 I: ST0: READ
25-06-17 15:12:41.137 I: C0: CCI=0x80001000
25-06-17 15:12:41.140 I: ST0: IDLE
25-06-17 15:12:41.141 [19.745056 event set 0x0000000000200000]
25-06-17 15:12:41.146 ec:~> [19.750762 event set 0x0000000000200000]
25-06-17 15:12:41.151 ec:~> I: ST0: WRITE RAW:GET_PDOS
25-06-17 15:12:41.154 I: ST0: PING_STATUS
25-06-17 15:12:41.175 I: C0: CCI=0x80000000
25-06-17 15:12:41.177 I: ST0: IDLE
25-06-17 15:12:41.178 [19.782379 event set 0x0000000000200000]
25-06-17 15:12:41.183 ec:~> [19.788055 event set 0x0000000000200000]
25-06-17 15:12:41.189 ec:~> I: ST1: WRITE RAW:GET_CONNECTOR_CAPABILITY
25-06-17 15:12:41.194 I: ST1: PING_STATUS
25-06-17 15:12:41.213 I: C1: CCI=0x10000000
25-06-17 15:12:41.235 I: ST1: READ
25-06-17 15:12:41.237 I: C1: CCI=0x80000400
25-06-17 15:12:41.239 I: ST1: IDLE
25-06-17 15:12:41.240 [19.845031 event set 0x0000000000200000]
25-06-17 15:12:41.245 ec:~> [19.850555 event set 0x0000000000200000]
25-06-17 15:12:41.251 ec:~> I: ST1: WRITE RAW:GET_PDOS
25-06-17 15:12:41.254 I: ST1: PING_STATUS
25-06-17 15:12:41.274 I: ST1: READ
25-06-17 15:12:41.275 I: C1: CCI=0x80000400
25-06-17 15:12:41.278 I: ST1: IDLE
25-06-17 15:12:41.279 [19.883789 event set 0x0000000000200000]
25-06-17 15:12:41.284 ec:~> [19.889190 event set 0x0000000000200000]
25-06-17 15:12:41.289 ec:~> I: ST1: WRITE RAW:GET_PDOS
25-06-17 15:12:41.292 I: ST1: PING_STATUS
25-06-17 15:12:41.312 I: ST1: READ
25-06-17 15:12:41.314 I: C1: CCI=0x80000c00
25-06-17 15:12:41.316 I: ST1: IDLE
25-06-17 15:12:41.318 [19.922607 event set 0x0000000000200000]
25-06-17 15:12:41.322 ec:~> [19.928131 event set 0x0000000000200000]
25-06-17 15:12:41.328 ec:~> I: ST1: WRITE RAW:GET_ALTERNATE_MODES
25-06-17 15:12:41.332 I: ST1: PING_STATUS
25-06-17 15:12:41.352 I: ST1: READ
25-06-17 15:12:41.354 I: C1: CCI=0x80000600
25-06-17 15:12:41.356 I: ST1: IDLE
25-06-17 15:12:41.357 [19.962371 event set 0x0000000000200000]
25-06-17 15:12:41.362 ec:~> [19.967895 event set 0x0000000000200000]
25-06-17 15:12:41.368 ec:~> [19.972381 event set 0x0000000000200000]
25-06-17 15:12:41.372 ec:~> [19.978118 event set 0x0000000000200000]
25-06-17 15:12:41.378 ec:~> [19.982696 event set 0x0000000000200000]
25-06-17 15:12:41.383 ec:~> [19.987640 event set 0x0000000000200000]
25-06-17 15:12:41.388 ec:~> I: ST0: WRITE RAW:GET_PDOS
25-06-17 15:12:41.894 I: ST0: PING_STATUS
25-06-17 15:12:41.912 I: ST0: READ
25-06-17 15:12:41.913 I: C0: CCI=0x80001000
25-06-17 15:12:41.916 I: ST0: IDLE
25-06-17 15:12:41.917 [20.524536 event set 0x0000000000200000]
25-06-17 15:12:41.922 ec:~> [20.530151 event set 0x0000000000200000]
25-06-17 15:12:41.927 ec:~> I: ST0: WRITE RAW:GET_PDOS
25-06-17 15:12:41.930 I: ST0: PING_STATUS
25-06-17 15:12:41.950 I: C0: CCI=0x80000000
25-06-17 15:12:41.952 I: ST0: IDLE
25-06-17 15:12:41.954 [20.561767 event set 0x0000000000200000]
25-06-17 15:12:41.958 ec:~> [20.567230 event set 0x0000000000200000]
25-06-17 15:12:41.964 ec:~> I: ST0: WRITE RAW:GET_ALTERNATE_MODES
25-06-17 15:12:41.968 I: ST0: PING_STATUS
25-06-17 15:12:41.988 I: ST0: READ
25-06-17 15:12:41.990 I: C0: CCI=0x80000600
25-06-17 15:12:41.992 I: ST0: IDLE
25-06-17 15:12:41.993 [20.601470 event set 0x0000000000200000]
25-06-17 15:12:41.998 ec:~> [20.607086 event set 0x0000000000200000]
25-06-17 15:12:42.004 ec:~> ![0.011932 CBI Reading board info]
25-06-17 15:14:50.535 I: ST0: INIT
25-06-17 15:14:50.536 I: C0: Realtek RTS545x PDC DRIVER
25-06-17 15:14:50.537 I: ST1: INIT
25-06-17 15:14:50.538 I: C1: Realtek RTS545x PDC DRIVER
25-06-17 15:14:50.542 I: C0: PDC Init
25-06-17 15:14:50.545 I: C0: pdc_power_mgmt_set_dual_role: set role to 3
25-06-17 15:14:50.550 I: C1: PDC Init
25-06-17 15:14:50.553 I: C1: pdc_power_mgmt_set_dual_role: set role to 3
25-06-17 15:14:50.558 I: PPM driver found 2 USB-C ports
25-06-17 15:14:50.561 *** Booting Zephyr OS build 4.1.99 ***
25-06-17 15:14:50.565 !
25-06-17 15:14:50.566 !
25-06-17 15:14:50.567 --- UART initialized after reboot ---
25-06-17 15:14:50.570 ![Image: RO, anakin-proto-482af3d 2025-06-04 09:36:23 wjh@wjh]
25-06-17 15:14:50.576 ![Reset cause: !reset-pin! !power-on!]
25-06-17 15:14:50.579 ![0.058227 KB Custom=1 Keypad=1 Vivaldi=0]
25-06-17 15:14:50.581 ![0.064636 KB boot keys: 0x0]
25-06-17 15:14:50.585 ![0.067382 init buttons]
25-06-17 15:14:50.586 ![0.069885 boot buttons: 0x0]
25-06-17 15:14:50.589 ![0.072601 VB Main]
25-06-17 15:14:50.592 ![0.074462 VB Ping Cr50]
25-06-17 15:14:50.594 
25-06-17 15:14:50.594 ec:~> [0.078338 hash start 0x00060000 0x0003cc3c]
25-06-17 15:14:50.600 ec:~> [0.195098 hash done 5335428d288ccc871cce4efea1dc3125ec9e2d2db2abf788570bc29493d4d1fe]
25-06-17 15:14:50.720 ec:~> [0.196655 VB Verifying hash]
25-06-17 15:14:50.724 ec:~> μμμμμμμμμμμμμμμμμμμμμμμμμμμμμμμμEC S5B(Μ‡ΞNώ΅ά1%μ--²«χWΒ”“ΤΡώ
25-06-17 15:14:50.733 ec:~> [0.217834 VB Received 0xec00]
25-06-17 15:14:50.737 ec:~> [0.219024 Jumping to image RW (0x0010000a)]
25-06-17 15:14:50.743 ec:~> ![0.011993 CBI Reading board info]
25-06-17 15:14:50.775 I: ST0: INIT
25-06-17 15:14:50.776 I: C0: Realtek RTS545x PDC DRIVER
25-06-17 15:14:50.780 I: ST1: INIT
25-06-17 15:14:50.782 I: C1: Realtek RTS545x PDC DRIVER
25-06-17 15:14:50.785 I: C0: PDC Init
25-06-17 15:14:50.787 I: C0: pdc_power_mgmt_set_dual_role: set role to 3
25-06-17 15:14:50.792 I: C0: Setting AP power state to S5
25-06-17 15:14:50.795 I: C1: PDC Init
25-06-17 15:14:50.796 I: C1: pdc_power_mgmt_set_dual_role: set role to 3
25-06-17 15:14:50.802 I: C1: Setting AP power state to S5
25-06-17 15:14:50.805 I: PPM driver found 2 USB-C ports
25-06-17 15:14:50.809 *** Booting Zephyr OS build 4.1.99 ***
25-06-17 15:14:50.812 !
25-06-17 15:14:50.812 ![0.051422 UART initialized after sysjump]
25-06-17 15:14:50.816 ![Image: RW, anakin-16317.0.0 STATIC_VERSION_DATE reproducible@build]
25-06-17 15:14:50.824 ![Reset cause: !reset-pin! !power-on! !sysjump! !efs!]
25-06-17 15:14:50.830 ![0.066436 KB Custom=1 Keypad=1 Vivaldi=0]
25-06-17 15:14:50.832 ![0.072845 KB boot keys: 0x0]
25-06-17 15:14:50.837 ![0.075622 init buttons]
25-06-17 15:14:50.839 ![0.078125 boot buttons: 0x0]
25-06-17 15:14:50.842 ![0.080871 VB Main]
25-06-17 15:14:50.844 ![0.082702 VB Already in RW]
25-06-17 15:14:50.847 ![0.085296 VB show_power_shortage]
25-06-17 15:14:50.850 
25-06-17 15:14:50.850 ![0.089416 BCFG Manuf name not found]
25-06-17 15:14:50.853 ec:~> [0.119659 SW 0x01]
25-06-17 15:14:50.882 ec:~> [0.121185 hash start 0x00060000 0x0003cc3c]
25-06-17 15:14:50.888 ec:~> [0.123779 Sustainer disabled]
25-06-17 15:14:50.891 ec:~> [0.124938 event set 0x000I: ST0000000002000]
25-06-17 15:14:50.897 0: WRITE VENDOR_ENABLE
25-06-17 15:14:50.899 ec:~> [0.I: ST126373 hostcmd i1: WRITE VENDOR_nit 0x0000000000ENABLE
25-06-17 15:14:50.906 002000]
25-06-17 15:14:50.907 ec:~> : ST[6D[0.127838 0: PING_STATUS
25-06-17 15:14:50.910 Motion pre-shutdI: Initialized PPM num_ports=own; loops 0; la2
25-06-17 15:14:50.916 st 127 ms ago; a=0x7, s=0x0]
25-06-17 15:14:50.919 ecI: ST:~> [0.131: PING_STATUS
25-06-17 15:14:50.922 0279 mkbp switches: 1]
25-06-17 15:14:50.925 ec:~> [0.131530 Inits done]
25-06-17 15:14:50.927 ec:~I: ST> [0.15510: INIT
25-06-17 15:14:50.931 81 event set 0x0000000000200000]
25-06-17 15:14:50.935 ec:~> [0.156890 KB init state:ec:~>  --ec:~>  --ec:~> : STD --ec:~>  INIT
25-06-17 15:14:50.945 D --ec:~>  --ec:~>  --ec:~>  --ec:~>  --ec:~>  --ec:~> : STD --ec:~>  WRITE GET_IC_STATUS
25-06-17 15:14:50.958 D --ec:~> : SD --ec:~> D --ec:~>  PING_STATUS
25-06-17 15:14:50.964 D --ec:~>  --ec:~> : STD]
25-06-17 15:14:50.969 ec:~>  WRITE GET_IC_STATUS
25-06-17 15:14:50.972 D[0.175750 poI: STwer state 0 = G31: PING_STATUS
25-06-17 15:14:50.976 , in 0x0027]
25-06-17 15:14:50.978 ec:~> [0.177185 power stateI: ST 5 = G3->S5, in 0: READ
25-06-17 15:14:50.984 0x0027]
25-06-17 15:14:50.984 ec:~> : C[6D[0.183837 0: Realtek: FW Version: Not enough power0. to boot (-1 %, 30 mW)]
25-06-17 15:14:50.992 ec:~> [0.186889 B.attery presence 1 (GOOG0C00)
25-06-17 15:14:50.998 I: Cchanged: -1->0 00: Realtek: PD Version: x0->0x0]
25-06-17 15:14:51.004 ec:~> 262, Rev [0.188720769
25-06-17 15:14:51.009  event set 0x0000I: ST000000400000]
25-06-17 15:14:51.012 e0: INIT
25-06-17 15:14:51.013 c:~> [0.2I: ST01568 Battery 0%1: READ
25-06-17 15:14:51.018  (Display 0.0 %)I: C / ??h:?? to emp1: Realtek: FW Version: ty]
25-06-17 15:14:51.023 ec:~> .[J[0.212280 char71.ge_request(118801 (GOOG0C00)
25-06-17 15:14:51.027 I: CmV, 0mA)]
25-06-17 15:14:51.028 ec:~>1: Realtek: PD Version:  262, Rev 769
25-06-17 15:14:51.030 I: ST1: INIT
25-06-17 15:14:51.031 I: ST0: WRITE SET_NOTIFICATION_ENABLE
25-06-17 15:14:51.032 I: ST0: PING_STATUS
25-06-17 15:14:51.044 I: ST1: WRITE SET_NOTIFICATION_ENABLE
25-06-17 15:14:51.048 I: ST1: PING_STATUS
25-06-17 15:14:51.050 I: ST0: INIT
25-06-17 15:14:51.068 I: ST1: INIT
25-06-17 15:14:51.071 I: ST0: WRITE PPM_RESET
25-06-17 15:14:51.073 I: ST0: PING_STATUS
25-06-17 15:14:51.089 I: ST1: WRITE PPM_RESET
25-06-17 15:14:51.092 I: ST1: PING_STATUS
25-06-17 15:14:51.094 I: ST0: INIT
25-06-17 15:14:51.112 I: ST1: INIT
25-06-17 15:14:51.115 I: ST0: IDLE
25-06-17 15:14:51.117 I: C1: IRQ
25-06-17 15:14:51.129 I: C0: PDC Subsystem Started
25-06-17 15:14:51.133 I: C0: SendCmdStart
25-06-17 15:14:51.136 I: C0: SendCmdWait
25-06-17 15:14:51.138 I: ST1: IDLE
25-06-17 15:14:51.139 I: ST0: WRITE CMD_SET_PDO
25-06-17 15:14:51.141 I: ST0: PING_STATUS
25-06-17 15:14:51.144 [0.386199 Not enough power to boot (-1 %, 0 mW)]
25-06-17 15:14:51.150 ec:~> I: C1: PDC Subsystem Started
25-06-17 15:14:51.158 I: C1: SendCmdStart
25-06-17 15:14:51.160 I: C1: SendCmdWait
25-06-17 15:14:51.162 I: ST1: WRITE CMD_SET_PDO
25-06-17 15:14:51.163 I: ST1: PING_STATUS
25-06-17 15:14:51.166 I: C0: CCI=0x80000000
25-06-17 15:14:51.168 I: ST0: IDLE
25-06-17 15:14:51.170 I: C0: PDC Init
25-06-17 15:14:51.171 I: C0: SendCmdStart
25-06-17 15:14:51.174 I: C0: SendCmdWait
25-06-17 15:14:51.176 I: ST0: WRITE GET_CONNECTOR_STATUS
25-06-17 15:14:51.179 I: ST0: PING_STATUS
25-06-17 15:14:51.184 I: C1: CCI=0x80000000
25-06-17 15:14:51.186 I: ST1: IDLE
25-06-17 15:14:51.187 I: C1: PDC Init
25-06-17 15:14:51.189 I: C1: SendCmdStart
25-06-17 15:14:51.191 I: C1: SendCmdWait
25-06-17 15:14:51.193 I: ST1: WRITE GET_CONNECTOR_STATUS
25-06-17 15:14:51.196 I: ST1: PING_STATUS
25-06-17 15:14:51.198 I: ST0: READ
25-06-17 15:14:51.199 I: C0: CCI=0x80001300
25-06-17 15:14:51.203 I: ST0: IDLE
25-06-17 15:14:51.204 I: C0: Unattached
25-06-17 15:14:51.216 I: ST1: READ
25-06-17 15:14:51.218 I: C1: CCI=0x80001300
25-06-17 15:14:51.221 I: ST1: IDLE
25-06-17 15:14:51.222 I: C1: Attached.SNK
25-06-17 15:14:51.225 I: C1 attached: Attached.SNK
25-06-17 15:14:51.230 I: C0: SendCmdStart
25-06-17 15:14:51.232 I: C0: SendCmdWait
25-06-17 15:14:51.234 I: ST0: WRITE GET_CONNECTOR_STATUS
25-06-17 15:14:51.237 I: ST0: PING_STATUS
25-06-17 15:14:51.251 I: C1: SendCmdStart
25-06-17 15:14:51.253 I: C1: SendCmdWait
25-06-17 15:14:51.255 I: ST1: WRITE GET_CONNECTOR_STATUS
25-06-17 15:14:51.258 I: ST1: PING_STATUS
25-06-17 15:14:51.259 I: ST0: READ
25-06-17 15:14:51.261 I: C0: CCI=0x80001300
25-06-17 15:14:51.264 I: ST0: IDLE
25-06-17 15:14:51.265 I: C0: Unattached
25-06-17 15:14:51.278 I: ST1: READ
25-06-17 15:14:51.280 I: C1: CCI=0x80001300
25-06-17 15:14:51.282 I: ST1: IDLE
25-06-17 15:14:51.284 I: C1: Attached.SNK
25-06-17 15:14:51.292 I: C0: SendCmdStart
25-06-17 15:14:51.294 I: C0: sink_path_to_send=0, chg_mgr_active_charge_port=-1
25-06-17 15:14:51.300 I: C0: SendCmdWait
25-06-17 15:14:51.302 I: ST0: WRITE SET_SINK_PATH
25-06-17 15:14:51.304 I: ST0: PING_STATUS
25-06-17 15:14:51.311 I: C1: SendCmdStart
25-06-17 15:14:51.313 I: C1: SendCmdWait
25-06-17 15:14:51.315 I: ST1: WRITE CMD_ACK_CC_CI
25-06-17 15:14:51.317 I: ST1: PING_STATUS
25-06-17 15:14:51.324 I: C0: CCI=0x80000000
25-06-17 15:14:51.326 I: ST0: IDLE
25-06-17 15:14:51.327 I: C0: Unattached
25-06-17 15:14:51.330 I: C0: SendCmdStart
25-06-17 15:14:51.332 I: C0: SendCmdWait
25-06-17 15:14:51.334 I: ST0: WRITE GET_CONNECTOR_STATUS
25-06-17 15:14:51.336 I: ST0: PING_STATUS
25-06-17 15:14:51.338 I: C1: CCI=0x80000000
25-06-17 15:14:51.341 I: ST1: IDLE
25-06-17 15:14:51.342 I: C1: Attached.SNK
25-06-17 15:14:51.344 I: C1: SendCmdStart
25-06-17 15:14:51.346 I: C1: SendCmdWait
25-06-17 15:14:51.348 I: ST1: WRITE GET_CONNECTOR_CAPABILITY
25-06-17 15:14:51.352 I: ST1: PING_STATUS
25-06-17 15:14:51.352 [0.595825 Not enough power to boI: STot (-1 %, 0 mW)]0
25-06-17 15:14:51.359 ec:~> : READ
25-06-17 15:14:51.360 I: C0: CCI=0x80001300
25-06-17 15:14:51.363 I: ST0: IDLE
25-06-17 15:14:51.364 I: C0: Unattached
25-06-17 15:14:51.370 I: ST1: READ
25-06-17 15:14:51.372 I: C1: CCI=0x80000400
25-06-17 15:14:51.374 I: ST1: IDLE
25-06-17 15:14:51.376 I: C1: Attached.SNK
25-06-17 15:14:51.391 I: C0: SendCmdStart
25-06-17 15:14:51.393 I: Command (PDC_SET_AP_POWER_STATE) not implemented
25-06-17 15:14:51.398 I: C0: Unattached
25-06-17 15:14:51.402 I: C1: SendCmdStart
25-06-17 15:14:51.404 I: C1: SendCmdWait
25-06-17 15:14:51.407 I: ST1: WRITE SET_UOR
25-06-17 15:14:51.408 I: ST1: PING_STATUS
25-06-17 15:14:51.424 I: C0: SendCmdStart
25-06-17 15:14:51.426 I: C0: SendCmdWait
25-06-17 15:14:51.428 I: ST0: WRITE SET_DRP_MODE
25-06-17 15:14:51.431 I: ST0: PING_STATUS
25-06-17 15:14:51.433 E: C1: Ping Status Error
25-06-17 15:14:51.436 I: C1: CCI=0xc0000000
25-06-17 15:14:51.438 I: ST1: IDLE
25-06-17 15:14:51.440 I: ST1: WRITE SET_UOR
25-06-17 15:14:51.442 I: ST1: PING_STATUS
25-06-17 15:14:51.451 I: C0: CCI=0x80000000
25-06-17 15:14:51.453 I: ST0: IDLE
25-06-17 15:14:51.454 I: C0: Unattached
25-06-17 15:14:51.456 I: C0: SendCmdStart
25-06-17 15:14:51.458 I: C0: SendCmdWait
25-06-17 15:14:51.460 I: ST0: WRITE SET_CCOM
25-06-17 15:14:51.462 I: ST0: PING_STATUS
25-06-17 15:14:51.465 E: C1: Ping Status Error
25-06-17 15:14:51.468 I: C1: CCI=0xc0000000
25-06-17 15:14:51.470 I: ST1: IDLE
25-06-17 15:14:51.471 I: ST1: WRITE SET_UOR
25-06-17 15:14:51.473 I: ST1: PING_STATUS
25-06-17 15:14:51.482 I: C0: CCI=0x80000000
25-06-17 15:14:51.485 I: ST0: IDLE
25-06-17 15:14:51.486 I: C0: Unattached
25-06-17 15:14:51.492 E: C1: Ping Status Error
25-06-17 15:14:51.494 I: C1: CCI=0xc0000000
25-06-17 15:14:51.496 I: ST1: IDLE
25-06-17 15:14:51.498 E: PDC_SET_UOR resend attempts exceeded!
25-06-17 15:14:51.502 I: C1: Attached.SNK
25-06-17 15:14:51.504 I: C1: SendCmdStart
25-06-17 15:14:51.506 I: C1: SendCmdWait
25-06-17 15:14:51.508 I: ST1: WRITE SET_PDR
25-06-17 15:14:51.510 I: ST1: PING_STATUS
25-06-17 15:14:51.529 I: C1: CCI=0x80000000
25-06-17 15:14:51.532 I: ST1: IDLE
25-06-17 15:14:51.533 I: C1: Attached.SNK
25-06-17 15:14:51.535 I: C1: SendCmdStart
25-06-17 15:14:51.537 I: C1: SendCmdWait
25-06-17 15:14:51.539 I: ST1: WRITE GET_CONNECTOR_STATUS
25-06-17 15:14:51.543 I: ST1: PING_STATUS
25-06-17 15:14:51.554 [0.798706 Not enough power to boot (-1 %, 0 mW)]
25-06-17 15:14:51.560 ec:~> I: ST1: READ
25-06-17 15:14:51.563 I: C1: CCI=0x80001300
25-06-17 15:14:51.566 I: ST1: IDLE
25-06-17 15:14:51.567 I: C1: Attached.SNK
25-06-17 15:14:51.594 I: C1: SendCmdStart
25-06-17 15:14:51.596 I: C1: SendCmdWait
25-06-17 15:14:51.598 I: ST1: WRITE SET_FRS_FUNCTION
25-06-17 15:14:51.601 I: ST1: PING_STATUS
25-06-17 15:14:51.606 [0.851104 hash done 5335428d288ccc871cce4efea1dc3125ec9e2d2db2abf788570bc29493d4d1fe]
25-06-17 15:14:51.616 ec:~> I: C1: CCI=0x80000000
25-06-17 15:14:51.624 I: ST1: IDLE
25-06-17 15:14:51.626 I: C1: Attached.SNK
25-06-17 15:14:51.630 I: C1: SendCmdStart
25-06-17 15:14:51.632 I: C1: SendCmdWait
25-06-17 15:14:51.633 I: ST1: WRITE GET VDO
25-06-17 15:14:51.634 I: ST1: PING_STATUS
25-06-17 15:14:51.653 I: ST1: READ
25-06-17 15:14:51.654 I: C1: CCI=0x80000800
25-06-17 15:14:51.657 I: ST1: IDLE
25-06-17 15:14:51.658 I: C1: Attached.SNK
25-06-17 15:14:51.660 I: C1: SendCmdStart
25-06-17 15:14:51.663 I: C1: SendCmdWait
25-06-17 15:14:51.665 I: ST1: WRITE GET_PDOS
25-06-17 15:14:51.667 I: ST1: PING_STATUS
25-06-17 15:14:51.686 I: ST1: READ
25-06-17 15:14:51.688 I: C1: CCI=0x80001000
25-06-17 15:14:51.690 I: ST1: IDLE
25-06-17 15:14:51.692 I: C1: Attached.SNK
25-06-17 15:14:51.694 I: C1: SendCmdStart
25-06-17 15:14:51.696 I: C1: SendCmdWait
25-06-17 15:14:51.699 I: ST1: WRITE GET_PDOS
25-06-17 15:14:51.701 I: ST1: PING_STATUS
25-06-17 15:14:51.719 I: C1: CCI=0x80000000
25-06-17 15:14:51.721 I: ST1: IDLE
25-06-17 15:14:51.723 I: C1: Attached.SNK
25-06-17 15:14:51.749 I: C1: SendCmdStart
25-06-17 15:14:51.752 I: C1: SendCmdWait
25-06-17 15:14:51.753 I: ST1: WRITE READ_POWER_LEVEL
25-06-17 15:14:51.756 I: ST1: PING_STATUS
25-06-17 15:14:51.759 [1.004180 Not enough power to boot (-1 %, 0 mW)]
25-06-17 15:14:51.765 ec:~> I: C1: CCI=0x80000000
25-06-17 15:14:51.780 I: ST1: IDLE
25-06-17 15:14:51.781 I: C1: Attached.SNK
25-06-17 15:14:51.783 I: IS_RDO_VALID: status=1, power_op_mode=3, RDO_POS=1
25-06-17 15:14:51.789 I: Available charging on C1
25-06-17 15:14:51.793 I:   PDO: 0801912c
25-06-17 15:14:51.794 I:   V: 5000
25-06-17 15:14:51.795 I:   C: 3000
25-06-17 15:14:51.797 I:   P: 15000
25-06-17 15:14:51.799 [1.040191 SeedinI: pdc_power_mgmt_set_active_chg initial chargearge_port: charge_port= supplier, port 1
25-06-17 15:14:51.809 1, supplier 0]
25-06-17 15:14:51.811 ec:~> I: IS_RDO_VALID: status=[1.051788 CL: p11, power_op_mode= s0 i3000 v5000]3, RDO_POS=
25-06-17 15:14:51.820 ec:~> 1
25-06-17 15:14:51.821 I: IS_RDO_VALID: status=1, power_op_mode=3, RDO_POS=1
25-06-17 15:14:51.826 I: pdc_power_mgmt_set_new_power_request: port=1
25-06-17 15:14:51.831 I: C1: SendCmdStart
25-06-17 15:14:51.834 I: C1: sink_path_to_send=1, chg_mgr_active_charge_port=1
25-06-17 15:14:51.838 I: C1: SendCmdWait
25-06-17 15:14:51.839 I: ST1: WRITE SET_SINK_PATH
25-06-17 15:14:51.839 I: ST1: PING_STATUS
25-06-17 15:14:51.856 I: C1: CCI=0x80000000
25-06-17 15:14:51.859 I: ST1: IDLE
25-06-17 15:14:51.860 I: C1: Attached.SNK
25-06-17 15:14:51.863 I: C1: SendCmdStart
25-06-17 15:14:51.865 I: C1: SendCmdWait
25-06-17 15:14:51.867 I: ST1: WRITE GET_CONNECTOR_STATUS
25-06-17 15:14:51.870 I: ST1: PING_STATUS
25-06-17 15:14:51.889 I: ST1: READ
25-06-17 15:14:51.891 I: C1: CCI=0x80001300
25-06-17 15:14:51.893 I: ST1: IDLE
25-06-17 15:14:51.895 I: C1: Attached.SNK
25-06-17 15:14:51.898 I: C1: IRQ
25-06-17 15:14:51.899 I: C1: CCI=0x10004
25-06-17 15:14:51.902 I: C1: SendCmdStart
25-06-17 15:14:51.905 I: C1: SendCmdWait
25-06-17 15:14:51.906 I: ST1: WRITE GET_CONNECTOR_STATUS
25-06-17 15:14:51.909 I: ST1: PING_STATUS
25-06-17 15:14:51.927 I: ST1: READ
25-06-17 15:14:51.929 I: C1: CCI=0x80001300
25-06-17 15:14:51.931 I: ST1: IDLE
25-06-17 15:14:51.933 I: C1: Attached.SNK
25-06-17 15:14:51.959 I: C1: SendCmdStart
25-06-17 15:14:51.961 I: C1: SendCmdWait
25-06-17 15:14:51.963 I: ST1: WRITE GET_CABLE_PROPERTY
25-06-17 15:14:51.966 I: ST1: PING_STATUS
25-06-17 15:14:51.971 [1.217346 power state 1 = S5, in 0x0037]
25-06-17 15:14:51.976 ec:~> [1.219177 power state 6 = S5->S3, in 0x0037]
25-06-17 15:14:51.983 ec:~> [1.220825 Set ec_pmic_en_odl_r: 1]
25-06-17 15:14:51.986 ec:~> I: ST1: READ
25-06-17 15:14:51.988 I: C1: CCI=0x80000500
25-06-17 15:14:51.990 I: ST1: IDLE
25-06-17 15:14:51.991 I: C1: Attached.SNK
25-06-17 15:14:52.018 I: C1: SendCmdStart
25-06-17 15:14:52.020 I: Command (PDC_SET_AP_POWER_STATE) not implemented
25-06-17 15:14:52.025 I: C1: Attached.SNK
25-06-17 15:14:52.026 [1.273315 Set ec_pmic_en_odl_r: 0]
25-06-17 15:14:52.031 ec:~> I: C1: SendCmdStart
25-06-17 15:14:52.079 I: C1: sink_path_to_send=1, chg_mgr_active_charge_port=1
25-06-17 15:14:52.085 I: C1: SendCmdWait
25-06-17 15:14:52.087 I: ST1: WRITE SET_SINK_PATH
25-06-17 15:14:52.089 I: ST1: PING_STATUS
25-06-17 15:14:52.091 [1.335083 Set ec_pmic_en_odl_r: 1]
25-06-17 15:14:52.096 ec:~> [1.338653 Set ec_ap_sys_rst_odl: 1]
25-06-17 15:14:52.099 ec:~> I: C1: CCI=0x80000000
25-06-17 15:14:52.110 I: ST1: IDLE
25-06-17 15:14:52.111 I: C1: Attached.SNK
25-06-17 15:14:52.114 I: C1: SendCmdStart
25-06-17 15:14:52.115 I: C1: SendCmdWait
25-06-17 15:14:52.117 I: ST1: WRITE GET_CONNECTOR_STATUS
25-06-17 15:14:52.120 I: ST1: PING_STATUS
25-06-17 15:14:52.141 I: ST1: READ
25-06-17 15:14:52.142 I: C1: CCI=0x80001300
25-06-17 15:14:52.145 I: ST1: IDLE
25-06-17 15:14:52.147 I: C1: Attached.SNK
25-06-17 15:14:52.173 I: C1: SendCmdStart
25-06-17 15:14:52.175 I: C1: SendCmdWait
25-06-17 15:14:52.176 I: ST1: WRITE GET_CABLE_PROPERTY
25-06-17 15:14:52.180 I: ST1: PING_STATUS
25-06-17 15:14:52.194 I: PD:S5->S3
25-06-17 15:14:52.195 [1.442840 Handle sleep: 0]
25-06-17 15:14:52.199 ec:~> [1.444305 power state 3I = S3: ST, in 0x0016]
25-06-17 15:14:52.205 ec1: READ
25-06-17 15:14:52.206 :~> [1.44I: C5678 power state1: CCI=0x80000500
25-06-17 15:14:52.210  7 = S3->S0, in I: ST0x0016]
25-06-17 15:14:52.214 ec:~> : IDLE
25-06-17 15:14:52.215 [6DI: C1: Attached.SNK
25-06-17 15:14:52.217 [1.447235 MotionI pre-resume; loo: PD:S3->ps 2; last 67 msS0
25-06-17 15:14:52.222  ago; a=0x7, s=0x0]
25-06-17 15:14:52.224 ec:~> [1.469818 power state 4 = S0, in 0x0016]
25-06-17 15:14:52.229 ec:~> [1.473358 lid-accel: 0: init failed: 1]
25-06-17 15:14:52.234 ec:~> [1.476318 base-accel: 1: init failed: 1]
25-06-17 15:14:52.238 ec:~> [1.478424 base-gyro: 2: init failed: 1]
25-06-17 15:14:52.242 ec:~> I: C1: PDO1: 0801912c, 5000 3000 15000
25-06-17 15:14:52.269 I: C1: PDO2: 0002d12c, 9000 3000 27000
25-06-17 15:14:52.272 I: C1: PDO3: 0004b12c, 15000 3000 45000
25-06-17 15:14:52.276 I: C1: PDO4: 00064145, 20000 3250 65000
25-06-17 15:14:52.280 I: C1: PDO5: 00000000, 0 0 0
25-06-17 15:14:52.282 I: C1: PDO6: 00000000, 0 0 0
25-06-17 15:14:52.285 I: C1: PDO7: 00000000, 0 0 0
25-06-17 15:14:52.312 I: C1: SendCmdStart
25-06-17 15:14:52.315 I: C1: SendCmdWait
25-06-17 15:14:52.317 I: ST1: WRITE READ_POWER_LEVEL
25-06-17 15:14:52.320 I: ST1: PING_STATUS
25-06-17 15:14:52.339 I: C1: CCI=0x80000000
25-06-17 15:14:52.341 I: ST1: IDLE
25-06-17 15:14:52.343 I: C1: Attached.SNK
25-06-17 15:14:52.345 I: IS_RDO_VALID: status=1, power_op_mode=3, RDO_POS=1
25-06-17 15:14:52.350 I: Available charging on C1
25-06-17 15:14:52.354 I:   PDO: 0801912c
25-06-17 15:14:52.356 I:   V: 5000
25-06-17 15:14:52.357 I:   C: 3000
25-06-17 15:14:52.358 I:   P: 15000
25-06-17 15:14:52.382 I: C1: SendCmdStart
25-06-17 15:14:52.385 I: C1: sink_path_to_send=1, chg_mgr_active_charge_port=1
25-06-17 15:14:52.392 I: C1: SendCmdWait
25-06-17 15:14:52.394 I: ST1: WRITE SET_SINK_PATH
25-06-17 15:14:52.396 I: ST1: PING_STATUS
25-06-17 15:14:52.414 I: C1: CCI=0x80000000
25-06-17 15:14:52.417 I: ST1: IDLE
25-06-17 15:14:52.418 I: C1: Attached.SNK
25-06-17 15:14:52.422 I: C1: SendCmdStart
25-06-17 15:14:52.426 I: C1: SendCmdWait
25-06-17 15:14:52.430 I: ST1: WRITE GET_CONNECTOR_STATUS
25-06-17 15:14:52.435 I: ST1: PING_STATUS
25-06-17 15:14:52.446 I: ST1: READ
25-06-17 15:14:52.449 I: C1: CCI=0x80001300
25-06-17 15:14:52.451 I: ST1: IDLE
25-06-17 15:14:52.452 I: C1: Attached.SNK
25-06-17 15:14:52.454 I: C1: IRQ
25-06-17 15:14:52.455 I: C1: CCI=0x10004
25-06-17 15:14:52.457 I: C1: SendCmdStart
25-06-17 15:14:52.459 I: C1: SendCmdWait
25-06-17 15:14:52.465 I: ST1: WRITE GET_CONNECTOR_STATUS
25-06-17 15:14:52.469 I: ST1: PING_STATUS
25-06-17 15:14:52.484 I: ST1: READ
25-06-17 15:14:52.485 I: C1: CCI=0x80001300
25-06-17 15:14:52.489 I: ST1: IDLE
25-06-17 15:14:52.491 I: C1: Attached.SNK
25-06-17 15:14:52.516 I: C1: SendCmdStart
25-06-17 15:14:52.519 I: C1: SendCmdWait
25-06-17 15:14:52.522 I: ST1: WRITE GET_CABLE_PROPERTY
25-06-17 15:14:52.527 I: ST1: PING_STATUS
25-06-17 15:14:52.543 I: ST1: READ
25-06-17 15:14:52.546 I: C1: CCI=0x80000500
25-06-17 15:14:52.548 I: ST1: IDLE
25-06-17 15:14:52.550 I: C1: Attached.SNK
25-06-17 15:14:52.651 [1.901062 power state 4 = S0, in 0x0010]
25-06-17 15:14:52.656 ec:~> 4 signal changes:
25-06-17 15:14:53.650 ec:~>   1.217071  +0.000000  pg_pp3700_s5_od => 1
25-06-17 15:14:53.657 ec:~>   1.441223  +0.224152  ap_ec_sysrst_odl => 1
25-06-17 15:14:53.665 ec:~>   1.441467  +0.000244  pmic_ec_resetb => 1
25-06-17 15:14:53.671 ec:~>   1.900787  +0.459320  ap_in_sleep_l => 1
25-06-17 15:14:53.677 ec:~> I: PD: AP is ON: apply 'startup' followed by 'resume'
25-06-17 15:14:54.211 I: C0: pdc_power_mgmt_set_dual_role: set role to 1
25-06-17 15:14:54.221 I: C0: Setting AP power state to S0
25-06-17 15:14:54.228 I: C0: pdc_power_mgmt_set_dual_role: set role to 3
25-06-17 15:14:54.235 I: C1: pdc_power_mgmt_set_dual_role: set role tI: C0: SendCmdStart
25-06-17 15:14:54.243 I: Command (PDC_SET_AP_POWER_STATE) not implemented
25-06-17 15:14:54.248 I: C0: Unattached
25-06-17 15:14:54.249 o 1
25-06-17 15:14:54.250 I: C1: Setting AP power state to S0
25-06-17 15:14:54.253 I: C1: pdc_power_mgmt_set_dual_role: set role to 3
25-06-17 15:14:54.261 I: C1: SendCmdStart
25-06-17 15:14:54.264 I: Command (PDC_SET_AP_POWER_STATE) not implemented
25-06-17 15:14:54.269 I: C1: Attached.SNK
25-06-17 15:14:54.271 I: C0: SendCmdStart
25-06-17 15:14:54.271 I: C0: SendCmdWait
25-06-17 15:14:54.273 I: ST0: WRITE SET_DRP_MODE
25-06-17 15:14:54.276 I: ST0: PING_STATUS
25-06-17 15:14:54.288 I: C0: CCI=0x10000000
25-06-17 15:14:54.311 I: C0: CCI=0x80000000
25-06-17 15:14:54.313 I: ST0: IDLE
25-06-17 15:14:54.315 I: C1: SendCmdStart
25-06-17 15:14:54.318 I: C1: SendCmdWait
25-06-17 15:14:54.322 I: C0: Unattached
25-06-17 15:14:54.324 I: ST1: WRITE SET_PDR
25-06-17 15:14:54.326 I: ST1: PING_STATUS
25-06-17 15:14:54.341 I: C1: CCI=0x80000000
25-06-17 15:14:54.344 I: ST1: IDLE
25-06-17 15:14:54.347 I: C1: Attached.SNK
25-06-17 15:14:54.350 I: C1: SendCmdStart
25-06-17 15:14:54.353 I: C1: SendCmdWait
25-06-17 15:14:54.356 I: C0: SendCmdStart
25-06-17 15:14:54.359 I: C0: SendCmdWait
25-06-17 15:14:54.362 I: ST1: WRITE GET_CONNECTOR_STATUS
25-06-17 15:14:54.366 I: ST0: WRITE SET_CCOM
25-06-17 15:14:54.368 I: ST1: PING_STATUS
25-06-17 15:14:54.370 I: ST0: PING_STATUS
25-06-17 15:14:54.379 I: ST1: READ
25-06-17 15:14:54.383 I: C1: CCI=0x80001300
25-06-17 15:14:54.386 I: ST1: IDLE
25-06-17 15:14:54.389 I: C1: Attached.SNK
25-06-17 15:14:54.392 I: C0: CCI=0x80000000
25-06-17 15:14:54.393 I: ST0: IDLE
25-06-17 15:14:54.395 I: C0: Unattached
25-06-17 15:16:28.967 ![0.012451 CBI Reading board info]
25-06-17 15:16:28.972 I: Querying USB-C port config
25-06-17 15:16:28.972 I: Port C0: using driver rts54-pdc@66
25-06-17 15:16:28.976 I: Port C1: using driver rts54-pdc@67
25-06-17 15:16:28.979 I: Final USB-C count: 2
25-06-17 15:16:28.983 I: ST0: INIT
25-06-17 15:16:28.984 I: C0: Realtek RTS545x PDC DRIVER
25-06-17 15:16:28.988 I: C0: PDC Init
25-06-17 15:16:28.989 I: C0: pdc_power_mgmt_set_dual_role: set role to 3
25-06-17 15:16:28.994 I: C0: Setting AP power state to S5
25-06-17 15:16:28.997 I: ST1: INIT
25-06-17 15:16:28.998 I: C1: Realtek RTS545x PDC DRIVER
25-06-17 15:16:29.002 I: C1: PDC Init
25-06-17 15:16:29.004 I: C1: pdc_power_mgmt_set_dual_role: set role to 3
25-06-17 15:16:29.009 I: C1: Setting AP power state to S5
25-06-17 15:16:29.013 I: PPM driver found 2 USB-C ports
25-06-17 15:16:29.016 *** Booting Zephyr OS build 4.1.99 ***
25-06-17 15:16:29.019 !
25-06-17 15:16:29.020 !
25-06-17 15:16:29.020 --- UART initialized after reboot ---
25-06-17 15:16:29.024 ![Image: RO, anakin-0.0.0-cecc8f3+ 2025-06-17 13:58:39 wjh@wjh]
25-06-17 15:16:29.029 ![Reset cause: !reset-pin! !power-on!]
25-06-17 15:16:29.035 ![0.076538 KB Custom=1 Keypad=1 Vivaldi=0]
25-06-17 15:16:29.039 ![0.080413 KB WARN: Debounce durations not equal]
25-06-17 15:16:29.042 ![0.087280 KB boot keys: 0x0]
25-06-17 15:16:29.045 ![0.089996 init buttons]
25-06-17 15:16:29.047 ![0.092529 boot buttons: 0x0]
25-06-17 15:16:29.049 ![0.095214 VB Main]
25-06-17 15:16:29.052 ![0.097076 VB Ping Cr50]
25-06-17 15:16:29.054 
25-06-17 15:16:29.054 ec:~> [0.100952 hash start 0x00060000 0x0003e030]
25-06-17 15:16:29.059 ec:~> [0.220062 hash done 000d9fd8b8e0229ff7b522d9d8c1cf0b221b9be11e2d76db7d0bfbd726463da0]
25-06-17 15:16:29.183 ec:~> [0.221618 VB Verifying hash]
25-06-17 15:16:29.187 ec:~> μμμμμμμμμμμμμμμμμμμμμμμμμμμμμμμμECΎ ΨΈΰ"χµ"ΩΨΑΟ"-vΫ}ϋΧ&F= 
25-06-17 15:16:29.195 ec:~> [0.242919 VB Received 0xec07]
25-06-17 15:16:29.200 eI: Replacing "c:~> [0.2lid-accel" for "44079 VB Hash mialt-lid-accel" based on SSFC
25-06-17 15:16:29.210 smatch]
25-06-17 15:16:29.210 ec:~> [0.244720 VB Enable USB-PD]
25-06-17 15:16:29.214 ec:~> [0.245544 VB Exit]
25-06-17 15:16:29.217 ec:~> [0.258941 BCFG Manuf name not found]
25-06-17 15:16:29.220 ec:~> [0.287200 SW 0x01]
25-06-17 15:16:29.243 ec:~> [0.289581 Sustainer disabled]
25-06-17 15:16:29.247 ec:~> [0.290344 event set 0x0000000I: ST000002000]
25-06-17 15:16:29.251 ec:~0: > [0.2913WRITE 51 hostcmd init VENDOR_ENABLE
25-06-17 15:16:29.257 0x00000000000020I: ST00]
25-06-17 15:16:29.260 ec:~> [J[0.292358 Moti: on pre-shutdown;WRITE  loops 0; last 2VENDOR_ENABLE
25-06-17 15:16:29.268 92 ms ago; a=0x7I: ST, s=0x0]
25-06-17 15:16:29.272 ec:~> 0: [0.294311PING_STATUS
25-06-17 15:16:29.276  mkbp switches: I: Initialized PPM num_ports=1]
25-06-17 15:16:29.280 ec:~> 
06-17 15:16:29.281 J[0.295318 Inits done]
25-06-17 15:16:29.284 ec:~> : ST6D[0.324920 e1vent set 0x00000: 00000200000]
25-06-17 15:16:29.289 ecPING_STATUS
25-06-17 15:16:29.291 :~> [0.326110 KB init state:ec:~>  --ec:~>  --ec:~>  --ec:~>  --ec:~>  --ec:~>  --ec:~>  --ec:~> : ST6D --ec:~>  INIT
25-06-17 15:16:29.309 6D --ec:~>  --ec:~>  --ec:~>  --ec:~> : ST6D --ec:~>  6D --ec:~> NI6D --ec:~> 
25-06-17 15:16:29.323 6D]
25-06-17 15:16:29.324 ec:~> [0.342712 power state 0 = G3, in 0x0027]
25-06-17 15:16:29.329 ec:~> [0.343750 power state 5 = G3->S5, inI: ST 0x0027]1: 
25-06-17 15:16:29.334 ec:~> [WRITE 0.345397 Not enoGET_IC_STATUS
25-06-17 15:16:29.339 ugh power to booI: STt (-1 %, 0 mW)]1: 
25-06-17 15:16:29.342 ec:~> [0P.351409 Battery ING_STATUS
25-06-17 15:16:29.347 presence changedI: ST: -1->0 0x0->0x00]
25-06-17 15:16:29.351 ec:~> : [0.352478 event Wset 0x0000000000RITE 400000]
25-06-17 15:16:29.356 ec:~> ET_IC_STATUS
25-06-17 15:16:29.359 [6D[0.361267 I: STBattery 0% (Disp0lay 0.0 %) / ??h: :?? to empty]
25-06-17 15:16:29.367 ePING_STATUS
25-06-17 15:16:29.369 c:~> [0.3I: ST62457 charge_req1: READ
25-06-17 15:16:29.371 uest(11850mV, 0mA)]
25-06-17 15:16:29.372 ec:~> I: C1: Realtek: FW Version: 1.71.1 (GOOG0C00)
25-06-17 15:16:29.378 I: C1: Realtek: PD Version: 262, Rev 769
25-06-17 15:16:29.381 I: ST1: INIT
25-06-17 15:16:29.381 I: ST0: READ
25-06-17 15:16:29.382 I: C0: Realtek: FW Version: 0.39.1 (GOOG0C00)
25-06-17 15:16:29.383 I: C0: Realtek: PD Version: 262, Rev 769
25-06-17 15:16:29.384 I: ST0: INIT
25-06-17 15:16:29.389 I: ST1: WRITE SET_NOTIFICATION_ENABLE
25-06-17 15:16:29.392 I: ST1: PING_STATUS
25-06-17 15:16:29.400 I: ST0: WRITE SET_NOTIFICATION_ENABLE
25-06-17 15:16:29.404 I: ST0: PING_STATUS
25-06-17 15:16:29.413 I: ST1: INIT
25-06-17 15:16:29.424 I: ST0: INIT
25-06-17 15:16:29.434 I: ST1: WRITE PPM_RESET
25-06-17 15:16:29.436 I: ST1: PING_STATUS
25-06-17 15:16:29.446 I: ST0: WRITE PPM_RESET
25-06-17 15:16:29.448 I: ST0: PING_STATUS
25-06-17 15:16:29.457 I: ST1: INIT
25-06-17 15:16:29.468 I: ST0: INIT
25-06-17 15:16:29.478 I: ST1: IDLE
25-06-17 15:16:29.481 I: C1: PDC Subsystem Started
25-06-17 15:16:29.484 I: C1: SendCmdStart
25-06-17 15:16:29.486 I: C1: SendCmdWait
25-06-17 15:16:29.488 I: ST1: WRITE CMD_SET_PDO
25-06-17 15:16:29.490 I: ST0: IDLE
25-06-17 15:16:29.491 I: ST1: PING_STATUS
25-06-17 15:16:29.498 [0.547485 Not enough power to boot (-1 %, 0 mW)]
25-06-17 15:16:29.504 ec:~> I: C0: PDC Subsystem Started
25-06-17 15:16:29.509 I: C0: SendCmdStart
25-06-17 15:16:29.511 I: C0: SendCmdWait
25-06-17 15:16:29.513 I: ST0: WRITE CMD_SET_PDO
25-06-17 15:16:29.515 I: ST0: PING_STATUS
25-06-17 15:16:29.517 I: C1: CCI=0x80000000
25-06-17 15:16:29.519 I: ST1: IDLE
25-06-17 15:16:29.521 I: C1: PDC Init
25-06-17 15:16:29.523 I: C1: SendCmdStart
25-06-17 15:16:29.525 I: C1: SendCmdWait
25-06-17 15:16:29.527 I: ST1: WRITE GET_CONNECTOR_STATUS
25-06-17 15:16:29.530 I: ST1: PING_STATUS
25-06-17 15:16:29.535 I: C0: CCI=0x80000000
25-06-17 15:16:29.538 I: ST0: IDLE
25-06-17 15:16:29.539 I: C0: PDC Init
25-06-17 15:16:29.541 I: C0: SendCmdStart
25-06-17 15:16:29.543 I: C0: SendCmdWait
25-06-17 15:16:29.546 I: ST0: WRITE GET_CONNECTOR_STATUS
25-06-17 15:16:29.549 I: ST0: PING_STATUS
25-06-17 15:16:29.551 I: ST1: READ
25-06-17 15:16:29.551 I: C1: CCI=0x80001300
25-06-17 15:16:29.554 I: ST1: IDLE
25-06-17 15:16:29.555 I: C1: Attached.SNK
25-06-17 15:16:29.557 I: C1 attached: Attached.SNK
25-06-17 15:16:29.567 I: ST0: READ
25-06-17 15:16:29.569 I: C0: CCI=0x80001300
25-06-17 15:16:29.572 I: ST0: IDLE
25-06-17 15:16:29.573 I: C0: Unattached
25-06-17 15:16:29.584 I: C1: SendCmdStart
25-06-17 15:16:29.586 I: C1: SendCmdWait
25-06-17 15:16:29.588 I: ST1: WRITE GET_CONNECTOR_STATUS
25-06-17 15:16:29.591 I: ST1: PING_STATUS
25-06-17 15:16:29.599 I: C0: SendCmdStart
25-06-17 15:16:29.601 I: C0: SendCmdWait
25-06-17 15:16:29.603 I: ST0: WRITE GET_CONNECTOR_STATUS
25-06-17 15:16:29.607 I: ST0: PING_STATUS
25-06-17 15:16:29.611 I: ST1: READ
25-06-17 15:16:29.613 I: C1: CCI=0x80001300
25-06-17 15:16:29.615 I: ST1: IDLE
25-06-17 15:16:29.617 I: C1: Attached.SNK
25-06-17 15:16:29.627 I: ST0: READ
25-06-17 15:16:29.628 I: C0: CCI=0x80001300
25-06-17 15:16:29.631 I: ST0: IDLE
25-06-17 15:16:29.632 I: C0: Unattached
25-06-17 15:16:29.643 I: C1: SendCmdStart
25-06-17 15:16:29.645 I: C1: SendCmdWait
25-06-17 15:16:29.647 I: ST1: WRITE GET_CONNECTOR_CAPABILITY
25-06-17 15:16:29.650 I: ST1: PING_STATUS
25-06-17 15:16:29.658 I: C0: SendCmdStart
25-06-17 15:16:29.661 I: C0: sink_path_to_send=0, chg_mgr_active_charge_port=-1
25-06-17 15:16:29.666 I: C0: SendCmdWait
25-06-17 15:16:29.667 I: ST0: WRITE SET_SINK_PATH
25-06-17 15:16:29.670 I: ST0: PING_STATUS
25-06-17 15:16:29.672 I: ST1: READ
25-06-17 15:16:29.673 I: C1: CCI=0x80000400
25-06-17 15:16:29.676 I: ST1: IDLE
25-06-17 15:16:29.678 I: C1: Attached.SNK
25-06-17 15:16:29.690 I: C0: CCI=0x80000000
25-06-17 15:16:29.693 I: ST0: IDLE
25-06-17 15:16:29.695 I: C0: Unattached
25-06-17 15:16:29.697 I: C0: SendCmdStart
25-06-17 15:16:29.699 I: C0: SendCmdWait
25-06-17 15:16:29.701 I: ST0: WRITE GET_CONNECTOR_STATUS
25-06-17 15:16:29.704 I: ST0: PING_STATUS
25-06-17 15:16:29.706 I: C1: SendCmdStart
25-06-17 15:16:29.708 I: C1: SendCmdWait
25-06-17 15:16:29.710 I: ST1: WRITE SET_UOR
25-06-17 15:16:29.712 I: ST1: PING_STATUS
25-06-17 15:16:29.713 [0.762359 Not enough power to boot (-1 %, 0 mW)]
25-06-17 15:16:29.718 ec:~> I: ST0: READ
25-06-17 15:16:29.724 I: C0: CCI=0x80001300
25-06-17 15:16:29.727 I: ST0: IDLE
25-06-17 15:16:29.729 I: C0: Unattached
25-06-17 15:16:29.730 E: C1: Ping Status Error
25-06-17 15:16:29.733 I: C1: CCI=0xc0000000
25-06-17 15:16:29.735 I: ST1: IDLE
25-06-17 15:16:29.736 I: ST1: WRITE SET_UOR
25-06-17 15:16:29.738 I: ST1: PING_STATUS
25-06-17 15:16:29.754 I: C0: SendCmdStart
25-06-17 15:16:29.757 I: Command (PDC_SET_AP_POWER_STATE) not implemented
25-06-17 15:16:29.762 I: C0: Unattached
25-06-17 15:16:29.764 E: C1: Ping Status Error
25-06-17 15:16:29.766 I: C1: CCI=0xc0000000
25-06-17 15:16:29.769 I: ST1: IDLE
25-06-17 15:16:29.770 I: ST1: WRITE SET_UOR
25-06-17 15:16:29.771 I: ST1: PING_STATUS
25-06-17 15:16:29.787 I: C0: SendCmdStart
25-06-17 15:16:29.790 I: C0: SendCmdWait
25-06-17 15:16:29.791 I: ST0: WRITE SET_DRP_MODE
25-06-17 15:16:29.794 I: ST0: PING_STATUS
25-06-17 15:16:29.796 E: C1: Ping Status Error
25-06-17 15:16:29.798 I: C1: CCI=0xc0000000
25-06-17 15:16:29.801 I: ST1: IDLE
25-06-17 15:16:29.802 E: PDC_SET_UOR resend attempts exceeded!
25-06-17 15:16:29.806 I: C1: Attached.SNK
25-06-17 15:16:29.814 I: C0: CCI=0x80000000
25-06-17 15:16:29.816 I: ST0: IDLE
25-06-17 15:16:29.818 I: C0: Unattached
25-06-17 15:16:29.831 I: C1: SendCmdStart
25-06-17 15:16:29.833 I: C1: SendCmdWait
25-06-17 15:16:29.836 I: ST1: WRITE SET_PDR
25-06-17 15:16:29.838 I: ST1: PING_STATUS
25-06-17 15:16:29.843 I: C0: SendCmdStart
25-06-17 15:16:29.846 I: C0: SendCmdWait
25-06-17 15:16:29.848 I: ST0: WRITE SET_CCOM
25-06-17 15:16:29.850 I: ST0: PING_STATUS
25-06-17 15:16:29.857 I: C1: CCI=0x80000000
25-06-17 15:16:29.860 I: ST1: IDLE
25-06-17 15:16:29.862 I: C1: Attached.SNK
25-06-17 15:16:29.864 I: C1: SendCmdStart
25-06-17 15:16:29.867 I: C1: SendCmdWait
25-06-17 15:16:29.869 I: ST1: WRITE GET_CONNECTOR_STATUS
25-06-17 15:16:29.871 I: ST1: PING_STATUS
25-06-17 15:16:29.873 I: C0: CCI=0x80000000
25-06-17 15:16:29.875 I: ST0: IDLE
25-06-17 15:16:29.876 I: C0: Unattached
25-06-17 15:16:29.890 I: ST1: READ
25-06-17 15:16:29.892 I: C1: CCI=0x80001300
25-06-17 15:16:29.894 I: ST1: IDLE
25-06-17 15:16:29.895 I: C1: Attached.SNK
25-06-17 15:16:29.913 [0.964447 Not enough power to boot (-1 %, 0 mW)]
25-06-17 15:16:29.919 ec:~> I: C1: SendCmdStart
25-06-17 15:16:29.924 I: C1: SendCmdWait
25-06-17 15:16:29.926 I: ST1: WRITE SET_FRS_FUNCTION
25-06-17 15:16:29.929 I: ST1: PING_STATUS
25-06-17 15:16:29.949 I: C1: CCI=0x80000000
25-06-17 15:16:29.951 I: ST1: IDLE
25-06-17 15:16:29.953 I: C1: Attached.SNK
25-06-17 15:16:29.954 I: C1: SendCmdStart
25-06-17 15:16:29.956 I: C1: SendCmdWait
25-06-17 15:16:29.958 I: ST1: WRITE GET VDO
25-06-17 15:16:29.960 I: ST1: PING_STATUS
25-06-17 15:16:29.980 I: ST1: READ
25-06-17 15:16:29.981 I: C1: CCI=0x80000800
25-06-17 15:16:29.984 I: ST1: IDLE
25-06-17 15:16:29.986 I: C1: Attached.SNK
25-06-17 15:16:29.988 I: C1: SendCmdStart
25-06-17 15:16:29.990 I: C1: SendCmdWait
25-06-17 15:16:29.992 I: ST1: WRITE GET_PDOS
25-06-17 15:16:29.994 I: ST1: PING_STATUS
25-06-17 15:16:30.013 I: ST1: READ
25-06-17 15:16:30.015 I: C1: CCI=0x80001000
25-06-17 15:16:30.017 I: ST1: IDLE
25-06-17 15:16:30.018 I: C1: Attached.SNK
25-06-17 15:16:30.020 I: C1: SendCmdStart
25-06-17 15:16:30.022 I: C1: SendCmdWait
25-06-17 15:16:30.024 I: ST1: WRITE GET_PDOS
25-06-17 15:16:30.026 I: ST1: PING_STATUS
25-06-17 15:16:30.046 I: C1: CCI=0x80000000
25-06-17 15:16:30.048 I: ST1: IDLE
25-06-17 15:16:30.049 I: C1: Attached.SNK
25-06-17 15:16:30.076 I: C1: SendCmdStart
25-06-17 15:16:30.078 I: C1: SendCmdWait
25-06-17 15:16:30.080 I: ST1: WRITE READ_POWER_LEVEL
25-06-17 15:16:30.083 I: ST1: PING_STATUS
25-06-17 15:16:30.103 I: C1: CCI=0x80000000
25-06-17 15:16:30.105 I: ST1: IDLE
25-06-17 15:16:30.107 I: C1: Attached.SNK
25-06-17 15:16:30.108 I: IS_RDO_VALID: status=1, power_op_mode=3, RDO_POS=1
25-06-17 15:16:30.113 I: Available charging on C1
25-06-17 15:16:30.115 I:   PDO: 0801912c
25-06-17 15:16:30.117 I:   V: 5000
25-06-17 15:16:30.119 I:   C: 3000
25-06-17 15:16:30.120 I:   P: 15000
25-06-17 15:16:30.121 [1.173400 Seeding initial chargeI:  supplier, port pd1, supplier 0]
25-06-17 15:16:30.128 c_power_mgmt_set_active_charge_port: charge_port=ec:~> 1
25-06-17 15:16:30.134 [1.186401 CL: p1I: IS_RDO_VALID: status= s0 i3000 v5000]1, power_op_mode=
25-06-17 15:16:30.141 ec:~> 3, RDO_POS=1
25-06-17 15:16:30.143 I: IS_RDO_VALID: status=1, power_op_mode=3, RDO_POS=1
25-06-17 15:16:30.149 I: pdc_power_mgmt_set_new_power_request: port=1
25-06-17 15:16:30.153 I: C1: sink_path_mask=0x2, selected_port=1, enable=1
25-06-17 15:16:30.157 I: C1: SendCmdStart
25-06-17 15:16:30.159 I: C1: SendCmdWait
25-06-17 15:16:30.161 I: ST1: WRITE GET_CABLE_PROPERTY
25-06-17 15:16:30.164 I: ST1: PING_STATUS
25-06-17 15:16:30.168 [1.220581 power state 1 = S5, in 0x0037]
25-06-17 15:16:30.173 ec:~> [1.221801 power state 6 = S5->S3, in 0x0037]
25-06-17 15:16:30.180 ec:~> [1.222900 Set ec_pmic_en_odl_r: 1]
25-06-17 15:16:30.183 ec:~> I: ST1: READ
25-06-17 15:16:30.185 I: C1: CCI=0x80000500
25-06-17 15:16:30.188 I: ST1: IDLE
25-06-17 15:16:30.189 I: C1: Attached.SNK
25-06-17 15:16:30.191 I: C1: IRQ
25-06-17 15:16:30.192 I: C1: CCI=0x10004
25-06-17 15:16:30.195 I: C1: SendCmdStart
25-06-17 15:16:30.197 I: C1: SendCmdWait
25-06-17 15:16:30.199 I: ST1: WRITE GET_CONNECTOR_STATUS
25-06-17 15:16:30.202 I: ST1: PING_STATUS
25-06-17 15:16:30.221 I: ST1: READ
25-06-17 15:16:30.223 I: C1: CCI=0x80001300
25-06-17 15:16:30.226 I: ST1: IDLE
25-06-17 15:16:30.227 I: C1: Attached.SNK
25-06-17 15:16:30.229 [1.274200 Set ec_pmic_en_odl_r: 0]
25-06-17 15:16:30.232 ec:~> I: C1: SendCmdStart
25-06-17 15:16:30.255 I: Command (PDC_SET_AP_POWER_STATE) not implemented
25-06-17 15:16:30.260 I: C1: Attached.SNK
25-06-17 15:16:30.279 [1.332519 Set ec_pmic_en_odl_r: 1]
25-06-17 15:16:30.283 ec:~> [1.333709 Set ec_ap_sys_rst_odl: 1]
25-06-17 15:16:30.288 ec:~> I: C1: sink_path_mask=0x2, selected_port=1, enable=1
25-06-17 15:16:30.341 I: C1: SendCmdStart
25-06-17 15:16:30.344 I: C1: SendCmdWait
25-06-17 15:16:30.346 I: ST1: WRITE GET_CABLE_PROPERTY
25-06-17 15:16:30.349 I: ST1: PING_STATUS
25-06-17 15:16:30.369 I: ST1: READ
25-06-17 15:16:30.370 I: C1: CCI=0x80000500
25-06-17 15:16:30.373 I: ST1: IDLE
25-06-17 15:16:30.375 I: C1: Attached.SNK
25-06-17 15:16:30.395 I: PD:S5->S3
25-06-17 15:16:30.397 [1.450378 Handle sleep: 0]
25-06-17 15:16:30.401 ec:~> [1.4514I: PD:S3->S0
25-06-17 15:16:30.405 77 power state 3 = S3, in 0x0016]
25-06-17 15:16:30.409 ec:~> [1.452301 power state 7 = S3->S0, in 0x0016]
25-06-17 15:16:30.417 ec:~> [1.453521 Motion pre-resume; loops 2; last 66 ms ago; a=0x7, s=0x0]
25-06-17 15:16:30.425 ec:~> [1.456787 power state 4 = S0, in 0x0016]
25-06-17 15:16:30.430 ec:~> [1.460571 alt-lid-accel: 0I: C: init failed: 11: PDO]
25-06-17 15:16:30.438 ec:~> 1: [1.462921 base-a0801912c, ccel: 1: init fa5000 iled: 1]
25-06-17 15:16:30.444 ec:~> 3000 [1.46469115000
25-06-17 15:16:30.447 I: C base-gyro: 2: i1: PDOnit failed: 1]
25-06-17 15:16:30.451 2: ec:~> 0002d12c, 9000 3000 27000
25-06-17 15:16:30.454 I: C1: PDO3: 0004b12c, 15000 3000 45000
25-06-17 15:16:30.458 I: C1: PDO4: 00064145, 20000 3250 65000
25-06-17 15:16:30.460 I: C1: PDO5: 00000000, 0 0 0
25-06-17 15:16:30.460 I: C1: PDO6: 00000000, 0 0 0
25-06-17 15:16:30.461 I: C1: PDO7: 00000000, 0 0 0
25-06-17 15:16:30.484 I: C1: SendCmdStart
25-06-17 15:16:30.487 I: C1: SendCmdWait
25-06-17 15:16:30.488 I: ST1: WRITE READ_POWER_LEVEL
25-06-17 15:16:30.491 I: ST1: PING_STATUS
25-06-17 15:16:30.511 I: C1: CCI=0x80000000
25-06-17 15:16:30.514 I: ST1: IDLE
25-06-17 15:16:30.515 I: C1: Attached.SNK
25-06-17 15:16:30.517 I: IS_RDO_VALID: status=1, power_op_mode=3, RDO_POS=1
25-06-17 15:16:30.522 I: Available charging on C1
25-06-17 15:16:30.525 I:   PDO: 0801912c
25-06-17 15:16:30.527 I:   V: 5000
25-06-17 15:16:30.528 I:   C: 3000
25-06-17 15:16:30.529 I:   P: 15000
25-06-17 15:16:30.554 I: C1: sink_path_mask=0x2, selected_port=1, enable=1
25-06-17 15:16:30.584 I: C1: SendCmdStart
25-06-17 15:16:30.586 I: C1: SendCmdWait
25-06-17 15:16:30.587 I: ST1: WRITE GET_CABLE_PROPERTY
25-06-17 15:16:30.590 I: ST1: PING_STATUS
25-06-17 15:16:30.611 I: ST1: READ
25-06-17 15:16:30.612 I: C1: CCI=0x80000500
25-06-17 15:16:30.615 I: ST1: IDLE
25-06-17 15:16:30.616 I: C1: Attached.SNK
25-06-17 15:16:30.620 I: C1: IRQ
25-06-17 15:16:30.621 I: C1: CCI=0x10004
25-06-17 15:16:30.624 I: C1: SendCmdStart
25-06-17 15:16:30.629 I: C1: SendCmdWait
25-06-17 15:16:30.631 I: ST1: WRITE GET_CONNECTOR_STATUS
25-06-17 15:16:30.635 I: ST1: PING_STATUS
25-06-17 15:16:30.648 I: ST1: READ
25-06-17 15:16:30.650 I: C1: CCI=0x80001300
25-06-17 15:16:30.653 I: ST1: IDLE
25-06-17 15:16:30.654 I: C1: Attached.SNK
25-06-17 15:16:30.852 [1.908508 power state 4 = S0, in 0x0010]
25-06-17 15:16:30.858 ec:~> 4 signal changes:
25-06-17 15:16:31.850 ec:~>   1.220275  +0.000000  pg_pp3700_s5_od => 1
25-06-17 15:16:31.858 ec:~>   1.448394  +0.228119  ap_ec_sysrst_odl => 1
25-06-17 15:16:31.866 ec:~>   1.448699  +0.000305  pmic_ec_resetb => 1
25-06-17 15:16:31.871 ec:~>   1.908203  +0.459504  ap_in_sleep_l => 1
25-06-17 15:16:31.874 ec:~> I: PD: AP is ON: apply 'startup' followed by 'resume'
25-06-17 15:16:32.399 I: C0: pdc_power_mgmt_set_dual_role: set role to 1
25-06-17 15:16:32.405 I: C0: Setting AP power state to S0
25-06-17 15:16:32.410 I: C0: pdc_power_mgmt_set_dual_role: set role to 3
25-06-17 15:16:32.417 I: C1: pdc_power_mgmt_set_dual_role: set role to 1
25-06-17 15:16:32.422 I: C1: Setting AP power state to S0
25-06-17 15:16:32.427 I: C1: pdcI: C0: SendCmdStart
25-06-17 15:16:32.431 I: Command (PDC_SET_AP_POWER_STATE) not implemented
25-06-17 15:16:32.435 I: C0: Unattached
25-06-17 15:16:32.438 _power_mgmt_set_dual_role: set role to 3
25-06-17 15:16:32.443 I: C1: SendCmdStart
25-06-17 15:16:32.445 I: Command (PDC_SET_AP_POWER_STATE) not implemented
25-06-17 15:16:32.449 I: C1: Attached.SNK
25-06-17 15:16:32.450 I: C0: SendCmdStart
25-06-17 15:16:32.453 I: C0: SendCmdWait
25-06-17 15:16:32.455 I: ST0: WRITE SET_DRP_MODE
25-06-17 15:16:32.461 I: ST0: PING_STATUS
25-06-17 15:16:32.477 I: C0: CCI=0x10000000
25-06-17 15:16:32.493 I: C1: SendCmdStart
25-06-17 15:16:32.498 I: C1: SendCmdWait
25-06-17 15:16:32.500 I: ST1: WRITE SET_PDR
25-06-17 15:16:32.502 I: ST1: PING_STATUS
25-06-17 15:16:32.505 I: C0: CCI=0x80000000
25-06-17 15:16:32.507 I: ST0: IDLE
25-06-17 15:16:32.508 I: C0: Unattached
25-06-17 15:16:32.520 I: C1: CCI=0x80000000
25-06-17 15:16:32.522 I: ST1: IDLE
25-06-17 15:16:32.523 I: C1: Attached.SNK
25-06-17 15:16:32.526 I: C1: SendCmdStart
25-06-17 15:16:32.529 I: C1: SendCmdWait
25-06-17 15:16:32.532 I: ST1: WRITE GET_CONNECTOR_STATUS
25-06-17 15:16:32.536 I: C0: SendCmdStart
25-06-17 15:16:32.537 I: C0: SendCmdWait
25-06-17 15:16:32.539 I: ST1: PING_STATUS
25-06-17 15:16:32.542 I: ST0: WRITE SET_CCOM
25-06-17 15:16:32.544 I: ST0: PING_STATUS
25-06-17 15:16:32.555 I: ST1: READ
25-06-17 15:16:32.557 I: C1: CCI=0x80001300
25-06-17 15:16:32.562 I: ST1: IDLE
25-06-17 15:16:32.564 I: C1: Attached.SNK
25-06-17 15:16:32.566 I: C0: CCI=0x80000000
25-06-17 15:16:32.568 I: ST0: IDLE
25-06-17 15:16:32.569 I: C0: Unattached
25-06-17 15:30:31.853 [173.032409 Battery 93% (Display 93.5 %) / 0h:23 to full]
25-06-17 15:30:31.859 ec:~> [182.042846 Battery 93% (Display 93.6 %) / 0h:23 to full]
25-06-17 15:30:40.810 ec:~> [191.049468 Battery 93% (Display 93.7 %) / 0h:23 to full]
25-06-17 15:30:49.756 ec:~> [198.306091 Battery 93% (Display 93.8 %) / 0h:23 to full]
25-06-17 15:30:56.965 ec:~> [208.316711 Battery 93% (Display 93.9 %) / 0h:23 to full]
25-06-17 15:31:06.910 ec:~> [216.323791 Battery 93% (Display 94.0 %) / 0h:23 to full]
25-06-17 15:31:14.864 ec:~> [226.332427 Battery 93% (Display 94.1 %) / 0h:23 to full]
25-06-17 15:31:24.806 ec:~> [233.589080 Battery 93% (Display 94.2 %) / 0h:23 to full]
25-06-17 15:31:32.015 ec:~> [241.596374 Battery 94% (Display 94.2 %) / 0h:22 to full]
25-06-17 15:31:39.969 ec:~> [244.598632 Battery 94% (Display 94.3 %) / 0h:22 to full]
25-06-17 15:31:42.953 ec:~> [254.608337 Battery 94% (Display 94.4 %) / 0h:22 to full]
25-06-17 15:31:52.894 ec:~> [262.615081 Battery 94% (Display 94.5 %) / 0h:22 to full]
25-06-17 15:32:00.848 ec:~> [273.876159 Battery 94% (Display 94.6 %) / 0h:22 to full]
25-06-17 15:32:12.036 ec:~> [281.882934 Battery 94% (Display 94.7 %) / 0h:22 to full]
25-06-17 15:32:19.989 ec:~> [293.893646 Battery 94% (Display 94.8 %) / 0h:22 to full]
25-06-17 15:32:31.922 ec:~> [304.903411 Battery 94% (Display 94.9 %) / 0h:22 to full]
25-06-17 15:32:42.859 ec:~> [314.161682 Battery 94% (Display 95.0 %) / 0h:22 to full]
25-06-17 15:32:52.055 ec:~> [325.172515 Battery 94% (Display 95.1 %) / 0h:21 to full]
25-06-17 15:33:02.995 ec:~> [335.180847 Battery 94% (Display 95.2 %) / 0h:21 to full]
25-06-17 15:33:12.936 ec:~> [350.443481 Battery 95% (Display 95.3 %) / 0h:21 to full]
25-06-17 15:33:28.098 ec:~> [359.452545 Battery 95% (Display 95.4 %) / 0h:21 to full]
25-06-17 15:33:37.048 ec:~> [372.463897 Battery 95% (Display 95.5 %) / 0h:21 to full]
25-06-17 15:33:49.975 ec:~> [385.726989 Battery 95% (Display 95.6 %) / 0h:21 to full]
25-06-17 15:34:03.150 ec:~> [395.736602 Battery 95% (Display 95.7 %) / 0h:21 to full]
25-06-17 15:34:13.095 ec:~> [408.747344 Battery 95% (Display 95.8 %) / 0h:21 to full]
25-06-17 15:34:26.022 ec:~> [419.757385 Battery 95% (Display 95.9 %) / 0h:20 to full]
25-06-17 15:34:36.958 ec:~> [434.020507 Battery 95% (Display 96.0 %) / 0h:20 to full]
25-06-17 15:34:51.129 ec:~> [441.026489 Battery 95% (Display 96.1 %) / 0h:20 to full]
25-06-17 15:34:58.089 ec:~> [455.039978 Battery 95% (Display 96.2 %) / 0h:20 to full]
25-06-17 15:35:12.010 ec:~> I: C1: IRQ
25-06-17 15:35:12.344 I: C1: CCI=0x10004
25-06-17 15:35:12.345 I: C1: SendCmdStart
25-06-17 15:35:12.348 I: C1: SendCmdWait
25-06-17 15:35:12.350 I: ST1: WRITE GET_CONNECTOR_STATUS
25-06-17 15:35:12.353 I: ST1: PING_STATUS
25-06-17 15:35:12.373 I: ST1: READ
25-06-17 15:35:12.375 I: C1: CCI=0x80001300
25-06-17 15:35:12.377 I: ST1: IDLE
25-06-17 15:35:12.379 I: C1: TypeCSrcAttached
25-06-17 15:35:12.381 I: C1 attached: TypeCSrcAttached
25-06-17 15:35:12.383 [455.422729 event set 0x0000000000200000]
25-06-17 15:35:12.388 ec:~> [455.428131 event set 0x0000000000200000]
25-06-17 15:35:12.394 ec:~> [455.435028 event set 0x0000000000200000]
25-06-17 15:35:12.401 ec:~> I: C1: SendCmdStart
25-06-17 15:35:12.410 I: C1: SendCmdWait
25-06-17 15:35:12.412 I: ST1: WRITE CMD_ACK_CC_CI
25-06-17 15:35:12.415 I: ST1: PING_STATUS
25-06-17 15:35:12.435 I: C1: CCI=0x80000000
25-06-17 15:35:12.437 I: ST1: IDLE
25-06-17 15:35:12.438 I: C1: TypeCSrcAttached
25-06-17 15:35:12.441 I: C1: SendCmdStart
25-06-17 15:35:12.443 I: C1: sink_path_to_send=0, chg_mgr_active_charge_port=0
25-06-17 15:35:12.449 I: C1: SendCmdWait
25-06-17 15:35:12.451 I: ST1: WRITE SET_SINK_PATH
25-06-17 15:35:12.453 I: ST1: PING_STATUS
25-06-17 15:35:12.472 I: C1: CCI=0x80000000
25-06-17 15:35:12.474 I: ST1: IDLE
25-06-17 15:35:12.476 I: C1: TypeCSrcAttached
25-06-17 15:35:12.478 I: C1: SendCmdStart
25-06-17 15:35:12.481 I: C1: SendCmdWait
25-06-17 15:35:12.483 [455.521240 evenI: STt set 0x000000001: 00200000]
25-06-17 15:35:12.489 ec:~>WRITE  GET_CONNECTOR_STATUS
25-06-17 15:35:12.492 I: ST1: PING_STATUS
25-06-17 15:35:12.496 [455.535949 event set 0x0000000000200000]
25-06-17 15:35:12.501 ec:~> [455.546325 event set 0x0000000000200000]
25-06-17 15:35:12.511 ec:~>I: ST 1: READ
25-06-17 15:35:12.513 I: C1: CCI=0x80001300
25-06-17 15:35:12.515 I: ST1: IDLE
25-06-17 15:35:12.517 I: C1: TypeCSrcAttached
25-06-17 15:35:12.775 I: C1: IRQ
25-06-17 15:35:12.777 I: C1: CCI=0x10004
25-06-17 15:35:12.779 I: C1: SendCmdStart
25-06-17 15:35:12.781 I: C1: SendCmdWait
25-06-17 15:35:12.784 I: ST1: WRITE GET_CONNECTOR_STATUS
25-06-17 15:35:12.788 I: ST1: PING_STATUS
25-06-17 15:35:12.806 I: ST1: READ
25-06-17 15:35:12.808 I: C1: CCI=0x80001300
25-06-17 15:35:12.812 I: ST1: IDLE
25-06-17 15:35:12.814 I: C1: TypeCSrcAttached
25-06-17 15:35:12.818 [455.855651 event set 0x0000000000200000]
25-06-17 15:35:12.822 ec:~> [455.860168 event set 0x0000000000200000]
25-06-17 15:35:12.827 ec:~> [455.866180 event set 0x0000000000200000]
25-06-17 15:35:12.832 ec:~> I: C1: SendCmdStart
25-06-17 15:35:12.842 I: C1: SendCmdWait
25-06-17 15:35:12.845 I: ST1: WRITE CMD_ACK_CC_CI
25-06-17 15:35:12.848 I: ST1: PING_STATUS
25-06-17 15:35:12.865 I: C1: CCI=0x80000000
25-06-17 15:35:12.869 I: ST1: IDLE
25-06-17 15:35:12.871 I: C1: TypeCSrcAttached
25-06-17 15:35:12.910 I: C1: IRQ
25-06-17 15:35:12.912 I: C1: CCI=0x10004
25-06-17 15:35:12.913 I: C1: SendCmdStart
25-06-17 15:35:12.919 I: C1: SendCmdWait
25-06-17 15:35:12.922 I: C1: IRQ
25-06-17 15:35:12.923 I: C1: CCI=0x10004
25-06-17 15:35:12.926 I: ST1: WRITE GET_CONNECTOR_STATUS
25-06-17 15:35:12.929 I: ST1: PING_STATUS
25-06-17 15:35:12.943 I: ST1: READ
25-06-17 15:35:12.945 I: C1: CCI=0x80001300
25-06-17 15:35:12.948 I: ST1: IDLE
25-06-17 15:35:12.950 I: C1: Attached.SRC
25-06-17 15:35:12.953 I: C1 attached: Attached.SRC
25-06-17 15:35:12.956 [455.996582 event set 0x0000000000200000]
25-06-17 15:35:12.959 ec:~> [456.002349 event set 0x0000000000200000]
25-06-17 15:35:12.964 ec:~> [456.008789 event set 0x0000000000200000]
25-06-17 15:35:12.971 ec:~> I: C1: SendCmdStart
25-06-17 15:35:12.980 I: C1: SendCmdWait
25-06-17 15:35:12.982 I: ST1: WRITE GET_CONNECTOR_STATUS
25-06-17 15:35:12.986 I: ST1: PING_STATUS
25-06-17 15:35:13.006 I: C1: CCI=0x10000000
25-06-17 15:35:13.028 I: ST1: READ
25-06-17 15:35:13.030 I: C1: CCI=0x80001300
25-06-17 15:35:13.032 I: ST1: IDLE
25-06-17 15:35:13.033 I: C1: Attached.SRC
25-06-17 15:35:13.058 I: C1: IRQ
25-06-17 15:35:13.059 I: C1: CCI=0x10004
25-06-17 15:35:13.061 I: C1: SendCmdStart
25-06-17 15:35:13.063 I: C1: SendCmdWait
25-06-17 15:35:13.065 I: ST1: WRITE GET_CONNECTOR_STATUS
25-06-17 15:35:13.068 I: ST1: PING_STATUS
25-06-17 15:35:13.088 I: ST1: READ
25-06-17 15:35:13.090 I: C1: CCI=0x80001300
25-06-17 15:35:13.093 I: ST1: IDLE
25-06-17 15:35:13.096 I: C1: CAM change
25-06-17 15:35:13.098 I: C1: Attached.SRC
25-06-17 15:35:13.102 [456.141082 event set 0x0000000000200000]
25-06-17 15:35:13.107 ec:~> [456.146240 event set 0x0000000000200000]
25-06-17 15:35:13.114 ec:~> [456.152923 event set 0x0000000000200000]
25-06-17 15:35:13.119 ec:~> I: C1: SendCmdStart
25-06-17 15:35:13.127 I: C1: SendCmdWait
25-06-17 15:35:13.129 I: ST1: WRITE CMD_ACK_CC_CI
25-06-17 15:35:13.131 I: ST1: PING_STATUS
25-06-17 15:35:13.149 I: C1: CCI=0x80000000
25-06-17 15:35:13.151 I: ST1: IDLE
25-06-17 15:35:13.153 I: C1: Attached.SRC
25-06-17 15:35:13.154 I: C1: SendCmdStart
25-06-17 15:35:13.157 I: C1: SendCmdWait
25-06-17 15:35:13.161 I: ST1: WRITE GET VDO
25-06-17 15:35:13.163 I: ST1: PING_STATUS
25-06-17 15:35:13.180 I: ST1: READ
25-06-17 15:35:13.182 I: C1: CCI=0x80000400
25-06-17 15:35:13.185 I: ST1: IDLE
25-06-17 15:35:13.186 I: C1: Attached.SRC
25-06-17 15:35:13.190 I: C1: SendCmdStart
25-06-17 15:35:13.193 I: C1: sink_path_to_send=0, chg_mgr_active_charge_port=0
25-06-17 15:35:13.200 I: C1: SendCmdWait
25-06-17 15:35:13.201 I: ST1: WRITE SET_SINK_PATH
25-06-17 15:35:13.203 I: ST1: PING_STATUS
25-06-17 15:35:13.218 I: C1: CCI=0x80000000
25-06-17 15:35:13.221 I: ST1: IDLE
25-06-17 15:35:13.222 I: C1: Attached.SRC
25-06-17 15:35:13.227 I: C1: SendCmdStart
25-06-17 15:35:13.230 I: C1: SendCmdWait
25-06-17 15:35:13.234 [456.271881 evenIt set 0x00000000: ST00200000]
25-06-17 15:35:13.238 ec:~>1:  WRITE GET_CONNECTOR_STATUS
25-06-17 15:35:13.238 I: ST1: PING_STATUS
25-06-17 15:35:13.240 [456.285247 event set 0x0000000000200000]
25-06-17 15:35:13.245 ec:~> [456.293182 event set 0x0000000000200000]
25-06-17 15:35:13.253 ec:~> I: ST1: READ
25-06-17 15:35:13.258 I: C1: CCI=0x80001300
25-06-17 15:35:13.260 I: ST1: IDLE
25-06-17 15:35:13.262 I: C1: Attached.SRC
25-06-17 15:35:13.288 I: C1: SendCmdStart
25-06-17 15:35:13.291 I: C1: SendCmdWait
25-06-17 15:35:13.293 I: ST1: WRITE GET_CONNECTOR_CAPABILITY
25-06-17 15:35:13.297 I: ST1: PING_STATUS
25-06-17 15:35:13.315 I: ST1: READ
25-06-17 15:35:13.318 I: C1: CCI=0x80000400
25-06-17 15:35:13.320 I: ST1: IDLE
25-06-17 15:35:13.322 I: C1: Attached.SRC
25-06-17 15:35:13.347 I: C1: SendCmdStart
25-06-17 15:35:13.349 I: C1: SendCmdWait
25-06-17 15:35:13.351 I: ST1: WRITE SET_UOR
25-06-17 15:35:13.353 I: ST1: PING_STATUS
25-06-17 15:35:13.373 E: C1: Ping Status Error
25-06-17 15:35:13.376 I: C1: CCI=0xc0000000
25-06-17 15:35:13.379 I: ST1: IDLE
25-06-17 15:35:13.380 I: ST1: WRITE SET_UOR
25-06-17 15:35:13.382 I: ST1: PING_STATUS
25-06-17 15:35:13.402 E: C1: Ping Status Error
25-06-17 15:35:13.405 I: C1: CCI=0xc0000000
25-06-17 15:35:13.407 I: ST1: IDLE
25-06-17 15:35:13.409 I: ST1: WRITE SET_UOR
25-06-17 15:35:13.414 I: ST1: PING_STATUS
25-06-17 15:35:13.430 E: C1: Ping Status Error
25-06-17 15:35:13.432 I: C1: CCI=0xc0000000
25-06-17 15:35:13.435 I: ST1: IDLE
25-06-17 15:35:13.437 E: PDC_SET_UOR resend attempts exceeded!
25-06-17 15:35:13.442 I: C1: Attached.SRC
25-06-17 15:35:13.443 I: C1: SendCmdStart
25-06-17 15:35:13.444 I: C1: SendCmdWait
25-06-17 15:35:13.446 I: ST1: WRITE SET_PDR
25-06-17 15:35:13.448 I: ST1: PING_STATUS
25-06-17 15:35:13.467 I: C1: CCI=0x80000000
25-06-17 15:35:13.470 I: ST1: IDLE
25-06-17 15:35:13.471 I: C1: Attached.SRC
25-06-17 15:35:13.473 I: C1: SendCmdStart
25-06-17 15:35:13.475 I: C1: SendCmdWait
25-06-17 15:35:13.477 I: ST1: WRITE GET_CONNECTOR_STATUS
25-06-17 15:35:13.480 I: ST1: PING_STATUS
25-06-17 15:35:13.499 I: ST1: READ
25-06-17 15:35:13.501 I: C1: CCI=0x80001300
25-06-17 15:35:13.504 I: ST1: IDLE
25-06-17 15:35:13.505 I: C1: Attached.SRC
25-06-17 15:35:13.516 I: ST1: WRITE RAW:GET_CABLE_PROPERTY
25-06-17 15:35:13.519 I: ST1: PING_STATUS
25-06-17 15:35:13.531 I: C1: SendCmdStart
25-06-17 15:35:13.540 I: ST1: READ
25-06-17 15:35:13.541 I: C1: CCI=0x80000500
25-06-17 15:35:13.545 I: ST1: IDLE
25-06-17 15:35:13.546 [456.591949 event set 0x0000000000200000]
25-06-17 15:35:13.550 ec:~> [456.598419 event set 0x0000000000200000]
25-06-17 15:35:13.557 ec:~> I: C1: SendCmdWait
25-06-17 15:35:13.562 I: ST1: WRITE READ_POWER_LEVEL
25-06-17 15:35:13.566 I: ST1: PING_STATUS
25-06-17 15:35:13.584 I: C1: CCI=0x80000000
25-06-17 15:35:13.587 I: ST1: IDLE
25-06-17 15:35:13.588 I: C1: Attached.SRC
25-06-17 15:35:13.591 I: C1: SendCmdStart
25-06-17 15:35:13.593 I: C1: SendCmdWait
25-06-17 15:35:13.595 I: ST1: WRITE GET VDO
25-06-17 15:35:13.599 I: ST1: PING_STATUS
25-06-17 15:35:13.615 I: ST1: READ
25-06-17 15:35:13.617 I: C1: CCI=0x80000800
25-06-17 15:35:13.619 I: ST1: IDLE
25-06-17 15:35:13.621 I: C1: Attached.SRC
25-06-17 15:35:13.623 I: C1: SendCmdStart
25-06-17 15:35:13.625 I: C1: SendCmdWait
25-06-17 15:35:13.627 I: ST1: WRITE GET_CABLE_PROPERTY
25-06-17 15:35:13.630 I: ST1: PING_STATUS
25-06-17 15:35:13.649 I: ST1: READ
25-06-17 15:35:13.650 I: C1: CCI=0x80000500
25-06-17 15:35:13.653 I: ST1: IDLE
25-06-17 15:35:13.655 I: C1: Attached.SRC
25-06-17 15:35:13.669 I: ST1: WRITE RAW:GET_PD_MESSAGE
25-06-17 15:35:13.672 I: ST1: PING_STATUS
25-06-17 15:35:13.681 I: C1: SendCmdStart
25-06-17 15:35:13.692 I: ST1: READ
25-06-17 15:35:13.695 I: C1: CCI=0x80001c00
25-06-17 15:35:13.699 I: ST1: IDLE
25-06-17 15:35:13.701 [456.746063 evenIt set 0x00000000: C00200000]
25-06-17 15:35:13.707 ec:~>1: IRQ
25-06-17 15:35:13.709 I: C 1: CCI=0x10004
25-06-17 15:35:13.712 I: C1: SendCmdWait
25-06-17 15:35:13.714 I: ST1: WRITE GET_PDOS
25-06-17 15:35:13.715 I: ST1: PING_STATUS
25-06-17 15:35:13.716 [456.764526 event set 0x0000000000200000]
25-06-17 15:35:13.722 ec:~> I: ST1: READ
25-06-17 15:35:13.733 I: C1: CCI=0x80000400
25-06-17 15:35:13.736 I: ST1: IDLE
25-06-17 15:35:13.738 I: C1: Attached.SRC
25-06-17 15:35:13.741 I: C1: SendCmdStart
25-06-17 15:35:13.744 I: C1: SendCmdWait
25-06-17 15:35:13.746 I: ST1: WRITE GET_CONNECTOR_STATUS
25-06-17 15:35:13.749 I: ST1: PING_STATUS
25-06-17 15:35:13.765 I: ST1: READ
25-06-17 15:35:13.767 I: C1: CCI=0x80001300
25-06-17 15:35:13.770 I: ST1: IDLE
25-06-17 15:35:13.771 I: C1: Attached.SRC
25-06-17 15:35:13.785 I: ST1: WRITE RAW:GET_ALTERNATE_MODES
25-06-17 15:35:13.789 I: ST1: PING_STATUS
25-06-17 15:35:13.797 I: C1: SendCmdStart
25-06-17 15:35:13.809 I: ST1: READ
25-06-17 15:35:13.810 I: C1: CCI=0x80000600
25-06-17 15:35:13.813 I: ST1: IDLE
25-06-17 15:35:13.814 [456.862396 event set 0x0000000000200000]
25-06-17 15:35:13.818 ec:~> [456.869506 event set 0x00000000I00200000]
25-06-17 15:35:13.827 ec:~>: C 1: SendCmdWait
25-06-17 15:35:13.830 I: ST1: WRITE GET_PDOS
25-06-17 15:35:13.831 I: ST1: PING_STATUS
25-06-17 15:35:13.850 I: C1: CCI=0x80000000
25-06-17 15:35:13.852 I: ST1: IDLE
25-06-17 15:35:13.854 I: C1: Attached.SRC
25-06-17 15:35:13.855 I: ST1: WRITE RAW:GET_PD_MESSAGE
25-06-17 15:35:13.858 I: ST1: PING_STATUS
25-06-17 15:35:13.879 I: ST1: READ
25-06-17 15:35:13.880 I: C1: set current limit 3.0A
25-06-17 15:35:13.883 I: C1: CCI=0x80001c00
25-06-17 15:35:13.885 I: ST1: IDLE
25-06-17 15:35:13.886 [456.935577 event set 0x0000000000200000]
25-06-17 15:35:13.891 ec:~> [456.942443 event set 0x0000000000200000]
25-06-17 15:35:13.898 ec:~> [456.948089 event set 0x0000000000200000]
25-06-17 15:35:13.903 ec:~> [456.955474 evenIt set 0x00000000: C00200000]
25-06-17 15:35:13.911 ec:~>1 : SendCmdStart
25-06-17 15:35:13.913 I: C1: SendCmdWait
25-06-17 15:35:13.915 I: ST1: WRITE CMD_SET_PDO
25-06-17 15:35:13.917 I: ST1: PING_STATUS
25-06-17 15:35:13.938 I: C1: CCI=0x80000000
25-06-17 15:35:13.940 I: ST1: IDLE
25-06-17 15:35:13.941 I: C1: Attached.SRC
25-06-17 15:35:13.943 I: C1: SendCmdStart
25-06-17 15:35:13.945 I: C1: SendCmdWait
25-06-17 15:35:13.947 I: ST1: WRITE GET_CONNECTOR_STATUS
25-06-17 15:35:13.950 I: ST1: PING_STATUS
25-06-17 15:35:13.970 I: ST1: READ
25-06-17 15:35:13.972 I: C1: CCI=0x80001300
25-06-17 15:35:13.975 I: ST1: IDLE
25-06-17 15:35:13.976 I: C1: Attached.SRC
25-06-17 15:35:13.987 I: ST1: WRITE RAW:GET_CONNECTOR_CAPABILITY
25-06-17 15:35:13.991 I: ST1: PING_STATUS
25-06-17 15:35:14.002 I: C1: SendCmdStart
25-06-17 15:35:14.011 I: ST1: READ
25-06-17 15:35:14.013 I: C1: CCI=0x80000400
25-06-17 15:35:14.015 I: ST1: IDLE
25-06-17 15:35:14.016 [457.066253 event set 0x0000000000200000]
25-06-17 15:35:14.021 ec:~> [457.074890 event set 0x0000000000200000]
25-06-17 15:35:14.029 ec:~>I:  C1: SendCmdWait
25-06-17 15:35:14.032 I: ST1: WRITE GET_RDO
25-06-17 15:35:14.034 I: ST1: PING_STATUS
25-06-17 15:35:14.036 [457.086273 event set 0x0000000000200000]
25-06-17 15:35:14.041 ec:~> [457.093505 event set 0x0000000000200000]
25-06-17 15:35:14.048 ec:~> [457.099517 event set 0x0000000000200000]
25-06-17 15:35:14.054 ec:~> I: ST1: READ
25-06-17 15:35:14.056 I: C1: CCI=0x80000400
25-06-17 15:35:14.058 I: ST1: IDLE
25-06-17 15:35:14.059 I: C1: Attached.SRC
25-06-17 15:35:14.063 [457.112915 event set 0x0000000000200000]
25-06-17 15:35:14.067 ec:~> I: ST1: WRITE RAW:GET_PDOS
25-06-17 15:35:14.071 I: ST1: PING_STATUS
25-06-17 15:35:14.091 I: C1: CCI=0x80000000
25-06-17 15:35:14.093 I: ST1: IDLE
25-06-17 15:35:14.095 [457.145446 evenIt set 0x00000000:00200000]
25-06-17 15:35:14.100 ec:~> C 1: IRQ
25-06-17 15:35:14.101 I: C1: CCI=0x10004
25-06-17 15:35:14.103 I: C1: SendCmdStart
25-06-17 15:35:14.105 I: C1: SendCmdWait
25-06-17 15:35:14.107 I: ST1: WRITE GET_CONNECTOR_STATUS
25-06-17 15:35:14.110 I: ST1: PING_STATUS
25-06-17 15:35:14.116 [457.166687 event set 0x0000000000200000]
25-06-17 15:35:14.121 ec:~> I: ST1: READ
25-06-17 15:35:14.132 I: C1: CCI=0x80001300
25-06-17 15:35:14.135 I: ST1: IDLE
25-06-17 15:35:14.136 I: C1: Attached.SRC
25-06-17 15:35:14.142 I: ST1: WRITE RAW:GET_ALTERNATE_MODES
25-06-17 15:35:14.146 I: ST1: PING_STATUS
25-06-17 15:35:14.162 I: C1: SendCmdStart
25-06-17 15:35:14.166 I: ST1: READ
25-06-17 15:35:14.167 I: C1: CCI=0x80000600
25-06-17 15:35:14.170 I: ST1: IDLE
25-06-17 15:35:14.171 [457.221771 event set 0x0000000000200000]
25-06-17 15:35:14.176 ec:~> [457.230987 event set 0x0000000000200000]
25-06-17 15:35:14.185 ec:~> I: ST1: WRITE RAW:GET_ALTERNATE_MODES
25-06-17 15:35:14.193 I: ST1: PING_STATUS
25-06-17 15:35:14.212 I: ST1: READ
25-06-17 15:35:14.213 I: C1: CCI=0x80000600
25-06-17 15:35:14.216 I: ST1: IDLE
25-06-17 15:35:14.217 [457.268188 evenIt set 0x00000000: C00200000]
25-06-17 15:35:14.223 ec:~>1:  SendCmdWait
25-06-17 15:35:14.225 I: ST1: WRITE CMD_ACK_CC_CI
25-06-17 15:35:14.228 I: ST1: PING_STATUS
25-06-17 15:35:14.232 [457.283874 event set 0x0000000000200000]
25-06-17 15:35:14.237 ec:~> I: C1: CCI=0x80000000
25-06-17 15:35:14.249 I: ST1: IDLE
25-06-17 15:35:14.250 I: C1: Attached.SRC
25-06-17 15:35:14.252 I: C1: SendCmdStart
25-06-17 15:35:14.254 I: C1: SendCmdWait
25-06-17 15:35:14.256 I: ST1: WRITE GET_PDOS
25-06-17 15:35:14.258 I: ST1: PING_STATUS
25-06-17 15:35:14.278 I: ST1: READ
25-06-17 15:35:14.280 I: C1: CCI=0x80000400
25-06-17 15:35:14.282 I: ST1: IDLE
25-06-17 15:35:14.284 I: C1: Attached.SRC
25-06-17 15:35:14.286 I: C1: SendCmdStart
25-06-17 15:35:14.287 I: C1: SendCmdWait
25-06-17 15:35:14.290 I: ST1: WRITE GET_PDOS
25-06-17 15:35:14.291 I: ST1: PING_STATUS
25-06-17 15:35:14.311 I: C1: CCI=0x80000000
25-06-17 15:35:14.314 I: ST1: IDLE
25-06-17 15:35:14.315 I: C1: Attached.SRC
25-06-17 15:35:14.318 I: ST1: WRITE RAW:GET_ALTERNATE_MODES
25-06-17 15:35:14.322 I: ST1: PING_STATUS
25-06-17 15:35:14.342 I: ST1: READ
25-06-17 15:35:14.344 I: C1: CCI=0x80000600
25-06-17 15:35:14.346 I: ST1: IDLE
25-06-17 15:35:14.347 [457.399383 event set 0x0000000000200000]
25-06-17 15:35:14.352 ec:~> [457.405914 event set 0x0000000000200000]
25-06-17 15:35:14.359 ec:~> I: ST1: WRITE RAW:GET_CURRENT_CAM
25-06-17 15:35:14.363 I: ST1: PING_STATUS
25-06-17 15:35:14.383 I: ST1: READ
25-06-17 15:35:14.385 I: C1: CCI=0x80000100
25-06-17 15:35:14.387 I: ST1: IDLE
25-06-17 15:35:14.388 [457.440551 event set 0x0000000000200000]
25-06-17 15:35:14.394 ec:~> [457.447875 event set 0x0000000000200000]
25-06-17 15:35:14.403 ec:~> [457.453216 event set 0x0000000000200000]
25-06-17 15:35:14.406 ec:~> [457.460113 event set 0x0000000000200000]
25-06-17 15:35:14.412 ec:~> I: ST1: WRITE RAW:GET_CURRENT_CAM
25-06-17 15:35:14.416 I: ST1: PING_STATUS
25-06-17 15:35:14.437 I: ST1: READ
25-06-17 15:35:14.438 I: C1: CCI=0x80000100
25-06-17 15:35:14.441 I: ST1: IDLE
25-06-17 15:35:14.442 [457.494323 event set 0x0000000000200000]
25-06-17 15:35:14.446 ec:~> [457.500946 event set 0x0000000000200000]
25-06-17 15:35:14.453 ec:~> I: ST1: WRITE RAW:GET_CURRENT_CAM
25-06-17 15:35:14.457 I: ST1: PING_STATUS
25-06-17 15:35:14.477 I: ST1: READ
25-06-17 15:35:14.478 I: C1: CCI=0x80000100
25-06-17 15:35:14.481 I: ST1: IDLE
25-06-17 15:35:14.482 [457.535095 event set 0x0000000000200000]
25-06-17 15:35:14.487 ec:~> [457.541473 event set 0x0000000000200000]
25-06-17 15:35:14.493 ec:~> I: ST1: WRITE RAW:GET_CURRENT_CAM
25-06-17 15:35:14.501 I: ST1: PING_STATUS
25-06-17 15:35:14.522 I: ST1: READ
25-06-17 15:35:14.524 I: C1: CCI=0x80000100
25-06-17 15:35:14.525 I: ST1: IDLE
25-06-17 15:35:14.527 [457.579772 event set 0x0000000000200000]
25-06-17 15:35:14.532 ec:~> [457.586669 event set 0x0000000000200000]
25-06-17 15:35:14.538 ec:~> I: ST1: WRITE RAW:GET_CURRENT_CAM
25-06-17 15:35:15.056 I: ST1: PING_STATUS
25-06-17 15:35:15.074 I: ST1: READ
25-06-17 15:35:15.076 I: C1: CCI=0x80000100
25-06-17 15:35:15.078 I: ST1: IDLE
25-06-17 15:35:15.079 [458.135681 event set 0x0000000000200000]
25-06-17 15:35:15.084 ec:~> [458.142089 event set 0x0000000000200000]
25-06-17 15:35:15.090 ec:~> I: ST1: WRITE RAW:GET_CURRENT_CAM
25-06-17 15:35:15.440 I: ST1: PING_STATUS
25-06-17 15:35:15.458 I: ST1: READ
25-06-17 15:35:15.459 I: C1: CCI=0x80000100
25-06-17 15:35:15.462 I: ST1: IDLE
25-06-17 15:35:15.463 [458.522521 event set 0x0000000000200000]
25-06-17 15:35:15.468 ec:~> [458.529388 event set 0x0000000000200000]
25-06-17 15:35:15.475 ec:~> [470.331481 Battery 95% (Display 96.3 %) / 0h:20 to full]
25-06-17 15:35:27.201 ec:~> I: C1: IRQ
25-06-17 15:35:31.530 I: C1: CCI=0x10004
25-06-17 15:35:31.532 I: C1: SendCmdStart
25-06-17 15:35:31.533 I: C1: SendCmdWait
25-06-17 15:35:31.533 I: ST1: WRITE GET_CONNECTOR_STATUS
25-06-17 15:35:31.536 I: ST1: PING_STATUS
25-06-17 15:35:31.556 I: ST1: READ
25-06-17 15:35:31.558 I: C1: CCI=0x80001300
25-06-17 15:35:31.560 I: ST1: IDLE
25-06-17 15:35:31.561 I: C1: Unattached
25-06-17 15:35:31.563 I: C1 attached: Unattached
25-06-17 15:35:31.567 I: C1: set current limit 1.5A
25-06-17 15:35:31.572 [474.733764 event set 0x0000000000200000]
25-06-17 15:35:31.578 ec:~> [474.739379 event set 0x0000000000200000]
25-06-17 15:35:31.585 ec:~> [474.745941 event set 0x0000000000200000]
25-06-17 15:35:31.590 ec:~> I: C1: SendCmdStart
25-06-17 15:35:31.597 I: C1: SendCmdWait
25-06-17 15:35:31.600 I: ST1: WRITE CMD_ACK_CC_CI
25-06-17 15:35:31.604 I: ST1: PING_STATUS
25-06-17 15:35:31.621 I: C1: CCI=0x80000000
25-06-17 15:35:31.624 I: ST1: IDLE
25-06-17 15:35:31.625 I: C1: Unattached
25-06-17 15:35:31.627 I: C1: SendCmdStart
25-06-17 15:35:31.629 I: C1: sink_path_to_send=0, chg_mgr_active_charge_port=0
25-06-17 15:35:31.634 I: C1: SendCmdWait
25-06-17 15:35:31.636 I: ST1: WRITE SET_SINK_PATH
25-06-17 15:35:31.639 I: ST1: PING_STATUS
25-06-17 15:35:31.658 I: C1: CCI=0x80000000
25-06-17 15:35:31.660 I: ST1: IDLE
25-06-17 15:35:31.661 I: C1: Unattached
25-06-17 15:35:31.663 I: C1: SendCmdStart
25-06-17 15:35:31.664 I: C1: SendCmdWait
25-06-17 15:35:31.667 [474.833190 evenI: STt set 0x000000001: 00200000]
25-06-17 15:35:31.672 ec:~>WRITE  GET_CONNECTOR_STATUS
25-06-17 15:35:31.675 I: ST1: PING_STATUS
25-06-17 15:35:31.681 [474.847869 event set 0x0000000000200000]
25-06-17 15:35:31.686 ec:~> [474.858428 event set 0x0000000000200000]
25-06-17 15:35:31.698 ec:~>I: ST 1: READ
25-06-17 15:35:31.700 I: C1: CCI=0x80001300
25-06-17 15:35:31.702 I: ST1: IDLE
25-06-17 15:35:31.703 I: C1: Unattached
25-06-17 15:35:31.729 I: C1: SendCmdStart
25-06-17 15:35:31.731 I: C1: SendCmdWait
25-06-17 15:35:31.733 I: ST1: WRITE SET_TPC_RP
25-06-17 15:35:31.737 I: ST1: PING_STATUS
25-06-17 15:35:31.755 I: C1: CCI=0x80000000
25-06-17 15:35:31.759 I: ST1: IDLE
25-06-17 15:35:31.760 I: C1: Unattached
25-06-17 15:35:31.761 I: C1: IRQ
25-06-17 15:35:31.763 I: C1: CCI=0x10004
25-06-17 15:35:31.767 I: C1: SendCmdStart
25-06-17 15:35:31.770 I: C1: SendCmdWait
25-06-17 15:35:31.772 I: ST1: WRITE GET_CONNECTOR_STATUS
25-06-17 15:35:31.776 I: ST1: PING_STATUS
25-06-17 15:35:31.790 I: ST1: READ
25-06-17 15:35:31.792 I: C1: CCI=0x80001300
25-06-17 15:35:31.795 I: ST1: IDLE
25-06-17 15:35:31.796 I: C1: Unattached
25-06-17 15:35:31.798 [474.965362 event set 0x0000000000200000]
25-06-17 15:35:31.803 ec:~> [474.971313 event set 0x0000000000200000]
25-06-17 15:35:31.811 ec:~> [474.980072 event set 0x0000000000200000]
25-06-17 15:35:31.817 ec:~> I: C1: SendCmdStart
25-06-17 15:35:31.825 I: C1: SendCmdWait
25-06-17 15:35:31.827 I: ST1: WRITE CMD_ACK_CC_CI
25-06-17 15:35:31.829 I: ST1: PING_STATUS
25-06-17 15:35:31.849 I: C1: CCI=0x80000000
25-06-17 15:35:31.852 I: ST1: IDLE
25-06-17 15:35:31.856 I: C1: Unattached
25-06-17 15:35:31.858 I: C1: SendCmdStart
25-06-17 15:35:31.861 I: C1: SendCmdWait
25-06-17 15:35:31.862 I: ST1: WRITE SET_CCOM
25-06-17 15:35:31.864 I: ST1: PING_STATUS
25-06-17 15:35:31.881 I: C1: CCI=0x80000000
25-06-17 15:35:31.884 I: ST1: IDLE
25-06-17 15:35:31.885 I: C1: Unattached
25-06-17 15:35:31.886 I: C1: IRQ
25-06-17 15:35:31.887 I: C1: CCI=0x10004
25-06-17 15:35:31.889 I: C1: SendCmdStart
25-06-17 15:35:31.890 I: C1: SendCmdWait
25-06-17 15:35:31.892 I: ST1: WRITE GET_CONNECTOR_STATUS
25-06-17 15:35:31.896 I: ST1: PING_STATUS
25-06-17 15:35:31.916 I: ST1: READ
25-06-17 15:35:31.918 I: C1: CCI=0x80001300
25-06-17 15:35:31.920 I: ST1: IDLE
25-06-17 15:35:31.922 I: C1: Unattached
25-06-17 15:35:31.923 [475.091491 event set 0x0000000000200000]
25-06-17 15:35:31.928 ec:~> [475.097534 event set 0x0000000000200000]
25-06-17 15:35:31.934 ec:~> [475.108856 event set 0x0000000000200000]
25-06-17 15:35:31.946 ec:~> I: C1: SendCmdStart
25-06-17 15:35:31.950 I: C1: SendCmdWait
25-06-17 15:35:31.952 I: ST1: WRITE CMD_ACK_CC_CI
25-06-17 15:35:31.954 I: ST1: PING_STATUS
25-06-17 15:35:31.975 I: C1: CCI=0x80000000
25-06-17 15:35:31.977 I: ST1: IDLE
25-06-17 15:35:31.979 I: C1: Unattached
25-06-17 15:35:31.980 I: C1: SendCmdStart
25-06-17 15:35:31.982 I: C1: SendCmdWait
25-06-17 15:35:31.984 I: ST1: WRITE SET_DRP_MODE
25-06-17 15:35:31.986 I: ST1: PING_STATUS
25-06-17 15:35:32.006 I: C1: CCI=0x80000000
25-06-17 15:35:32.010 I: ST1: IDLE
25-06-17 15:35:32.011 I: C1: Unattached
25-06-17 15:35:32.036 I: C1: SendCmdStart
25-06-17 15:35:32.038 I: C1: SendCmdWait
25-06-17 15:35:32.040 I: ST1: WRITE CMD_SET_PDO
25-06-17 15:35:32.042 I: ST1: PING_STATUS
25-06-17 15:35:32.063 I: C1: CCI=0x80000000
25-06-17 15:35:32.065 I: ST1: IDLE
25-06-17 15:35:32.066 I: C1: Unattached
25-06-17 15:35:32.068 I: C1: SendCmdStart
25-06-17 15:35:32.070 I: C1: SendCmdWait
25-06-17 15:35:32.072 [475.240783 evenIt set 0x00000000: ST00200000]
25-06-17 15:35:32.076 ec:~>1:  WRITE GET_CONNECTOR_STATUS
25-06-17 15:35:32.080 I: ST1: PING_STATUS
25-06-17 15:35:32.085 [475.253845 event set 0x0000000000200000]
25-06-17 15:35:32.089 ec:~> [475.261749 event set 0x0000000000200000]
25-06-17 15:35:32.097 ec:~> I: ST1: READ
25-06-17 15:35:32.102 I: C1: CCI=0x80001300
25-06-17 15:35:32.104 I: ST1: IDLE
25-06-17 15:35:32.106 I: C1: Unattached
25-06-17 15:35:33.934 I: C1: IRQ
25-06-17 15:35:33.935 I: C1: CCI=0x10004
25-06-17 15:35:33.937 I: C1: SendCmdStart
25-06-17 15:35:33.939 I: C1: SendCmdWait
25-06-17 15:35:33.941 I: ST1: WRITE GET_CONNECTOR_STATUS
25-06-17 15:35:33.945 I: ST1: PING_STATUS
25-06-17 15:35:33.964 I: ST1: READ
25-06-17 15:35:33.966 I: C1: CCI=0x80001300
25-06-17 15:35:33.968 I: ST1: IDLE
25-06-17 15:35:33.969 I: C1: TypeCSrcAttached
25-06-17 15:35:33.971 I: C1 attached: TypeCSrcAttached
25-06-17 15:35:33.975 [477.156250 event set 0x0000000000200000]
25-06-17 15:35:33.979 ec:~> [477.161956 event set 0x0000000000200000]
25-06-17 15:35:33.985 ec:~> [477.168945 event set 0x0000000000200000]
25-06-17 15:35:33.992 ec:~> I: C1: SendCmdStart
25-06-17 15:35:34.001 I: C1: SendCmdWait
25-06-17 15:35:34.003 I: ST1: WRITE CMD_ACK_CC_CI
25-06-17 15:35:34.006 I: ST1: PING_STATUS
25-06-17 15:35:34.026 I: C1: CCI=0x80000000
25-06-17 15:35:34.028 I: ST1: IDLE
25-06-17 15:35:34.029 I: C1: TypeCSrcAttached
25-06-17 15:35:34.031 I: C1: SendCmdStart
25-06-17 15:35:34.033 I: C1: sink_path_to_send=0, chg_mgr_active_charge_port=0
25-06-17 15:35:34.038 I: C1: SendCmdWait
25-06-17 15:35:34.040 I: ST1: WRITE SET_SINK_PATH
25-06-17 15:35:34.043 I: ST1: PING_STATUS
25-06-17 15:35:34.063 I: C1: CCI=0x80000000
25-06-17 15:35:34.065 I: ST1: IDLE
25-06-17 15:35:34.066 I: C1: TypeCSrcAttached
25-06-17 15:35:34.069 I: C1: SendCmdStart
25-06-17 15:35:34.071 I: C1: SendCmdWait
25-06-17 15:35:34.073 [477.254760 evenI: STt set 0x000000001: 00200000]
25-06-17 15:35:34.078 ec:~>WRITE  GET_CONNECTOR_STATUS
25-06-17 15:35:34.081 I: ST1: PING_STATUS
25-06-17 15:35:34.087 [477.269409 event set 0x0000000000200000]
25-06-17 15:35:34.092 ec:~> [477.281066 event set 0x00000000I: ST00200000]
25-06-17 15:35:34.104 ec:~>1:  READ
25-06-17 15:35:34.106 I: C1: CCI=0x80001300
25-06-17 15:35:34.108 I: ST1: IDLE
25-06-17 15:35:34.110 I: C1: TypeCSrcAttached
25-06-17 15:35:34.367 I: C1: IRQ
25-06-17 15:35:34.369 I: C1: CCI=0x10004
25-06-17 15:35:34.371 I: C1: SendCmdStart
25-06-17 15:35:34.375 I: C1: SendCmdWait
25-06-17 15:35:34.379 I: ST1: WRITE GET_CONNECTOR_STATUS
25-06-17 15:35:34.382 I: ST1: PING_STATUS
25-06-17 15:35:34.397 I: ST1: READ
25-06-17 15:35:34.399 I: C1: CCI=0x80001300
25-06-17 15:35:34.402 I: ST1: IDLE
25-06-17 15:35:34.404 I: C1: TypeCSrcAttached
25-06-17 15:35:34.407 [477.589294 event set 0x0000000000200000]
25-06-17 15:35:34.413 ec:~> [477.593872 event set 0x0000000000200000]
25-06-17 15:35:34.418 ec:~> [477.600067 event set 0x0000000000200000]
25-06-17 15:35:34.423 ec:~> I: C1: SendCmdStart
25-06-17 15:35:34.433 I: C1: SendCmdWait
25-06-17 15:35:34.436 I: ST1: WRITE CMD_ACK_CC_CI
25-06-17 15:35:34.437 I: ST1: PING_STATUS
25-06-17 15:35:34.456 I: C1: CCI=0x80000000
25-06-17 15:35:34.460 I: ST1: IDLE
25-06-17 15:35:34.462 I: C1: TypeCSrcAttached
25-06-17 15:35:34.506 I: C1: IRQ
25-06-17 15:35:34.508 I: C1: CCI=0x10004
25-06-17 15:35:34.509 I: C1: SendCmdStart
25-06-17 15:35:34.511 I: C1: SendCmdWait
25-06-17 15:35:34.513 I: C1: IRQ
25-06-17 15:35:34.514 I: C1: CCI=0x10004
25-06-17 15:35:34.516 I: ST1: WRITE GET_CONNECTOR_STATUS
25-06-17 15:35:34.519 I: ST1: PING_STATUS
25-06-17 15:35:34.539 I: ST1: READ
25-06-17 15:35:34.541 I: C1: CCI=0x80001300
25-06-17 15:35:34.544 I: ST1: IDLE
25-06-17 15:35:34.545 I: C1: Attached.SRC
25-06-17 15:35:34.547 I: C1 attached: Attached.SRC
25-06-17 15:35:34.550 [477.735290 event set 0x0000000000200000]
25-06-17 15:35:34.555 ec:~> [477.741577 event set 0x0000000000200000]
25-06-17 15:35:34.561 ec:~> [477.751586 event set 0x0000000000200000]
25-06-17 15:35:34.572 ec:~> I: C1: SendCmdStart
25-06-17 15:35:34.578 I: C1: SendCmdWait
25-06-17 15:35:34.579 I: ST1: WRITE GET_CONNECTOR_STATUS
25-06-17 15:35:34.582 I: ST1: PING_STATUS
25-06-17 15:35:34.602 I: C1: CCI=0x10000000
25-06-17 15:35:34.624 I: ST1: READ
25-06-17 15:35:34.626 I: C1: CCI=0x80001300
25-06-17 15:35:34.628 I: ST1: IDLE
25-06-17 15:35:34.630 I: C1: Attached.SRC
25-06-17 15:35:34.652 I: C1: IRQ
25-06-17 15:35:34.653 I: C1: CCI=0x10004
25-06-17 15:35:34.655 I: C1: SendCmdStart
25-06-17 15:35:34.657 I: C1: SendCmdWait
25-06-17 15:35:34.659 I: ST1: WRITE GET_CONNECTOR_STATUS
25-06-17 15:35:34.664 I: ST1: PING_STATUS
25-06-17 15:35:34.682 I: C1: CCI=0x10000000
25-06-17 15:35:34.704 I: ST1: READ
25-06-17 15:35:34.706 I: C1: CCI=0x80001300
25-06-17 15:35:34.710 I: ST1: IDLE
25-06-17 15:35:34.711 I: C1: CAM change
25-06-17 15:35:34.714 I: C1: Attached.SRC
25-06-17 15:35:34.716 [477.899749 event set 0x0000000000200000]
25-06-17 15:35:34.720 ec:~> [477.904205 event set 0x0000000000200000]
25-06-17 15:35:34.724 ec:~> [477.914367 event set 0x0000000000200000]
25-06-17 15:35:34.734 ec:~> I: C1: SendCmdStart
25-06-17 15:35:34.741 I: C1: SendCmdWait
25-06-17 15:35:34.743 I: ST1: WRITE CMD_ACK_CC_CI
25-06-17 15:35:34.746 I: ST1: PING_STATUS
25-06-17 15:35:34.765 I: C1: CCI=0x10000000
25-06-17 15:35:34.787 I: C1: CCI=0x80000000
25-06-17 15:35:34.790 I: ST1: IDLE
25-06-17 15:35:34.792 I: C1: Attached.SRC
25-06-17 15:35:34.817 I: C1: SendCmdStart
25-06-17 15:35:34.819 I: C1: SendCmdWait
25-06-17 15:35:34.821 I: ST1: WRITE GET VDO
25-06-17 15:35:34.823 I: ST1: PING_STATUS
25-06-17 15:35:34.843 I: ST1: READ
25-06-17 15:35:34.844 I: C1: CCI=0x80000400
25-06-17 15:35:34.847 I: ST1: IDLE
25-06-17 15:35:34.848 I: C1: Attached.SRC
25-06-17 15:35:34.850 I: C1: SendCmdStart
25-06-17 15:35:34.854 I: C1: sink_path_to_send=0, chg_mgr_active_charge_port=0
25-06-17 15:35:34.860 I: C1: SendCmdWait
25-06-17 15:35:34.862 I: ST1: WRITE SET_SINK_PATH
25-06-17 15:35:34.863 I: ST1: PING_STATUS
25-06-17 15:35:34.881 I: C1: CCI=0x80000000
25-06-17 15:35:34.884 I: ST1: IDLE
25-06-17 15:35:34.886 I: C1: Attached.SRC
25-06-17 15:35:34.887 I: C1: SendCmdStart
25-06-17 15:35:34.890 I: C1: SendCmdWait
25-06-17 15:35:34.896 [478.078063 evenIt set 0x00000000: ST00200000]
25-06-17 15:35:34.901 ec:~>1:  WRITE GET_CONNECTOR_STATUS
25-06-17 15:35:34.901 I: ST1: PING_STATUS
25-06-17 15:35:34.904 [478.091308 event set 0x0000000000200000]
25-06-17 15:35:34.908 ec:~> [478.097930 event set 0x0000000000200000]
25-06-17 15:35:34.915 ec:~> I: ST1: READ
25-06-17 15:35:34.921 I: C1: CCI=0x80001300
25-06-17 15:35:34.924 I: ST1: IDLE
25-06-17 15:35:34.925 I: C1: Attached.SRC
25-06-17 15:35:34.951 I: C1: SendCmdStart
25-06-17 15:35:34.953 I: C1: SendCmdWait
25-06-17 15:35:34.955 I: ST1: WRITE GET_CONNECTOR_CAPABILITY
25-06-17 15:35:34.959 I: ST1: PING_STATUS
25-06-17 15:35:34.979 I: ST1: READ
25-06-17 15:35:34.980 I: C1: CCI=0x80000400
25-06-17 15:35:34.983 I: ST1: IDLE
25-06-17 15:35:34.984 I: C1: Attached.SRC
25-06-17 15:35:35.010 I: C1: SendCmdStart
25-06-17 15:35:35.014 I: C1: SendCmdWait
25-06-17 15:35:35.016 I: ST1: WRITE SET_UOR
25-06-17 15:35:35.018 I: ST1: PING_STATUS
25-06-17 15:35:35.037 E: C1: Ping Status Error
25-06-17 15:35:35.039 I: C1: CCI=0xc0000000
25-06-17 15:35:35.041 I: ST1: IDLE
25-06-17 15:35:35.042 I: ST1: WRITE SET_UOR
25-06-17 15:35:35.045 I: ST1: PING_STATUS
25-06-17 15:35:35.065 E: C1: Ping Status Error
25-06-17 15:35:35.067 I: C1: CCI=0xc0000000
25-06-17 15:35:35.070 I: ST1: IDLE
25-06-17 15:35:35.071 I: ST1: WRITE SET_UOR
25-06-17 15:35:35.073 I: ST1: PING_STATUS
25-06-17 15:35:35.093 E: C1: Ping Status Error
25-06-17 15:35:35.096 I: C1: CCI=0xc0000000
25-06-17 15:35:35.099 I: ST1: IDLE
25-06-17 15:35:35.102 E: PDC_SET_UOR resend attempts exceeded!
25-06-17 15:35:35.106 I: C1: Attached.SRC
25-06-17 15:35:35.108 I: C1: SendCmdStart
25-06-17 15:35:35.110 I: C1: SendCmdWait
25-06-17 15:35:35.112 I: ST1: WRITE SET_PDR
25-06-17 15:35:35.113 I: ST1: PING_STATUS
25-06-17 15:35:35.130 I: C1: CCI=0x80000000
25-06-17 15:35:35.133 I: ST1: IDLE
25-06-17 15:35:35.135 I: C1: Attached.SRC
25-06-17 15:35:35.138 I: C1: SendCmdStart
25-06-17 15:35:35.140 I: C1: SendCmdWait
25-06-17 15:35:35.143 I: ST1: WRITE GET_CONNECTOR_STATUS
25-06-17 15:35:35.145 I: ST1: PING_STATUS
25-06-17 15:35:35.163 I: ST1: READ
25-06-17 15:35:35.166 I: C1: CCI=0x80001300
25-06-17 15:35:35.168 I: ST1: IDLE
25-06-17 15:35:35.170 I: C1: Attached.SRC
25-06-17 15:35:35.172 I: ST1: WRITE RAW:GET_CABLE_PROPERTY
25-06-17 15:35:35.177 I: ST1: PING_STATUS
25-06-17 15:35:35.183 [478.372253 Battery 96% (Display 96.3 %) / 0h:20 to full]
25-06-17 15:35:35.190 ec:~> I: ST1: READ
25-06-17 15:35:35.196 I: C1: SendCmdStart
25-06-17 15:35:35.200 I: C1: CCI=0x80000500
25-06-17 15:35:35.202 I: ST1: IDLE
25-06-17 15:35:35.203 [478.390441 event set 0x0000000000200000]
25-06-17 15:35:35.207 ec:~> [478.396606 event set 0x0000000000200000]
25-06-17 15:35:35.215 ec:~> I: ST1: WRITE RAW:GET_PD_MESSAGE
25-06-17 15:35:35.218 I: ST1: PING_STATUS
25-06-17 15:35:35.236 I: ST1: READ
25-06-17 15:35:35.237 I: C1: CCI=0x80001c00
25-06-17 15:35:35.241 I: ST1: IDLE
25-06-17 15:35:35.243 [478.430999 event set 0x0000000000200000]
25-06-17 15:35:35.248 ec:~> [478.437103 evenI: Ct set 0x00000000100200000]
25-06-17 15:35:35.255 ec:~>:  SendCmdWait
25-06-17 15:35:35.258 I: ST1: WRITE READ_POWER_LEVEL
25-06-17 15:35:35.262 I: ST1: PING_STATUS
25-06-17 15:35:35.277 I: C1: CCI=0x80000000
25-06-17 15:35:35.281 I: ST1: IDLE
25-06-17 15:35:35.282 I: C1: Attached.SRC
25-06-17 15:35:35.284 I: C1: SendCmdStart
25-06-17 15:35:35.287 I: C1: SendCmdWait
25-06-17 15:35:35.289 I: ST1: WRITE GET VDO
25-06-17 15:35:35.292 I: ST1: PING_STATUS
25-06-17 15:35:35.309 I: ST1: READ
25-06-17 15:35:35.310 I: C1: CCI=0x80000800
25-06-17 15:35:35.314 I: ST1: IDLE
25-06-17 15:35:35.315 I: C1: Attached.SRC
25-06-17 15:35:35.317 I: C1: SendCmdStart
25-06-17 15:35:35.319 I: C1: SendCmdWait
25-06-17 15:35:35.321 I: ST1: WRITE GET_CABLE_PROPERTY
25-06-17 15:35:35.324 I: ST1: PING_STATUS
25-06-17 15:35:35.342 I: ST1: READ
25-06-17 15:35:35.344 I: C1: CCI=0x80000500
25-06-17 15:35:35.346 I: ST1: IDLE
25-06-17 15:35:35.348 I: C1: Attached.SRC
25-06-17 15:35:35.350 I: ST1: WRITE RAW:GET_ALTERNATE_MODES
25-06-17 15:35:35.353 I: ST1: PING_STATUS
25-06-17 15:35:35.373 I: ST1: READ
25-06-17 15:35:35.374 I: C1: SendCmdStart
25-06-17 15:35:35.377 I: C1: CCI=0x80000600
25-06-17 15:35:35.379 I: ST1: IDLE
25-06-17 15:35:35.380 [478.571014 evenIt set 0x00000000: C00200000]
25-06-17 15:35:35.386 ec:~>1: IRQ
25-06-17 15:35:35.387 I: C 1: CCI=0x10004
25-06-17 15:35:35.389 I: C1: SendCmdWait
25-06-17 15:35:35.391 I: ST1: WRITE GET_PDOS
25-06-17 15:35:35.393 I: ST1: PING_STATUS
25-06-17 15:35:35.399 [478.589660 event set 0x0000000000200000]
25-06-17 15:35:35.403 ec:~> I: ST1: READ
25-06-17 15:35:35.414 I: C1: CCI=0x80000400
25-06-17 15:35:35.417 I: ST1: IDLE
25-06-17 15:35:35.418 I: C1: Attached.SRC
25-06-17 15:35:35.420 I: C1: SendCmdStart
25-06-17 15:35:35.423 I: C1: SendCmdWait
25-06-17 15:35:35.424 I: ST1: WRITE GET_CONNECTOR_STATUS
25-06-17 15:35:35.427 I: ST1: PING_STATUS
25-06-17 15:35:35.447 I: ST1: READ
25-06-17 15:35:35.449 I: C1: CCI=0x80001300
25-06-17 15:35:35.451 I: ST1: IDLE
25-06-17 15:35:35.453 I: C1: Attached.SRC
25-06-17 15:35:35.466 I: ST1: WRITE RAW:GET_PD_MESSAGE
25-06-17 15:35:35.470 I: ST1: PING_STATUS
25-06-17 15:35:35.479 I: C1: SendCmdStart
25-06-17 15:35:35.490 I: ST1: READ
25-06-17 15:35:35.492 I: C1: CCI=0x80001c00
25-06-17 15:35:35.495 I: ST1: IDLE
25-06-17 15:35:35.496 [478.687377 event set 0x0000000000200000]
25-06-17 15:35:35.500 ec:~> [478.694000 event set 0x0000000000200000]
25-06-17 15:35:35.507 ec:~>I : C1: SendCmdWait
25-06-17 15:35:35.510 I: ST1: WRITE GET_PDOS
25-06-17 15:35:35.511 I: ST1: PING_STATUS
25-06-17 15:35:35.516 [478.707397 event set 0x0000000000200000]
25-06-17 15:35:35.520 ec:~> [478.714660 event set 0x0000000000200000]
25-06-17 15:35:35.527 ec:~> I: C1: CCI=0x80000000
25-06-17 15:35:35.534 I: ST1: IDLE
25-06-17 15:35:35.535 I: C1: Attached.SRC
25-06-17 15:35:35.548 I: ST1: WRITE RAW:GET_CONNECTOR_CAPABILITY
25-06-17 15:35:35.552 I: ST1: PING_STATUS
25-06-17 15:35:35.562 I: C1: set current limit 3.0A
25-06-17 15:35:35.573 I: ST1: READ
25-06-17 15:35:35.574 I: C1: CCI=0x80000400
25-06-17 15:35:35.577 I: ST1: IDLE
25-06-17 15:35:35.578 [478.770172 event set 0x0000000000200000]
25-06-17 15:35:35.583 ec:~> [478.777954 event set 0x0000000000200000]
25-06-17 15:35:35.591 ec:~>I: C 1: SendCmdStart
25-06-17 15:35:35.593 I: C1: SendCmdWait
25-06-17 15:35:35.595 I: ST1: WRITE CMD_SET_PDO
25-06-17 15:35:35.597 I: ST1: PING_STATUS
25-06-17 15:35:35.599 [478.791778 event set 0x0000000000200000]
25-06-17 15:35:35.604 ec:~> [478.798980 event set 0x0000000000200000]
25-06-17 15:35:35.611 ec:~> I: C1: CCI=0x80000000
25-06-17 15:35:35.619 I: ST1: IDLE
25-06-17 15:35:35.621 I: C1: Attached.SRC
25-06-17 15:35:35.623 I: C1: SendCmdStart
25-06-17 15:35:35.625 I: C1: SendCmdWait
25-06-17 15:35:35.627 I: ST1: WRITE GET_CONNECTOR_STATUS
25-06-17 15:35:35.630 I: ST1: PING_STATUS
25-06-17 15:35:35.650 I: ST1: READ
25-06-17 15:35:35.652 I: C1: CCI=0x80001300
25-06-17 15:35:35.654 I: ST1: IDLE
25-06-17 15:35:35.655 I: C1: Attached.SRC
25-06-17 15:35:35.657 I: ST1: WRITE RAW:GET_PDOS
25-06-17 15:35:35.659 I: ST1: PING_STATUS
25-06-17 15:35:35.680 I: ST1: READ
25-06-17 15:35:35.681 I: C1: CCI=0x80000400
25-06-17 15:35:35.684 I: ST1: IDLE
25-06-17 15:35:35.685 I: C1: SendCmdStart
25-06-17 15:35:35.687 I: C1: SendCmdWait
25-06-17 15:35:35.689 [478.881469 evenIt set 0x00000000: ST00200000]
25-06-17 15:35:35.694 ec:~>1:  WRITE GET_RDO
25-06-17 15:35:35.696 I: ST1: PING_STATUS
25-06-17 15:35:35.702 [478.895111 event set 0x0000000000200000]
25-06-17 15:35:35.707 ec:~> I: ST1: READ
25-06-17 15:35:35.718 I: C1: CCI=0x80000400
25-06-17 15:35:35.720 I: ST1: IDLE
25-06-17 15:35:35.722 I: C1: Attached.SRC
25-06-17 15:35:35.727 I: ST1: WRITE RAW:GET_PDOS
25-06-17 15:35:35.730 I: ST1: PING_STATUS
25-06-17 15:35:35.750 E: C1: Ping Status Error
25-06-17 15:35:35.753 I: C1: CCI=0xc0000000
25-06-17 15:35:35.755 I: ST1: IDLE
25-06-17 15:35:35.756 E: Error with UCSI command 0x10. Return was -5
25-06-17 15:35:35.760 [478.953308 event set 0xI0000000000200000: C]
25-06-17 15:35:35.765 ec:~> 1: IRQ
25-06-17 15:35:35.767 I: C1: CCI=0x10004
25-06-17 15:35:35.769 I: C1: SendCmdStart
25-06-17 15:35:35.772 I: C1: SendCmdWait
25-06-17 15:35:35.774 I: C1: IRQ
25-06-17 15:35:35.775 I: C1: CCI=0x10004
25-06-17 15:35:35.777 I: ST1: WRITE GET_CONNECTOR_STATUS
25-06-17 15:35:35.779 I: ST1: PING_STATUS
25-06-17 15:35:35.783 [478.976837 event set 0x0000000000200000]
25-06-17 15:35:35.788 ec:~> E: Invalid conn=0
25-06-17 15:35:35.790 E: Error with UCSI command 0x13. Return was -34
25-06-17 15:35:35.795 [478.988159 event set 0x0000000000200000]
25-06-17 15:35:35.800 ec:~>I : ST1: READ
25-06-17 15:35:35.801 I: C1: CCI=0x80001300
25-06-17 15:35:35.804 I: ST1: IDLE
25-06-17 15:35:35.805 I: C1: Attached.SRC
25-06-17 15:35:35.807 I: C1: SendCmdStart
25-06-17 15:35:35.809 I: C1: SendCmdWait
25-06-17 15:35:35.811 I: ST1: WRITE GET_CONNECTOR_STATUS
25-06-17 15:35:35.814 I: ST1: PING_STATUS
25-06-17 15:35:35.818 [479.011505 event set 0x0000000000200000]
25-06-17 15:35:35.822 ec:~> I: ST1: READ
25-06-17 15:35:35.836 I: C1: CCI=0x80001300
25-06-17 15:35:35.838 I: ST1: IDLE
25-06-17 15:35:35.840 I: C1: Attached.SRC
25-06-17 15:35:35.843 I: ST1: WRITE RAW:GET_ALTERNATE_MODES
25-06-17 15:35:35.847 I: ST1: PING_STATUS
25-06-17 15:35:35.866 I: C1: SendCmdStart
25-06-17 15:35:35.868 I: ST1: READ
25-06-17 15:35:35.870 I: C1: CCI=0x80000600
25-06-17 15:35:35.872 I: ST1: IDLE
25-06-17 15:35:35.873 [479.067504 event set 0x0000000000200000]
25-06-17 15:35:35.878 ec:~> [479.074127 event set 0x0000000000200000]
25-06-17 15:35:35.885 ec:~> I: ST1: WRITE RAW:GET_ALTERNATE_MODES
25-06-17 15:35:35.890 I: ST1: PING_STATUS
25-06-17 15:35:35.909 I: ST1: READ
25-06-17 15:35:35.911 I: C1: CCI=0x80000600
25-06-17 15:35:35.913 I: ST1: IDLE
25-06-17 15:35:35.915 [479.108978 event set 0x0000000000200000]
25-06-17 15:35:35.919 ec:~>I : C1: SendCmdWait
25-06-17 15:35:35.922 I: ST1: WRITE CMD_ACK_CC_CI
25-06-17 15:35:35.924 I: ST1: PING_STATUS
25-06-17 15:35:35.928 [479.122741 event set 0x0000000000200000]
25-06-17 15:35:35.933 ec:~> I: C1: CCI=0x80000000
25-06-17 15:35:35.947 I: ST1: IDLE
25-06-17 15:35:35.948 I: C1: Attached.SRC
25-06-17 15:35:35.950 I: C1: SendCmdStart
25-06-17 15:35:35.952 I: C1: SendCmdWait
25-06-17 15:35:35.955 I: ST1: WRITE GET_PDOS
25-06-17 15:35:35.956 I: ST1: PING_STATUS
25-06-17 15:35:35.976 I: ST1: READ
25-06-17 15:35:35.977 I: C1: CCI=0x80000400
25-06-17 15:35:35.980 I: ST1: IDLE
25-06-17 15:35:35.981 I: C1: Attached.SRC
25-06-17 15:35:35.983 I: C1: SendCmdStart
25-06-17 15:35:35.986 I: C1: SendCmdWait
25-06-17 15:35:35.988 I: ST1: WRITE GET_PDOS
25-06-17 15:35:35.991 I: ST1: PING_STATUS
25-06-17 15:35:36.009 I: C1: CCI=0x80000000
25-06-17 15:35:36.011 I: ST1: IDLE
25-06-17 15:35:36.013 I: C1: Attached.SRC
25-06-17 15:35:36.015 I: ST1: WRITE RAW:GET_ALTERNATE_MODES
25-06-17 15:35:36.019 I: ST1: PING_STATUS
25-06-17 15:35:36.040 I: ST1: READ
25-06-17 15:35:36.041 I: C1: CCI=0x80000600
25-06-17 15:35:36.044 I: ST1: IDLE
25-06-17 15:35:36.045 [479.240081 event set 0x0000000000200000]
25-06-17 15:35:36.050 ec:~> [479.246704 event set 0x0000000000200000]
25-06-17 15:35:36.056 ec:~> I: ST1: WRITE RAW:GET_CURRENT_CAM
25-06-17 15:35:36.061 I: ST1: PING_STATUS
25-06-17 15:35:36.081 I: ST1: READ
25-06-17 15:35:36.083 I: C1: CCI=0x80000100
25-06-17 15:35:36.085 I: ST1: IDLE
25-06-17 15:35:36.086 [479.281829 event set 0x0000000000200000]
25-06-17 15:35:36.091 ec:~> [479.288909 event set 0x0000000000200000]
25-06-17 15:35:36.098 ec:~> [479.295349 event set 0x0000000000200000]
25-06-17 15:35:36.105 ec:~> [479.302825 event set 0x0000000000200000]
25-06-17 15:35:36.112 ec:~> I: ST1: WRITE RAW:GET_CURRENT_CAM
25-06-17 15:35:36.116 I: ST1: PING_STATUS
25-06-17 15:35:36.136 I: ST1: READ
25-06-17 15:35:36.137 I: C1: CCI=0x80000100
25-06-17 15:35:36.140 I: ST1: IDLE
25-06-17 15:35:36.141 [479.336883 event set 0x0000000000200000]
25-06-17 15:35:36.147 ec:~> [479.344329 event set 0x0000000000200000]
25-06-17 15:35:36.154 ec:~> I: ST1: WRITE RAW:GET_PDOS
25-06-17 15:35:36.159 I: ST1: PING_STATUS
25-06-17 15:35:36.178 I: ST1: READ
25-06-17 15:35:36.181 I: C1: CCI=0x80000400
25-06-17 15:35:36.184 I: ST1: IDLE
25-06-17 15:35:36.185 [479.379211 event set 0x0000000000200000]
25-06-17 15:35:36.191 ec:~> [479.385101 event set 0x0000000000200000]
25-06-17 15:35:36.196 ec:~> I: ST1: WRITE RAW:GET_PDOS
25-06-17 15:35:36.199 I: ST1: PING_STATUS
25-06-17 15:35:36.217 I: C1: CCI=0x10000000
25-06-17 15:35:36.240 I: ST1: READ
25-06-17 15:35:36.241 I: C1: CCI=0x80000400
25-06-17 15:35:36.243 I: ST1: IDLE
25-06-17 15:35:36.245 [479.441314 event set 0x0000000000200000]
25-06-17 15:35:36.250 ec:~> [479.448303 event set 0x0000000000200000]
25-06-17 15:35:36.257 ec:~> I: ST1: WRITE RAW:GET_CURRENT_CAM
25-06-17 15:35:36.261 I: ST1: PING_STATUS
25-06-17 15:35:36.281 I: ST1: READ
25-06-17 15:35:36.282 I: C1: CCI=0x80000100
25-06-17 15:35:36.285 I: ST1: IDLE
25-06-17 15:35:36.286 [479.482879 event set 0x0000000000200000]
25-06-17 15:35:36.292 ec:~> [479.495819 event set 0x0000000000200000]
25-06-17 15:35:36.304 ec:~> I: ST1: WRITE RAW:GET_CURRENT_CAM
25-06-17 15:35:36.314 I: ST1: PING_STATUS
25-06-17 15:35:36.334 I: ST1: READ
25-06-17 15:35:36.336 I: C1: CCI=0x80000100
25-06-17 15:35:36.338 I: ST1: IDLE
25-06-17 15:35:36.339 [479.536224 event set 0x0000000000200000]
25-06-17 15:35:36.344 ec:~> [479.543029 event set 0x0000000000200000]
25-06-17 15:35:36.351 ec:~> I: ST1: WRITE RAW:GET_CURRENT_CAM
25-06-17 15:35:36.622 I: ST1: PING_STATUS
25-06-17 15:35:36.643 I: ST1: READ
25-06-17 15:35:36.644 I: C1: CCI=0x80000100
25-06-17 15:35:36.647 I: ST1: IDLE
25-06-17 15:35:36.648 [479.846954 event set 0x0000000000200000]
25-06-17 15:35:36.653 ec:~> [479.854217 event set 0x0000000000200000]
25-06-17 15:35:36.660 ec:~> I: ST1: WRITE RAW:GET_CURRENT_CAM
25-06-17 15:35:37.135 I: ST1: PING_STATUS
25-06-17 15:35:37.154 I: ST1: READ
25-06-17 15:35:37.156 I: C1: CCI=0x80000100
25-06-17 15:35:37.158 I: ST1: IDLE
25-06-17 15:35:37.159 [480.362060 event set 0x0000000000200000]
25-06-17 15:35:37.164 ec:~> [480.370086 event set 0x0000000000200000]
25-06-17 15:35:37.172 ec:~> [482.367950 Battery 96% (Display 96.4 %) / 0h:20 to full]
25-06-17 15:35:39.159 ec:~> [497.382537 Battery 96% (Display 96.5 %) / 0h:20 to full]
25-06-17 15:35:54.077 ec:~> [509.642028 Battery 96% (Display 96.6 %) / 0h:20 to full]
25-06-17 15:36:06.255 ec:~> [525.655548 Battery 96% (Display 96.7 %) / 0h:20 to full]
25-06-17 15:36:22.164 ec:~> [541.671722 Battery 96% (Display 96.8 %) / 0h:18 to full]
25-06-17 15:36:38.075 ec:~> I: C1: IRQ
25-06-17 15:36:44.284 I: C1: CCI=0x10004
25-06-17 15:36:44.285 I: C1: SendCmdStart
25-06-17 15:36:44.285 I: C1: SendCmdWait
25-06-17 15:36:44.287 I: ST1: WRITE GET_CONNECTOR_STATUS
25-06-17 15:36:44.289 I: ST1: PING_STATUS
25-06-17 15:36:44.309 I: ST1: READ
25-06-17 15:36:44.311 I: C1: CCI=0x80001300
25-06-17 15:36:44.314 I: ST1: IDLE
25-06-17 15:36:44.316 I: C1: Attention
25-06-17 15:36:44.318 I: C1: Attached.SRC
25-06-17 15:36:44.343 I: C1: SendCmdStart
25-06-17 15:36:44.345 I: C1: SendCmdWait
25-06-17 15:36:44.348 I: ST1: WRITE CMD_ACK_CC_CI
25-06-17 15:36:44.350 I: ST1: PING_STATUS
25-06-17 15:36:44.370 I: C1: CCI=0x80000000
25-06-17 15:36:44.373 I: ST1: IDLE
25-06-17 15:36:44.374 I: C1: Attached.SRC
25-06-17 15:36:44.376 I: C1: SendCmdStart
25-06-17 15:36:44.379 I: C1: SendCmdWait
25-06-17 15:36:44.381 I: ST1: WRITE CMD_GET_ATTENTION_VDO
25-06-17 15:36:44.384 I: ST1: PING_STATUS
25-06-17 15:36:44.402 I: ST1: READ
25-06-17 15:36:44.404 I: C1: CCI=0x80000b00
25-06-17 15:36:44.406 I: ST1: IDLE
25-06-17 15:36:44.408 I: Set DP_AUX_PATH_SEL: 1
25-06-17 15:36:44.411 I: C1: Attached.SRC
25-06-17 15:36:51.242 [554.933898 Battery 96% (Display 96.9 %) / 0h:18 to full]
25-06-17 15:36:51.249 ec:~> [571.952056 Battery 96% (Display 97.0 %) / 0h:18 to full]
25-06-17 15:37:08.155 ec:~> [585.215118 Battery 96% (Display 97.1 %) / 0h:18 to full]
25-06-17 15:37:21.330 ec:~> I: C0: DP pin mode 0x00
25-06-17 15:37:33.606 I: C1: SendCmdStart
25-06-17 15:37:33.633 I: C1: SendCmdWait
25-06-17 15:37:33.635 I: ST1: WRITE CMD_GET_IS_VCONN_SOURCING
25-06-17 15:37:33.638 I: ST1: PING_STATUS
25-06-17 15:37:33.659 I: ST1: READ
25-06-17 15:37:33.660 I: C1: CCI=0x80000b00
25-06-17 15:37:33.663 I: ST1: IDLE
25-06-17 15:37:33.664 I: C1: Attached.SRC
25-06-17 15:37:33.666 I: C1: DP pin mode 0x08
25-06-17 15:37:39.224 [603.232330 Battery 96% (Display 97.2 %) / 0h:18 to full]
25-06-17 15:37:39.229 ec:~> [617.246704 Battery 96% (Display 97.3 %) / 0h:18 to full]
25-06-17 15:37:53.152 ec:~> [636.516906 Battery 96% (Display 97.4 %) / 0h:18 to full]
25-06-17 15:38:12.295 ec:~> [640.520874 Battery 97% (Display 97.4 %) / 0h:18 to full]
25-06-17 15:38:16.273 ec:~> [655.535461 Battery 97% (Display 97.5 %) / 0h:18 to full]
25-06-17 15:38:31.189 ec:~> [670.799774 Battery 97% (Display 97.6 %) / 0h:18 to full]
25-06-17 15:38:46.353 ec:~> [690.819885 Battery 97% (Display 97.7 %) / 0h:18 to full]
25-06-17 15:39:06.243 ec:~> [706.087463 Battery 97% (Display 97.8 %) / 0h:16 to full]
25-06-17 15:39:21.410 ec:~> [727.106048 Battery 97% (Display 97.9 %) / 0h:16 to full]
25-06-17 15:39:42.291 ec:~> [743.371063 Battery 97% (Display 98.0 %) / 0h:16 to full]
25-06-17 15:39:58.449 ec:~> [765.391784 Battery 97% (Display 98.1 %) / 0h:16 to full]
25-06-17 15:40:20.326 ec:~> [788.664306 Battery 97% (Display 98.2 %) / 0h:16 to full]
25-06-17 15:40:43.447 ec:~> [806.682220 Battery 97% (Display 98.3 %) / 0h:16 to full]
25-06-17 15:41:01.347 ec:~> [829.953582 Battery 97% (Display 98.4 %) / 0h:16 to full]
25-06-17 15:41:24.479 ec:~> [842.965270 Battery 98% (Display 98.4 %) / 0h:15 to full]
25-06-17 15:41:37.394 ec:~> [848.971008 Battery 98% (Display 98.5 %) / 0h:15 to full]
25-06-17 15:41:43.361 ec:~> [874.245758 Battery 98% (Display 98.6 %) / 0h:15 to full]
25-06-17 15:42:08.473 ec:~> [900.521301 Battery 98% (Display 98.7 %) / 0h:15 to full]
25-06-17 15:42:34.577 ec:~> [920.539428 Battery 98% (Display 98.8 %) / 0h:15 to full]
25-06-17 15:42:54.464 ec:~> [940.809020 Battery 98% (Display 98.9 %) / 0h:14 to full]
25-06-17 15:43:14.603 ec:~> [962.830718 Battery 98% (Display 99.0 %) / 0h:13 to full]
25-06-17 15:43:36.481 ec:~> [991.109283 Battery 98% (Display 99.1 %) / 0h:13 to full]
25-06-17 15:44:04.576 ec:~> [1021.386535 Battery 98% (Display 99.2 %) / 0h:13 to full]
25-06-17 15:44:34.654 ec:~> [1052.669616 Battery 98% (Display 99.3 %) / 0h:13 to full]
25-06-17 15:45:05.732 ec:~> [1085.948822 Battery 98% (Display 99.4 %) / 0h:12 to full]
25-06-17 15:45:38.793 ec:~> [1110.972259 Battery 98% (Display 99.5 %) / 0h:12 to full]
25-06-17 15:46:03.652 ec:~> [1119.229614 Battery 99% (Display 99.5 %) / 0h:12 to full]
25-06-17 15:46:11.853 ec:~> [1145.254791 Battery 99% (Display 99.6 %) / 0h:11 to full]
25-06-17 15:46:37.707 ec:~> [1172.532135 Battery 99% (Display 99.7 %) / 0h:11 to full]
25-06-17 15:47:04.805 ec:~> [1209.816925 Battery 99% (Display 99.8 %) / 0h:11 to full]
25-06-17 15:47:41.846 ec:~> [1239.092346 Battery 99% (Display 99.9 %) / 0h:10 to full]
25-06-17 15:48:10.931 ec:~> [1278.380859 Battery 99% (Display 100.0 %) / 0h:10 to full]
25-06-17 15:48:49.965 ec:~> [2001.816497 charge_request(13200mV, 256mA)]
25-06-17 16:00:48.679 ec:~> [2006.824462 Battery 100% (Display 100.0 %) / 0h:0 to full, not accepting current]
25-06-17 16:00:53.658 ec:~> [2006.826232 charge_request(13200mV, 0mA)]
25-06-17 16:00:53.663 ec:~> I: C1: IRQ
25-06-17 16:16:55.725 I: C1: CCI=0x10004
25-06-17 16:16:55.727 I: C1: SendCmdStart
25-06-17 16:16:55.729 I: C1: SendCmdWait
25-06-17 16:16:55.731 I: ST1: WRITE GET_CONNECTOR_STATUS
25-06-17 16:16:55.734 I: ST1: PING_STATUS
25-06-17 16:16:55.754 I: ST1: READ
25-06-17 16:16:55.756 I: C1: CCI=0x80001300
25-06-17 16:16:55.758 I: ST1: IDLE
25-06-17 16:16:55.759 I: C1: Unattached
25-06-17 16:16:55.761 I: C1 attached: Unattached
25-06-17 16:16:55.764 I: C1: set current limit 1.5A
25-06-17 16:16:55.766 [2975.266967 event set 0x0000000000200000]
25-06-17 16:16:55.771 ec:~> [2975.272644 event set 0x0000000000200000]
25-06-17 16:16:55.776 ec:~> [2975.279144 event set 0x0000000000200000]
25-06-17 16:16:55.783 ec:~> I: C1: SendCmdStart
25-06-17 16:16:55.794 I: C1: SendCmdWait
25-06-17 16:16:55.797 I: ST1: WRITE CMD_ACK_CC_CI
25-06-17 16:16:55.799 I: ST1: PING_STATUS
25-06-17 16:16:55.819 I: C1: CCI=0x80000000
25-06-17 16:16:55.821 I: ST1: IDLE
25-06-17 16:16:55.822 I: C1: Unattached
25-06-17 16:16:55.825 I: C1: SendCmdStart
25-06-17 16:16:55.827 I: C1: sink_path_to_send=0, chg_mgr_active_charge_port=0
25-06-17 16:16:55.833 I: C1: SendCmdWait
25-06-17 16:16:55.835 I: ST1: WRITE SET_SINK_PATH
25-06-17 16:16:55.837 I: ST1: PING_STATUS
25-06-17 16:16:55.855 I: C1: CCI=0x80000000
25-06-17 16:16:55.858 I: ST1: IDLE
25-06-17 16:16:55.859 I: C1: Unattached
25-06-17 16:16:55.862 I: C1: SendCmdStart
25-06-17 16:16:55.864 I: C1: SendCmdWait
25-06-17 16:16:55.866 [2975.366119 eveI: STnt set 0x00000001: 000200000]
25-06-17 16:16:55.871 ec:~WRITE > GET_CONNECTOR_STATUS
25-06-17 16:16:55.874 I: ST1: PING_STATUS
25-06-17 16:16:55.879 [2975.380676 event set 0x0000000000200000]
25-06-17 16:16:55.884 ec:~> [2975.391662 event set 0x0000000000200000]
25-06-17 16:16:55.894 ec:~I: ST> 1: READ
25-06-17 16:16:55.897 I: C1: CCI=0x80001300
25-06-17 16:16:55.899 I: ST1: IDLE
25-06-17 16:16:55.900 I: C1: Unattached
25-06-17 16:16:55.927 I: C1: SendCmdStart
25-06-17 16:16:55.929 I: C1: SendCmdWait
25-06-17 16:16:55.931 I: ST1: WRITE SET_TPC_RP
25-06-17 16:16:55.933 I: ST1: PING_STATUS
25-06-17 16:16:55.953 I: C1: CCI=0x80000000
25-06-17 16:16:55.956 I: ST1: IDLE
25-06-17 16:16:55.957 I: C1: Unattached
25-06-17 16:16:55.959 I: C1: IRQ
25-06-17 16:16:55.961 I: C1: CCI=0x10004
25-06-17 16:16:55.963 I: C1: SendCmdStart
25-06-17 16:16:55.966 I: C1: SendCmdWait
25-06-17 16:16:55.967 I: ST1: WRITE GET_CONNECTOR_STATUS
25-06-17 16:16:55.970 I: ST1: PING_STATUS
25-06-17 16:16:55.988 I: ST1: READ
25-06-17 16:16:55.990 I: C1: CCI=0x80001300
25-06-17 16:16:55.993 I: ST1: IDLE
25-06-17 16:16:55.994 I: C1: Unattached
25-06-17 16:16:55.996 [2975.498382 event set 0x0000000000200000]
25-06-17 16:16:56.001 ec:~> [2975.505615 event set 0x0000000000200000]
25-06-17 16:16:56.009 ec:~> [2975.514617 event set 0x0000000000200000]
25-06-17 16:16:56.017 ec:~> I: C1: SendCmdStart
25-06-17 16:16:56.023 I: C1: SendCmdWait
25-06-17 16:16:56.026 I: ST1: WRITE CMD_ACK_CC_CI
25-06-17 16:16:56.028 I: ST1: PING_STATUS
25-06-17 16:16:56.047 I: C1: CCI=0x80000000
25-06-17 16:16:56.050 I: ST1: IDLE
25-06-17 16:16:56.051 I: C1: Unattached
25-06-17 16:16:56.053 I: C1: SendCmdStart
25-06-17 16:16:56.054 I: C1: SendCmdWait
25-06-17 16:16:56.057 I: ST1: WRITE SET_CCOM
25-06-17 16:16:56.058 I: ST1: PING_STATUS
25-06-17 16:16:56.078 I: C1: CCI=0x80000000
25-06-17 16:16:56.081 I: ST1: IDLE
25-06-17 16:16:56.082 I: C1: Unattached
25-06-17 16:16:56.084 I: C1: IRQ
25-06-17 16:16:56.085 I: C1: CCI=0x10004
25-06-17 16:16:56.087 I: C1: SendCmdStart
25-06-17 16:16:56.088 I: C1: SendCmdWait
25-06-17 16:16:56.091 I: ST1: WRITE GET_CONNECTOR_STATUS
25-06-17 16:16:56.093 I: ST1: PING_STATUS
25-06-17 16:16:56.114 I: ST1: READ
25-06-17 16:16:56.116 I: C1: CCI=0x80001300
25-06-17 16:16:56.118 I: ST1: IDLE
25-06-17 16:16:56.119 I: C1: Unattached
25-06-17 16:16:56.121 [2975.624389 event set 0x0000000000200000]
25-06-17 16:16:56.126 ec:~> [2975.636260 event set 0x0000000000200000]
25-06-17 16:16:56.138 ec:~> I: C1: SendCmdStart
25-06-17 16:16:56.148 I: C1: SendCmdWait
25-06-17 16:16:56.150 I: ST1: WRITE CMD_ACK_CC_CI
25-06-17 16:16:56.153 [2975.656158 eveInt set 0x0000000: ST000200000]
25-06-17 16:16:56.159 ec:~1: > PING_STATUS
25-06-17 16:16:56.174 I: C1: CCI=0x80000000
25-06-17 16:16:56.183 I: ST1: IDLE
25-06-17 16:16:56.185 I: C1: Unattached
25-06-17 16:16:56.187 I: C1: SendCmdStart
25-06-17 16:16:56.189 I: C1: SendCmdWait
25-06-17 16:16:56.190 I: ST1: WRITE SET_DRP_MODE
25-06-17 16:16:56.191 I: ST1: PING_STATUS
25-06-17 16:16:56.206 I: C1: CCI=0x80000000
25-06-17 16:16:56.208 I: ST1: IDLE
25-06-17 16:16:56.210 I: C1: Unattached
25-06-17 16:16:56.212 I: C1: SendCmdStart
25-06-17 16:16:56.215 I: C1: SendCmdWait
25-06-17 16:16:56.217 I: ST1: WRITE CMD_SET_PDO
25-06-17 16:16:56.219 I: ST1: PING_STATUS
25-06-17 16:16:56.237 I: C1: CCI=0x80000000
25-06-17 16:16:56.240 I: ST1: IDLE
25-06-17 16:16:56.242 I: C1: Unattached
25-06-17 16:16:56.244 I: C1: SendCmdStart
25-06-17 16:16:56.246 I: C1: SendCmdWait
25-06-17 16:16:56.248 [2975.750183 eveInt set 0x0000000: ST000200000]
25-06-17 16:16:56.254 ec:~1: > WRITE GET_CONNECTOR_STATUS
25-06-17 16:16:56.257 I: ST1: PING_STATUS
25-06-17 16:16:56.259 [2975.763244 event set 0x0000000000200000]
25-06-17 16:16:56.264 ec:~> [2975.773773 event set 0x0000000000200000]
25-06-17 16:16:56.274 ec:~> I: ST1: READ
25-06-17 16:16:56.277 I: C1: CCI=0x80001300
25-06-17 16:16:56.279 I: ST1: IDLE
25-06-17 16:16:56.281 I: C1: Unattached
25-06-17 16:17:08.608 I: C0: IRQ
25-06-17 16:17:08.609 I: C0: CCI=0x10002
25-06-17 16:17:08.611 I: C0: SendCmdStart
25-06-17 16:17:08.613 I: C0: SendCmdWait
25-06-17 16:17:08.615 I: C0: IRQ
25-06-17 16:17:08.616 I: C0: CCI=0x10002
25-06-17 16:17:08.619 I: ST0: WRITE GET_CONNECTOR_STATUS
25-06-17 16:17:08.621 I: ST0: PING_STATUS
25-06-17 16:17:08.628 [2988.213165 AC off]
25-06-17 16:17:08.632 ec:~> [2988.216888 event set 0x0000000000000010]
25-06-17 16:17:08.637 ec:~> I: ST0: READ
25-06-17 16:17:08.642 I: C0: CCI=0x80001300
25-06-17 16:17:08.645 I: ST0: IDLE
25-06-17 16:17:08.647 I: C0: Unattached
25-06-17 16:17:08.648 I: C0 attached: Unattached
25-06-17 16:17:08.650 [2988.235870 event set 0x0000000I000200000]
25-06-17 16:17:08.655 ec:~:>  pd[2988.242919 evecnt set 0x0000000000200000]
25-06-17 16:17:08.662 ec:~_> power_mgmt_set_act[2988.252471 eveint set 0x0000000000200000]
25-06-17 16:17:08.672 ec:~> [2988.258026 evevnt set 0x0000000e000400000]
25-06-17 16:17:08.678 ec:~_> I: C0: SendCmdStart
25-06-17 16:17:08.681 I: C0: SendCmdWait
25-06-17 16:17:08.683 I: ST0: WRITE GET_CONNECTOR_STATUS
25-06-17 16:17:08.686 I: ST0: PING_STATUS
25-06-17 16:17:08.688 charge_port: ch[2988.274230 Batatery 100% (Displray 100.0 %) / ??gh:?? to empty, ne_port=ot accepting cur-1
25-06-17 16:17:08.698 rent]
25-06-17 16:17:08.699 ec:~> [2988.284301 CL: p-1 s-1 i512 v0]
25-06-17 16:17:08.703 ec:~> [2988.287261 event set 0x0000000I000200000]
25-06-17 16:17:08.709 ec:~: ST> 0: READ
25-06-17 16:17:08.710 I: C0: CCI=0x80001300
25-06-17 16:17:08.713 I: ST0: IDLE
25-06-17 16:17:08.714 I: C0: Unattached
25-06-17 16:17:08.740 I: C0: SendCmdStart
25-06-17 16:17:08.742 I: C0: SendCmdWait
25-06-17 16:17:08.744 I: ST0: WRITE CMD_ACK_CC_CI
25-06-17 16:17:08.746 I: ST0: PING_STATUS
25-06-17 16:17:08.767 I: C0: CCI=0x80000000
25-06-17 16:17:08.769 I: ST0: IDLE
25-06-17 16:17:08.770 I: C0: Unattached
25-06-17 16:17:08.772 I: C0: SendCmdStart
25-06-17 16:17:08.774 I: C0: sink_path_to_send=0, chg_mgr_active_charge_port=-1
25-06-17 16:17:08.779 I: C0: SendCmdWait
25-06-17 16:17:08.781 I: ST0: WRITE SET_SINK_PATH
25-06-17 16:17:08.784 I: ST0: PING_STATUS
25-06-17 16:17:08.803 I: C0: CCI=0x80000000
25-06-17 16:17:08.805 I: ST0: IDLE
25-06-17 16:17:08.807 I: C0: Unattached
25-06-17 16:17:08.812 I: C0: SendCmdStart
25-06-17 16:17:08.814 I: C0: SendCmdWait
25-06-17 16:17:08.818 [2988.398803 eveInt set 0x0000000: ST000200000]
25-06-17 16:17:08.821 ec:~0: > WRITE GET_CONNECTOR_STATUS
25-06-17 16:17:08.823 I: ST0: PING_STATUS
25-06-17 16:17:08.828 [2988.414642 event set 0x0000000000200000]
25-06-17 16:17:08.833 ec:~> [2988.427062 eventI: ST set 0x0000000000: 0200000]
25-06-17 16:17:08.847 ec:~> READ
25-06-17 16:17:08.847 I: C0: CCI=0x80001300
25-06-17 16:17:08.850 I: ST0: IDLE
25-06-17 16:17:08.851 I: C0: Unattached
25-06-17 16:17:08.877 I: C0: SendCmdStart
25-06-17 16:17:08.881 I: C0: SendCmdWait
25-06-17 16:17:08.883 I: ST0: WRITE SET_DRP_MODE
25-06-17 16:17:08.887 I: ST0: PING_STATUS
25-06-17 16:17:08.904 I: C0: CCI=0x80000000
25-06-17 16:17:08.906 I: ST0: IDLE
25-06-17 16:17:08.907 I: C0: Unattached
25-06-17 16:17:08.910 I: C0: SendCmdStart
25-06-17 16:17:08.912 I: C0: SendCmdWait
25-06-17 16:17:08.913 I: C0: IRQ
25-06-17 16:17:08.915 I: C0: CCI=0x10002
25-06-17 16:17:08.916 I: ST0: WRITE SET_CCOM
25-06-17 16:17:08.918 I: ST0: PING_STATUS
25-06-17 16:17:08.938 I: C0: CCI=0x80000000
25-06-17 16:17:08.941 I: ST0: IDLE
25-06-17 16:17:08.942 I: C0: Unattached
25-06-17 16:17:08.968 I: C0: SendCmdStart
25-06-17 16:17:08.971 I: C0: SendCmdWait
25-06-17 16:17:08.972 I: ST0: WRITE GET_CONNECTOR_STATUS
25-06-17 16:17:08.977 I: ST0: PING_STATUS
25-06-17 16:17:08.996 I: ST0: READ
25-06-17 16:17:08.999 I: C0: CCI=0x80001300
25-06-17 16:17:09.002 I: ST0: IDLE
25-06-17 16:17:09.003 I: C0: Unattached
25-06-17 16:17:09.004 [2988.590637 event set 0x0000000000200000]
25-06-17 16:17:09.010 ec:~> [2988.595886 event set 0x0000000000200000]
25-06-17 16:17:09.016 ec:~> [2988.603851 event set 0x0000000000200000]
25-06-17 16:17:09.022 ec:~> I: C0: SendCmdStart
25-06-17 16:17:09.031 I: C0: SendCmdWait
25-06-17 16:17:09.035 I: ST0: WRITE CMD_ACK_CC_CI
25-06-17 16:17:09.038 I: ST0: PING_STATUS
25-06-17 16:17:09.054 I: C0: CCI=0x80000000
25-06-17 16:17:09.057 I: ST0: IDLE
25-06-17 16:17:09.059 I: C0: Unattached
25-06-17 16:17:09.061 I: C0: SendCmdStart
25-06-17 16:17:09.064 I: C0: SendCmdWait
25-06-17 16:17:09.067 I: ST0: WRITE SET_DRP_MODE
25-06-17 16:17:09.070 I: ST0: PING_STATUS
25-06-17 16:17:09.086 I: C0: CCI=0x80000000
25-06-17 16:17:09.089 I: ST0: IDLE
25-06-17 16:17:09.091 I: C0: Unattached
25-06-17 16:17:19.396 I: C0: IRQ
25-06-17 16:17:19.397 I: C0: CCI=0x10002
25-06-17 16:17:19.399 I: C0: SendCmdStart
25-06-17 16:17:19.401 I: C0: SendCmdWait
25-06-17 16:17:19.403 I: ST0: WRITE GET_CONNECTOR_STATUS
25-06-17 16:17:19.406 I: ST0: PING_STATUS
25-06-17 16:17:19.426 I: ST0: READ
25-06-17 16:17:19.428 I: C0: CCI=0x80001300
25-06-17 16:17:19.431 I: ST0: IDLE
25-06-17 16:17:19.432 I: C0: TypeCSrcAttached
25-06-17 16:17:19.434 I: C0 attached: TypeCSrcAttached
25-06-17 16:17:19.437 [2999.092010 event set 0x0000000000200000]
25-06-17 16:17:19.442 ec:~> [2999.098083 event set 0x0000000000200000]
25-06-17 16:17:19.448 ec:~> [2999.105316 event set 0x0000000000200000]
25-06-17 16:17:19.455 ec:~> I: C0: SendCmdStart
25-06-17 16:17:19.464 I: C0: SendCmdWait
25-06-17 16:17:19.466 I: ST0: WRITE CMD_ACK_CC_CI
25-06-17 16:17:19.468 I: ST0: PING_STATUS
25-06-17 16:17:19.488 I: C0: CCI=0x80000000
25-06-17 16:17:19.491 I: ST0: IDLE
25-06-17 16:17:19.492 I: C0: TypeCSrcAttached
25-06-17 16:17:19.495 I: C0: SendCmdStart
25-06-17 16:17:19.497 I: C0: sink_path_to_send=0, chg_mgr_active_charge_port=-1
25-06-17 16:17:19.503 I: C0: SendCmdWait
25-06-17 16:17:19.505 I: ST0: WRITE SET_SINK_PATH
25-06-17 16:17:19.507 I: ST0: PING_STATUS
25-06-17 16:17:19.526 I: C0: CCI=0x80000000
25-06-17 16:17:19.528 I: ST0: IDLE
25-06-17 16:17:19.529 I: C0: TypeCSrcAttached
25-06-17 16:17:19.532 I: C0: SendCmdStart
25-06-17 16:17:19.534 I: C0: SendCmdWait
25-06-17 16:17:19.536 [2999.190673 eveInt set 0x0000000: ST000200000]
25-06-17 16:17:19.540 ec:~0: > WRITE GET_CONNECTOR_STATUS
25-06-17 16:17:19.545 I: ST0: PING_STATUS
25-06-17 16:17:19.548 [2999.204071 event set 0x0000000000200000]
25-06-17 16:17:19.554 ec:~> [2999.210906 event set 0x0000000000200000]
25-06-17 16:17:19.561 ec:~> I: ST0: READ
25-06-17 16:17:19.566 I: C0: CCI=0x80001300
25-06-17 16:17:19.569 I: ST0: IDLE
25-06-17 16:17:19.571 I: C0: TypeCSrcAttached
25-06-17 16:17:19.828 I: C0: IRQ
25-06-17 16:17:19.829 I: C0: CCI=0x10002
25-06-17 16:17:19.832 I: C0: SendCmdStart
25-06-17 16:17:19.834 I: C0: SendCmdWait
25-06-17 16:17:19.837 I: ST0: WRITE GET_CONNECTOR_STATUS
25-06-17 16:17:19.841 I: ST0: PING_STATUS
25-06-17 16:17:19.858 I: ST0: READ
25-06-17 16:17:19.860 I: C0: CCI=0x80001300
25-06-17 16:17:19.863 I: ST0: IDLE
25-06-17 16:17:19.864 I: C0: TypeCSrcAttached
25-06-17 16:17:19.866 [2999.523254 event set 0x0000000000200000]
25-06-17 16:17:19.871 ec:~> [2999.530578 event set 0x0000000000200000]
25-06-17 16:17:19.879 ec:~> [2999.537994 event set 0x0000000000200000]
25-06-17 16:17:19.887 ec:~> I: C0: SendCmdStart
25-06-17 16:17:19.893 I: C0: SendCmdWait
25-06-17 16:17:19.896 I: ST0: WRITE CMD_ACK_CC_CI
25-06-17 16:17:19.899 I: ST0: PING_STATUS
25-06-17 16:17:19.917 I: C0: CCI=0x80000000
25-06-17 16:17:19.920 I: ST0: IDLE
25-06-17 16:17:19.923 I: C0: TypeCSrcAttached
25-06-17 16:17:19.967 I: C0: IRQ
25-06-17 16:17:19.968 I: C0: CCI=0x10002
25-06-17 16:17:19.970 I: C0: SendCmdStart
25-06-17 16:17:19.972 I: C0: SendCmdWait
25-06-17 16:17:19.974 I: C0: IRQ
25-06-17 16:17:19.975 I: C0: CCI=0x10002
25-06-17 16:17:19.977 I: ST0: WRITE GET_CONNECTOR_STATUS
25-06-17 16:17:19.981 I: ST0: PING_STATUS
25-06-17 16:17:20.000 I: ST0: READ
25-06-17 16:17:20.002 I: C0: CCI=0x80001300
25-06-17 16:17:20.004 I: ST0: IDLE
25-06-17 16:17:20.006 I: C0: Attached.SRC
25-06-17 16:17:20.009 I: C0 attached: Attached.SRC
25-06-17 16:17:20.010 [2999.669006 event set 0x0000000000200000]
25-06-17 16:17:20.015 ec:~> [2999.675537 event set 0x0000000000200000]
25-06-17 16:17:20.021 ec:~> [2999.684417 event set 0x0000000000200000]
25-06-17 16:17:20.030 ec:~> I: C0: SendCmdStart
25-06-17 16:17:20.037 I: C0: SendCmdWait
25-06-17 16:17:20.039 I: ST0: WRITE GET_CONNECTOR_STATUS
25-06-17 16:17:20.045 I: ST0: PING_STATUS
25-06-17 16:17:20.062 I: C0: CCI=0x10000000
25-06-17 16:17:20.084 I: ST0: READ
25-06-17 16:17:20.086 I: C0: CCI=0x80001300
25-06-17 16:17:20.088 I: ST0: IDLE
25-06-17 16:17:20.090 I: C0: Attached.SRC
25-06-17 16:17:20.107 I: C0: IRQ
25-06-17 16:17:20.108 I: C0: CCI=0x10002
25-06-17 16:17:20.110 I: C0: SendCmdStart
25-06-17 16:17:20.112 I: C0: SendCmdWait
25-06-17 16:17:20.114 I: ST0: WRITE GET_CONNECTOR_STATUS
25-06-17 16:17:20.117 I: ST0: PING_STATUS
25-06-17 16:17:20.137 I: ST0: READ
25-06-17 16:17:20.140 I: C0: CCI=0x80001300
25-06-17 16:17:20.144 I: ST0: IDLE
25-06-17 16:17:20.146 I: C0: CAM change
25-06-17 16:17:20.148 I: C0: Attached.SRC
25-06-17 16:17:20.150 [2999.806091 event set 0x0000000000200000]
25-06-17 16:17:20.156 ec:~> [2999.811828 event set 0x0000000000200000]
25-06-17 16:17:20.162 ec:~> [2999.819305 event set 0x0000000000200000]
25-06-17 16:17:20.166 ec:~> I: C0: SendCmdStart
25-06-17 16:17:20.174 I: C0: SendCmdWait
25-06-17 16:17:20.176 I: ST0: WRITE CMD_ACK_CC_CI
25-06-17 16:17:20.179 I: ST0: PING_STATUS
25-06-17 16:17:20.198 I: C0: CCI=0x80000000
25-06-17 16:17:20.201 I: ST0: IDLE
25-06-17 16:17:20.203 I: C0: Attached.SRC
25-06-17 16:17:20.206 I: C0: SendCmdStart
25-06-17 16:17:20.207 I: C0: SendCmdWait
25-06-17 16:17:20.209 I: ST0: WRITE GET VDO
25-06-17 16:17:20.210 I: ST0: PING_STATUS
25-06-17 16:17:20.229 I: ST0: READ
25-06-17 16:17:20.232 I: C0: CCI=0x80000400
25-06-17 16:17:20.235 I: ST0: IDLE
25-06-17 16:17:20.236 I: C0: Attached.SRC
25-06-17 16:17:20.238 I: C0: SendCmdStart
25-06-17 16:17:20.241 I: C0: sink_path_to_send=0, chg_mgr_active_charge_port=-1
25-06-17 16:17:20.248 I: C0: SendCmdWait
25-06-17 16:17:20.250 I: ST0: WRITE SET_SINK_PATH
25-06-17 16:17:20.252 I: ST0: PING_STATUS
25-06-17 16:17:20.267 I: C0: CCI=0x80000000
25-06-17 16:17:20.270 I: ST0: IDLE
25-06-17 16:17:20.272 I: C0: Attached.SRC
25-06-17 16:17:20.275 I: C0: SendCmdStart
25-06-17 16:17:20.277 I: C0: SendCmdWait
25-06-17 16:17:20.280 [2999.936889 eveInt set 0x0000000: ST000200000]
25-06-17 16:17:20.287 ec:~0: > WRITE GET_CONNECTOR_STATUS
25-06-17 16:17:20.289 I: ST0: PING_STATUS
25-06-17 16:17:20.290 [2999.950897 event set 0x0000000000200000]
25-06-17 16:17:20.295 ec:~> [2999.957885 event set 0x0000000000200000]
25-06-17 16:17:20.302 ec:~> I: ST0: READ
25-06-17 16:17:20.307 I: C0: CCI=0x80001300
25-06-17 16:17:20.309 I: ST0: IDLE
25-06-17 16:17:20.311 I: C0: Attached.SRC
25-06-17 16:17:20.337 I: C0: SendCmdStart
25-06-17 16:17:20.340 I: C0: SendCmdWait
25-06-17 16:17:20.342 I: ST0: WRITE GET_CONNECTOR_CAPABILITY
25-06-17 16:17:20.345 I: ST0: PING_STATUS
25-06-17 16:17:20.365 I: ST0: READ
25-06-17 16:17:20.367 I: C0: CCI=0x80000400
25-06-17 16:17:20.370 I: ST0: IDLE
25-06-17 16:17:20.372 I: C0: Attached.SRC
25-06-17 16:17:20.397 I: C0: SendCmdStart
25-06-17 16:17:20.399 I: C0: SendCmdWait
25-06-17 16:17:20.401 I: ST0: WRITE SET_UOR
25-06-17 16:17:20.403 I: ST0: PING_STATUS
25-06-17 16:17:20.423 E: C0: Ping Status Error
25-06-17 16:17:20.425 I: C0: CCI=0xc0000000
25-06-17 16:17:20.427 I: ST0: IDLE
25-06-17 16:17:20.428 I: ST0: WRITE SET_UOR
25-06-17 16:17:20.431 I: ST0: PING_STATUS
25-06-17 16:17:20.451 E: C0: Ping Status Error
25-06-17 16:17:20.453 I: C0: CCI=0xc0000000
25-06-17 16:17:20.456 I: ST0: IDLE
25-06-17 16:17:20.457 I: ST0: WRITE SET_UOR
25-06-17 16:17:20.459 I: ST0: PING_STATUS
25-06-17 16:17:20.479 E: C0: Ping Status Error
25-06-17 16:17:20.482 I: C0: CCI=0xc0000000
25-06-17 16:17:20.484 I: ST0: IDLE
25-06-17 16:17:20.485 E: PDC_SET_UOR resend attempts exceeded!
25-06-17 16:17:20.488 I: C0: Attached.SRC
25-06-17 16:17:20.490 I: C0: SendCmdStart
25-06-17 16:17:20.493 I: C0: SendCmdWait
25-06-17 16:17:20.494 I: ST0: WRITE SET_PDR
25-06-17 16:17:20.496 I: ST0: PING_STATUS
25-06-17 16:17:20.516 I: C0: CCI=0x80000000
25-06-17 16:17:20.519 I: ST0: IDLE
25-06-17 16:17:20.520 I: C0: Attached.SRC
25-06-17 16:17:20.522 I: C0: SendCmdStart
25-06-17 16:17:20.524 I: ST0: WRITE RAW:GET_CABLE_PROPERTY
25-06-17 16:17:20.528 I: ST0: PING_STATUS
25-06-17 16:17:20.547 I: ST0: READ
25-06-17 16:17:20.549 I: C0: CCI=0x80000500
25-06-17 16:17:20.551 I: ST0: IDLE
25-06-17 16:17:20.552 [3000.214660 event set 0x0000000000200000]
25-06-17 16:17:20.557 ec:~> [3000.223114 event set 0x0000000000200000]
25-06-17 16:17:20.566 ec:~> I: ST0: WRITE RAW:GET_PD_MESSAGE
25-06-17 16:17:20.570 I: ST0: PING_STATUS
25-06-17 16:17:20.590 I: ST0: READ
25-06-17 16:17:20.592 I: C0: CCI=0x80001c00
25-06-17 16:17:20.594 I: ST0: IDLE
25-06-17 16:17:20.595 [3000.257690 event set 0x0000000000200000]
25-06-17 16:17:20.600 ec:~I: C> 0: SendCmdWait
25-06-17 16:17:20.603 I: ST0: WRITE GET_CONNECTOR_STATUS
25-06-17 16:17:20.606 I: ST0: PING_STATUS
25-06-17 16:17:20.610 [3000.272735 event set 0x0000000000200000]
25-06-17 16:17:20.615 ec:~> I: ST0: READ
25-06-17 16:17:20.628 I: C0: CCI=0x80001300
25-06-17 16:17:20.630 I: ST0: IDLE
25-06-17 16:17:20.631 I: C0: Attached.SRC
25-06-17 16:17:20.636 I: ST0: WRITE RAW:GET_ALTERNATE_MODES
25-06-17 16:17:20.639 I: ST0: PING_STATUS
25-06-17 16:17:20.658 I: C0: SendCmdStart
25-06-17 16:17:20.660 I: ST0: READ
25-06-17 16:17:20.661 I: C0: CCI=0x80000600
25-06-17 16:17:20.664 I: ST0: IDLE
25-06-17 16:17:20.665 [3000.328094 event set 0x0000000000200000]
25-06-17 16:17:20.670 ec:~> [3000.334442 event set 0x0000000000200000]
25-06-17 16:17:20.676 ec:~> I: ST0: WRITE RAW:GET_PD_MESSAGE
25-06-17 16:17:20.681 I: ST0: PING_STATUS
25-06-17 16:17:20.702 I: ST0: READ
25-06-17 16:17:20.704 I: C0: CCI=0x80001c00
25-06-17 16:17:20.706 I: ST0: IDLE
25-06-17 16:17:20.707 [3000.370513 event set 0x0000000I000200000]
25-06-17 16:17:20.712 ec:~: C> 0: SendCmdWait
25-06-17 16:17:20.714 I: ST0: WRITE READ_POWER_LEVEL
25-06-17 16:17:20.717 I: ST0: PING_STATUS
25-06-17 16:17:20.722 [3000.385375 event set 0x0000000000200000]
25-06-17 16:17:20.727 ec:~> [3000.391143 event set 0x0000000000200000]
25-06-17 16:17:20.733 ec:~> [3000.398010 event set 0x0000000I: C000200000]
25-06-17 16:17:20.740 ec:~0> : CCI=0x80000000
25-06-17 16:17:20.742 I: ST0: IDLE
25-06-17 16:17:20.744 I: C0: Attached.SRC
25-06-17 16:17:20.746 I: C0: SendCmdStart
25-06-17 16:17:20.748 I: C0: SendCmdWait
25-06-17 16:17:20.749 I: ST0: WRITE GET VDO
25-06-17 16:17:20.751 I: ST0: PING_STATUS
25-06-17 16:17:20.771 I: ST0: READ
25-06-17 16:17:20.772 I: C0: CCI=0x80000800
25-06-17 16:17:20.775 I: ST0: IDLE
25-06-17 16:17:20.776 I: C0: Attached.SRC
25-06-17 16:17:20.778 I: C0: SendCmdStart
25-06-17 16:17:20.781 I: C0: SendCmdWait
25-06-17 16:17:20.783 I: ST0: WRITE GET_CABLE_PROPERTY
25-06-17 16:17:20.789 I: ST0: PING_STATUS
25-06-17 16:17:20.805 I: ST0: READ
25-06-17 16:17:20.807 I: C0: CCI=0x80000500
25-06-17 16:17:20.809 I: ST0: IDLE
25-06-17 16:17:20.812 I: C0: Attached.SRC
25-06-17 16:17:20.821 I: ST0: WRITE RAW:GET_CONNECTOR_CAPABILITY
25-06-17 16:17:20.825 I: ST0: PING_STATUS
25-06-17 16:17:20.836 I: C0: SendCmdStart
25-06-17 16:17:20.846 I: ST0: READ
25-06-17 16:17:20.848 I: C0: CCI=0x80000400
25-06-17 16:17:20.851 I: ST0: IDLE
25-06-17 16:17:20.854 [3000.515075 eveInt set 0x0000000: C000200000]
25-06-17 16:17:20.862 ec:~0:>  IRQ
25-06-17 16:17:20.864 I: C0: CCI=0x10002
25-06-17 16:17:20.866 I: C0: SendCmdWait
25-06-17 16:17:20.868 I: ST0: WRITE GET_PDOS
25-06-17 16:17:20.869 I: ST0: PING_STATUS
25-06-17 16:17:20.872 [3000.533355 event set 0x0000000000200000]
25-06-17 16:17:20.879 ec:~> [3000.538330 event set 0x0000000000200000]
25-06-17 16:17:20.887 ec:~> [3000.544921 event set 0x0000000I000200000]
25-06-17 16:17:20.892 ec:~: ST> 0: READ
25-06-17 16:17:20.894 I: C0: CCI=0x80000400
25-06-17 16:17:20.895 I: ST0: IDLE
25-06-17 16:17:20.896 I: C0: Attached.SRC
25-06-17 16:17:20.917 I: C0: SendCmdStart
25-06-17 16:17:20.920 I: C0: SendCmdWait
25-06-17 16:17:20.922 I: ST0: WRITE GET_CONNECTOR_STATUS
25-06-17 16:17:20.927 I: ST0: PING_STATUS
25-06-17 16:17:20.944 I: ST0: READ
25-06-17 16:17:20.946 I: C0: CCI=0x80001300
25-06-17 16:17:20.950 I: ST0: IDLE
25-06-17 16:17:20.951 I: C0: Attached.SRC
25-06-17 16:17:20.977 I: C0: SendCmdStart
25-06-17 16:17:20.979 I: C0: SendCmdWait
25-06-17 16:17:20.980 I: ST0: WRITE GET_PDOS
25-06-17 16:17:20.983 I: ST0: PING_STATUS
25-06-17 16:17:21.003 I: C0: CCI=0x80000000
25-06-17 16:17:21.005 I: ST0: IDLE
25-06-17 16:17:21.007 I: C0: Attached.SRC
25-06-17 16:17:21.033 I: C0: set current limit 3.0A
25-06-17 16:17:21.060 I: ST0: WRITE RAW:GET_PDOS
25-06-17 16:17:21.063 I: C0: SendCmdStart
25-06-17 16:17:21.066 I: ST0: PING_STATUS
25-06-17 16:17:21.085 I: ST0: READ
25-06-17 16:17:21.086 I: C0: CCI=0x80000400
25-06-17 16:17:21.089 I: ST0: IDLE
25-06-17 16:17:21.090 [3000.755645 eveInt set 0x0000000: C000200000]
25-06-17 16:17:21.096 ec:~0: > SendCmdWait
25-06-17 16:17:21.098 I: ST0: WRITE CMD_SET_PDO
25-06-17 16:17:21.100 I: ST0: PING_STATUS
25-06-17 16:17:21.106 [3000.771789 event set 0x0000000000200000]
25-06-17 16:17:21.111 ec:~> I: C0: CCI=0x80000000
25-06-17 16:17:21.123 I: ST0: IDLE
25-06-17 16:17:21.125 I: C0: Attached.SRC
25-06-17 16:17:21.127 I: C0: SendCmdStart
25-06-17 16:17:21.129 I: C0: SendCmdWait
25-06-17 16:17:21.131 I: ST0: WRITE GET_CONNECTOR_STATUS
25-06-17 16:17:21.134 I: ST0: PING_STATUS
25-06-17 16:17:21.152 I: ST0: READ
25-06-17 16:17:21.154 I: C0: CCI=0x80001300
25-06-17 16:17:21.158 I: ST0: IDLE
25-06-17 16:17:21.159 I: C0: Attached.SRC
25-06-17 16:17:21.172 I: ST0: WRITE RAW:GET_PDOS
25-06-17 16:17:21.175 I: ST0: PING_STATUS
25-06-17 16:17:21.184 I: C0: SendCmdStart
25-06-17 16:17:21.195 E: C0: Ping Status Error
25-06-17 16:17:21.198 I: C0: CCI=0xc0000000
25-06-17 16:17:21.200 I: ST0: IDLE
25-06-17 16:17:21.201 E: Error with UCSI command 0x10. Return was -5
25-06-17 16:17:21.206 [3000.871429 event set 0x0000000000200000]
25-06-17 16:17:21.210 ec:~> I: C0: SendCmdWait
25-06-17 16:17:21.214 I: ST0: WRITE GET_RDO
25-06-17 16:17:21.216 I: ST0: PING_STATUS
25-06-17 16:17:21.218 [3000.884216 event set 0x0000000000200000]
25-06-17 16:17:21.223 ec:~> E: Invalid conn=0
25-06-17 16:17:21.225 E: Error with UCSI command 0x13. Return was -34
25-06-17 16:17:21.229 [3000.895690 event set 0x0000000000200000]
25-06-17 16:17:21.234 ec:~> I: ST0: READ
25-06-17 16:17:21.237 [3000.904144 eveI: Cnt set 0x00000000: CCI=0x80000400
25-06-17 16:17:21.244 000200000]
25-06-17 16:17:21.246 ec:~I: ST> 0: IDLE
25-06-17 16:17:21.247 I: C0: Attached.SRC
25-06-17 16:17:21.252 I: ST0: WRITE RAW:GET_ALTERNATE_MODES
25-06-17 16:17:21.257 I: ST0: PING_STATUS
25-06-17 16:17:21.276 I: C0: CCI=0x80000000
25-06-17 16:17:21.279 I: ST0: IDLE
25-06-17 16:17:21.280 [3000.946807 eveInt set 0x0000000:000200000]
25-06-17 16:17:21.285 ec:~ C> 0: IRQ
25-06-17 16:17:21.288 I: C0: CCI=0x10002
25-06-17 16:17:21.289 I: C0: SendCmdStart
25-06-17 16:17:21.291 I: C0: SendCmdWait
25-06-17 16:17:21.294 I: ST0: WRITE GET_CONNECTOR_STATUS
25-06-17 16:17:21.297 I: ST0: PING_STATUS
25-06-17 16:17:21.301 [3000.968414 event set 0x0000000000200000]
25-06-17 16:17:21.307 ec:~> [3000.974029 event set 0x0000000000200000]
25-06-17 16:17:21.312 ec:~> [3000.981536 eveInt set 0x0000000: ST000200000]
25-06-17 16:17:21.319 ec:~0: > READ
25-06-17 16:17:21.321 I: C0: CCI=0x80001300
25-06-17 16:17:21.324 I: ST0: IDLE
25-06-17 16:17:21.325 I: C0: Attached.SRC
25-06-17 16:17:21.330 [3000.997192 event set 0x0000000000200000]
25-06-17 16:17:21.335 ec:~> [3001.004119 event set 0x0000000000200000]
25-06-17 16:17:21.344 ec:~> I: ST0: WRITE RAW:GET_ALTERNATE_MODES
25-06-17 16:17:21.348 I: ST0: PING_STATUS
25-06-17 16:17:21.352 I: C0: SendCmdStart
25-06-17 16:17:21.366 I: ST0: READ
25-06-17 16:17:21.368 I: C0: CCI=0x80000600
25-06-17 16:17:21.371 I: ST0: IDLE
25-06-17 16:17:21.373 [3001.038635 event set 0x0000000000200000]
25-06-17 16:17:21.377 ec:~> [3001.044738 eveInt set 0x0000000: C000200000]
25-06-17 16:17:21.384 ec:~0: > SendCmdWait
25-06-17 16:17:21.385 I: ST0: WRITE CMD_ACK_CC_CI
25-06-17 16:17:21.388 I: ST0: PING_STATUS
25-06-17 16:17:21.407 I: C0: CCI=0x80000000
25-06-17 16:17:21.410 I: ST0: IDLE
25-06-17 16:17:21.411 I: C0: Attached.SRC
25-06-17 16:17:21.414 I: C0: SendCmdStart
25-06-17 16:17:21.416 I: C0: SendCmdWait
25-06-17 16:17:21.418 I: ST0: WRITE GET_PDOS
25-06-17 16:17:21.420 I: ST0: PING_STATUS
25-06-17 16:17:21.439 I: ST0: READ
25-06-17 16:17:21.440 I: C0: CCI=0x80000400
25-06-17 16:17:21.443 I: ST0: IDLE
25-06-17 16:17:21.444 I: C0: Attached.SRC
25-06-17 16:17:21.446 I: C0: SendCmdStart
25-06-17 16:17:21.449 I: C0: SendCmdWait
25-06-17 16:17:21.454 I: ST0: WRITE GET_PDOS
25-06-17 16:17:21.456 I: ST0: PING_STATUS
25-06-17 16:17:21.471 I: C0: CCI=0x80000000
25-06-17 16:17:21.474 I: ST0: IDLE
25-06-17 16:17:21.475 I: C0: Attached.SRC
25-06-17 16:17:21.477 I: ST0: WRITE RAW:GET_ALTERNATE_MODES
25-06-17 16:17:21.480 I: ST0: PING_STATUS
25-06-17 16:17:21.501 I: ST0: READ
25-06-17 16:17:21.502 I: C0: CCI=0x80000600
25-06-17 16:17:21.505 I: ST0: IDLE
25-06-17 16:17:21.506 [3001.174224 event set 0x0000000000200000]
25-06-17 16:17:21.511 ec:~> [3001.182006 event set 0x0000000000200000]
25-06-17 16:17:21.519 ec:~> I: ST0: WRITE RAW:GET_ALTERNATE_MODES
25-06-17 16:17:21.523 I: ST0: PING_STATUS
25-06-17 16:17:21.543 I: ST0: READ
25-06-17 16:17:21.544 I: C0: CCI=0x80000600
25-06-17 16:17:21.547 I: ST0: IDLE
25-06-17 16:17:21.548 [3001.216613 event set 0x0000000000200000]
25-06-17 16:17:21.553 ec:~> [3001.223205 event set 0x0000000000200000]
25-06-17 16:17:21.560 ec:~> I: ST0: WRITE RAW:GET_CURRENT_CAM
25-06-17 16:17:21.564 I: ST0: PING_STATUS
25-06-17 16:17:21.583 I: ST0: READ
25-06-17 16:17:21.586 I: C0: CCI=0x80000100
25-06-17 16:17:21.587 I: ST0: IDLE
25-06-17 16:17:21.588 [3001.257141 event set 0x0000000000200000]
25-06-17 16:17:21.593 ec:~> [3001.263854 event set 0x0000000000200000]
25-06-17 16:17:21.600 ec:~> I: ST0: WRITE RAW:GET_PDOS
25-06-17 16:17:21.605 I: ST0: PING_STATUS
25-06-17 16:17:21.625 I: ST0: READ
25-06-17 16:17:21.627 I: C0: CCI=0x80000400
25-06-17 16:17:21.630 I: ST0: IDLE
25-06-17 16:17:21.631 [3001.299346 event set 0x0000000000200000]
25-06-17 16:17:21.637 ec:~> [3001.306457 event set 0x0000000000200000]
25-06-17 16:17:21.644 ec:~> I: ST0: WRITE RAW:GET_PDOS
25-06-17 16:17:21.647 I: ST0: PING_STATUS
25-06-17 16:17:21.666 I: C0: CCI=0x10000000
25-06-17 16:17:21.688 I: ST0: READ
25-06-17 16:17:21.690 I: C0: CCI=0x80000400
25-06-17 16:17:21.692 I: ST0: IDLE
25-06-17 16:17:21.693 [3001.362884 event set 0x0000000000200000]
25-06-17 16:17:21.699 ec:~> [3001.370086 event set 0x0000000000200000]
25-06-17 16:17:21.706 ec:~> I: ST0: WRITE RAW:GET_CURRENT_CAM
25-06-17 16:17:21.711 I: ST0: PING_STATUS
25-06-17 16:17:21.731 I: ST0: READ
25-06-17 16:17:21.733 I: C0: CCI=0x80000100
25-06-17 16:17:21.738 I: ST0: IDLE
25-06-17 16:17:21.742 [3001.406280 event set 0x0000000000200000]
25-06-17 16:17:21.745 ec:~> [3001.412170 event set 0x0000000000200000]
25-06-17 16:17:21.748 ec:~> I: ST0: WRITE RAW:GET_CURRENT_CAM
25-06-17 16:17:21.757 I: ST0: PING_STATUS
25-06-17 16:17:21.777 I: ST0: READ
25-06-17 16:17:21.779 I: C0: CCI=0x80000100
25-06-17 16:17:21.785 I: ST0: IDLE
25-06-17 16:17:21.788 [3001.452301 event set 0x0000000000200000]
25-06-17 16:17:21.790 ec:~> [3001.463317 event set 0x0000000000200000]
25-06-17 16:17:21.799 ec:~> I: ST0: WRITE RAW:GET_CURRENT_CAM
25-06-17 16:17:21.960 I: ST0: PING_STATUS
25-06-17 16:17:21.980 I: ST0: READ
25-06-17 16:17:21.981 I: C0: CCI=0x80000100
25-06-17 16:17:21.984 I: ST0: IDLE
25-06-17 16:17:21.985 [3001.655792 event set 0x0000000000200000]
25-06-17 16:17:21.990 ec:~> [3001.662353 event set 0x0000000000200000]
25-06-17 16:17:21.997 ec:~> I: ST0: WRITE RAW:GET_CURRENT_CAM
25-06-17 16:17:22.408 I: ST0: PING_STATUS
25-06-17 16:17:22.428 I: ST0: READ
25-06-17 16:17:22.429 I: C0: CCI=0x80000100
25-06-17 16:17:22.432 I: ST0: IDLE
25-06-17 16:17:22.433 [3002.106872 event set 0x0000000000200000]
25-06-17 16:17:22.437 ec:~> [3002.114807 event set 0x0000000000200000]
25-06-17 16:17:22.446 ec:~> I: C0: IRQ
25-06-17 16:17:27.531 I: C0: CCI=0x10002
25-06-17 16:17:27.532 I: C0: SendCmdStart
25-06-17 16:17:27.533 I: C0: SendCmdWait
25-06-17 16:17:27.533 I: ST0: WRITE GET_CONNECTOR_STATUS
25-06-17 16:17:27.536 I: ST0: PING_STATUS
25-06-17 16:17:27.556 I: ST0: READ
25-06-17 16:17:27.558 I: C0: CCI=0x80001300
25-06-17 16:17:27.560 I: ST0: IDLE
25-06-17 16:17:27.562 I: C0: Attention
25-06-17 16:17:27.563 I: C0: Attached.SRC
25-06-17 16:17:27.590 I: C0: SendCmdStart
25-06-17 16:17:27.592 I: C0: SendCmdWait
25-06-17 16:17:27.594 I: ST0: WRITE CMD_ACK_CC_CI
25-06-17 16:17:27.596 I: ST0: PING_STATUS
25-06-17 16:17:27.616 I: C0: CCI=0x80000000
25-06-17 16:17:27.618 I: ST0: IDLE
25-06-17 16:17:27.620 I: C0: Attached.SRC
25-06-17 16:17:27.622 I: C0: SendCmdStart
25-06-17 16:17:27.624 I: C0: SendCmdWait
25-06-17 16:17:27.626 I: ST0: WRITE CMD_GET_ATTENTION_VDO
25-06-17 16:17:27.629 I: ST0: PING_STATUS
25-06-17 16:17:27.649 I: ST0: READ
25-06-17 16:17:27.650 I: C0: CCI=0x80000b00
25-06-17 16:17:27.653 I: ST0: IDLE
25-06-17 16:17:27.654 I: Set DP_AUX_PATH_SEL: 0
25-06-17 16:17:27.657 I: C0: Attached.SRC
25-06-17 16:18:01.857 I: C0: IRQ
25-06-17 16:18:01.858 I: C0: CCI=0x10002
25-06-17 16:18:01.860 I: C0: SendCmdStart
25-06-17 16:18:01.862 I: C0: SendCmdWait
25-06-17 16:18:01.864 I: ST0: WRITE GET_CONNECTOR_STATUS
25-06-17 16:18:01.867 I: ST0: PING_STATUS
25-06-17 16:18:01.886 I: ST0: READ
25-06-17 16:18:01.888 I: C0: CCI=0x80001300
25-06-17 16:18:01.891 I: ST0: IDLE
25-06-17 16:18:01.892 I: C0: Unattached
25-06-17 16:18:01.894 I: C0 attached: Unattached
25-06-17 16:18:01.896 I: C0: set current limit 1.5A
25-06-17 16:18:01.899 [3041.826080 event set 0x0000000000200000]
25-06-17 16:18:01.905 ec:~> [3041.832061 event set 0x0000000000200000]
25-06-17 16:18:01.912 ec:~> [3041.844116 event set 0x0000000000200000]
25-06-17 16:18:01.923 ec:~> I: C0: SendCmdStart
25-06-17 16:18:01.929 I: C0: SendCmdWait
25-06-17 16:18:01.931 I: ST0: WRITE CMD_ACK_CC_CI
25-06-17 16:18:01.934 I: ST0: PING_STATUS
25-06-17 16:18:01.952 I: C0: CCI=0x80000000
25-06-17 16:18:01.955 I: ST0: IDLE
25-06-17 16:18:01.956 I: C0: Unattached
25-06-17 16:18:01.959 I: C0: SendCmdStart
25-06-17 16:18:01.963 I: C0: sink_path_to_send=0, chg_mgr_active_charge_port=-1
25-06-17 16:18:01.968 I: C0: SendCmdWait
25-06-17 16:18:01.971 I: ST0: WRITE SET_SINK_PATH
25-06-17 16:18:01.973 I: ST0: PING_STATUS
25-06-17 16:18:01.989 I: C0: CCI=0x80000000
25-06-17 16:18:01.991 I: ST0: IDLE
25-06-17 16:18:01.992 I: C0: Unattached
25-06-17 16:18:01.995 I: C0: SendCmdStart
25-06-17 16:18:01.998 I: C0: SendCmdWait
25-06-17 16:18:02.001 [3041.925292 eveI: STnt set 0x00000000: 000200000]
25-06-17 16:18:02.006 ec:~WRITE > GET_CONNECTOR_STATUS
25-06-17 16:18:02.009 I: ST0: PING_STATUS
25-06-17 16:18:02.012 [3041.940002 event set 0x0000000000200000]
25-06-17 16:18:02.017 ec:~> [3041.950317 event set 0x0000000000200000]
25-06-17 16:18:02.028 ec:~I> : ST0: READ
25-06-17 16:18:02.031 I: C0: CCI=0x80001300
25-06-17 16:18:02.033 I: ST0: IDLE
25-06-17 16:18:02.035 I: C0: Unattached
25-06-17 16:18:02.059 I: C0: SendCmdStart
25-06-17 16:18:02.062 I: C0: SendCmdWait
25-06-17 16:18:02.064 I: ST0: WRITE SET_TPC_RP
25-06-17 16:18:02.068 I: ST0: PING_STATUS
25-06-17 16:18:02.086 I: C0: CCI=0x80000000
25-06-17 16:18:02.089 I: ST0: IDLE
25-06-17 16:18:02.091 I: C0: Unattached
25-06-17 16:18:02.094 I: C0: IRQ
25-06-17 16:18:02.095 I: C0: CCI=0x10002
25-06-17 16:18:02.096 I: C0: SendCmdStart
25-06-17 16:18:02.099 I: C0: SendCmdWait
25-06-17 16:18:02.100 I: ST0: WRITE GET_CONNECTOR_STATUS
25-06-17 16:18:02.103 I: ST0: PING_STATUS
25-06-17 16:18:02.121 I: ST0: READ
25-06-17 16:18:02.124 I: C0: CCI=0x80001300
25-06-17 16:18:02.127 I: ST0: IDLE
25-06-17 16:18:02.129 I: C0: Unattached
25-06-17 16:18:02.132 [3042.057189 event set 0x0000000000200000]
25-06-17 16:18:02.137 ec:~> [3042.063232 event set 0x0000000000200000]
25-06-17 16:18:02.142 ec:~> [3042.072967 event set 0x0000000000200000]
25-06-17 16:18:02.149 ec:~> I: C0: SendCmdStart
25-06-17 16:18:02.156 I: C0: SendCmdWait
25-06-17 16:18:02.158 I: ST0: WRITE CMD_ACK_CC_CI
25-06-17 16:18:02.161 I: ST0: PING_STATUS
25-06-17 16:18:02.180 I: C0: CCI=0x80000000
25-06-17 16:18:02.183 I: ST0: IDLE
25-06-17 16:18:02.186 I: C0: Unattached
25-06-17 16:18:02.188 I: C0: SendCmdStart
25-06-17 16:18:02.191 I: C0: SendCmdWait
25-06-17 16:18:02.193 I: ST0: WRITE SET_CCOM
25-06-17 16:18:02.195 I: ST0: PING_STATUS
25-06-17 16:18:02.211 I: C0: CCI=0x80000000
25-06-17 16:18:02.215 I: ST0: IDLE
25-06-17 16:18:02.216 I: C0: Unattached
25-06-17 16:18:02.219 I: C0: IRQ
25-06-17 16:18:02.221 I: C0: CCI=0x10002
25-06-17 16:18:02.224 I: C0: SendCmdStart
25-06-17 16:18:02.227 I: C0: SendCmdWait
25-06-17 16:18:02.229 I: ST0: WRITE GET_CONNECTOR_STATUS
25-06-17 16:18:02.232 I: ST0: PING_STATUS
25-06-17 16:18:02.246 I: ST0: READ
25-06-17 16:18:02.248 I: C0: CCI=0x80001300
25-06-17 16:18:02.250 I: ST0: IDLE
25-06-17 16:18:02.253 I: C0: Unattached
25-06-17 16:18:02.256 [3042.183166 event set 0x0000000000200000]
25-06-17 16:18:02.262 ec:~> [3042.188934 event set 0x0000000000200000]
25-06-17 16:18:02.268 ec:~> [3042.198516 event set 0x0000000000200000]
25-06-17 16:18:02.276 ec:~> I: C0: SendCmdStart
25-06-17 16:18:02.281 I: C0: SendCmdWait
25-06-17 16:18:02.286 I: ST0: WRITE CMD_ACK_CC_CI
25-06-17 16:18:02.289 I: ST0: PING_STATUS
25-06-17 16:18:02.305 I: C0: CCI=0x80000000
25-06-17 16:18:02.307 I: ST0: IDLE
25-06-17 16:18:02.309 I: C0: Unattached
25-06-17 16:18:02.312 I: C0: SendCmdStart
25-06-17 16:18:02.315 I: C0: SendCmdWait
25-06-17 16:18:02.317 I: ST0: WRITE SET_DRP_MODE
25-06-17 16:18:02.320 I: ST0: PING_STATUS
25-06-17 16:18:02.336 I: C0: CCI=0x80000000
25-06-17 16:18:02.340 I: ST0: IDLE
25-06-17 16:18:02.342 I: C0: Unattached
25-06-17 16:18:02.345 I: C0: SendCmdStart
25-06-17 16:18:02.347 I: C0: SendCmdWait
25-06-17 16:18:02.350 I: ST0: WRITE CMD_SET_PDO
25-06-17 16:18:02.353 I: ST0: PING_STATUS
25-06-17 16:18:02.368 I: C0: CCI=0x80000000
25-06-17 16:18:02.372 I: ST0: IDLE
25-06-17 16:18:02.375 I: C0: Unattached
25-06-17 16:18:02.378 I: C0: SendCmdStart
25-06-17 16:18:02.380 I: C0: SendCmdWait
25-06-17 16:18:02.383 [3042.307220 eveI: STnt set 0x00000000: 000200000]
25-06-17 16:18:02.389 ec:~WRITE > GET_CONNECTOR_STATUS
25-06-17 16:18:02.391 I: ST0: PING_STATUS
25-06-17 16:18:02.393 [3042.323608 event set 0x0000000000200000]
25-06-17 16:18:02.399 ec:~> [3042.335174 eveI: STnt set 0x00000000: 000200000]
25-06-17 16:18:02.412 ec:~READ
25-06-17 16:18:02.414 > I: C0: CCI=0x80001300
25-06-17 16:18:02.417 I: ST0: IDLE
25-06-17 16:18:02.417 I: C0: Unattached
25-06-17 16:18:13.028 I: C1: IRQ
25-06-17 16:18:13.030 I: C1: CCI=0x10004
25-06-17 16:18:13.031 I: C1: SendCmdStart
25-06-17 16:18:13.033 I: C1: SendCmdWait
25-06-17 16:18:13.035 I: ST1: WRITE GET_CONNECTOR_STATUS
25-06-17 16:18:13.038 I: ST1: PING_STATUS
25-06-17 16:18:13.058 I: ST1: READ
25-06-17 16:18:13.060 I: C1: CCI=0x80001300
25-06-17 16:18:13.063 I: ST1: IDLE
25-06-17 16:18:13.064 I: C1: TypeCSrcAttached
25-06-17 16:18:13.066 I: C1 attached: TypeCSrcAttached
25-06-17 16:18:13.069 [3053.069183 event set 0x0000000000200000]
25-06-17 16:18:13.075 ec:~> [3053.074859 event set 0x0000000000200000]
25-06-17 16:18:13.080 ec:~> [3053.082489 event set 0x0000000000200000]
25-06-17 16:18:13.087 ec:~> I: C1: SendCmdStart
25-06-17 16:18:13.096 I: C1: SendCmdWait
25-06-17 16:18:13.098 I: ST1: WRITE CMD_ACK_CC_CI
25-06-17 16:18:13.101 I: ST1: PING_STATUS
25-06-17 16:18:13.120 I: C1: CCI=0x80000000
25-06-17 16:18:13.123 I: ST1: IDLE
25-06-17 16:18:13.124 I: C1: TypeCSrcAttached
25-06-17 16:18:13.126 I: C1: SendCmdStart
25-06-17 16:18:13.128 I: C1: sink_path_to_send=0, chg_mgr_active_charge_port=-1
25-06-17 16:18:13.134 I: C1: SendCmdWait
25-06-17 16:18:13.136 I: ST1: WRITE SET_SINK_PATH
25-06-17 16:18:13.139 I: ST1: PING_STATUS
25-06-17 16:18:13.157 I: C1: CCI=0x80000000
25-06-17 16:18:13.160 I: ST1: IDLE
25-06-17 16:18:13.161 I: C1: TypeCSrcAttached
25-06-17 16:18:13.164 I: C1: SendCmdStart
25-06-17 16:18:13.166 I: C1: SendCmdWait
25-06-17 16:18:13.167 [3053.167877 eveI: STnt set 0x00000001: 000200000]
25-06-17 16:18:13.173 ec:~WRITE > GET_CONNECTOR_STATUS
25-06-17 16:18:13.175 I: ST1: PING_STATUS
25-06-17 16:18:13.182 [3053.183410 event set 0x0000000000200000]
25-06-17 16:18:13.187 ec:~> [3053.193267 event set 0x0000000000200000]
25-06-17 16:18:13.198 ec:~I: ST> 1: READ
25-06-17 16:18:13.199 I: C1: CCI=0x80001300
25-06-17 16:18:13.202 I: ST1: IDLE
25-06-17 16:18:13.203 I: C1: TypeCSrcAttached
25-06-17 16:18:13.461 I: C1: IRQ
25-06-17 16:18:13.463 I: C1: CCI=0x10004
25-06-17 16:18:13.466 I: C1: SendCmdStart
25-06-17 16:18:13.469 I: C1: SendCmdWait
25-06-17 16:18:13.472 I: ST1: WRITE GET_CONNECTOR_STATUS
25-06-17 16:18:13.475 I: ST1: PING_STATUS
25-06-17 16:18:13.491 I: ST1: READ
25-06-17 16:18:13.493 I: C1: CCI=0x80001300
25-06-17 16:18:13.497 I: ST1: IDLE
25-06-17 16:18:13.500 I: C1: TypeCSrcAttached
25-06-17 16:18:13.502 [3053.502197 event set 0x0000000000200000]
25-06-17 16:18:13.508 ec:~> [3053.506652 event set 0x0000000000200000]
25-06-17 16:18:13.515 ec:~> [3053.512939 event set 0x0000000000200000]
25-06-17 16:18:13.520 ec:~> I: C1: SendCmdStart
25-06-17 16:18:13.526 I: C1: SendCmdWait
25-06-17 16:18:13.528 I: ST1: WRITE CMD_ACK_CC_CI
25-06-17 16:18:13.532 I: ST1: PING_STATUS
25-06-17 16:18:13.550 I: C1: CCI=0x80000000
25-06-17 16:18:13.552 I: ST1: IDLE
25-06-17 16:18:13.554 I: C1: TypeCSrcAttached
25-06-17 16:18:13.601 I: C1: IRQ
25-06-17 16:18:13.602 I: C1: CCI=0x10004
25-06-17 16:18:13.603 I: C1: SendCmdStart
25-06-17 16:18:13.605 I: C1: SendCmdWait
25-06-17 16:18:13.607 I: C1: IRQ
25-06-17 16:18:13.609 I: C1: CCI=0x10004
25-06-17 16:18:13.611 I: ST1: WRITE GET_CONNECTOR_STATUS
25-06-17 16:18:13.614 I: ST1: PING_STATUS
25-06-17 16:18:13.634 I: ST1: READ
25-06-17 16:18:13.637 I: C1: CCI=0x80001300
25-06-17 16:18:13.639 I: ST1: IDLE
25-06-17 16:18:13.641 I: C1: Attached.SRC
25-06-17 16:18:13.644 I: C1 attached: Attached.SRC
25-06-17 16:18:13.646 [3053.648284 event set 0x0000000000200000]
25-06-17 16:18:13.650 ec:~> [3053.654907 event set 0x0000000000200000]
25-06-17 16:18:13.656 ec:~> [3053.665527 event set 0x0000000000200000]
25-06-17 16:18:13.667 ec:~> I: C1: SendCmdStart
25-06-17 16:18:13.672 I: C1: SendCmdWait
25-06-17 16:18:13.674 I: ST1: WRITE GET_CONNECTOR_STATUS
25-06-17 16:18:13.678 I: ST1: PING_STATUS
25-06-17 16:18:13.696 I: ST1: READ
25-06-17 16:18:13.698 I: C1: CCI=0x80001300
25-06-17 16:18:13.700 I: ST1: IDLE
25-06-17 16:18:13.701 I: C1: Attached.SRC
25-06-17 16:18:13.728 I: C1: SendCmdStart
25-06-17 16:18:13.730 I: C1: SendCmdWait
25-06-17 16:18:13.732 I: ST1: WRITE CMD_ACK_CC_CI
25-06-17 16:18:13.734 I: ST1: PING_STATUS
25-06-17 16:18:13.755 I: C1: CCI=0x80000000
25-06-17 16:18:13.757 I: ST1: IDLE
25-06-17 16:18:13.758 I: C1: Attached.SRC
25-06-17 16:18:13.761 I: C1: SendCmdStart
25-06-17 16:18:13.763 I: C1: sink_path_to_send=0, chg_mgr_active_charge_port=-1
25-06-17 16:18:13.770 I: C1: SendCmdWait
25-06-17 16:18:13.773 I: C1: IRQ
25-06-17 16:18:13.775 I: C1: CCI=0x10004
25-06-17 16:18:13.777 I: ST1: WRITE SET_SINK_PATH
25-06-17 16:18:13.780 I: ST1: PING_STATUS
25-06-17 16:18:13.795 I: C1: CCI=0x80000000
25-06-17 16:18:13.799 I: ST1: IDLE
25-06-17 16:18:13.801 I: C1: Attached.SRC
25-06-17 16:18:13.803 I: C1: SendCmdStart
25-06-17 16:18:13.806 I: C1: SendCmdWait
25-06-17 16:18:13.808 [3053.808868 eveInt set 0x0000000: ST000200000]
25-06-17 16:18:13.814 ec:~1: > WRITE GET_CONNECTOR_STATUS
25-06-17 16:18:13.815 I: ST1: PING_STATUS
25-06-17 16:18:13.817 [3053.822082 event set 0x0000000000200000]
25-06-17 16:18:13.822 ec:~> [3053.831665 event set 0x0000000000200000]
25-06-17 16:18:13.832 ec:~> I: ST1: READ
25-06-17 16:18:13.834 I: C1: CCI=0x80001300
25-06-17 16:18:13.837 I: ST1: IDLE
25-06-17 16:18:13.840 I: C1: CAM change
25-06-17 16:18:13.842 I: C1: Attached.SRC
25-06-17 16:18:13.845 [3053.846771 event set 0x0000000000200000]
25-06-17 16:18:13.850 ec:~> [3053.851562 event set 0x0000000000200000]
25-06-17 16:18:13.857 ec:~> [3053.859161 event set 0x0000000000200000]
25-06-17 16:18:13.863 ec:~> I: C1: SendCmdStart
25-06-17 16:18:13.869 I: C1: SendCmdWait
25-06-17 16:18:13.871 I: ST1: WRITE CMD_ACK_CC_CI
25-06-17 16:18:13.875 I: ST1: PING_STATUS
25-06-17 16:18:13.893 I: C1: CCI=0x80000000
25-06-17 16:18:13.896 I: ST1: IDLE
25-06-17 16:18:13.898 I: C1: Attached.SRC
25-06-17 16:18:13.901 I: C1: SendCmdStart
25-06-17 16:18:13.903 I: C1: SendCmdWait
25-06-17 16:18:13.905 I: ST1: WRITE GET VDO
25-06-17 16:18:13.907 I: ST1: PING_STATUS
25-06-17 16:18:13.924 I: ST1: READ
25-06-17 16:18:13.926 I: C1: CCI=0x80000400
25-06-17 16:18:13.928 I: ST1: IDLE
25-06-17 16:18:13.930 I: C1: Attached.SRC
25-06-17 16:18:13.931 I: C1: SendCmdStart
25-06-17 16:18:13.933 I: C1: SendCmdWait
25-06-17 16:18:13.934 I: ST1: WRITE GET_CONNECTOR_CAPABILITY
25-06-17 16:18:13.938 I: ST1: PING_STATUS
25-06-17 16:18:13.959 I: ST1: READ
25-06-17 16:18:13.960 I: C1: CCI=0x80000400
25-06-17 16:18:13.963 I: ST1: IDLE
25-06-17 16:18:13.965 I: C1: Attached.SRC
25-06-17 16:18:13.990 I: C1: SendCmdStart
25-06-17 16:18:13.992 I: C1: SendCmdWait
25-06-17 16:18:13.994 I: ST1: WRITE SET_UOR
25-06-17 16:18:13.996 I: ST1: PING_STATUS
25-06-17 16:18:14.016 E: C1: Ping Status Error
25-06-17 16:18:14.019 I: C1: CCI=0xc0000000
25-06-17 16:18:14.021 I: ST1: IDLE
25-06-17 16:18:14.023 I: ST1: WRITE SET_UOR
25-06-17 16:18:14.025 I: ST1: PING_STATUS
25-06-17 16:18:14.044 E: C1: Ping Status Error
25-06-17 16:18:14.047 I: C1: CCI=0xc0000000
25-06-17 16:18:14.049 I: ST1: IDLE
25-06-17 16:18:14.050 I: ST1: WRITE SET_UOR
25-06-17 16:18:14.052 I: ST1: PING_STATUS
25-06-17 16:18:14.073 E: C1: Ping Status Error
25-06-17 16:18:14.077 I: C1: CCI=0xc0000000
25-06-17 16:18:14.079 I: ST1: IDLE
25-06-17 16:18:14.080 E: PDC_SET_UOR resend attempts exceeded!
25-06-17 16:18:14.084 I: C1: Attached.SRC
25-06-17 16:18:14.085 I: C1: SendCmdStart
25-06-17 16:18:14.087 I: C1: SendCmdWait
25-06-17 16:18:14.089 I: ST1: WRITE SET_PDR
25-06-17 16:18:14.091 I: ST1: PING_STATUS
25-06-17 16:18:14.110 I: C1: CCI=0x80000000
25-06-17 16:18:14.112 I: ST1: IDLE
25-06-17 16:18:14.113 I: C1: Attached.SRC
25-06-17 16:18:14.115 I: C1: SendCmdStart
25-06-17 16:18:14.117 I: C1: SendCmdWait
25-06-17 16:18:14.119 [3054.125671 eveI: STnt set 0x00000001: 000200000]
25-06-17 16:18:14.124 ec:~WRITE > GET_CONNECTOR_STATUS
25-06-17 16:18:14.128 I: ST1: PING_STATUS
25-06-17 16:18:14.147 I: ST1: READ
25-06-17 16:18:14.149 I: C1: CCI=0x80001300
25-06-17 16:18:14.152 I: ST1: IDLE
25-06-17 16:18:14.153 I: C1: Attached.SRC
25-06-17 16:18:14.169 I: ST1: WRITE RAW:GET_CABLE_PROPERTY
25-06-17 16:18:14.173 I: ST1: PING_STATUS
25-06-17 16:18:14.179 I: C1: SendCmdStart
25-06-17 16:18:14.193 I: ST1: READ
25-06-17 16:18:14.195 I: C1: CCI=0x80000500
25-06-17 16:18:14.198 I: ST1: IDLE
25-06-17 16:18:14.198 [3054.205902 event set 0x0000000000200000]
25-06-17 16:18:14.203 ec:~> [3054.212249 eveI: Cnt set 0x00000001: 000200000]
25-06-17 16:18:14.211 ec:~S> endCmdWait
25-06-17 16:18:14.213 I: ST1: WRITE READ_POWER_LEVEL
25-06-17 16:18:14.215 I: ST1: PING_STATUS
25-06-17 16:18:14.235 I: C1: CCI=0x80000000
25-06-17 16:18:14.237 I: ST1: IDLE
25-06-17 16:18:14.239 I: C1: Attached.SRC
25-06-17 16:18:14.241 I: C1: SendCmdStart
25-06-17 16:18:14.242 I: C1: SendCmdWait
25-06-17 16:18:14.245 I: ST1: WRITE GET VDO
25-06-17 16:18:14.246 I: ST1: PING_STATUS
25-06-17 16:18:14.266 I: ST1: READ
25-06-17 16:18:14.267 I: C1: CCI=0x80000800
25-06-17 16:18:14.270 I: ST1: IDLE
25-06-17 16:18:14.271 I: C1: Attached.SRC
25-06-17 16:18:14.273 I: C1: SendCmdStart
25-06-17 16:18:14.275 I: C1: SendCmdWait
25-06-17 16:18:14.277 I: ST1: WRITE GET_CABLE_PROPERTY
25-06-17 16:18:14.280 I: ST1: PING_STATUS
25-06-17 16:18:14.300 I: C1: CCI=0x10000000
25-06-17 16:18:14.320 I: ST1: READ
25-06-17 16:18:14.322 I: C1: CCI=0x80000500
25-06-17 16:18:14.325 I: ST1: IDLE
25-06-17 16:18:14.326 I: C1: Attached.SRC
25-06-17 16:18:14.328 I: C1: IRQ
25-06-17 16:18:14.329 I: C1: CCI=0x10004
25-06-17 16:18:14.332 I: C1: SendCmdStart
25-06-17 16:18:14.334 I: ST1: WRITE RAW:GET_PD_MESSAGE
25-06-17 16:18:14.338 I: ST1: PING_STATUS
25-06-17 16:18:14.355 I: ST1: READ
25-06-17 16:18:14.358 I: C1: CCI=0x80001c00
25-06-17 16:18:14.361 I: ST1: IDLE
25-06-17 16:18:14.363 [3054.369750 event set 0x0000000000200000]
25-06-17 16:18:14.368 ec:~> [3054.376434 event set 0x0000000000200000]
25-06-17 16:18:14.375 ec:~> I: ST1: WRITE RAW:GET_ALTERNATE_MODES
25-06-17 16:18:14.380 I: ST1: PING_STATUS
25-06-17 16:18:14.397 I: ST1: READ
25-06-17 16:18:14.401 I: C1: CCI=0x80000600
25-06-17 16:18:14.405 I: ST1: IDLE
25-06-17 16:18:14.407 [3054.411132 event set 0x0000000000200000]
25-06-17 16:18:14.413 ec:~> I: C1: SendCmdWait
25-06-17 16:18:14.418 I: ST1: WRITE GET_CONNECTOR_STATUS
25-06-17 16:18:14.421 I: ST1: PING_STATUS
25-06-17 16:18:14.424 [3054.423706 event set 0x0000000000200000]
25-06-17 16:18:14.428 ec:~> I: ST1: READ
25-06-17 16:18:14.435 I: C1: CCI=0x80001300
25-06-17 16:18:14.437 I: ST1: IDLE
25-06-17 16:18:14.438 I: C1: Attached.SRC
25-06-17 16:18:14.440 I: ST1: WRITE RAW:GET_PD_MESSAGE
25-06-17 16:18:14.443 I: ST1: PING_STATUS
25-06-17 16:18:14.464 I: ST1: READ
25-06-17 16:18:14.465 I: C1: SendCmdStart
25-06-17 16:18:14.467 I: C1: CCI=0x80001c00
25-06-17 16:18:14.469 I: ST1: IDLE
25-06-17 16:18:14.470 [3054.479766 event set 0x0000000000200000]
25-06-17 16:18:14.475 ec:~> [3054.486602 event set 0x0000000000200000]
25-06-17 16:18:14.482 ec:~> [3054.492370 event set 0x0000000000200000]
25-06-17 16:18:14.488 ec:~> [3054.499298 event set 0x0000000I: C000200000]
25-06-17 16:18:14.495 ec:~1: > SendCmdWait
25-06-17 16:18:14.497 I: ST1: WRITE GET_PDOS
25-06-17 16:18:14.499 I: ST1: PING_STATUS
25-06-17 16:18:14.519 I: ST1: READ
25-06-17 16:18:14.521 I: C1: CCI=0x80000400
25-06-17 16:18:14.523 I: ST1: IDLE
25-06-17 16:18:14.525 I: C1: Attached.SRC
25-06-17 16:18:14.527 I: C1: SendCmdStart
25-06-17 16:18:14.529 I: C1: SendCmdWait
25-06-17 16:18:14.530 I: ST1: WRITE GET_PDOS
25-06-17 16:18:14.532 I: ST1: PING_STATUS
25-06-17 16:18:14.552 I: C1: CCI=0x80000000
25-06-17 16:18:14.555 I: ST1: IDLE
25-06-17 16:18:14.556 I: C1: Attached.SRC
25-06-17 16:18:14.570 I: ST1: WRITE RAW:GET_CONNECTOR_CAPABILITY
25-06-17 16:18:14.574 I: ST1: PING_STATUS
25-06-17 16:18:14.582 I: C1: set current limit 3.0A
25-06-17 16:18:14.594 I: ST1: READ
25-06-17 16:18:14.598 I: C1: CCI=0x80000400
25-06-17 16:18:14.601 I: ST1: IDLE
25-06-17 16:18:14.604 [3054.609527 event set 0x0000000000200000]
25-06-17 16:18:14.614 ec:~> [3054.616485 event set 0x0000000000200000]
25-06-17 16:18:14.620 ec:~I: C> 1: SendCmdStart
25-06-17 16:18:14.623 I: C1: SendCmdWait
25-06-17 16:18:14.626 I: ST1: WRITE CMD_SET_PDO
25-06-17 16:18:14.628 I: ST1: PING_STATUS
25-06-17 16:18:14.632 [3054.630401 event set 0x0000000000200000]
25-06-17 16:18:14.636 ec:~> [3054.637023 event set 0x0000000000200000]
25-06-17 16:18:14.639 ec:~> I: C1: CCI=0x80000000
25-06-17 16:18:14.642 I: ST1: IDLE
25-06-17 16:18:14.644 I: C1: Attached.SRC
25-06-17 16:18:14.646 I: C1: SendCmdStart
25-06-17 16:18:14.647 I: C1: SendCmdWait
25-06-17 16:18:14.648 [3054.657440 eveInt set 0x0000000: ST000200000]
25-06-17 16:18:14.655 ec:~1: > WRITE GET_CONNECTOR_STATUS
25-06-17 16:18:14.658 I: ST1: PING_STATUS
25-06-17 16:18:14.660 [3054.670989 event set 0x0000000000200000]
25-06-17 16:18:14.666 ec:~> [3054.677795 event set 0x0000000000200000]
25-06-17 16:18:14.673 ec:~> I: ST1: READ
25-06-17 16:18:14.677 I: C1: CCI=0x80001300
25-06-17 16:18:14.681 I: ST1: IDLE
25-06-17 16:18:14.682 I: C1: Attached.SRC
25-06-17 16:18:14.693 I: ST1: WRITE RAW:GET_PDOS
25-06-17 16:18:14.696 I: ST1: PING_STATUS
25-06-17 16:18:14.708 I: C1: SendCmdStart
25-06-17 16:18:14.716 I: ST1: READ
25-06-17 16:18:14.718 I: C1: CCI=0x80000400
25-06-17 16:18:14.720 I: ST1: IDLE
25-06-17 16:18:14.721 [3054.732238 event set 0x0000000000200000]
25-06-17 16:18:14.726 ec:~> [3054.738525 event set 0x0000000000200000]
25-06-17 16:18:14.733 ec:~> I: ST1: WRITE RAW:GET_PDOS
25-06-17 16:18:14.736 I: ST1: PING_STATUS
25-06-17 16:18:14.756 E: C1: Ping Status Error
25-06-17 16:18:14.760 I: C1: CCI=0xc0000000
25-06-17 16:18:14.762 I: ST1: IDLE
25-06-17 16:18:14.764 E: Error with UCSI command 0x10. Return was -5
25-06-17 16:18:14.768 [3054.777648 eveInt set 0x0000000:000200000]
25-06-17 16:18:14.772 ec:~ C> 1: SendCmdWait
25-06-17 16:18:14.774 I: ST1: WRITE GET_RDO
25-06-17 16:18:14.776 I: ST1: PING_STATUS
25-06-17 16:18:14.785 [3054.796203 event set 0x0000000000200000]
25-06-17 16:18:14.790 ec:~E: Invalid conn=> 0
25-06-17 16:18:14.792 E: Error with UCSI command 0x13. Return was -34
25-06-17 16:18:14.796 [3054.807495 eveInt set 0x0000000: C000200000]
25-06-17 16:18:14.801 ec:~1> : CCI=0x80000000
25-06-17 16:18:14.803 I: ST1: IDLE
25-06-17 16:18:14.804 I: C1: Attached.SRC
25-06-17 16:18:14.806 I: C1: IRQ
25-06-17 16:18:14.808 I: C1: CCI=0x10004
25-06-17 16:18:14.809 I: C1: SendCmdStart
25-06-17 16:18:14.811 I: C1: SendCmdWait
25-06-17 16:18:14.813 I: ST1: WRITE GET_CONNECTOR_STATUS
25-06-17 16:18:14.816 I: ST1: PING_STATUS
25-06-17 16:18:14.822 [3054.834075 event set 0x0000000000200000]
25-06-17 16:18:14.827 ec:~> I: ST1: READ
25-06-17 16:18:14.839 I: C1: CCI=0x80001300
25-06-17 16:18:14.841 I: ST1: IDLE
25-06-17 16:18:14.842 I: C1: Attached.SRC
25-06-17 16:18:14.849 I: ST1: WRITE RAW:GET_ALTERNATE_MODES
25-06-17 16:18:14.853 I: ST1: PING_STATUS
25-06-17 16:18:14.869 I: C1: SendCmdStart
25-06-17 16:18:14.873 I: ST1: READ
25-06-17 16:18:14.875 I: C1: CCI=0x80000600
25-06-17 16:18:14.878 I: ST1: IDLE
25-06-17 16:18:14.879 [3054.890777 event set 0x0000000000200000]
25-06-17 16:18:14.883 ec:~> [3054.897552 event set 0x0000000000200000]
25-06-17 16:18:14.890 ec:~> I: ST1: WRITE RAW:GET_ALTERNATE_MODES
25-06-17 16:18:14.899 I: ST1: PING_STATUS
25-06-17 16:18:14.917 I: ST1: READ
25-06-17 16:18:14.919 I: C1: CCI=0x80000600
25-06-17 16:18:14.922 I: ST1: IDLE
25-06-17 16:18:14.923 [3054.934875 eveInt set 0x0000000: C000200000]
25-06-17 16:18:14.928 ec:~1: > SendCmdWait
25-06-17 16:18:14.930 I: ST1: WRITE CMD_ACK_CC_CI
25-06-17 16:18:14.932 I: ST1: PING_STATUS
25-06-17 16:18:14.939 [3054.951049 event set 0x0000000000200000]
25-06-17 16:18:14.943 ec:~> I: C1: CCI=0x80000000
25-06-17 16:18:14.955 I: ST1: IDLE
25-06-17 16:18:14.956 I: C1: Attached.SRC
25-06-17 16:18:14.958 I: C1: SendCmdStart
25-06-17 16:18:14.960 I: C1: SendCmdWait
25-06-17 16:18:14.961 I: ST1: WRITE GET_PDOS
25-06-17 16:18:14.963 I: ST1: PING_STATUS
25-06-17 16:18:14.984 I: ST1: READ
25-06-17 16:18:14.985 I: C1: CCI=0x80000400
25-06-17 16:18:14.988 I: ST1: IDLE
25-06-17 16:18:14.989 I: C1: Attached.SRC
25-06-17 16:18:14.991 I: C1: SendCmdStart
25-06-17 16:18:14.993 I: ST1: WRITE RAW:GET_ALTERNATE_MODES
25-06-17 16:18:14.997 I: ST1: PING_STATUS
25-06-17 16:18:15.017 I: ST1: READ
25-06-17 16:18:15.018 I: C1: CCI=0x80000600
25-06-17 16:18:15.020 I: ST1: IDLE
25-06-17 16:18:15.022 [3055.034667 event set 0x0000000000200000]
25-06-17 16:18:15.026 ec:~> [3055.041229 event set 0x0000000000200000]
25-06-17 16:18:15.033 ec:~> I: ST1: WRITE RAW:GET_CURRENT_CAM
25-06-17 16:18:15.037 I: ST1: PING_STATUS
25-06-17 16:18:15.057 I: ST1: READ
25-06-17 16:18:15.059 I: C1: CCI=0x80000100
25-06-17 16:18:15.061 I: ST1: IDLE
25-06-17 16:18:15.062 [3055.075592 event set 0x0000000000200000]
25-06-17 16:18:15.067 ec:~> I: C1: SendCmdWait
25-06-17 16:18:15.071 I: ST1: WRITE GET_PDOS
25-06-17 16:18:15.073 I: ST1: PING_STATUS
25-06-17 16:18:15.075 [3055.088012 event set 0x0000000000200000]
25-06-17 16:18:15.080 ec:~> I: C1: CCI=0x80000000
25-06-17 16:18:15.096 I: ST1: IDLE
25-06-17 16:18:15.096 I: C1: Attached.SRC
25-06-17 16:18:15.100 I: ST1: WRITE RAW:GET_CURRENT_CAM
25-06-17 16:18:15.104 I: ST1: PING_STATUS
25-06-17 16:18:15.124 I: ST1: READ
25-06-17 16:18:15.126 I: C1: CCI=0x80000100
25-06-17 16:18:15.128 I: ST1: IDLE
25-06-17 16:18:15.129 [3055.142883 event set 0x0000000000200000]
25-06-17 16:18:15.134 ec:~> [3055.150085 event set 0x0000000000200000]
25-06-17 16:18:15.141 ec:~> [3055.155883 event set 0x0000000000200000]
25-06-17 16:18:15.147 ec:~> [3055.164428 event set 0x0000000000200000]
25-06-17 16:18:15.156 ec:~> I: ST1: WRITE RAW:GET_PDOS
25-06-17 16:18:15.159 I: ST1: PING_STATUS
25-06-17 16:18:15.180 I: ST1: READ
25-06-17 16:18:15.181 I: C1: CCI=0x80000400
25-06-17 16:18:15.183 I: ST1: IDLE
25-06-17 16:18:15.185 [3055.198608 event set 0x0000000000200000]
25-06-17 16:18:15.189 ec:~> [3055.204956 event set 0x0000000000200000]
25-06-17 16:18:15.196 ec:~> I: ST1: WRITE RAW:GET_PDOS
25-06-17 16:18:15.200 I: ST1: PING_STATUS
25-06-17 16:18:15.219 I: C1: CCI=0x10000000
25-06-17 16:18:15.241 I: ST1: READ
25-06-17 16:18:15.244 I: C1: CCI=0x80000400
25-06-17 16:18:15.247 I: ST1: IDLE
25-06-17 16:18:15.248 [3055.260772 event set 0x0000000000200000]
25-06-17 16:18:15.253 ec:~> [3055.268157 event set 0x0000000000200000]
25-06-17 16:18:15.260 ec:~> I: ST1: WRITE RAW:GET_CURRENT_CAM
25-06-17 16:18:15.265 I: ST1: PING_STATUS
25-06-17 16:18:15.283 I: ST1: READ
25-06-17 16:18:15.285 I: C1: CCI=0x80000100
25-06-17 16:18:15.288 I: ST1: IDLE
25-06-17 16:18:15.290 [3055.302398 event set 0x0000000000200000]
25-06-17 16:18:15.294 ec:~> [3055.311798 event set 0x0000000000200000]
25-06-17 16:18:15.302 ec:~> I: ST1: WRITE RAW:GET_CURRENT_CAM
25-06-17 16:18:15.314 I: ST1: PING_STATUS
25-06-17 16:18:15.334 I: ST1: READ
25-06-17 16:18:15.336 I: C1: CCI=0x80000100
25-06-17 16:18:15.339 I: ST1: IDLE
25-06-17 16:18:15.341 [3055.354248 event set 0x0000000000200000]
25-06-17 16:18:15.346 ec:~> [3055.366180 event set 0x0000000000200000]
25-06-17 16:18:15.356 ec:~> I: ST1: WRITE RAW:GET_CURRENT_CAM
25-06-17 16:18:15.658 I: ST1: PING_STATUS
25-06-17 16:18:15.677 I: ST1: READ
25-06-17 16:18:15.679 I: C1: CCI=0x80000100
25-06-17 16:18:15.681 I: ST1: IDLE
25-06-17 16:18:15.682 [3055.699462 event set 0x0000000000200000]
25-06-17 16:18:15.687 ec:~> [3055.706054 event set 0x0000000000200000]
25-06-17 16:18:15.694 ec:~> I: ST1: WRITE RAW:GET_CURRENT_CAM
25-06-17 16:18:16.171 I: ST1: PING_STATUS
25-06-17 16:18:16.189 I: ST1: READ
25-06-17 16:18:16.190 I: C1: CCI=0x80000100
25-06-17 16:18:16.193 I: ST1: IDLE
25-06-17 16:18:16.194 [3056.214263 event set 0x0000000000200000]
25-06-17 16:18:16.199 ec:~> [3056.220794 event set 0x0000000000200000]
25-06-17 16:18:16.205 ec:~> I: C1: IRQ
25-06-17 16:18:20.545 I: C1: CCI=0x10004
25-06-17 16:18:20.546 I: C1: SendCmdStart
25-06-17 16:18:20.547 I: C1: SendCmdWait
25-06-17 16:18:20.548 I: ST1: WRITE GET_CONNECTOR_STATUS
25-06-17 16:18:20.551 I: ST1: PING_STATUS
25-06-17 16:18:20.571 I: ST1: READ
25-06-17 16:18:20.573 I: C1: CCI=0x80001300
25-06-17 16:18:20.576 I: ST1: IDLE
25-06-17 16:18:20.578 I: C1: Attention
25-06-17 16:18:20.580 I: C1: Attached.SRC
25-06-17 16:18:20.605 I: C1: SendCmdStart
25-06-17 16:18:20.607 I: C1: SendCmdWait
25-06-17 16:18:20.609 I: ST1: WRITE CMD_ACK_CC_CI
25-06-17 16:18:20.611 I: ST1: PING_STATUS
25-06-17 16:18:20.631 I: C1: CCI=0x80000000
25-06-17 16:18:20.634 I: ST1: IDLE
25-06-17 16:18:20.635 I: C1: Attached.SRC
25-06-17 16:18:20.638 I: C1: SendCmdStart
25-06-17 16:18:20.640 I: C1: SendCmdWait
25-06-17 16:18:20.642 I: ST1: WRITE CMD_GET_ATTENTION_VDO
25-06-17 16:18:20.645 I: ST1: PING_STATUS
25-06-17 16:18:20.664 I: ST1: READ
25-06-17 16:18:20.666 I: C1: CCI=0x80000b00
25-06-17 16:18:20.668 I: ST1: IDLE
25-06-17 16:18:20.669 I: Set DP_AUX_PATH_SEL: 1
25-06-17 16:18:20.672 I: C1: Attached.SRC
25-06-17 16:19:25.961 
25-06-17 16:19:25.962 ec:~> 
25-06-17 16:19:26.117 ec:~> 
25-06-17 16:19:26.262 ec:~> i2c scan 
25-06-17 16:19:27.915   I2C_GSC_I2CI2C_SENSORI2C_PDC_SMI2C_SMB_BATTI2C_CHARGER
25-06-17 16:19:27.924 ec:~> i2c scan I2C_I2C_GSC_I2C
25-06-17 16:19:31.238 I2C: Device driver I2C_I2C_GSC_I2C not found.
25-06-17 16:19:31.242 ec:~> i2c scan I2C_I2C_GSC_I2CI2C_GSC_I2C
25-06-17 16:19:34.893      0  1  2  3  4  5  6  7  8  9  a  b  c  d  e  f
25-06-17 16:19:34.897 00:             -- -- -- -- -- -- -- -- -- -- -- -- 
25-06-17 16:19:34.902 10: -- -- -- -- -- -- -- -- -- -- -- -- -- -- -- -- 
25-06-17 16:19:34.907 20: -- -- -- -- -- -- -- -- -- -- -- -- -- -- -- -- 
25-06-17 16:19:34.914 30: -- -- -- -- -- -- -- -- -- -- -- -- -- -- -- -- 
25-06-17 16:19:34.919 40: -- -- -- -- -- -- -- -- -- -- -- -- -- -- -- -- 
25-06-17 16:19:34.923 50: -- -- -- -- -- -- -- -- -- -- -- -- -- -- -- -- 
25-06-17 16:19:34.928 60: -- -- -- -- -- -- -- -- -- -- -- -- -- -- -- -- 
25-06-17 16:19:34.935 70: -- -- -- -- -- -- -- --                         
25-06-17 16:19:34.941 0 devices found on I2C_GSC_I2C
25-06-17 16:19:34.944 ec:~> gepioget
25-06-17 16:24:07.533 gepioget: command not found
25-06-17 16:24:07.535 ec:~> gepiogetgpioeget
25-06-17 16:24:12.751   0  acok_od_z5
25-06-17 16:24:12.753   1* ap_ec_sysrst_odl
25-06-17 16:24:12.755   0  ap_ec_warm_rst_req
25-06-17 16:24:12.758   1* ap_ec_wdtrst_l
25-06-17 16:24:12.761   1* ap_in_sleep_l
25-06-17 16:24:12.763   1* ap_xhci_init_done_r
25-06-17 16:24:12.766   1* charger_prochot_odl
25-06-17 16:24:12.769   1* dp_aux_path_sel
25-06-17 16:24:12.771   1* ec_ap_dpoc_en_odl
25-06-17 16:24:12.774   0  ec_ap_dp_hpd_l
25-06-17 16:24:12.776   1* ec_ap_int_odl
25-06-17 16:24:12.778   1* ec_ap_sys_rst_odl
25-06-17 16:24:12.780   0  ec_batt_pres_odl
25-06-17 16:24:12.783   1* ec_bl_en_od
25-06-17 16:24:12.785   1* ec_flash_wp_odl
25-06-17 16:24:12.788   0  ec_gsc_packet_mode_en
25-06-17 16:24:12.790   1* ec_i2c_pdc0_sm_int_odl
25-06-17 16:24:12.793   1* ec_i2c_pdc1_sm_int_odl
25-06-17 16:24:12.795   0  ec_kso_02_inv
25-06-17 16:24:12.797   0  ec_pen_chg_dis_odl
25-06-17 16:24:12.799   1* ec_pmic_en_odl_r
25-06-17 16:24:12.801   1* ec_voldn_btn_odl
25-06-17 16:24:12.803   1* ec_volup_btn_odl
25-06-17 16:24:12.805   1* en_pp3700_s5
25-06-17 16:24:12.807   1* en_pp5000_usba_vbus
25-06-17 16:24:12.810   1* en_pp5000_z1
25-06-17 16:24:12.812   0  en_ulp
25-06-17 16:24:12.813   1* gsc_ec_pwr_btn_odl
25-06-17 16:24:12.814   1* imu_int_ec_l
25-06-17 16:24:12.815   1* lid_360_l
25-06-17 16:24:12.817   1* lid_accel_int_ec_l
25-06-17 16:24:12.820   1* lid_open_3v3_z5
25-06-17 16:24:12.822   1* pg_pp3700_s5_od
25-06-17 16:24:12.824   1* pg_pp5000_z1_od
25-06-17 16:24:12.827   1* pmic_ec_resetb
25-06-17 16:24:12.829   1* bl_pwr_pgd
25-06-17 16:24:12.831   1* ec_en_ppvar_blpwr
25-06-17 16:24:12.833   1* jd1
25-06-17 16:24:12.834   0  5p0va_pwr_mode
25-06-17 16:24:12.836 ec:~> [3604s HC Suppressed: 0x97=349 0x98=722 0x113=0 0x103=0 0x115=0 0x2b=3300 0x67=942 0x121=218]
25-06-17 16:27:54.617 
25-06-17 16:27:54.619 ec:~> 1
25-06-17 16:27:54.883 1: command not found
25-06-17 16:27:54.884 ec:~> I: C1: IRQ
25-06-17 16:29:36.599 I: C1: CCI=0x10004
25-06-17 16:29:36.601 I: C1: SendCmdStart
25-06-17 16:29:36.603 I: C1: SendCmdWait
25-06-17 16:29:36.605 I: ST1: WRITE GET_CONNECTOR_STATUS
25-06-17 16:29:36.608 I: ST1: PING_STATUS
25-06-17 16:29:36.628 I: ST1: READ
25-06-17 16:29:36.629 I: C1: CCI=0x80001300
25-06-17 16:29:36.632 I: ST1: IDLE
25-06-17 16:29:36.634 I: C1: Unattached
25-06-17 16:29:36.636 I: C1 attached: Unattached
25-06-17 16:29:36.640 I: C1: set current limit 1.5A
25-06-17 16:29:36.643 [3741.104278 event set 0x0000000000200000]
25-06-17 16:29:36.648 ec:~> [3741.108886 event set 0x0000000000200000]
25-06-17 16:29:36.655 ec:~> [3741.115020 event set 0x0000000000200000]
25-06-17 16:29:36.659 ec:~> I: C1: SendCmdStart
25-06-17 16:29:36.669 I: C1: SendCmdWait
25-06-17 16:29:36.671 I: ST1: WRITE CMD_ACK_CC_CI
25-06-17 16:29:36.675 I: ST1: PING_STATUS
25-06-17 16:29:36.693 I: C1: CCI=0x80000000
25-06-17 16:29:36.697 I: ST1: IDLE
25-06-17 16:29:36.698 I: C1: Unattached
25-06-17 16:29:36.700 I: C1: SendCmdStart
25-06-17 16:29:36.702 I: C1: sink_path_to_send=0, chg_mgr_active_charge_port=-1
25-06-17 16:29:36.710 I: C1: SendCmdWait
25-06-17 16:29:36.712 I: ST1: WRITE SET_SINK_PATH
25-06-17 16:29:36.715 I: ST1: PING_STATUS
25-06-17 16:29:36.729 I: C1: CCI=0x80000000
25-06-17 16:29:36.732 I: ST1: IDLE
25-06-17 16:29:36.733 I: C1: Unattached
25-06-17 16:29:36.736 I: C1: SendCmdStart
25-06-17 16:29:36.738 I: C1: SendCmdWait
25-06-17 16:29:36.741 [3741.203491 eveI: STnt set 0x00000001: 000200000]
25-06-17 16:29:36.749 ec:~WRITE > GET_CONNECTOR_STATUS
25-06-17 16:29:36.751 I: ST1: PING_STATUS
25-06-17 16:29:36.754 [3741.218566 event set 0x0000000000200000]
25-06-17 16:29:36.760 ec:~> [3741.231170 eveI: STnt set 0x00000001000200000]
25-06-17 16:29:36.775 ec:~:>  READ
25-06-17 16:29:36.776 I: C1: CCI=0x80001300
25-06-17 16:29:36.779 I: ST1: IDLE
25-06-17 16:29:36.781 I: C1: Unattached
25-06-17 16:29:36.803 I: C1: SendCmdStart
25-06-17 16:29:36.806 I: C1: SendCmdWait
25-06-17 16:29:36.808 I: ST1: WRITE SET_TPC_RP
25-06-17 16:29:36.812 I: ST1: PING_STATUS
25-06-17 16:29:36.829 I: C1: CCI=0x80000000
25-06-17 16:29:36.833 I: ST1: IDLE
25-06-17 16:29:36.836 I: C1: Unattached
25-06-17 16:29:36.839 I: C1: IRQ
25-06-17 16:29:36.840 I: C1: CCI=0x10004
25-06-17 16:29:36.843 I: C1: SendCmdStart
25-06-17 16:29:36.845 I: C1: SendCmdWait
25-06-17 16:29:36.847 I: ST1: WRITE GET_CONNECTOR_STATUS
25-06-17 16:29:36.850 I: ST1: PING_STATUS
25-06-17 16:29:36.865 I: ST1: READ
25-06-17 16:29:36.867 I: C1: CCI=0x80001300
25-06-17 16:29:36.870 I: ST1: IDLE
25-06-17 16:29:36.873 I: C1: Unattached
25-06-17 16:29:36.875 [3741.338043 event set 0x0000000000200000]
25-06-17 16:29:36.882 ec:~> [3741.343963 event set 0x0000000000200000]
25-06-17 16:29:36.887 ec:~> [3741.353302 event set 0x0000000000200000]
25-06-17 16:29:36.893 ec:~> I: C1: SendCmdStart
25-06-17 16:29:36.900 I: C1: SendCmdWait
25-06-17 16:29:36.903 I: ST1: WRITE CMD_ACK_CC_CI
25-06-17 16:29:36.908 I: ST1: PING_STATUS
25-06-17 16:29:36.924 I: C1: CCI=0x80000000
25-06-17 16:29:36.927 I: ST1: IDLE
25-06-17 16:29:36.928 I: C1: Unattached
25-06-17 16:29:36.931 I: C1: SendCmdStart
25-06-17 16:29:36.934 I: C1: SendCmdWait
25-06-17 16:29:36.936 I: ST1: WRITE SET_CCOM
25-06-17 16:29:36.939 I: ST1: PING_STATUS
25-06-17 16:29:36.955 I: C1: CCI=0x80000000
25-06-17 16:29:36.958 I: ST1: IDLE
25-06-17 16:29:36.960 I: C1: Unattached
25-06-17 16:29:36.964 I: C1: IRQ
25-06-17 16:29:36.966 I: C1: CCI=0x10004
25-06-17 16:29:36.969 I: C1: SendCmdStart
25-06-17 16:29:36.972 I: C1: SendCmdWait
25-06-17 16:29:36.974 I: ST1: WRITE GET_CONNECTOR_STATUS
25-06-17 16:29:36.977 I: ST1: PING_STATUS
25-06-17 16:29:36.990 I: ST1: READ
25-06-17 16:29:36.992 I: C1: CCI=0x80001300
25-06-17 16:29:36.995 I: ST1: IDLE
25-06-17 16:29:36.997 I: C1: Unattached
25-06-17 16:29:37.002 [3741.464202 event set 0x0000000000200000]
25-06-17 16:29:37.007 ec:~> [3741.472015 event set 0x0000000000200000]
25-06-17 16:29:37.013 ec:~> [3741.480651 event set 0x0000000000200000]
25-06-17 16:29:37.019 ec:~> I: C1: SendCmdStart
25-06-17 16:29:37.025 I: C1: SendCmdWait
25-06-17 16:29:37.028 I: ST1: WRITE CMD_ACK_CC_CI
25-06-17 16:29:37.031 I: ST1: PING_STATUS
25-06-17 16:29:37.049 I: C1: CCI=0x80000000
25-06-17 16:29:37.051 I: ST1: IDLE
25-06-17 16:29:37.054 I: C1: Unattached
25-06-17 16:29:37.058 I: C1: SendCmdStart
25-06-17 16:29:37.061 I: C1: SendCmdWait
25-06-17 16:29:37.063 I: ST1: WRITE SET_DRP_MODE
25-06-17 16:29:37.065 I: ST1: PING_STATUS
25-06-17 16:29:37.080 I: C1: CCI=0x80000000
25-06-17 16:29:37.084 I: ST1: IDLE
25-06-17 16:29:37.085 I: C1: Unattached
25-06-17 16:29:37.089 I: C1: SendCmdStart
25-06-17 16:29:37.091 I: C1: SendCmdWait
25-06-17 16:29:37.094 I: ST1: WRITE CMD_SET_PDO
25-06-17 16:29:37.096 I: ST1: PING_STATUS
25-06-17 16:29:37.112 I: C1: CCI=0x80000000
25-06-17 16:29:37.114 I: ST1: IDLE
25-06-17 16:29:37.117 I: C1: Unattached
25-06-17 16:29:37.118 I: C1: SendCmdStart
25-06-17 16:29:37.122 I: C1: SendCmdWait
25-06-17 16:29:37.124 [3741.588562 eveInt set 0x0000000: ST000200000]
25-06-17 16:29:37.129 ec:~1: > WRITE GET_CONNECTOR_STATUS
25-06-17 16:29:37.132 I: ST1: PING_STATUS
25-06-17 16:29:37.135 [3741.603149 event set 0x0000000000200000]
25-06-17 16:29:37.142 ec:~> [3741.612854 event set 0x0000000000200000]
25-06-17 16:29:37.151 ec:~> I: ST1: READ
25-06-17 16:29:37.153 I: C1: CCI=0x80001300
25-06-17 16:29:37.155 I: ST1: IDLE
25-06-17 16:29:37.157 I: C1: Unattached
25-06-17 16:30:05.618 
25-06-17 16:30:05.618 > 
25-06-17 16:30:05.631 > 
25-06-17 16:30:05.632 > 
25-06-17 16:30:05.632 > 
25-06-17 16:30:05.641 > ccdstate
25-06-17 16:30:05.655 ccdstate
25-06-17 16:30:05.661 pcr0:          23e14dd9bb51a50e16911f7e11df1e1aaf0b17134dc739c5653607a1ec8dd37a
25-06-17 16:30:05.663 AP:            on
25-06-17 16:30:05.666 Servo:         undetectable
25-06-17 16:30:05.667 Rdd:           disconnected
25-06-17 16:30:05.669 KeepAlive:     disabled
25-06-17 16:30:05.671 CCD_MODE:      asserted
25-06-17 16:30:05.674 State flags:   UARTAP+TX UARTEC+TX UARTFPMCU+TX
25-06-17 16:30:05.678 CCD Ports blocked: (none)
25-06-17 16:30:05.680 > 
25-06-17 16:30:05.681 > 
25-06-17 16:30:05.693 > 
25-06-17 16:30:05.694 > 
25-06-17 16:30:05.694 > 
25-06-17 16:30:05.703 > brdprop
25-06-17 16:30:05.718 brdprop
25-06-17 16:30:05.720 properties = 0x200042
25-06-17 16:30:05.721 Strap config: dudd => TPM Bus: I2C; FormFactor: ClamshellNormalKso
25-06-17 16:30:05.726 Factory config: 0x0
25-06-17 16:30:05.728 > 
25-06-17 16:30:05.729 > 
25-06-17 16:30:05.741 > 
25-06-17 16:30:05.742 > 
25-06-17 16:30:05.742 > 
25-06-17 16:30:05.751 > ccd testlab
25-06-17 16:30:05.765 ccd testlab
25-06-17 16:30:05.767 CCD test lab mode disabled
25-06-17 16:30:05.769 > 
25-06-17 16:30:05.774 > 
25-06-17 16:30:05.787 > 
25-06-17 16:30:05.788 > 
25-06-17 16:30:05.788 > 
25-06-17 16:30:05.797 > ccd testlab open
25-06-17 16:30:05.812 ccd testlab open
25-06-17 16:30:05.814 Command 'ccd' failed: Access Denied
25-06-17 16:30:05.817 > 
25-06-17 16:30:05.823 > 
25-06-17 16:30:05.835 > 
25-06-17 16:30:05.836 > 
25-06-17 16:30:05.837 > 
25-06-17 16:30:05.846 > ecrst
25-06-17 16:30:05.860 ecrst
25-06-17 16:30:05.861 EC_RST_L is deasserted
25-06-17 16:30:05.862 > 
25-06-17 16:30:05.870 > 
25-06-17 16:30:05.883 > 
25-06-17 16:30:05.884 > 
25-06-17 16:30:05.884 > 
25-06-17 16:30:05.896 > ccdstate
25-06-17 16:30:05.914 ccdstate
25-06-17 16:30:05.919 pcr0:          23e14dd9bb51a50e16911f7e11df1e1aaf0b17134dc739c5653607a1ec8dd37a
25-06-17 16:30:05.921 AP:            on
25-06-17 16:30:05.925 Servo:         undetectable
25-06-17 16:30:05.925 Rdd:           disconnected
25-06-17 16:30:05.928 KeepAlive:     disabled
25-06-17 16:30:05.930 CCD_MODE:      asserted
25-06-17 16:30:05.932 State flags:   UARTAP+TX UARTEC+TX UARTFPMCU+TX
25-06-17 16:30:05.937 CCD Ports blocked: (none)
25-06-17 16:30:05.939 > 
25-06-17 16:30:05.941 > 
25-06-17 16:30:05.954 > 
25-06-17 16:30:05.955 > 
25-06-17 16:30:05.955 > 
25-06-17 16:30:05.964 > rddkeepalive on
25-06-17 16:30:05.979 rddkeepalive on
25-06-17 16:30:05.980 Forcing Rdd detect keepalive
25-06-17 16:30:05.983 > 
25-06-17 16:30:05.993 > 
25-06-17 16:30:06.005 > 
25-06-17 16:30:06.006 > 
25-06-17 16:30:06.007 > 
25-06-17 16:30:06.015 > ecrst
25-06-17 16:30:06.029 ecrst
25-06-17 16:30:06.030 EC_RST_L is deasserted
25-06-17 16:30:06.031 > 
25-06-17 16:30:06.040 > 
25-06-17 16:30:06.052 > 
25-06-17 16:30:06.053 > 
25-06-17 16:30:06.053 > 
25-06-17 16:30:06.062 > wp
25-06-17 16:30:06.076 wp
25-06-17 16:30:06.077 Flash WP: forced disabled
25-06-17 16:30:06.078  at boot: forced disabled
25-06-17 16:30:06.081 > 
25-06-17 16:30:06.086 > 
25-06-17 16:30:06.098 > 
25-06-17 16:30:06.100 > 
25-06-17 16:30:06.100 > 
25-06-17 16:30:06.109 > gpiocfg
25-06-17 16:30:06.123 gpiocfg
25-06-17 16:30:06.123 Command 'gpiocfg' failed: Not Found
25-06-17 16:30:06.126 > 
25-06-17 16:30:06.132 > 
25-06-17 16:30:06.145 > 
25-06-17 16:30:06.145 > 
25-06-17 16:30:06.146 > 
25-06-17 16:30:06.155 > gpioget EC_FLASH_SELECT
25-06-17 16:30:06.170 gpioget EC_FLASH_SELECT
25-06-17 16:30:06.172   0* EC_FLASH_SELECT
25-06-17 16:30:06.174 > 
25-06-17 16:30:10.121 > 
25-06-17 16:30:10.133 > 
25-06-17 16:30:10.134 > 
25-06-17 16:30:10.135 > 
25-06-17 16:30:10.144 > ccdstate
25-06-17 16:30:10.158 ccdstate
25-06-17 16:30:10.163 pcr0:          23e14dd9bb51a50e16911f7e11df1e1aaf0b17134dc739c5653607a1ec8dd37a
25-06-17 16:30:10.165 AP:            on
25-06-17 16:30:10.167 Servo:         undetectable
25-06-17 16:30:10.169 Rdd:           disconnected
25-06-17 16:30:10.172 KeepAlive:     enabled
25-06-17 16:30:10.174 CCD_MODE:      asserted
25-06-17 16:30:10.176 State flags:   UARTAP+TX UARTEC+TX UARTFPMCU+TX
25-06-17 16:30:10.181 CCD Ports blocked: (none)
25-06-17 16:30:10.183 > 
25-06-17 16:30:10.183 > 
25-06-17 16:30:10.195 > 
25-06-17 16:30:10.197 > 
25-06-17 16:30:10.197 > 
25-06-17 16:30:10.208 > brdprop
25-06-17 16:30:10.222 brdprop
25-06-17 16:30:10.222 properties = 0x200042
25-06-17 16:30:10.224 Strap config: dudd => TPM Bus: I2C; FormFactor: ClamshellNormalKso
25-06-17 16:30:10.230 Factory config: 0x0
25-06-17 16:30:10.232 > 
25-06-17 16:30:10.386 > 
25-06-17 16:30:10.398 > 
25-06-17 16:30:10.399 > 
25-06-17 16:30:10.400 > 
25-06-17 16:30:10.408 > ecrst
25-06-17 16:30:10.422 ecrst
25-06-17 16:30:10.423 EC_RST_L is deasserted
25-06-17 16:30:10.424 > 
25-06-17 16:30:12.541 > 
25-06-17 16:30:12.554 > 
25-06-17 16:30:12.555 > 
25-06-17 16:30:12.555 > 
25-06-17 16:30:12.564 > bitbang 2 115200 even
25-06-17 16:30:12.579 bitbang 2 115200 even
25-06-17 16:30:12.581 Bit bang enabled
25-06-17 16:30:12.583 > 
25-06-17 16:30:12.745 [      20.530] PLT_RST_L ASSERTED
25-06-17 16:31:37.481 
25-06-17 16:31:37.481 > 
25-06-17 16:31:37.484 [     105.588] EC_COMM: enabled
25-06-17 16:31:37.488 [     105.592] EC_COMM: disabled
25-06-17 16:31:37.502 
25-06-17 16:31:37.502 > 
25-06-17 16:31:37.503 > 
25-06-17 16:31:37.503 > 
25-06-17 16:31:37.513 > bitbang 2 disable
25-06-17 16:31:37.528 bitbang 2 disable
25-06-17 16:31:37.529 Bit bang disabled
25-06-17 16:31:37.531 > 
25-06-17 16:31:37.609 [     105.713] EC_COMM: enabled
25-06-17 16:31:37.678 [     105.782] EC_COMM: disabled
25-06-17 16:31:37.685 [     105.789] EC_COMM: enabled
25-06-17 16:31:37.743 [     105.848] EC_COMM: disabled
25-06-17 16:31:37.750 [     105.855] EC_COMM: enabled
25-06-17 16:31:37.809 [     105.914] EC_COMM: disabled
25-06-17 16:31:37.816 [     105.921] EC_COMM: enabled
25-06-17 16:31:37.876 [     105.980] EC_COMM: disabled
25-06-17 16:31:37.882 [     105.986] EC_COMM: enabled
25-06-17 16:31:37.940 [     106.045] EC_COMM: disabled
25-06-17 16:31:37.973 
25-06-17 16:31:37.973 > 
25-06-17 16:31:37.985 > 
25-06-17 16:31:37.986 > 
25-06-17 16:31:37.986 > 
25-06-17 16:31:37.995 > ecrst off
25-06-17 16:31:38.009 ecrst off
25-06-17 16:31:38.010 [     106.116] RBOX: deassert EC_RST_L
25-06-17 16:31:38.014 EC_RST_L is deasserted
25-06-17 16:31:38.016 > 
25-06-17 16:31:38.124 > 
25-06-17 16:31:38.136 > 
25-06-17 16:31:38.137 > 
25-06-17 16:31:38.138 > 
25-06-17 16:31:38.147 > gpioset EC_TX_CR50_RX_OUT 1
25-06-17 16:31:38.163 gpioset EC_TX_CR50_RX_OUT 1
25-06-17 16:31:38.165 > 
25-06-17 16:31:38.271 > 
25-06-17 16:31:38.284 > 
25-06-17 16:31:38.284 > 
25-06-17 16:31:38.285 > 
25-06-17 16:31:38.296 > gpioset EC_FLASH_SELECT 0
25-06-17 16:31:38.312 gpioset EC_FLASH_SELECT 0
25-06-17 16:31:38.314 > 
25-06-17 16:31:38.525 > 
25-06-17 16:31:38.537 > 
25-06-17 16:31:38.539 > 
25-06-17 16:31:38.539 > 
25-06-17 16:31:38.548 > ecrst on
25-06-17 16:31:38.562 ecrst on
25-06-17 16:31:38.563 [     106.671] RBOX: assert EC_RST_L
25-06-17 16:31:38.566 EC_RST_L is asserted
25-06-17 16:31:38.568 > 
25-06-17 16:31:38.568 [     106.676] EFS2: boot_mode: NoBoot -> TrustedRO
25-06-17 16:31:38.677 
25-06-17 16:31:38.677 > 
25-06-17 16:31:38.690 > 
25-06-17 16:31:38.691 > 
25-06-17 16:31:38.691 > 
25-06-17 16:31:38.700 > ecrst off
25-06-17 16:31:38.714 ecrst off
25-06-17 16:31:38.721 [     106.824] RBOX: deassert EC_RST_L
25-06-17 16:31:38.722 EC_RST_L is asserted
25-06-17 16:31:38.722 > 
25-06-17 16:31:38.930 [     107.039] EC_COMM: enabled
25-06-17 16:31:38.935 [     107.042] EC_COMM: disabled
25-06-17 16:31:39.055 [     107.164] EC_COMM: enabled
25-06-17 16:31:39.072 [     107.182] EFS2: boot_mode: TrustedRO -> NoBoot
25-06-17 16:31:39.076 [     107.186] EC_COMM: disabled
25-06-17 16:31:40.256 [     108.369] PLT_RST_L DEASSERTED
25-06-17 16:31:40.861 [     108.977] Deferring NV write.
25-06-17 16:31:40.863 [     108.980] PinWeaver init
25-06-17 16:31:41.161 [     109.278] Deferring NV write.
