21-03-09 10:36:40.446  0x0b]
21-03-09 10:36:40.446 [5982.304223 HC 0x0d]
21-03-09 10:36:40.844 [5982.703463 charge_request(12832mV, 0mA)]
21-03-09 10:36:41.416 [5983.275610 charge_request(12824mV, 0mA)]
21-03-09 10:36:41.989 [5983.849686 charge_request(12840mV, 0mA)]
21-03-09 10:36:42.564 [5984.423884 charge_request(12848mV, 0mA)]
21-03-09 10:36:43.137 [5984.997918 charge_request(12816mV, 0mA)]
21-03-09 10:36:43.710 [5985.570249 charge_request(12840mV, 0mA)]
21-03-09 10:36:44.286 [5986.146253 charge_request(12848mV, 0mA)]
21-03-09 10:36:45.444 [5987.304090 HC 0x02]
21-03-09 10:36:45.444 [5987.305900 HC 0x0b]
21-03-09 10:36:45.449 [5987.306972 HC 0x0d]
21-03-09 10:36:46.582 [5988.442989 charge_request(12832mV, 0mA)]
21-03-09 10:36:47.158 [5989.018508 charge_request(12848mV, 0mA)]
21-03-09 10:36:47.259 [5989.119691 HC 0x121]
21-03-09 10:36:47.259 +[5990.166489 charge_request(12840mV, 0mA)]
21-03-09 10:36:49.454 [5991.315000 charge_request(12832mV, 0mA)]
21-03-09 10:36:50.027 [5991.886954 charge_request(12824mV, 0mA)]
21-03-09 10:36:50.463 [5992.322133 HC 0x02]
21-03-09 10:36:50.463 [5992.323838 HC 0x0b]
21-03-09 10:36:50.465 [5992.324910 HC 0x0d]
21-03-09 10:36:50.599 [5992.459609 charge_request(12848mV, 0mA)]
21-03-09 10:36:51.747 [5993.607453 charge_request(12840mV, 0mA)]
21-03-09 10:36:52.321 [5994.181480 charge_request(12832mV, 0mA)]
21-03-09 10:36:52.895 [5994.755471 charge_request(12728mV, 0mA)]
21-03-09 10:36:53.469 [5995.328497 charge_request(12752mV, 0mA)]
21-03-09 10:36:54.042 [5995.902239 charge_request(12760mV, 0mA)]
21-03-09 10:36:54.614 [5996.474057 charge_request(12768mV, 0mA)]
21-03-09 10:36:55.528 [5997.387173 HC 0x02]
21-03-09 10:36:55.528 [5997.390132 HC 0x0b]
21-03-09 10:36:55.531 [5997.391682 HC 0x0d]
21-03-09 10:36:55.764 [5997.623702 charge_request(12728mV, 0mA)]
21-03-09 10:36:56.339 [5998.198406 charge_request(12720mV, 0mA)]
21-03-09 10:36:56.911 [5998.771591 charge_request(12760mV, 0mA)]
21-03-09 10:36:57.485 [5999.345241 charge_request(12808mV, 0mA)]
21-03-09 10:36:57.500 [5999.360378 HC 0x121]
21-03-09 10:36:57.500 +[6000.490890 charge_request(12800mV, 0mA)]
21-03-09 10:36:59.207 [6001.065561 charge_request(12808mV, 0mA)]
21-03-09 10:37:00.353 [6002.212165 charge_request(12816mV, 0mA)]
21-03-09 10:37:00.466 [6002.325164 HC 0x02]
21-03-09 10:37:00.466 [6002.326746 HC 0x0b]
21-03-09 10:37:00.469 [6002.327760 HC 0x0d]
21-03-09 10:37:01.384 [6003.241639 HC 0x02]
21-03-09 10:37:01.398 [6003.255625 HC 0x0b]
21-03-09 10:37:01.398 [6003.256714 HC 0x96]
21-03-09 10:37:02.082 [6003.940689 Battery 99% (Display 100.0 %) / 5h:57 to empty]
21-03-09 10:37:02.085 [6003.943860 charge_request(13048mV, 3568mA)]
21-03-09 10:37:03.953 [6005.810254 KB Clear Buffer]
21-03-09 10:37:03.953 [6005.811254 KB disable]
21-03-09 10:37:03.956 [6005.812097 KB IRQ disable]
21-03-09 10:37:04.630 [6006.488035 HC 0x0d]
21-03-09 10:37:04.633 [6006.491600 HC 0xa4]
21-03-09 10:37:04.770 [6006.628489 HC 0x0d]
21-03-09 10:37:04.774 [6006.632099 HC 0xa4]
21-03-09 10:37:04.797 [6006.654805 HC 0x11f]
21-03-09 10:37:05.905 [6007.761932 MKBP not cleared within threshold, toggling.]
21-03-09 10:37:06.905 [6008.762847 MKBP not cleared within threshold, toggling.]
21-03-09 10:37:08.915 [6010.770712 MKBP not cleared within threshold, toggling.]
21-03-09 10:37:09.915 [6011.771614 MKBP not cleared within threshold, toggling.]
21-03-09 10:37:11.922 [6013.777927 MKBP not cleared within threshold, toggling.]
21-03-09 10:37:12.924 [6014.778822 MKBP not cleared within threshold, toggling.]
21-03-09 10:37:14.931 [6016.785935 MKBP not cleared within threshold, toggling.]
21-03-09 10:37:15.933 [6017.787183 MKBP not cleared within threshold, toggling.]
21-03-09 10:37:17.939 [6019.794145 MKBP not cleared within threshold, toggling.]
21-03-09 10:37:18.940 [6020.795063 MKBP not cleared within threshold, toggling.]
21-03-09 10:37:20.946 [6022.801954 MKBP not cleared within threshold, toggling.]
21-03-09 10:37:21.946 [6023.802870 MKBP not cleared within threshold, toggling.]
21-03-09 10:37:23.953 [6025.809968 MKBP not cleared within threshold, toggling.]
21-03-09 10:37:24.954 [6026.810887 MKBP not cleared within threshold, toggling.]
21-03-09 10:37:26.960 [6028.817950 MKBP not cleared within threshold, toggling.]
21-03-09 10:37:27.960 [6029.818863 MKBP not cleared within threshold, toggling.]
21-03-09 10:37:29.965 [6031.825962 MKBP not cleared within threshold, toggling.]
21-03-09 10:37:30.965 [6032.826890 MKBP not cleared within threshold, toggling.]
21-03-09 10:37:32.251 [6034.114548 HC 0x0d]
21-03-09 10:37:32.255 [6034.118085 HC 0xa4]
21-03-09 10:37:32.966 [6034.829178 MKBP not cleared within threshold, toggling.]
21-03-09 10:37:33.733 [6035.595822 Battery 100% (Display 100.0 %) / 0h:9 to full, not accepting current]
21-03-09 10:37:33.737 [6035.598289 charge_request(13050mV, 0mA)]
21-03-09 10:37:33.968 [6035.831306 MKBP not cleared within threshold, toggling.]
21-03-09 10:37:34.350 [6036.213874 HC 0xa4]
21-03-09 10:37:34.350 +++(++)[6036.380084 HC 0x0d]
21-03-09 10:37:34.516 [6036.380881 HC 0xa4]
21-03-09 10:37:34.520 [6036.382154 HC 0x67 err 9]
21-03-09 10:37:34.520 +[6036.396190 HC 0x121]
21-03-09 10:37:34.944 [6036.808745 HC 0x02]
21-03-09 10:37:35.027 [6036.890876 HC 0x102]
21-03-09 10:37:35.027 [6036.891629 HC 0x128]
21-03-09 10:37:35.031 [6036.892346 HC 0x12a]
21-03-09 10:37:35.147 [6037.011160 HC 0x11f]
21-03-09 10:37:35.148 [6037.011774 HC 0x11f err 3]
21-03-09 10:37:35.154 +[6037.019486 HC 0x06]
21-03-09 10:37:35.293 [6037.156733 HC 0x11f]
21-03-09 10:37:35.530 [6037.394460 MKBP not cleared within threshold, toggling.]
21-03-09 10:37:36.531 [6038.395995 MKBP not cleared within threshold, toggling.]
21-03-09 10:37:37.583 [6039.446266 HC 0x0b]
21-03-09 10:37:37.587 [6039.451732 HC 0x2d]
21-03-09 10:37:37.682 [6039.546777 HC 0x2d]
21-03-09 10:37:37.799 [6039.664009 power state 3 = S0, in 0x0039]
21-03-09 10:37:37.802 RTC: 0x000017ae (6062.00 s)
21-03-09 10:37:37.802 [6039.664975 power state 8 = S0->S3, in 0x0039]
21-03-09 10:37:37.809 [6039.666308 PD:S0->S3]
21-03-09 10:37:37.809 RTC: 0x000017ae (6062.00 s)
21-03-09 10:37:37.812 [6039.667012 power state 2 = S3, in 0x0039]
21-03-09 10:37:37.815 RTC: 0x000017ae (6062.00 s)
21-03-09 10:37:37.819 [6039.667875 power state 9 = S3->S5, in 0x0039]
21-03-09 10:37:37.822 [6039.668519 HC Suppressed: 0x97=6 0x98=29 0x113=25 0x103=30 0x115=0 0x2b=192 0x67=165]
21-03-09 10:37:37.832 [6039.697517 USB charge p0 m0 i0]
21-03-09 10:37:37.832 [6039.698415 USB charge p1 m0 i0]
21-03-09 10:37:37.835 [6039.699419 PD:S3->S5]
21-03-09 10:37:37.838 [6039.699894 VB hook_shutdown]
21-03-09 10:37:37.842 RTC: 0x000017ae (6062.00 s)
21-03-09 10:37:37.845 [6039.700612 power state 1 = S5, in 0x0039]
21-03-09 10:37:37.934 [6039.800058 Pen charge disable]
21-03-09 10:37:38.537 [6040.402312 MKBP not cleared within threshold, toggling.]
21-03-09 10:37:38.901 [6040.767325 power state 1 = S5, in 0x003f]
21-03-09 10:37:38.905 RTC: 0x000017af (6063.00 s)
21-03-09 10:37:38.905 [6040.768624 power state 6 = S5->S3, in 0x003f]
21-03-09 10:37:38.912 [6040.770432 PD:S5->S3]
21-03-09 10:37:38.912 RTC: 0x000017af (6063.00 s)
21-03-09 10:37:38.915 [6040.771275 power state 2 = S3, in 0x003f]
21-03-09 10:37:38.918 RTC: 0x000017af (6063.00 s)
21-03-09 10:37:38.921 [6040.772138 power state 7 = S3->S0, in 0x003f]
21-03-09 10:37:38.924 [6040.776539 USB charge p0 m2 i0]
21-03-09 10:37:38.928 [6040.777081 USB charge p1 m2 i0]
21-03-09 10:37:38.931 [6040.780292 PD:S3->S0]
21-03-09 10:37:38.935 RTC: 0x000017af (6063.00 s)
21-03-09 10:37:38.938 [6040.781108 power state 3 = S0, in 0x003f]
21-03-09 10:37:38.941 [6040.781815 Lid Accel: MS Done Init type:0x0 range:2]
21-03-09 10:37:38.944 [6040.802938 Base Accel: MS Done Init type:0x0 range:4]
21-03-09 10:37:38.951 [6040.805381 Base Gyro: MS Done Init type:0x1 range:1000]
21-03-09 10:37:38.957 [6040.806629 Lid Accel ODR: 10000 - roundup 1 from config 1 [AP 0]]
21-03-09 10:37:38.961 [6040.815820 C0: PE_VDM_Identity_Request_Cbl]
21-03-09 10:37:38.967 [6040.816462 C0: PE_SNK_Ready]
21-03-09 10:37:38.967 [6040.817225 C0: PE_INIT_PORT_VDM_Identity_Request]
21-03-09 10:37:38.974 [6040.819057 Base Accel ODR: 13000 - roundup 1 from config 1 [AP 0]]
21-03-09 10:37:38.981 [6040.825116 C0: PE_SNK_Ready]
21-03-09 10:37:38.984 [6040.833341 Base Gyro ODR: 0 - roundup 0 from config 0 [AP 0]]
21-03-09 10:37:39.006 [6040.871572 Pen charge disable]
21-03-09 10:37:39.110 [6040.976602 disable_adc_irqs_deferred]
21-03-09 10:37:39.114 [6040.977287 power state 3 = S0, in 0x007f]
21-03-09 10:37:39.468 [6041.333407 HC 0x0d]
21-03-09 10:37:39.468 [6041.336984 HC 0xa4]
21-03-09 10:37:39.537 [6041.403230 MKBP not cleared within threshold, toggling.]
21-03-09 10:37:39.800 [6041.665047 HC 0x4b]
21-03-09 10:37:39.800 [6041.665610 HC 0x4b err 4]
21-03-09 10:37:39.906 [6041.769708 HC 0xa0]
21-03-09 10:37:39.973 [6041.839156 HC 0x11f]
21-03-09 10:37:41.542 [6043.407948 MKBP not cleared within threshold, toggling.]
21-03-09 10:37:42.543 [6044.409180 MKBP not cleared within threshold, toggling.]
21-03-09 10:37:44.548 [6046.415350 MKBP not cleared within threshold, toggling.]
21-03-09 10:37:45.549 [6047.416549 MKBP not cleared within threshold, toggling.]
21-03-09 10:37:47.557 [6049.423624 MKBP not cleared within threshold, toggling.]
21-03-09 10:37:48.558 [6050.424895 MKBP not cleared within threshold, toggling.]
21-03-09 10:37:50.564 [6052.431386 MKBP not cleared within threshold, toggling.]
21-03-09 10:37:51.565 [6053.432294 MKBP not cleared within threshold, toggling.]
21-03-09 10:37:53.572 [6055.439416 MKBP not cleared within threshold, toggling.]
21-03-09 10:37:54.573 [6056.440341 MKBP not cleared within threshold, toggling.]
21-03-09 10:37:56.579 [6058.447381 MKBP not cleared within threshold, toggling.]
21-03-09 10:37:57.579 [6059.448296 MKBP not cleared within threshold, toggling.]
21-03-09 10:37:59.588 [6061.455389 MKBP not cleared within threshold, toggling.]
21-03-09 10:38:00.586 [6062.456293 MKBP not cleared within threshold, toggling.]
21-03-09 10:38:02.593 [6064.463394 MKBP not cleared within threshold, toggling.]
21-03-09 10:38:03.595 [6065.464302 MKBP not cleared within threshold, toggling.]
21-03-09 10:38:05.602 [6067.470812 MKBP not cleared within threshold, toggling.]
21-03-09 10:38:06.603 [6068.471733 MKBP not cleared within threshold, toggling.]
21-03-09 10:38:08.606 [6070.474074 MKBP not cleared within threshold, toggling.]
21-03-09 10:38:09.467 [6071.334193 HC 0x0d]
21-03-09 10:38:09.470 [6071.338042 HC 0xa4]
21-03-09 10:38:09.470 +++(++)[6071.474970 MKBP not cleared within threshold, toggling.]
21-03-09 10:38:09.637 [6071.503997 HC 0x0d]
21-03-09 10:38:09.637 [6071.504797 HC 0xa4]
21-03-09 10:38:09.641 [6071.506077 HC 0x67 err 9]
21-03-09 10:38:09.641 +[6071.520113 HC 0x121]
21-03-09 10:38:10.050 [6071.918055 HC 0x02]
21-03-09 10:38:10.133 [6072.000116 HC 0x102]
21-03-09 10:38:10.133 [6072.000870 HC 0x128]
21-03-09 10:38:10.136 [6072.001587 HC 0x12a]
21-03-09 10:38:10.253 [6072.120357 HC 0x11f]
21-03-09 10:38:10.253 [6072.120971 HC 0x11f err 3]
21-03-09 10:38:10.260 +[6072.128652 HC 0x06]
21-03-09 10:38:10.398 [6072.265886 HC 0x11f]
21-03-09 10:38:10.648 [6072.515067 MKBP not cleared within threshold, toggling.]
21-03-09 10:38:11.648 [6073.515843 MKBP not cleared within threshold, toggling.]
21-03-09 10:38:12.697 [6074.562324 HC 0x0b]
21-03-09 10:38:12.701 [6074.568413 HC 0x2d]
21-03-09 10:38:12.745 [6074.612507 HC 0x102]
21-03-09 10:38:12.746 [6074.613265 HC 0x11b]
21-03-09 10:38:12.749 [6074.614043 HC 0xb7]
21-03-09 10:38:12.749 [6074.614543 System unlocked, TCPC I2C tunnels may be unprotected]
21-03-09 10:38:12.995 [6074.862191 KB Clear Buffer]
21-03-09 10:38:12.995 [6074.863649 KB enable]
21-03-09 10:38:12.998 [6074.864097 KB Clear Buffer]
21-03-09 10:38:13.001 [6074.864803 KB scancode set to 1]
21-03-09 10:38:13.005 [6074.865451 KB Clear Buffer]
21-03-09 10:38:13.008 [6074.866113 KB Clear Buffer]
21-03-09 10:38:13.668 [6075.535388 MKBP not cleared within threshold, toggling.]
21-03-09 10:38:14.669 [6076.536310 MKBP not cleared within threshold, toggling.]
21-03-09 10:38:14.920 Port 80 writes:
21-03-09 10:38:14.920   0c 0d 13 15 7f 01 16 22 02 32 14 15 17 18 19 20 21 22 25 3f
21-03-09 10:38:14.926   43 44 4f 23 37 50 5f 40 41 42 47 80 81 82 83 61 63 03 04 05
21-03-09 10:38:14.930   06 07 0f 65 64 0f 6a 71 7f 99 72 24 25 55 73 94 94 74 75 75
21-03-09 10:38:14.936   75 75 75 75 75 75 75 75 75 75 75 75 75 75 75 75 75 75 75 75
21-03-09 10:38:14.943   75 75 75 75 75 75 75 75 75 75 75 75 75 75 75 75 75 75 75 75
21-03-09 10:38:14.946   75 75 75 75 75 75 75 75 76 77 79 9c 93 7a 95 05 25 95 88 01
21-03-09 10:38:14.953   02 03 04 89 fe 7b f8 aa <--new
21-03-09 10:38:15.287 [6077.154624 HC 0x2d]
21-03-09 10:38:15.291 [6077.159031 KS disable]
21-03-09 10:38:15.291 [6077.159526 KB Clear Buffer]
21-03-09 10:38:15.295 [6077.160422 KB disable]
21-03-09 10:38:15.295 [6077.160847 KB Clear Buffer]
21-03-09 10:38:15.563 [6077.430134 HC 0xa4]
21-03-09 10:38:15.563 [6077.431491 HC 0x67 err 9]
21-03-09 10:38:15.566 +[6078.176566 KB Clear Buffer]
21-03-09 10:38:16.309 [6078.177662 KB Clear Buffer]
21-03-09 10:38:16.312 [6078.178606 KB IRQ enable]
21-03-09 10:38:16.316 [6078.179098 KB enable]
21-03-09 10:38:16.319 [6078.180063 KB Clear Buffer]
21-03-09 10:38:16.319 [6078.181711 KS enable]
21-03-09 10:38:16.322 [6078.182517 KB Clear Buffer]
21-03-09 10:38:16.325 [6078.192511 HC 0x0b]
21-03-09 10:38:16.325 [6078.193727 HC 0x400b]
21-03-09 10:38:16.328 [6078.194275 HC 0x400b err 1]
21-03-09 10:38:16.331 [6078.195149 HC 0x08]
21-03-09 10:38:16.335 +[6078.196502 HC 0x8d]
21-03-09 10:38:16.335 [6078.198427 HC 0x0d]
21-03-09 10:38:16.340 [6078.200436 HC 0x102]
21-03-09 10:38:16.340 [6078.201418 HC 0x105]
21-03-09 10:38:16.340 [6078.203196 HC 0xa9]
21-03-09 10:38:16.344 [6078.205043 HC 0x112]
21-03-09 10:38:16.351 [6078.206604 HC 0x28]
21-03-09 10:38:16.351 [6078.207170 HC 0x28 err 1]
21-03-09 10:38:16.351 [6078.208186 HC 0xd3]
21-03-09 10:38:16.351 [6078.209322 HC 0x08]
21-03-09 10:38:16.354 [6078.213433 HC 0x121]
21-03-09 10:38:16.362 [6078.230873 HC 0x102]
21-03-09 10:38:16.362 [6078.231960 HC 0x111]
21-03-09 10:38:16.366 +++(++)[6080.278417 HC 0x112]
21-03-09 10:38:18.410 [6080.279487 HC 0x117]
21-03-09 10:38:18.915 [6080.784193 HC 0x112]
21-03-09 10:38:19.300 Port 80 writes:
21-03-09 10:38:19.301   0d 13 15 7f 01 16 22 02 32 14 15 17 18 19 20 21 22 25 3f 43
21-03-09 10:38:19.307   44 4f 23 37 50 5f 40 41 42 47 80 81 82 83 61 63 03 04 05 06
21-03-09 10:38:19.315   07 0f 65 64 0f 6a 71 7f 99 72 24 25 55 73 94 94 74 75 75 75
21-03-09 10:38:19.317   75 75 75 75 75 75 75 75 75 75 75 75 75 75 75 75 75 75 75 75
21-03-09 10:38:19.324   75 75 75 75 75 75 75 75 75 75 75 75 75 75 75 75 75 75 75 75
21-03-09 10:38:19.327   75 75 75 75 75 75 75 76 77 79 9c 93 7a 95 05 25 95 88 01 02
21-03-09 10:38:19.334   03 04 89 fe 7b f8 aa ab <--new
21-03-09 10:38:20.029 [6081.898014 HC 0x08]
21-03-09 10:38:20.035 +++[6085.052381 HC 0x08]
21-03-09 10:38:23.180 [6085.054437 HC 0x0d]
21-03-09 10:38:23.183 +[6085.057112 HC 0x102]
21-03-09 10:38:23.187 [6085.060745 HC 0x101]
21-03-09 10:38:23.190 [6085.062885 HC 0x133]
21-03-09 10:38:23.194 [6085.066077 HC 0x131]
21-03-09 10:38:23.194 [6085.067103 HC 0x11a]
21-03-09 10:38:24.606 [6086.478474 HC 0x02]
21-03-09 10:38:24.615 [6086.487688 HC 0x0b]
21-03-09 10:38:24.618 [6086.490958 HC 0x05]
21-03-09 10:38:24.693 [6086.566685 HC 0x121]
21-03-09 10:38:24.696 +[6086.895467 HC 0x05]
21-03-09 10:38:25.033 +[6086.909941 HC 0x02]
21-03-09 10:38:25.149 [6087.023459 HC 0x11b]
21-03-09 10:38:25.175 +[6087.049490 HC 0x11b err 3]
21-03-09 10:38:26.810 [6088.680099 HC 0x121]
21-03-09 10:38:26.810 +[6089.508677 HC 0x01]
21-03-09 10:38:27.634 [6089.509630 HC 0x0b]
21-03-09 10:38:27.638 [6089.511661 HC 0x02]
21-03-09 10:38:27.638 [6089.513119 HC 0x08]
21-03-09 10:38:27.640 [6089.514204 HC 0x10]
21-03-09 10:38:27.643 +[6089.516302 HC 0x05]
21-03-09 10:38:27.643 [6089.517695 HC 0x18]
21-03-09 10:38:27.647 [6089.518254 HC 0x18 err 1]
21-03-09 10:38:27.650 +[6089.524737 HC 0x18 err 1]
21-03-09 10:38:27.650 +[6089.526169 HC 0x18 err 1]
21-03-09 10:38:27.653 [6089.528556 HC 0x16]
21-03-09 10:38:27.656 +[6089.531442 HC 0x15]
21-03-09 10:38:27.784 [6089.659777 HC 0x02]
21-03-09 10:38:27.784 [6089.661372 HC 0x0b]
21-03-09 10:38:27.787 [6089.662337 HC 0x96]
21-03-09 10:38:28.835 [6090.710251 Battery 100% (Display 100.0 %) / 6h:3 to empty, not accepting current]
21-03-09 10:38:29.411 [6091.287454 Battery 99% (Display 100.0 %) / 6h:3 to empty]
21-03-09 10:38:29.415 [6091.290737 charge_request(12776mV, 0mA)]
21-03-09 10:38:29.989 [6091.864989 charge_request(12768mV, 0mA)]
21-03-09 10:38:30.207 [6092.082900 HC 0x02]
21-03-09 10:38:30.207 [6092.085396 HC 0x0b]
21-03-09 10:38:30.210 [6092.087661 HC 0x70]
21-03-09 10:38:30.213 +[6092.107403 HC 0x02]
21-03-09 10:38:30.238 [6092.114192 HC 0x0b]
21-03-09 10:38:31.309 [6093.184233 HC 0x05]
21-03-09 10:38:31.309 +[6093.187080 HC 0x02]
21-03-09 10:38:31.657 [6093.532757 HC 0x02]
21-03-09 10:38:31.661 [6093.537185 HC 0x0b]
21-03-09 10:38:31.661 [6093.538259 HC 0x0d]
21-03-09 10:38:31.692 [6093.569019 HC 0x02]
21-03-09 10:38:31.692 [6093.571594 HC 0x0b]
21-03-09 10:38:31.696 [6093.573558 HC 0x70]
21-03-09 10:38:31.699 +[6093.581985 charge_request(12760mV, 0mA)]
21-03-09 10:38:33.428 [6095.304513 charge_request(12768mV, 0mA)]
21-03-09 10:38:35.146 [6097.022446 charge_request(12752mV, 0mA)]
21-03-09 10:38:35.721 [6097.598039 charge_request(12760mV, 0mA)]
21-03-09 10:38:35.921 [6097.798859 HC 0x02]
21-03-09 10:38:35.922 [6097.800432 HC 0x0b]
21-03-09 10:38:35.925 [6097.801345 HC 0x0d]
21-03-09 10:38:36.869 [6098.746456 charge_request(12768mV, 0mA)]
21-03-09 10:38:37.044 [6098.920732 HC 0x121]
21-03-09 10:38:37.044 +[6099.319930 charge_request(12776mV, 0mA)]
21-03-09 10:38:38.019 [6099.895453 charge_request(12752mV, 0mA)]
21-03-09 10:38:39.164 [6101.041288 charge_request(12728mV, 0mA)]
21-03-09 10:38:39.740 [6101.614834 charge_request(12744mV, 0mA)]
21-03-09 10:38:40.892 [6102.766440 charge_request(12808mV, 0mA)]
21-03-09 10:38:40.915 [6102.787231 HC 0x02]
21-03-09 10:38:40.915 [6102.789122 HC 0x0b]
21-03-09 10:38:40.916 [6102.790102 HC 0x0d]
21-03-09 10:38:41.466 [6103.340920 charge_request(12816mV, 0mA)]
21-03-09 10:38:42.043 [6103.916982 charge_request(12808mV, 0mA)]
21-03-09 10:38:43.188 [6105.061448 charge_request(12816mV, 0mA)]
21-03-09 10:38:44.338 [6106.210412 charge_request(12808mV, 0mA)]
21-03-09 10:38:44.614 [6106.486016 HC 0x02]
21-03-09 10:38:44.614 [6106.487630 HC 0x0b]
21-03-09 10:38:44.617 [6106.488534 HC 0x96]
21-03-09 10:38:45.489 [6107.360840 Battery 99% (Display 100.0 %) / 5h:7 to empty]
21-03-09 10:38:45.493 [6107.363934 charge_request(13048mV, 3568mA)]
21-03-09 10:38:47.205 [6109.073216 KB Clear Buffer]
21-03-09 10:38:47.205 [6109.074178 KB disable]
21-03-09 10:38:47.206 [6109.075024 KB IRQ disable]
21-03-09 10:38:47.880 [6109.750189 HC 0x0d]
21-03-09 10:38:47.883 [6109.753762 HC 0xa4]
21-03-09 10:38:48.021 [6109.891136 HC 0x0d]
21-03-09 10:38:48.024 [6109.894752 HC 0xa4]
21-03-09 10:38:48.047 [6109.917411 HC 0x11f]
21-03-09 10:38:50.683 [6112.550403 MKBP not cleared within threshold, toggling.]
21-03-09 10:38:51.684 [6113.552294 MKBP not cleared within threshold, toggling.]
21-03-09 10:38:53.723 [6115.590618 MKBP not cleared within threshold, toggling.]
21-03-09 10:38:54.725 [6116.591515 MKBP not cleared within threshold, toggling.]
21-03-09 10:38:56.743 [6118.607587 MKBP not cleared within threshold, toggling.]
21-03-09 10:38:57.744 [6119.608495 MKBP not cleared within threshold, toggling.]
21-03-09 10:38:59.752 [6121.615391 MKBP not cleared within threshold, toggling.]
21-03-09 10:39:00.754 [6122.616291 MKBP not cleared within threshold, toggling.]
21-03-09 10:39:02.762 [6124.623651 MKBP not cleared within threshold, toggling.]
21-03-09 10:39:03.763 [6125.624586 MKBP not cleared within threshold, toggling.]
21-03-09 10:39:05.771 [6127.631881 MKBP not cleared within threshold, toggling.]
21-03-09 10:39:06.773 [6128.632791 MKBP not cleared within threshold, toggling.]
21-03-09 10:39:07.970 [6129.830083 Battery 100% (Display 100.0 %) / 0h:9 to full, not accepting current]
21-03-09 10:39:07.977 [6129.833668 charge_request(13050mV, 0mA)]
21-03-09 10:39:08.780 [6130.639405 MKBP not cleared within threshold, toggling.]
21-03-09 10:39:09.781 [6131.640343 MKBP not cleared within threshold, toggling.]
21-03-09 10:39:11.787 [6133.647383 MKBP not cleared within threshold, toggling.]
21-03-09 10:39:12.787 [6134.648258 MKBP not cleared within threshold, toggling.]
21-03-09 10:39:14.793 [6136.655560 MKBP not cleared within threshold, toggling.]
21-03-09 10:39:15.613 [6137.475360 HC 0x0d]
21-03-09 10:39:15.616 [6137.478940 HC 0xa4]
21-03-09 10:39:15.793 [6137.656474 MKBP not cleared within threshold, toggling.]
21-03-09 10:39:17.711 [6139.574995 HC 0xa4]
21-03-09 10:39:17.711 +++(++)[6139.663401 MKBP not cleared within threshold, toggling.]
21-03-09 10:39:17.877 [6139.741407 HC 0x0d]
21-03-09 10:39:17.877 [6139.742204 HC 0xa4]
21-03-09 10:39:17.881 [6139.743475 HC 0x67 err 9]
21-03-09 10:39:17.881 +[6139.757541 HC 0x121]
21-03-09 10:39:18.306 [6140.170243 HC 0x02]
21-03-09 10:39:18.388 [6140.252383 HC 0x102]
21-03-09 10:39:18.389 [6140.253476 HC 0x128]
21-03-09 10:39:18.392 [6140.254230 HC 0x12a]
21-03-09 10:39:18.508 [6140.373217 HC 0x11f]
21-03-09 10:39:18.508 [6140.374147 HC 0x11f err 3]
21-03-09 10:39:18.516 +[6140.381846 HC 0x06]
21-03-09 10:39:18.654 [6140.519101 HC 0x11f]
21-03-09 10:39:18.887 [6140.751480 MKBP not cleared within threshold, toggling.]
21-03-09 10:39:19.886 [6141.752397 MKBP not cleared within threshold, toggling.]
21-03-09 10:39:20.956 [6142.820393 HC 0x0b]
21-03-09 10:39:20.959 [6142.826195 HC 0x2d]
21-03-09 10:39:21.054 [6142.921312 HC 0x2d]
21-03-09 10:39:21.171 [6143.038687 power state 3 = S0, in 0x0039]
21-03-09 10:39:21.174 RTC: 0x00001816 (6166.00 s)
21-03-09 10:39:21.174 [6143.039652 power state 8 = S0->S3, in 0x0039]
21-03-09 10:39:21.181 [6143.040651 PD:S0->S3]
21-03-09 10:39:21.181 RTC: 0x00001816 (6166.00 s)
21-03-09 10:39:21.184 [6143.041353 power state 2 = S3, in 0x0039]
21-03-09 10:39:21.188 RTC: 0x00001816 (6166.00 s)
21-03-09 10:39:21.191 [6143.042329 power state 9 = S3->S5, in 0x0039]
21-03-09 10:39:21.194 [6143.042973 HC Suppressed: 0x97=4 0x98=18 0x113=18 0x103=22 0x115=0 0x2b=151 0x67=158]
21-03-09 10:39:21.205 [6143.072350 USB charge p0 m0 i0]
21-03-09 10:39:21.205 [6143.072935 USB charge p1 m0 i0]
21-03-09 10:39:21.208 [6143.073940 PD:S3->S5]
21-03-09 10:39:21.211 [6143.074416 VB hook_shutdown]
21-03-09 10:39:21.214 RTC: 0x00001816 (6166.00 s)
21-03-09 10:39:21.218 [6143.075134 power state 1 = S5, in 0x0039]
21-03-09 10:39:21.307 [6143.174583 Pen charge disable]
21-03-09 10:39:21.891 [6143.759387 MKBP not cleared within threshold, toggling.]
21-03-09 10:39:22.245 [6144.113444 power state 1 = S5, in 0x003f]
21-03-09 10:39:22.249 RTC: 0x00001817 (6167.00 s)
21-03-09 10:39:22.249 [6144.114415 power state 6 = S5->S3, in 0x003f]
21-03-09 10:39:22.255 [6144.116074 PD:S5->S3]
21-03-09 10:39:22.255 RTC: 0x00001817 (6167.00 s)
21-03-09 10:39:22.259 [6144.116856 power state 2 = S3, in 0x003f]
21-03-09 10:39:22.262 RTC: 0x00001817 (6167.00 s)
21-03-09 10:39:22.264 [6144.117799 power state 7 = S3->S0, in 0x003f]
21-03-09 10:39:22.267 [6144.122173 USB charge p0 m2 i0]
21-03-09 10:39:22.271 [6144.122716 USB charge p1 m2 i0]
21-03-09 10:39:22.274 [6144.125940 PD:S3->S0]
21-03-09 10:39:22.277 RTC: 0x00001817 (6167.00 s)
21-03-09 10:39:22.281 [6144.126754 power state 3 = S0, in 0x003f]
21-03-09 10:39:22.288 [6144.127459 Lid Accel: MS Done Init type:0x0 range:2]
21-03-09 10:39:22.289 [6144.148642 Base Accel: MS Done Init type:0x0 range:4]
21-03-09 10:39:22.294 [6144.151086 Base Gyro: MS Done Init type:0x1 range:1000]
21-03-09 10:39:22.297 [6144.152333 Lid Accel ODR: 10000 - roundup 1 from config 1 [AP 0]]
21-03-09 10:39:22.304 [6144.162503 Base Accel ODR: 13000 - roundup 1 from config 1 [AP 0]]
21-03-09 10:39:22.310 [6144.166779 C0: PE_VDM_Identity_Request_Cbl]
21-03-09 10:39:22.314 [6144.167405 C0: PE_SNK_Ready]
21-03-09 10:39:22.317 [6144.168042 C0: PE_INIT_PORT_VDM_Identity_Request]
21-03-09 10:39:22.323 [6144.170123 Base Gyro ODR: 0 - roundup 0 from config 0 [AP 0]]
21-03-09 10:39:22.327 [6144.175996 C0: PE_SNK_Ready]
21-03-09 10:39:22.348 [6144.216998 Pen charge disable]
21-03-09 10:39:22.453 [6144.322215 disable_adc_irqs_deferred]
21-03-09 10:39:22.457 [6144.322898 power state 3 = S0, in 0x007f]
21-03-09 10:39:22.810 [6144.679729 HC 0x0d]
21-03-09 10:39:22.814 [6144.683316 HC 0xa4]
21-03-09 10:39:22.891 [6144.760288 MKBP not cleared within threshold, toggling.]
21-03-09 10:39:23.142 [6145.011536 HC 0x4b]
21-03-09 10:39:23.142 [6145.012098 HC 0x4b err 4]
21-03-09 10:39:23.248 [6145.116192 HC 0xa0]
21-03-09 10:39:23.317 [6145.185681 HC 0x11f]
21-03-09 10:39:24.900 [6146.771322 MKBP not cleared within threshold, toggling.]
21-03-09 10:39:25.901 [6147.772568 MKBP not cleared within threshold, toggling.]
21-03-09 10:39:27.901 [6149.775541 MKBP not cleared within threshold, toggling.]
21-03-09 10:39:28.901 [6150.777015 MKBP not cleared within threshold, toggling.]
21-03-09 10:39:30.902 [6152.778617 MKBP not cleared within threshold, toggling.]
21-03-09 10:39:31.902 [6153.779437 MKBP not cleared within threshold, toggling.]
21-03-09 10:39:33.902 [6155.781481 MKBP not cleared within threshold, toggling.]
21-03-09 10:39:34.902 [6156.782385 MKBP not cleared within threshold, toggling.]
21-03-09 10:39:36.942 [6158.823300 MKBP not cleared within threshold, toggling.]
21-03-09 10:39:37.943 [6159.824207 MKBP not cleared within threshold, toggling.]
21-03-09 10:39:39.976 [6161.857088 MKBP not cleared within threshold, toggling.]
21-03-09 10:39:40.978 [6162.858011 MKBP not cleared within threshold, toggling.]
21-03-09 10:39:42.981 [6164.861174 MKBP not cleared within threshold, toggling.]
21-03-09 10:39:43.983 [6165.862089 MKBP not cleared within threshold, toggling.]
21-03-09 10:39:45.994 [6167.873069 MKBP not cleared within threshold, toggling.]
21-03-09 10:39:46.996 [6168.873967 MKBP not cleared within threshold, toggling.]
21-03-09 10:39:49.003 [6170.881510 MKBP not cleared within threshold, toggling.]
21-03-09 10:39:50.004 [6171.882596 MKBP not cleared within threshold, toggling.]
21-03-09 10:39:52.011 [6173.889384 MKBP not cleared within threshold, toggling.]
21-03-09 10:39:53.011 [6174.890610 MKBP not cleared within threshold, toggling.]
21-03-09 10:39:53.015 [6174.896641 HC 0x0d]
21-03-09 10:39:53.019 [6174.900181 HC 0xa4]
21-03-09 10:39:53.022 +++(++)[6175.066315 HC 0x0d]
21-03-09 10:39:53.187 [6175.067111 HC 0xa4]
21-03-09 10:39:53.190 [6175.068387 HC 0x67 err 9]
21-03-09 10:39:53.190 +[6175.082448 HC 0x121]
21-03-09 10:39:53.600 [6175.480423 HC 0x02]
21-03-09 10:39:53.683 [6175.562455 HC 0x102]
21-03-09 10:39:53.683 [6175.563211 HC 0x128]
21-03-09 10:39:53.686 [6175.563928 HC 0x12a]
21-03-09 10:39:53.803 [6175.682794 HC 0x11f]
21-03-09 10:39:53.803 [6175.683410 HC 0x11f err 3]
21-03-09 10:39:53.811 +[6175.691108 HC 0x06]
21-03-09 10:39:53.948 [6175.828227 HC 0x11f]
21-03-09 10:39:54.219 [6176.098823 MKBP not cleared within threshold, toggling.]
21-03-09 10:39:55.219 [6177.099739 MKBP not cleared within threshold, toggling.]
21-03-09 10:39:56.245 [6178.124299 HC 0x0b]
21-03-09 10:39:56.249 [6178.129753 HC 0x2d]
21-03-09 10:39:56.293 [6178.173847 HC 0x102]
21-03-09 10:39:56.293 [6178.174940 HC 0x11b]
21-03-09 10:39:56.297 [6178.175826 HC 0xb7]
21-03-09 10:39:56.297 [6178.176374 System unlocked, TCPC I2C tunnels may be unprotected]
21-03-09 10:39:56.543 [6178.423552 KB Clear Buffer]
21-03-09 10:39:56.543 [6178.424724 KB enable]
21-03-09 10:39:56.546 [6178.425152 KB Clear Buffer]
21-03-09 10:39:56.549 [6178.425865 KB scancode set to 1]
21-03-09 10:39:56.553 [6178.426520 KB Clear Buffer]
21-03-09 10:39:56.556 [6178.427472 KB Clear Buffer]
21-03-09 10:39:57.258 [6179.138838 MKBP not cleared within threshold, toggling.]
21-03-09 10:39:58.258 [6180.139727 MKBP not cleared within threshold, toggling.]
21-03-09 10:39:58.466 Port 80 writes:
21-03-09 10:39:58.466   0c 0d 13 15 7f 01 16 22 02 32 14 15 17 18 19 20 21 22 25 3f
21-03-09 10:39:58.473   43 44 4f 23 37 50 5f 40 41 42 47 80 81 82 83 61 63 03 04 05
21-03-09 10:39:58.476   06 07 0f 65 64 0f 6a 71 7f 99 72 24 25 55 73 94 94 74 75 75
21-03-09 10:39:58.482   75 75 75 75 75 75 75 75 75 75 75 75 75 75 75 75 75 75 75 75
21-03-09 10:39:58.489   75 75 75 75 75 75 75 75 75 75 75 75 75 75 75 75 75 75 75 75
21-03-09 10:39:58.492   75 75 75 75 75 75 75 75 76 77 79 9c 93 7a 95 05 25 95 88 01
21-03-09 10:39:58.499   02 03 04 89 fe 7b f8 aa <--new
21-03-09 10:39:58.835 [6180.717424 HC 0x2d]
21-03-09 10:39:58.840 [6180.721579 KS disable]
21-03-09 10:39:58.840 [6180.722074 KB Clear Buffer]
21-03-09 10:39:58.843 [6180.722758 KB disable]
21-03-09 10:39:58.847 [6180.723168 KB Clear Buffer]
21-03-09 10:39:59.112 [6180.990626 HC 0xa4]
21-03-09 10:39:59.112 [6180.991984 HC 0x67 err 9]
21-03-09 10:39:59.112 +[6181.743370 KB Clear Buffer]
21-03-09 10:39:59.861 [6181.744164 KB Clear Buffer]
21-03-09 10:39:59.864 [6181.745126 KB IRQ enable]
21-03-09 10:39:59.867 [6181.745620 KB enable]
21-03-09 10:39:59.871 [6181.746529 KB Clear Buffer]
21-03-09 10:39:59.871 [6181.748595 KS enable]
21-03-09 10:39:59.874 [6181.748987 KB Clear Buffer]
21-03-09 10:39:59.877 [6181.758808 HC 0x0b]
21-03-09 10:39:59.877 [6181.759558 HC 0x400b]
21-03-09 10:39:59.881 [6181.760094 HC 0x400b err 1]
21-03-09 10:39:59.884 [6181.760765 HC 0x08]
21-03-09 10:39:59.884 +[6181.762049 HC 0x8d]
21-03-09 10:39:59.888 [6181.763576 HC 0x0d]
21-03-09 10:39:59.892 [6181.765276 HC 0x102]
21-03-09 10:39:59.892 [6181.766291 HC 0x105]
21-03-09 10:39:59.892 [6181.768040 HC 0xa9]
21-03-09 10:39:59.896 [6181.769496 HC 0x112]
21-03-09 10:39:59.900 [6181.770639 HC 0x28]
21-03-09 10:39:59.900 [6181.771178 HC 0x28 err 1]
21-03-09 10:39:59.905 [6181.772009 HC 0xd3]
21-03-09 10:39:59.905 [6181.772902 HC 0x08]
21-03-09 10:39:59.907 [6181.777098 HC 0x121]
21-03-09 10:39:59.907 [6181.790315 HC 0x102]
21-03-09 10:39:59.910 [6181.791385 HC 0x111]
21-03-09 10:39:59.913 +++(++)[6183.839098 HC 0x112]
21-03-09 10:40:01.956 [6183.840149 HC 0x117]
21-03-09 10:40:02.462 [6184.345306 HC 0x112]
21-03-09 10:40:02.849 Port 80 writes:
21-03-09 10:40:02.849   0d 13 15 7f 01 16 22 02 32 14 15 17 18 19 20 21 22 25 3f 43
21-03-09 10:40:02.855   44 4f 23 37 50 5f 40 41 42 47 80 81 82 83 61 63 03 04 05 06
21-03-09 10:40:02.859   07 0f 65 64 0f 6a 71 7f 99 72 24 25 55 73 94 94 74 75 75 75
21-03-09 10:40:02.865   75 75 75 75 75 75 75 75 75 75 75 75 75 75 75 75 75 75 75 75
21-03-09 10:40:02.871   75 75 75 75 75 75 75 75 75 75 75 75 75 75 75 75 75 75 75 75
21-03-09 10:40:02.874   75 75 75 75 75 75 75 76 77 79 9c 93 7a 95 05 25 95 88 01 02
21-03-09 10:40:02.881   03 04 89 fe 7b f8 aa ab <--new
21-03-09 10:40:03.642 [6185.526163 HC 0x08]
21-03-09 10:40:03.646 +++[6188.631546 HC 0x08]
21-03-09 10:40:06.744 [6188.632481 HC 0x0d]
21-03-09 10:40:06.748 +[6188.634076 HC 0x102]
21-03-09 10:40:06.748 [6188.635022 HC 0x101]
21-03-09 10:40:06.751 [6188.637866 HC 0x133]
21-03-09 10:40:06.755 [6188.640173 HC 0x131]
21-03-09 10:40:06.755 [6188.641637 HC 0x11a]
21-03-09 10:40:08.393 [6190.281771 HC 0x02]
21-03-09 10:40:08.404 [6190.292170 HC 0x0b]
21-03-09 10:40:08.408 [6190.296525 HC 0x05]
21-03-09 10:40:08.551 [6190.440443 HC 0x121]
21-03-09 10:40:08.558 +[6190.687399 HC 0x05]
21-03-09 10:40:08.803 +[6190.696349 HC 0x02]
21-03-09 10:40:08.899 [6190.788834 HC 0x11b]
21-03-09 10:40:08.944 +[6190.834079 HC 0x11b err 3]
21-03-09 10:40:10.349 [6192.239354 HC 0x121]
21-03-09 10:40:10.349 +[6193.284058 HC 0x01]
21-03-09 10:40:11.394 [6193.285171 HC 0x0b]
21-03-09 10:40:11.397 [6193.285924 HC 0x02]
21-03-09 10:40:11.397 [6193.287261 HC 0x08]
21-03-09 10:40:11.400 [6193.288179 HC 0x10]
21-03-09 10:40:11.403 +[6193.289627 HC 0x05]
21-03-09 10:40:11.403 [6193.291445 HC 0x18]
21-03-09 10:40:11.406 [6193.292003 HC 0x18 err 1]
21-03-09 10:40:11.406 +[6193.293394 HC 0x18 err 1]
21-03-09 10:40:11.409 +[6193.294174 HC 0x18 err 1]
21-03-09 10:40:11.413 [6193.295274 HC 0x16]
21-03-09 10:40:11.416 +[6193.296757 HC 0x15]
21-03-09 10:40:11.737 [6193.626426 HC 0x02]
21-03-09 10:40:11.737 [6193.629682 HC 0x0b]
21-03-09 10:40:11.739 [6193.630581 HC 0x96]
21-03-09 10:40:12.759 [6194.650045 Battery 100% (Display 100.0 %) / 5h:18 to empty, not accepting current]
21-03-09 10:40:13.717 [6195.608554 HC 0x02]
21-03-09 10:40:13.717 [6195.611639 HC 0x0b]
21-03-09 10:40:13.720 [6195.612624 HC 0x70]
21-03-09 10:40:13.723 +[6195.624458 HC 0x02]
21-03-09 10:40:13.733 [6195.626437 HC 0x0b]
21-03-09 10:40:14.483 [6196.375467 Battery 99% (Display 100.0 %) / 4h:5 to empty]
21-03-09 10:40:14.487 [6196.378963 charge_request(12776mV, 0mA)]
21-03-09 10:40:15.001 [6196.893189 HC 0x05]
21-03-09 10:40:15.001 +[6196.896806 HC 0x02]
21-03-09 10:40:15.060 [6196.953497 charge_request(12768mV, 0mA)]
21-03-09 10:40:15.179 [6197.072110 HC 0x02]
21-03-09 10:40:15.179 [6197.074243 HC 0x0b]
21-03-09 10:40:15.182 [6197.076672 HC 0x0d]
21-03-09 10:40:15.201 [6197.093335 HC 0x02]
21-03-09 10:40:15.220 [6197.113636 HC 0x0b]
21-03-09 10:40:15.223 [6197.117165 HC 0x70]
21-03-09 10:40:15.223 +[6198.099822 charge_request(12760mV, 0mA)]
21-03-09 10:40:16.782 [6198.675340 charge_request(12768mV, 0mA)]
21-03-09 10:40:17.928 [6199.822360 charge_request(12760mV, 0mA)]
21-03-09 10:40:18.504 [6200.398180 charge_request(12768mV, 0mA)]
21-03-09 10:40:19.076 [6200.971246 charge_request(12760mV, 0mA)]
21-03-09 10:40:19.631 [6201.525895 HC 0x02]
21-03-09 10:40:19.635 [6201.529689 HC 0x0b]
21-03-09 10:40:19.635 [6201.530625 HC 0x0d]
21-03-09 10:40:19.652 [6201.545761 charge_request(12752mV, 0mA)]
21-03-09 10:40:20.591 [6202.484528 HC 0x121]
21-03-09 10:40:20.591 +[6202.692530 charge_request(12760mV, 0mA)]
21-03-09 10:40:21.370 [6203.265886 charge_request(12752mV, 0mA)]
21-03-09 10:40:21.946 [6203.839122 charge_request(12760mV, 0mA)]
21-03-09 10:40:22.515 [6204.411392 charge_request(12752mV, 0mA)]
21-03-09 10:40:23.090 [6204.985563 charge_request(12728mV, 0mA)]
21-03-09 10:40:23.662 [6205.558513 charge_request(12744mV, 0mA)]
21-03-09 10:40:24.548 [6206.444099 HC 0x02]
21-03-09 10:40:24.548 [6206.445873 HC 0x0b]
21-03-09 10:40:24.552 [6206.446872 HC 0x0d]
21-03-09 10:40:24.810 [6206.705804 charge_request(12800mV, 0mA)]
21-03-09 10:40:25.381 [6207.278066 charge_request(12808mV, 0mA)]
21-03-09 10:40:26.528 [6208.424316 charge_request(12816mV, 0mA)]
21-03-09 10:40:27.100 [6208.996710 charge_request(12808mV, 0mA)]
21-03-09 10:40:27.675 [6209.572528 charge_request(12816mV, 0mA)]
21-03-09 10:40:28.248 [6210.146319 charge_request(12808mV, 0mA)]
21-03-09 10:40:28.634 [6210.530742 HC 0x02]
21-03-09 10:40:28.639 [6210.536063 HC 0x0b]
21-03-09 10:40:28.639 [6210.537015 HC 0x96]
21-03-09 10:40:29.397 [6211.295627 Battery 99% (Display 100.0 %) / 5h:33 to empty]
21-03-09 10:40:29.401 [6211.297615 charge_request(13048mV, 3568mA)]
21-03-09 10:40:31.174 [6213.072045 KB Clear Buffer]
21-03-09 10:40:31.174 [6213.073429 KB disable]
21-03-09 10:40:31.176 [6213.073854 KB IRQ disable]
21-03-09 10:40:31.854 [6213.752319 HC 0x0d]
21-03-09 10:40:31.857 [6213.755896 HC 0xa4]
21-03-09 10:40:31.994 [6213.893119 HC 0x0d]
21-03-09 10:40:32.000 [6213.896746 HC 0xa4]
21-03-09 10:40:32.021 [6213.919224 HC 0x11f]
21-03-09 10:40:34.278 [6216.175859 MKBP not cleared within threshold, toggling.]
21-03-09 10:40:35.279 [6217.176774 MKBP not cleared within threshold, toggling.]
21-03-09 10:40:37.304 [6219.201397 MKBP not cleared within threshold, toggling.]
21-03-09 10:40:38.304 [6220.202295 MKBP not cleared within threshold, toggling.]
21-03-09 10:40:40.310 [6222.209100 MKBP not cleared within threshold, toggling.]
21-03-09 10:40:41.311 [6223.209997 MKBP not cleared within threshold, toggling.]
21-03-09 10:40:43.317 [6225.217095 MKBP not cleared within threshold, toggling.]
21-03-09 10:40:44.317 [6226.218021 MKBP not cleared within threshold, toggling.]
21-03-09 10:40:46.328 [6228.225093 MKBP not cleared within threshold, toggling.]
21-03-09 10:40:47.326 [6229.226002 MKBP not cleared within threshold, toggling.]
21-03-09 10:40:49.334 [6231.233087 MKBP not cleared within threshold, toggling.]
21-03-09 10:40:50.335 [6232.233985 MKBP not cleared within threshold, toggling.]
21-03-09 10:40:50.705 [6232.603921 Battery 100% (Display 100.0 %) / 0h:9 to full, not accepting current]
21-03-09 10:40:50.712 [6232.606414 charge_request(13050mV, 0mA)]
21-03-09 10:40:52.343 [6234.241332 MKBP not cleared within threshold, toggling.]
21-03-09 10:40:53.345 [6235.242486 MKBP not cleared within threshold, toggling.]
21-03-09 10:40:55.352 [6237.249060 MKBP not cleared within threshold, toggling.]
21-03-09 10:40:56.353 [6238.250282 MKBP not cleared within threshold, toggling.]
21-03-09 10:40:58.360 [6240.257118 MKBP not cleared within threshold, toggling.]
21-03-09 10:40:59.361 [6241.258038 MKBP not cleared within threshold, toggling.]
21-03-09 10:40:59.422 [6241.318887 HC 0x0d]
21-03-09 10:40:59.426 [6241.322426 HC 0xa4]
21-03-09 10:41:01.369 [6243.265084 MKBP not cleared within threshold, toggling.]
21-03-09 10:41:01.520 [6243.416822 HC 0xa4]
21-03-09 10:41:01.520 +++(++)[6243.582665 HC 0x0d]
21-03-09 10:41:01.685 [6243.583462 HC 0xa4]
21-03-09 10:41:01.689 [6243.585223 HC 0x67 err 9]
21-03-09 10:41:01.689 +[6243.599295 HC 0x121]
21-03-09 10:41:02.115 [6244.011555 HC 0x02]
21-03-09 10:41:02.197 [6244.093909 HC 0x102]
21-03-09 10:41:02.197 [6244.094666 HC 0x128]
21-03-09 10:41:02.200 [6244.095385 HC 0x12a]
21-03-09 10:41:02.318 [6244.214524 HC 0x11f]
21-03-09 10:41:02.318 [6244.215138 HC 0x11f err 3]
21-03-09 10:41:02.325 +[6244.223125 HC 0x06]
21-03-09 10:41:02.463 [6244.360191 HC 0x11f]
21-03-09 10:41:02.700 [6244.596776 MKBP not cleared within threshold, toggling.]
21-03-09 10:41:03.701 [6245.597703 MKBP not cleared within threshold, toggling.]
21-03-09 10:41:04.763 [6246.658062 HC 0x0b]
21-03-09 10:41:04.767 [6246.663513 HC 0x2d]
21-03-09 10:41:04.862 [6246.758563 HC 0x2d]
21-03-09 10:41:04.978 [6246.875760 power state 3 = S0, in 0x0039]
21-03-09 10:41:04.982 RTC: 0x0000187e (6270.00 s)
21-03-09 10:41:04.982 [6246.876727 power state 8 = S0->S3, in 0x0039]
21-03-09 10:41:04.989 [6246.878040 PD:S0->S3]
21-03-09 10:41:04.989 RTC: 0x0000187e (6270.00 s)
21-03-09 10:41:04.992 [6246.878762 power state 2 = S3, in 0x0039]
21-03-09 10:41:04.995 RTC: 0x0000187e (6270.00 s)
21-03-09 10:41:04.999 [6246.879624 power state 9 = S3->S5, in 0x0039]
21-03-09 10:41:05.002 [6246.880268 HC Suppressed: 0x97=4 0x98=22 0x113=17 0x103=21 0x115=0 0x2b=151 0x67=165]
21-03-09 10:41:05.012 [6246.909268 USB charge p0 m0 i0]
21-03-09 10:41:05.013 [6246.910166 USB charge p1 m0 i0]
21-03-09 10:41:05.016 [6246.911220 PD:S3->S5]
21-03-09 10:41:05.019 [6246.911701 VB hook_shutdown]
21-03-09 10:41:05.022 RTC: 0x0000187e (6270.00 s)
21-03-09 10:41:05.025 [6246.912414 power state 1 = S5, in 0x0039]
21-03-09 10:41:05.114 [6247.011860 Pen charge disable]
21-03-09 10:41:05.720 [6247.617109 MKBP not cleared within threshold, toggling.]
21-03-09 10:41:05.992 [6247.889131 power state 1 = S5, in 0x003f]
21-03-09 10:41:05.996 RTC: 0x0000187f (6271.00 s)
21-03-09 10:41:05.996 [6247.890099 power state 6 = S5->S3, in 0x003f]
21-03-09 10:41:06.002 [6247.892093 PD:S5->S3]
21-03-09 10:41:06.002 RTC: 0x0000187f (6271.00 s)
21-03-09 10:41:06.005 [6247.892896 power state 2 = S3, in 0x003f]
21-03-09 10:41:06.009 RTC: 0x0000187f (6271.00 s)
21-03-09 10:41:06.012 [6247.893759 power state 7 = S3->S0, in 0x003f]
21-03-09 10:41:06.015 [6247.898149 USB charge p0 m2 i0]
21-03-09 10:41:06.018 [6247.898696 USB charge p1 m2 i0]
21-03-09 10:41:06.021 [6247.901905 PD:S3->S0]
21-03-09 10:41:06.025 RTC: 0x0000187f (6271.00 s)
21-03-09 10:41:06.028 [6247.902752 power state 3 = S0, in 0x003f]
21-03-09 10:41:06.032 [6247.903456 Lid Accel: MS Done Init type:0x0 range:2]
21-03-09 10:41:06.034 [6247.924497 Base Accel: MS Done Init type:0x0 range:4]
21-03-09 10:41:06.041 [6247.927081 Base Gyro: MS Done Init type:0x1 range:1000]
21-03-09 10:41:06.044 [6247.928338 Lid Accel ODR: 10000 - roundup 1 from config 1 [AP 0]]
21-03-09 10:41:06.051 [6247.938498 Base Accel ODR: 13000 - roundup 1 from config 1 [AP 0]]
21-03-09 10:41:06.057 [6247.942801 C0: PE_VDM_Identity_Request_Cbl]
21-03-09 10:41:06.061 [6247.943433 C0: PE_SNK_Ready]
21-03-09 10:41:06.065 [6247.944070 C0: PE_INIT_PORT_VDM_Identity_Request]
21-03-09 10:41:06.070 [6247.946140 Base Gyro ODR: 0 - roundup 0 from config 0 [AP 0]]
21-03-09 10:41:06.074 [6247.952040 C0: PE_SNK_Ready]
21-03-09 10:41:06.097 [6247.993006 Pen charge disable]
21-03-09 10:41:06.201 [6248.098191 disable_adc_irqs_deferred]
21-03-09 10:41:06.204 [6248.098873 power state 3 = S0, in 0x007f]
21-03-09 10:41:06.559 [6248.456010 HC 0x0d]
21-03-09 10:41:06.562 [6248.459595 HC 0xa4]
21-03-09 10:41:06.720 [6248.618018 MKBP not cleared within threshold, toggling.]
21-03-09 10:41:06.891 [6248.787621 HC 0x4b]
21-03-09 10:41:06.891 [6248.788183 HC 0x4b err 4]
21-03-09 10:41:06.997 [6248.892167 HC 0xa0]
21-03-09 10:41:07.064 [6248.961593 HC 0x11f]
21-03-09 10:41:08.726 [6250.623389 MKBP not cleared within threshold, toggling.]
21-03-09 10:41:09.727 [6251.624293 MKBP not cleared within threshold, toggling.]
21-03-09 10:41:11.763 [6253.661228 MKBP not cleared within threshold, toggling.]
21-03-09 10:41:12.764 [6254.662138 MKBP not cleared within threshold, toggling.]
21-03-09 10:41:14.775 [6256.673226 MKBP not cleared within threshold, toggling.]
21-03-09 10:41:15.776 [6257.674325 MKBP not cleared within threshold, toggling.]
21-03-09 10:41:17.783 [6259.681404 MKBP not cleared within threshold, toggling.]
21-03-09 10:41:18.784 [6260.682324 MKBP not cleared within threshold, toggling.]
21-03-09 10:41:20.792 [6262.689355 MKBP not cleared within threshold, toggling.]
21-03-09 10:41:21.794 [6263.690825 MKBP not cleared within threshold, toggling.]
21-03-09 10:41:23.801 [6265.697094 MKBP not cleared within threshold, toggling.]
21-03-09 10:41:24.802 [6266.697987 MKBP not cleared within threshold, toggling.]
21-03-09 10:41:26.811 [6268.705059 MKBP not cleared within threshold, toggling.]
21-03-09 10:41:27.813 [6269.706295 MKBP not cleared within threshold, toggling.]
21-03-09 10:41:29.821 [6271.713126 MKBP not cleared within threshold, toggling.]
21-03-09 10:41:30.823 [6272.714075 MKBP not cleared within threshold, toggling.]
21-03-09 10:41:32.830 [6274.721144 MKBP not cleared within threshold, toggling.]
21-03-09 10:41:33.833 [6275.722054 MKBP not cleared within threshold, toggling.]
21-03-09 10:41:35.841 [6277.729566 MKBP not cleared within threshold, toggling.]
21-03-09 10:41:36.710 [6278.599169 HC 0x0d]
21-03-09 10:41:36.713 [6278.602705 HC 0xa4]
21-03-09 10:41:36.713 +++(++)[6278.730828 MKBP not cleared within threshold, toggling.]
21-03-09 10:41:36.880 [6278.768709 HC 0x0d]
21-03-09 10:41:36.880 [6278.769505 HC 0xa4]
21-03-09 10:41:36.883 [6278.770779 HC 0x67 err 9]
21-03-09 10:41:36.883 +[6278.784812 HC 0x121]
21-03-09 10:41:37.293 [6279.182894 HC 0x02]
21-03-09 10:41:37.376 [6279.264874 HC 0x102]
21-03-09 10:41:37.376 [6279.265627 HC 0x128]
21-03-09 10:41:37.379 [6279.266346 HC 0x12a]
21-03-09 10:41:37.497 [6279.385423 HC 0x11f]
21-03-09 10:41:37.497 [6279.386037 HC 0x11f err 3]
21-03-09 10:41:37.504 +[6279.393947 HC 0x06]
21-03-09 10:41:37.642 [6279.531002 HC 0x11f]
21-03-09 10:41:37.888 [6279.777096 MKBP not cleared within threshold, toggling.]
21-03-09 10:41:38.890 [6280.778616 MKBP not cleared within threshold, toggling.]
21-03-09 10:41:39.938 [6281.823915 HC 0x0b]
21-03-09 10:41:39.941 [6281.829369 HC 0x2d]
21-03-09 10:41:39.985 [6281.873459 HC 0x102]
21-03-09 10:41:39.985 [6281.874553 HC 0x11b]
21-03-09 10:41:39.988 [6281.875329 HC 0xb7]
21-03-09 10:41:39.988 [6281.875828 System unlocked, TCPC I2C tunnels may be unprotected]
21-03-09 10:41:40.235 [6282.124018 KB Clear Buffer]
21-03-09 10:41:40.235 [6282.125124 KB enable]
21-03-09 10:41:40.239 [6282.125593 KB Clear Buffer]
21-03-09 10:41:40.242 [6282.126250 KB scancode set to 1]
21-03-09 10:41:40.245 [6282.127281 KB Clear Buffer]
21-03-09 10:41:40.248 [6282.127943 KB Clear Buffer]
21-03-09 10:41:40.892 [6282.780363 MKBP not cleared within threshold, toggling.]
21-03-09 10:41:41.893 [6283.781296 MKBP not cleared within threshold, toggling.]
21-03-09 10:41:42.159 Port 80 writes:
21-03-09 10:41:42.159   0c 0d 13 15 7f 01 16 22 02 32 14 15 17 18 19 20 21 22 25 3f
21-03-09 10:41:42.165   43 44 4f 23 37 50 5f 40 41 42 47 80 81 82 83 61 63 03 04 05
21-03-09 10:41:42.172   06 07 0f 65 64 0f 6a 71 7f 99 72 24 25 55 73 94 94 74 75 75
21-03-09 10:41:42.175   75 75 75 75 75 75 75 75 75 75 75 75 75 75 75 75 75 75 75 75
21-03-09 10:41:42.182   75 75 75 75 75 75 75 75 75 75 75 75 75 75 75 75 75 75 75 75
21-03-09 10:41:42.188   75 75 75 75 75 75 75 75 76 77 79 9c 93 7a 95 05 25 95 88 01
21-03-09 10:41:42.192   02 03 04 89 fe 7b f8 aa <--new
21-03-09 10:41:42.527 [6284.415908 HC 0x2d]
21-03-09 10:41:42.532 [6284.420056 KS disable]
21-03-09 10:41:42.532 [6284.420551 KB Clear Buffer]
21-03-09 10:41:42.536 [6284.421236 KB disable]
21-03-09 10:41:42.536 [6284.421648 KB Clear Buffer]
21-03-09 10:41:42.801 [6284.689496 HC 0xa4]
21-03-09 10:41:42.801 [6284.690873 HC 0x67 err 9]
21-03-09 10:41:42.804 +[6285.441003 KB Clear Buffer]
21-03-09 10:41:43.553 [6285.441796 KB Clear Buffer]
21-03-09 10:41:43.556 [6285.442730 KB IRQ enable]
21-03-09 10:41:43.560 [6285.443218 KB enable]
21-03-09 10:41:43.564 [6285.444033 KB Clear Buffer]
21-03-09 10:41:43.564 [6285.446028 KS enable]
21-03-09 10:41:43.566 [6285.446414 KB Clear Buffer]
21-03-09 10:41:43.570 [6285.456507 HC 0x0b]
21-03-09 10:41:43.570 [6285.457249 HC 0x400b]
21-03-09 10:41:43.573 [6285.457787 HC 0x400b err 1]
21-03-09 10:41:43.576 [6285.458734 HC 0x08]
21-03-09 10:41:43.576 +[6285.459933 HC 0x8d]
21-03-09 10:41:43.593 [6285.461554 HC 0x0d]
21-03-09 10:41:43.593 [6285.463194 HC 0x102]
21-03-09 10:41:43.593 [6285.464206 HC 0x105]
21-03-09 10:41:43.593 [6285.465714 HC 0xa9]
21-03-09 10:41:43.593 [6285.467145 HC 0x112]
21-03-09 10:41:43.593 [6285.468522 HC 0x28]
21-03-09 10:41:43.593 [6285.469077 HC 0x28 err 1]
21-03-09 10:41:43.595 [6285.469894 HC 0xd3]
21-03-09 10:41:43.595 [6285.470806 HC 0x08]
21-03-09 10:41:43.598 [6285.474580 HC 0x121]
21-03-09 10:41:43.601 [6285.492723 HC 0x102]
21-03-09 10:41:43.608 [6285.493880 HC 0x111]
21-03-09 10:41:43.608 +++(++)[6287.535797 HC 0x112]
21-03-09 10:41:45.648 [6287.537138 HC 0x117]
21-03-09 10:41:46.154 [6288.041326 HC 0x112]
21-03-09 10:41:46.543 Port 80 writes:
21-03-09 10:41:46.543   0d 13 15 7f 01 16 22 02 32 14 15 17 18 19 20 21 22 25 3f 43
21-03-09 10:41:46.549   44 4f 23 37 50 5f 40 41 42 47 80 81 82 83 61 63 03 04 05 06
21-03-09 10:41:46.552   07 0f 65 64 0f 6a 71 7f 99 72 24 25 55 73 94 94 74 75 75 75
21-03-09 10:41:46.559   75 75 75 75 75 75 75 75 75 75 75 75 75 75 75 75 75 75 75 75
21-03-09 10:41:46.565   75 75 75 75 75 75 75 75 75 75 75 75 75 75 75 75 75 75 75 75
21-03-09 10:41:46.572   75 75 75 75 75 75 75 76 77 79 9c 93 7a 95 05 25 95 88 01 02
21-03-09 10:41:46.575   03 04 89 fe 7b f8 aa ab <--new
21-03-09 10:41:47.377 [6289.265222 HC 0x08]
21-03-09 10:41:47.389 +++[6292.592362 HC 0x08]
21-03-09 10:41:50.704 [6292.593247 HC 0x0d]
21-03-09 10:41:50.707 +[6292.596110 HC 0x102]
21-03-09 10:41:50.707 [6292.598405 HC 0x101]
21-03-09 10:41:50.711 [6292.600890 HC 0x133]
21-03-09 10:41:50.714 [6292.603558 HC 0x131]
21-03-09 10:41:50.717 [6292.606278 HC 0x11a]
21-03-09 10:41:52.304 [6294.189746 HC 0x02]
21-03-09 10:41:52.313 [6294.201823 HC 0x0b]
21-03-09 10:41:52.318 [6294.206036 HC 0x05]
21-03-09 10:41:52.496 [6294.384475 HC 0x121]
21-03-09 10:41:52.511 +[6294.540565 HC 0x05]
21-03-09 10:41:52.656 +[6294.553980 HC 0x02]
21-03-09 10:41:52.846 [6294.735361 HC 0x11b]
21-03-09 10:41:52.895 +[6294.785091 HC 0x11b err 3]
21-03-09 10:41:54.042 [6295.930611 HC 0x121]
21-03-09 10:41:54.042 +[6297.208471 HC 0x01]
21-03-09 10:41:55.320 [6297.210349 HC 0x0b]
21-03-09 10:41:55.324 [6297.212821 HC 0x02]
21-03-09 10:41:55.324 [6297.214784 HC 0x08]
21-03-09 10:41:55.328 [6297.216455 HC 0x10]
21-03-09 10:41:55.328 +[6297.217928 HC 0x05]
21-03-09 10:41:55.331 [6297.219584 HC 0x18]
21-03-09 10:41:55.331 [6297.220186 HC 0x18 err 1]
21-03-09 10:41:55.333 +[6297.225054 HC 0x18 err 1]
21-03-09 10:41:55.337 +[6297.226301 HC 0x18 err 1]
21-03-09 10:41:55.340 [6297.227025 HC 0x16]
21-03-09 10:41:55.340 +[6297.229085 HC 0x15]
21-03-09 10:41:55.594 [6297.482562 HC 0x02]
21-03-09 10:41:55.594 [6297.485613 HC 0x0b]
21-03-09 10:41:55.597 [6297.486573 HC 0x96]
21-03-09 10:41:56.479 [6298.368452 Battery 100% (Display 100.0 %) / ??h:?? to empty, not accepting current]
21-03-09 10:41:57.613 [6299.502507 HC 0x02]
21-03-09 10:41:57.614 [6299.504383 HC 0x0b]
21-03-09 10:41:57.617 [6299.505327 HC 0x70]
21-03-09 10:41:57.617 +[6299.514406 HC 0x02]
21-03-09 10:41:57.629 [6299.518534 HC 0x0b]
21-03-09 10:41:58.942 [6300.831334 HC 0x05]
21-03-09 10:41:58.952 +[6300.843800 HC 0x02]
21-03-09 10:41:59.133 [6301.023087 HC 0x02]
21-03-09 10:41:59.133 [6301.024707 HC 0x0b]
21-03-09 10:41:59.137 [6301.025572 HC 0x0d]
21-03-09 10:41:59.175 [6301.065335 HC 0x02]
21-03-09 10:41:59.175 [6301.067979 HC 0x0b]
21-03-09 10:41:59.178 [6301.068968 HC 0x70]
21-03-09 10:41:59.182 +[6301.239953 Battery 99% (Display 100.0 %) / 4h:5 to empty]
21-03-09 10:41:59.354 [6301.243350 charge_request(12768mV, 0mA)]
21-03-09 10:41:59.926 [6301.815426 charge_request(12760mV, 0mA)]
21-03-09 10:42:00.499 [6302.388848 charge_request(12768mV, 0mA)]
21-03-09 10:42:02.217 [6304.107398 charge_request(12760mV, 0mA)]
21-03-09 10:42:03.525 [6305.414701 HC 0x02]
21-03-09 10:42:03.525 [6305.416330 HC 0x0b]
21-03-09 10:42:03.528 [6305.417256 HC 0x0d]
21-03-09 10:42:04.283 [6306.172699 HC 0x121]
21-03-09 10:42:04.283 +[6306.397840 charge_request(12776mV, 0mA)]
21-03-09 10:42:05.080 [6306.970069 charge_request(12768mV, 0mA)]
21-03-09 10:42:06.226 [6308.115949 charge_request(12752mV, 0mA)]
21-03-09 10:42:06.798 [6308.687871 charge_request(12736mV, 0mA)]
21-03-09 10:42:07.371 [6309.260661 charge_request(12744mV, 0mA)]
21-03-09 10:42:08.456 [6310.345402 HC 0x02]
21-03-09 10:42:08.456 [6310.347153 HC 0x0b]
21-03-09 10:42:08.460 [6310.347949 HC 0x0d]
21-03-09 10:42:08.521 [6310.410489 charge_request(12800mV, 0mA)]
21-03-09 10:42:09.095 [6310.984617 charge_request(12808mV, 0mA)]
21-03-09 10:42:09.668 [6311.557527 charge_request(12800mV, 0mA)]
21-03-09 10:42:10.242 [6312.131639 charge_request(12808mV, 0mA)]
21-03-09 10:42:11.389 [6313.278556 charge_request(12784mV, 0mA)]
21-03-09 10:42:11.962 [6313.850411 charge_request(12800mV, 0mA)]
21-03-09 10:42:12.537 [6314.425118 charge_request(12816mV, 0mA)]
21-03-09 10:42:12.616 [6314.505430 HC 0x02]
21-03-09 10:42:12.620 [6314.508967 HC 0x0b]
21-03-09 10:42:12.620 [6314.511676 HC 0x96]
21-03-09 10:42:13.111 [6314.998302 charge_request(12784mV, 0mA)]
21-03-09 10:42:13.690 [6315.578148 Battery 99% (Display 100.0 %) / 5h:26 to empty]
21-03-09 10:42:13.694 [6315.580533 charge_request(13048mV, 3568mA)]
21-03-09 10:42:15.297 [6317.184736 KB Clear Buffer]
21-03-09 10:42:15.297 [6317.186072 KB disable]
21-03-09 10:42:15.301 [6317.186581 KB IRQ disable]
21-03-09 10:42:15.978 [6317.865703 HC 0x0d]
21-03-09 10:42:15.981 [6317.869280 HC 0xa4]
21-03-09 10:42:16.118 [6318.006413 HC 0x0d]
21-03-09 10:42:16.123 [6318.010078 HC 0xa4]
21-03-09 10:42:16.145 [6318.032582 HC 0x11f]
21-03-09 10:42:18.003 [6319.890269 MKBP not cleared within threshold, toggling.]
21-03-09 10:42:19.004 [6320.891172 MKBP not cleared within threshold, toggling.]
21-03-09 10:42:21.026 [6322.913083 MKBP not cleared within threshold, toggling.]
21-03-09 10:42:22.027 [6323.914004 MKBP not cleared within threshold, toggling.]
21-03-09 10:42:24.036 [6325.922248 MKBP not cleared within threshold, toggling.]
21-03-09 10:42:25.037 [6326.923152 MKBP not cleared within threshold, toggling.]
21-03-09 10:42:27.044 [6328.929096 MKBP not cleared within threshold, toggling.]
21-03-09 10:42:28.045 [6329.929987 MKBP not cleared within threshold, toggling.]
21-03-09 10:42:30.052 [6331.937084 MKBP not cleared within threshold, toggling.]
21-03-09 10:42:31.053 [6332.937977 MKBP not cleared within threshold, toggling.]
21-03-09 10:42:33.062 [6334.945747 MKBP not cleared within threshold, toggling.]
21-03-09 10:42:34.063 [6335.947223 MKBP not cleared within threshold, toggling.]
21-03-09 10:42:35.009 [6336.892968 Battery 100% (Display 100.0 %) / 0h:9 to full, not accepting current]
21-03-09 10:42:35.016 [6336.896537 charge_request(13050mV, 0mA)]
21-03-09 10:42:36.071 [6337.953550 MKBP not cleared within threshold, toggling.]
21-03-09 10:42:37.071 [6338.954454 MKBP not cleared within threshold, toggling.]
21-03-09 10:42:39.078 [6340.961091 MKBP not cleared within threshold, toggling.]
21-03-09 10:42:40.079 [6341.962007 MKBP not cleared within threshold, toggling.]
21-03-09 10:42:42.086 [6343.969120 MKBP not cleared within threshold, toggling.]
21-03-09 10:42:43.087 [6344.970048 MKBP not cleared within threshold, toggling.]
21-03-09 10:42:43.566 [6345.450311 HC 0x0d]
21-03-09 10:42:43.570 [6345.453853 HC 0xa4]
21-03-09 10:42:45.093 [6346.977111 MKBP not cleared within threshold, toggling.]
21-03-09 10:42:45.664 [6347.548220 HC 0xa4]
21-03-09 10:42:45.664 +++(++)[6347.714305 HC 0x0d]
21-03-09 10:42:45.831 [6347.715102 HC 0xa4]
21-03-09 10:42:45.834 [6347.716378 HC 0x67 err 9]
21-03-09 10:42:45.834 +[6347.730417 HC 0x121]
21-03-09 10:42:46.259 [6348.142842 HC 0x02]
21-03-09 10:42:46.341 [6348.224883 HC 0x102]
21-03-09 10:42:46.341 [6348.225640 HC 0x128]
21-03-09 10:42:46.345 [6348.226357 HC 0x12a]
21-03-09 10:42:46.462 [6348.345254 HC 0x11f]
21-03-09 10:42:46.462 [6348.345868 HC 0x11f err 3]
21-03-09 10:42:46.469 +[6348.353542 HC 0x06]
21-03-09 10:42:46.607 [6348.490650 HC 0x11f]
21-03-09 10:42:46.844 [6348.728632 MKBP not cleared within threshold, toggling.]
21-03-09 10:42:47.846 [6349.729546 MKBP not cleared within threshold, toggling.]
21-03-09 10:42:48.905 [6350.787163 HC 0x0b]
21-03-09 10:42:48.909 [6350.792611 HC 0x2d]
21-03-09 10:42:49.046 [6350.930111 HC 0x2d]
21-03-09 10:42:49.163 [6351.047300 power state 3 = S0, in 0x0039]
21-03-09 10:42:49.167 RTC: 0x000018e6 (6374.00 s)
21-03-09 10:42:49.167 [6351.048588 power state 8 = S0->S3, in 0x0039]
21-03-09 10:42:49.173 [6351.049588 PD:S0->S3]
21-03-09 10:42:49.173 RTC: 0x000018e6 (6374.00 s)
21-03-09 10:42:49.176 [6351.050289 power state 2 = S3, in 0x0039]
21-03-09 10:42:49.180 RTC: 0x000018e6 (6374.00 s)
21-03-09 10:42:49.183 [6351.051153 power state 9 = S3->S5, in 0x0039]
21-03-09 10:42:49.186 [6351.051797 HC Suppressed: 0x97=4 0x98=22 0x113=18 0x103=23 0x115=0 0x2b=151 0x67=166]
21-03-09 10:42:49.196 [6351.080805 USB charge p0 m0 i0]
21-03-09 10:42:49.200 [6351.081761 USB charge p1 m0 i0]
21-03-09 10:42:49.203 [6351.082760 PD:S3->S5]
21-03-09 10:42:49.203 [6351.083240 VB hook_shutdown]
21-03-09 10:42:49.206 RTC: 0x000018e6 (6374.00 s)
21-03-09 10:42:49.209 [6351.083953 power state 1 = S5, in 0x0039]
21-03-09 10:42:49.299 [6351.183398 Pen charge disable]
21-03-09 10:42:49.881 [6351.764892 MKBP not cleared within threshold, toggling.]
21-03-09 10:42:50.263 [6352.147013 power state 1 = S5, in 0x003f]
21-03-09 10:42:50.267 RTC: 0x000018e8 (6376.00 s)
21-03-09 10:42:50.267 [6352.147982 power state 6 = S5->S3, in 0x003f]
21-03-09 10:42:50.274 [6352.149643 PD:S5->S3]
21-03-09 10:42:50.274 RTC: 0x000018e8 (6376.00 s)
21-03-09 10:42:50.277 [6352.150425 power state 2 = S3, in 0x003f]
21-03-09 10:42:50.281 RTC: 0x000018e8 (6376.00 s)
21-03-09 10:42:50.283 [6352.151364 power state 7 = S3->S0, in 0x003f]
21-03-09 10:42:50.287 [6352.155753 USB charge p0 m2 i0]
21-03-09 10:42:50.290 [6352.156295 USB charge p1 m2 i0]
21-03-09 10:42:50.293 [6352.159507 PD:S3->S0]
21-03-09 10:42:50.296 RTC: 0x000018e8 (6376.00 s)
21-03-09 10:42:50.300 [6352.160333 power state 3 = S0, in 0x003f]
21-03-09 10:42:50.308 [6352.161029 Lid Accel: MS Done Init type:0x0 range:2]
21-03-09 10:42:50.309 [6352.182155 Base Accel: MS Done Init type:0x0 range:4]
21-03-09 10:42:50.313 [6352.184676 Base Gyro: MS Done Init type:0x1 range:1000]
21-03-09 10:42:50.319 [6352.185928 Lid Accel ODR: 10000 - roundup 1 from config 1 [AP 0]]
21-03-09 10:42:50.322 [6352.196085 Base Accel ODR: 13000 - roundup 1 from config 1 [AP 0]]
21-03-09 10:42:50.329 [6352.200354 C0: PE_VDM_Identity_Request_Cbl]
21-03-09 10:42:50.332 [6352.200981 C0: PE_SNK_Ready]
21-03-09 10:42:50.335 [6352.201618 C0: PE_INIT_PORT_VDM_Identity_Request]
21-03-09 10:42:50.342 [6352.203694 Base Gyro ODR: 0 - roundup 0 from config 0 [AP 0]]
21-03-09 10:42:50.345 [6352.209587 C0: PE_SNK_Ready]
21-03-09 10:42:50.367 [6352.250591 Pen charge disable]
21-03-09 10:42:50.472 [6352.355805 disable_adc_irqs_deferred]
21-03-09 10:42:50.476 [6352.356490 power state 3 = S0, in 0x007f]
21-03-09 10:42:50.831 [6352.713371 HC 0x0d]
21-03-09 10:42:50.833 [6352.716954 HC 0xa4]
21-03-09 10:42:50.882 [6352.765813 MKBP not cleared within threshold, toggling.]
21-03-09 10:42:51.162 [6353.044541 HC 0x4b]
21-03-09 10:42:51.162 [6353.045105 HC 0x4b err 4]
21-03-09 10:42:51.265 [6353.147759 HC 0xa0]
21-03-09 10:42:51.334 [6353.217074 HC 0x11f]
21-03-09 10:42:52.904 [6354.786710 MKBP not cleared within threshold, toggling.]
21-03-09 10:42:53.905 [6355.787639 MKBP not cleared within threshold, toggling.]
21-03-09 10:42:55.913 [6357.795934 MKBP not cleared within threshold, toggling.]
21-03-09 10:42:56.914 [6358.796830 MKBP not cleared within threshold, toggling.]
21-03-09 10:42:58.922 [6360.802700 MKBP not cleared within threshold, toggling.]
21-03-09 10:42:59.926 [6361.803602 MKBP not cleared within threshold, toggling.]
21-03-09 10:43:01.932 [6363.810690 MKBP not cleared within threshold, toggling.]
21-03-09 10:43:02.934 [6364.811937 MKBP not cleared within threshold, toggling.]
21-03-09 10:43:04.939 [6366.815106 MKBP not cleared within threshold, toggling.]
21-03-09 10:43:05.940 [6367.816003 MKBP not cleared within threshold, toggling.]
21-03-09 10:43:07.952 [6369.826682 MKBP not cleared within threshold, toggling.]
21-03-09 10:43:08.954 [6370.827580 MKBP not cleared within threshold, toggling.]
21-03-09 10:43:10.962 [6372.834691 MKBP not cleared within threshold, toggling.]
21-03-09 10:43:11.964 [6373.836180 MKBP not cleared within threshold, toggling.]
21-03-09 10:43:13.971 [6375.842840 MKBP not cleared within threshold, toggling.]
21-03-09 10:43:14.972 [6376.843765 MKBP not cleared within threshold, toggling.]
21-03-09 10:43:16.985 [6378.850704 MKBP not cleared within threshold, toggling.]
21-03-09 10:43:17.981 [6379.851623 MKBP not cleared within threshold, toggling.]
21-03-09 10:43:19.989 [6381.858994 MKBP not cleared within threshold, toggling.]
21-03-09 10:43:20.990 [6382.859888 MKBP not cleared within threshold, toggling.]
21-03-09 10:43:21.022 [6382.891637 HC 0x0d]
21-03-09 10:43:21.025 [6382.895178 HC 0xa4]
21-03-09 10:43:21.025 +++(++)[6383.061585 HC 0x0d]
21-03-09 10:43:21.193 [6383.062695 HC 0xa4]
21-03-09 10:43:21.196 [6383.063969 HC 0x67 err 9]
21-03-09 10:43:21.196 +[6383.078012 HC 0x121]
21-03-09 10:43:21.606 [6383.475869 HC 0x02]
21-03-09 10:43:21.688 [6383.557855 HC 0x102]
21-03-09 10:43:21.688 [6383.558610 HC 0x128]
21-03-09 10:43:21.692 [6383.559327 HC 0x12a]
21-03-09 10:43:21.809 [6383.678297 HC 0x11f]
21-03-09 10:43:21.809 [6383.678911 HC 0x11f err 3]
21-03-09 10:43:21.816 +[6383.686581 HC 0x06]
21-03-09 10:43:21.954 [6383.823598 HC 0x11f]
21-03-09 10:43:22.226 [6384.095936 MKBP not cleared within threshold, toggling.]
21-03-09 10:43:23.227 [6385.096840 MKBP not cleared within threshold, toggling.]
21-03-09 10:43:24.253 [6386.121065 HC 0x0b]
21-03-09 10:43:24.257 [6386.126511 HC 0x2d]
21-03-09 10:43:24.301 [6386.170503 HC 0x102]
21-03-09 10:43:24.301 [6386.171263 HC 0x11b]
21-03-09 10:43:24.305 [6386.172040 HC 0xb7]
21-03-09 10:43:24.305 [6386.172538 System unlocked, TCPC I2C tunnels may be unprotected]
21-03-09 10:43:24.554 [6386.422992 KB Clear Buffer]
21-03-09 10:43:24.554 [6386.424227 KB enable]
21-03-09 10:43:24.557 [6386.424659 KB Clear Buffer]
21-03-09 10:43:24.560 [6386.425375 KB scancode set to 1]
21-03-09 10:43:24.563 [6386.426104 KB Clear Buffer]
21-03-09 10:43:24.567 [6386.426757 KB Clear Buffer]
21-03-09 10:43:25.237 [6387.106985 MKBP not cleared within threshold, toggling.]
21-03-09 10:43:26.239 [6388.108213 MKBP not cleared within threshold, toggling.]
21-03-09 10:43:26.476 Port 80 writes:
21-03-09 10:43:26.476   0c 0d 13 15 7f 01 16 22 02 32 14 15 17 18 19 20 21 22 25 3f
21-03-09 10:43:26.482   43 44 4f 23 37 50 5f 40 41 42 47 80 81 82 83 61 63 03 04 05
21-03-09 10:43:26.485   06 07 0f 65 64 0f 6a 71 7f 99 72 24 25 55 73 94 94 74 75 75
21-03-09 10:43:26.492   75 75 75 75 75 75 75 75 75 75 75 75 75 75 75 75 75 75 75 75
21-03-09 10:43:26.498   75 75 75 75 75 75 75 75 75 75 75 75 75 75 75 75 75 75 75 75
21-03-09 10:43:26.505   75 75 75 75 75 75 75 75 76 77 79 9c 93 7a 95 05 25 95 88 01
21-03-09 10:43:26.508   02 03 04 89 fe 7b f8 aa <--new
21-03-09 10:43:26.845 [6388.714966 HC 0x2d]
21-03-09 10:43:26.850 [6388.719126 KS disable]
21-03-09 10:43:26.850 [6388.719959 KB Clear Buffer]
21-03-09 10:43:26.853 [6388.720616 KB disable]
21-03-09 10:43:26.857 [6388.721025 KB Clear Buffer]
21-03-09 10:43:27.120 [6388.989308 HC 0xa4]
21-03-09 10:43:27.120 [6388.990690 HC 0x67 err 9]
21-03-09 10:43:27.123 +[6389.734540 KB Clear Buffer]
21-03-09 10:43:27.866 [6389.735321 KB Clear Buffer]
21-03-09 10:43:27.869 [6389.736290 KB IRQ enable]
21-03-09 10:43:27.872 [6389.737090 KB enable]
21-03-09 10:43:27.876 [6389.737999 KB Clear Buffer]
21-03-09 10:43:27.876 [6389.739704 KS enable]
21-03-09 10:43:27.878 [6389.740198 KB Clear Buffer]
21-03-09 10:43:27.881 [6389.749191 HC 0x0b]
21-03-09 10:43:27.881 [6389.750173 HC 0x400b]
21-03-09 10:43:27.886 [6389.750720 HC 0x400b err 1]
21-03-09 10:43:27.888 [6389.751555 HC 0x08]
21-03-09 10:43:27.888 +[6389.752820 HC 0x8d]
21-03-09 10:43:27.892 [6389.754329 HC 0x0d]
21-03-09 10:43:27.903 [6389.756501 HC 0x102]
21-03-09 10:43:27.903 [6389.757163 HC 0x105]
21-03-09 10:43:27.903 [6389.758452 HC 0xa9]
21-03-09 10:43:27.903 [6389.759427 HC 0x112]
21-03-09 10:43:27.903 [6389.760651 HC 0x28]
21-03-09 10:43:27.905 [6389.761254 HC 0x28 err 1]
21-03-09 10:43:27.908 [6389.762046 HC 0xd3]
21-03-09 10:43:27.908 [6389.762963 HC 0x08]
21-03-09 10:43:27.911 [6389.766962 HC 0x121]
21-03-09 10:43:27.911 [6389.778581 HC 0x102]
21-03-09 10:43:27.914 [6389.779841 HC 0x111]
21-03-09 10:43:27.919 +++(++)[6391.837788 HC 0x112]
21-03-09 10:43:29.969 [6391.838771 HC 0x117]
21-03-09 10:43:30.480 [6392.350602 HC 0x112]
21-03-09 10:43:30.861 Port 80 writes:
21-03-09 10:43:30.861   0d 13 15 7f 01 16 22 02 32 14 15 17 18 19 20 21 22 25 3f 43
21-03-09 10:43:30.867   44 4f 23 37 50 5f 40 41 42 47 80 81 82 83 61 63 03 04 05 06
21-03-09 10:43:30.871   07 0f 65 64 0f 6a 71 7f 99 72 24 25 55 73 94 94 74 75 75 75
21-03-09 10:43:30.877   75 75 75 75 75 75 75 75 75 75 75 75 75 75 75 75 75 75 75 75
21-03-09 10:43:30.883   75 75 75 75 75 75 75 75 75 75 75 75 75 75 75 75 75 75 75 75
21-03-09 10:43:30.887   75 75 75 75 75 75 75 76 77 79 9c 93 7a 95 05 25 95 88 01 02
21-03-09 10:43:30.893   03 04 89 fe 7b f8 aa ab <--new
21-03-09 10:43:31.695 [6393.564651 HC 0x08]
21-03-09 10:43:31.700 +++[6396.704454 HC 0x08]
21-03-09 10:43:34.834 [6396.706782 HC 0x0d]
21-03-09 10:43:34.840 +[6396.711822 HC 0x102]
21-03-09 10:43:34.840 [6396.714013 HC 0x101]
21-03-09 10:43:34.844 [6396.716337 HC 0x133]
21-03-09 10:43:34.847 [6396.718168 HC 0x131]
21-03-09 10:43:34.851 [6396.722080 HC 0x11a]
21-03-09 10:43:36.540 [6398.410722 HC 0x02]
21-03-09 10:43:36.555 [6398.425747 HC 0x0b]
21-03-09 10:43:36.555 [6398.428799 HC 0x05]
21-03-09 10:43:36.724 [6398.586801 HC 0x121]
21-03-09 10:43:36.735 +[6398.864662 HC 0x05]
21-03-09 10:43:37.000 +[6398.876166 HC 0x02]
21-03-09 10:43:37.103 [6398.974729 HC 0x11b]
21-03-09 10:43:37.136 +[6399.008389 HC 0x11b err 3]
21-03-09 10:43:38.361 [6400.232722 HC 0x121]
21-03-09 10:43:38.361 +[6402.066784 HC 0x02]
21-03-09 10:43:40.194 [6402.068757 HC 0x0b]
21-03-09 10:43:40.198 [6402.069537 HC 0x96]
21-03-09 10:43:40.792 [6402.665007 Battery 100% (Display 100.0 %) / ??h:?? to full, not accepting current]
21-03-09 10:43:42.547 [6404.420146 HC 0x02]
21-03-09 10:43:42.552 [6404.424790 HC 0x0b]
21-03-09 10:43:42.552 [6404.426333 HC 0x70]
21-03-09 10:43:42.555 +[6404.446479 HC 0x02]
21-03-09 10:43:42.573 [6404.448252 HC 0x0b]
21-03-09 10:43:43.638 [6405.511319 HC 0x05]
21-03-09 10:43:43.638 +[6405.515945 HC 0x02]
21-03-09 10:43:43.837 [6405.709956 HC 0x02]
21-03-09 10:43:43.841 [6405.713971 HC 0x0b]
21-03-09 10:43:43.841 [6405.714812 HC 0x0d]
21-03-09 10:43:43.899 [6405.773195 HC 0x02]
21-03-09 10:43:43.899 [6405.774818 HC 0x0b]
21-03-09 10:43:43.902 [6405.776033 HC 0x70]
21-03-09 10:43:43.902 +[6405.796562 HC 0x01]
21-03-09 10:43:43.923 [6405.797576 HC 0x0b]
21-03-09 10:43:43.926 [6405.798653 HC 0x02]
21-03-09 10:43:43.926 [6405.799970 HC 0x08]
21-03-09 10:43:43.929 [6405.800806 HC 0x10]
21-03-09 10:43:43.933 +[6405.802739 HC 0x05]
21-03-09 10:43:43.933 [6405.804352 HC 0x18]
21-03-09 10:43:43.936 [6405.804900 HC 0x18 err 1]
21-03-09 10:43:43.939 +[6405.805664 HC 0x18 err 1]
21-03-09 10:43:43.939 +[6405.806549 HC 0x18 err 1]
21-03-09 10:43:43.942 [6405.807594 HC 0x16]
21-03-09 10:43:43.945 +[6405.809270 HC 0x15]
21-03-09 10:43:44.821 [6406.681802 Battery 99% (Display 100.0 %) / 4h:5 to empty]
21-03-09 10:43:44.821 [6406.684915 charge_request(12760mV, 0mA)]
21-03-09 10:43:45.958 [6407.831956 charge_request(12768mV, 0mA)]
21-03-09 10:43:46.532 [6408.406337 charge_request(12776mV, 0mA)]
21-03-09 10:43:47.104 [6408.978531 charge_request(12768mV, 0mA)]
21-03-09 10:43:47.679 [6409.552954 charge_request(12752mV, 0mA)]
21-03-09 10:43:48.246 [6410.120392 HC 0x02]
21-03-09 10:43:48.246 [6410.121907 HC 0x0b]
21-03-09 10:43:48.249 [6410.122818 HC 0x0d]
21-03-09 10:43:48.249 [6410.125318 charge_request(12760mV, 0mA)]
21-03-09 10:43:48.601 [6410.475539 HC 0x121]
21-03-09 10:43:48.601 +[6411.270582 charge_request(12768mV, 0mA)]
21-03-09 10:43:49.970 [6411.845390 charge_request(12760mV, 0mA)]
21-03-09 10:43:51.691 [6413.565814 charge_request(12752mV, 0mA)]
21-03-09 10:43:53.272 [6415.147045 HC 0x02]
21-03-09 10:43:53.272 [6415.148807 HC 0x0b]
21-03-09 10:43:53.275 [6415.149863 HC 0x0d]
21-03-09 10:43:53.409 [6415.284920 charge_request(12808mV, 0mA)]
21-03-09 10:43:56.844 [6418.719713 charge_request(12816mV, 0mA)]
21-03-09 10:43:57.334 [6419.209853 HC 0x02]
21-03-09 10:43:57.346 [6419.221993 HC 0x0b]
21-03-09 10:43:57.346 [6419.223821 HC 0x96]
21-03-09 10:43:57.995 [6419.870719 Battery 99% (Display 100.0 %) / 5h:13 to empty]
21-03-09 10:43:57.999 [6419.873814 charge_request(13048mV, 3568mA)]
21-03-09 10:43:59.836 [6421.710819 KB Clear Buffer]
21-03-09 10:43:59.837 [6421.711823 KB disable]
21-03-09 10:43:59.839 [6421.712332 KB IRQ disable]
21-03-09 10:44:00.516 [6422.391211 HC 0x0d]
21-03-09 10:44:00.519 [6422.394790 HC 0xa4]
21-03-09 10:44:00.656 [6422.531926 HC 0x0d]
21-03-09 10:44:00.662 [6422.535709 HC 0xa4]
21-03-09 10:44:00.682 [6422.558126 HC 0x11f]
21-03-09 10:44:02.287 [6424.162970 MKBP not cleared within threshold, toggling.]
21-03-09 10:44:03.288 [6425.164205 MKBP not cleared within threshold, toggling.]
21-03-09 10:44:05.294 [6427.170678 MKBP not cleared within threshold, toggling.]
21-03-09 10:44:06.296 [6428.171839 MKBP not cleared within threshold, toggling.]
21-03-09 10:44:08.302 [6430.178673 MKBP not cleared within threshold, toggling.]
21-03-09 10:44:09.304 [6431.179588 MKBP not cleared within threshold, toggling.]
21-03-09 10:44:11.309 [6433.186707 MKBP not cleared within threshold, toggling.]
21-03-09 10:44:12.310 [6434.187628 MKBP not cleared within threshold, toggling.]
21-03-09 10:44:14.316 [6436.194699 MKBP not cleared within threshold, toggling.]
21-03-09 10:44:15.316 [6437.195623 MKBP not cleared within threshold, toggling.]
21-03-09 10:44:17.318 [6439.197482 MKBP not cleared within threshold, toggling.]
21-03-09 10:44:18.121 [6440.000298 Battery 100% (Display 100.0 %) / 0h:9 to full, not accepting current]
21-03-09 10:44:18.127 [6440.003672 charge_request(13050mV, 0mA)]
21-03-09 10:44:18.319 [6440.198386 MKBP not cleared within threshold, toggling.]
21-03-09 10:44:20.331 [6442.211446 MKBP not cleared within threshold, toggling.]
21-03-09 10:44:21.332 [6443.212372 MKBP not cleared within threshold, toggling.]
21-03-09 10:44:23.339 [6445.219130 MKBP not cleared within threshold, toggling.]
21-03-09 10:44:24.341 [6446.220591 MKBP not cleared within threshold, toggling.]
21-03-09 10:44:26.346 [6448.226655 MKBP not cleared within threshold, toggling.]
21-03-09 10:44:27.347 [6449.227554 MKBP not cleared within threshold, toggling.]
21-03-09 10:44:28.717 [6450.597554 HC 0x0d]
21-03-09 10:44:28.721 [6450.601093 HC 0xa4]
21-03-09 10:44:29.353 [6451.234676 MKBP not cleared within threshold, toggling.]
21-03-09 10:44:30.354 [6452.235576 MKBP not cleared within threshold, toggling.]
21-03-09 10:44:30.815 [6452.696283 HC 0xa4]
21-03-09 10:44:30.815 +++(++)[6452.862068 HC 0x0d]
21-03-09 10:44:30.981 [6452.862863 HC 0xa4]
21-03-09 10:44:30.984 [6452.864450 HC 0x67 err 9]
21-03-09 10:44:30.984 +[6452.878512 HC 0x121]
21-03-09 10:44:31.410 [6453.290999 HC 0x02]
21-03-09 10:44:31.492 [6453.372914 HC 0x102]
21-03-09 10:44:31.492 [6453.373669 HC 0x128]
21-03-09 10:44:31.495 [6453.374386 HC 0x12a]
21-03-09 10:44:31.613 [6453.493380 HC 0x11f]
21-03-09 10:44:31.613 [6453.493994 HC 0x11f err 3]
21-03-09 10:44:31.620 +[6453.501971 HC 0x06]
21-03-09 10:44:31.759 [6453.639017 HC 0x11f]
21-03-09 10:44:32.009 [6453.889958 MKBP not cleared within threshold, toggling.]
21-03-09 10:44:33.010 [6454.890854 MKBP not cleared within threshold, toggling.]
21-03-09 10:44:34.060 [6455.938625 HC 0x0b]
21-03-09 10:44:34.065 [6455.944384 HC 0x2d]
21-03-09 10:44:34.160 [6456.039516 HC 0x2d]
21-03-09 10:44:34.277 [6456.156817 power state 3 = S0, in 0x0039]
21-03-09 10:44:34.280 RTC: 0x00001950 (6480.00 s)
21-03-09 10:44:34.280 [6456.157781 power state 8 = S0->S3, in 0x0039]
21-03-09 10:44:34.287 [6456.158781 PD:S0->S3]
21-03-09 10:44:34.287 RTC: 0x00001950 (6480.00 s)
21-03-09 10:44:34.290 [6456.159482 power state 2 = S3, in 0x0039]
21-03-09 10:44:34.294 RTC: 0x00001950 (6480.00 s)
21-03-09 10:44:34.297 [6456.160455 power state 9 = S3->S5, in 0x0039]
21-03-09 10:44:34.300 [6456.161093 HC Suppressed: 0x97=4 0x98=20 0x113=19 0x103=24 0x115=0 0x2b=151 0x67=164]
21-03-09 10:44:34.310 [6456.190382 USB charge p0 m0 i0]
21-03-09 10:44:34.313 [6456.190966 USB charge p1 m0 i0]
21-03-09 10:44:34.316 [6456.191970 PD:S3->S5]
21-03-09 10:44:34.316 [6456.192445 VB hook_shutdown]
21-03-09 10:44:34.319 RTC: 0x00001950 (6480.00 s)
21-03-09 10:44:34.323 [6456.193163 power state 1 = S5, in 0x0039]
21-03-09 10:44:34.413 [6456.292626 Pen charge disable]
21-03-09 10:44:35.043 [6456.922419 MKBP not cleared within threshold, toggling.]
21-03-09 10:44:35.304 [6457.182761 power state 1 = S5, in 0x003f]
21-03-09 10:44:35.308 RTC: 0x00001951 (6481.00 s)
21-03-09 10:44:35.308 [6457.183729 power state 6 = S5->S3, in 0x003f]
21-03-09 10:44:35.314 [6457.185535 PD:S5->S3]
21-03-09 10:44:35.314 RTC: 0x00001951 (6481.00 s)
21-03-09 10:44:35.317 [6457.186397 power state 2 = S3, in 0x003f]
21-03-09 10:44:35.321 RTC: 0x00001951 (6481.00 s)
21-03-09 10:44:35.324 [6457.187290 power state 7 = S3->S0, in 0x003f]
21-03-09 10:44:35.327 [6457.191659 USB charge p0 m2 i0]
21-03-09 10:44:35.330 [6457.192206 USB charge p1 m2 i0]
21-03-09 10:44:35.333 [6457.195411 PD:S3->S0]
21-03-09 10:44:35.337 RTC: 0x00001951 (6481.00 s)
21-03-09 10:44:35.340 [6457.196241 power state 3 = S0, in 0x003f]
21-03-09 10:44:35.343 [6457.196962 Lid Accel: MS Done Init type:0x0 range:2]
21-03-09 10:44:35.346 [6457.218074 Base Accel: MS Done Init type:0x0 range:4]
21-03-09 10:44:35.353 [6457.220626 Base Gyro: MS Done Init type:0x1 range:1000]
21-03-09 10:44:35.359 [6457.221878 Lid Accel ODR: 10000 - roundup 1 from config 1 [AP 0]]
21-03-09 10:44:35.362 [6457.231067 C0: PE_VDM_Identity_Request_Cbl]
21-03-09 10:44:35.369 [6457.231710 C0: PE_SNK_Ready]
21-03-09 10:44:35.369 [6457.232470 C0: PE_INIT_PORT_VDM_Identity_Request]
21-03-09 10:44:35.376 [6457.234309 Base Accel ODR: 13000 - roundup 1 from config 1 [AP 0]]
21-03-09 10:44:35.382 [6457.240357 C0: PE_SNK_Ready]
21-03-09 10:44:35.386 [6457.248544 Base Gyro ODR: 0 - roundup 0 from config 0 [AP 0]]
21-03-09 10:44:35.408 [6457.286699 Pen charge disable]
21-03-09 10:44:35.513 [6457.391694 disable_adc_irqs_deferred]
21-03-09 10:44:35.516 [6457.392376 power state 3 = S0, in 0x007f]
21-03-09 10:44:35.870 [6457.747113 HC 0x0d]
21-03-09 10:44:35.873 [6457.750693 HC 0xa4]
21-03-09 10:44:36.045 [6457.923658 MKBP not cleared within threshold, toggling.]
21-03-09 10:44:36.202 [6458.078186 HC 0x4b]
21-03-09 10:44:36.202 [6458.079061 HC 0x4b err 4]
21-03-09 10:44:36.305 [6458.181750 HC 0xa0]
21-03-09 10:44:36.374 [6458.251096 HC 0x11f]
21-03-09 10:44:38.075 [6459.950694 MKBP not cleared within threshold, toggling.]
21-03-09 10:44:39.077 [6460.951590 MKBP not cleared within threshold, toggling.]
21-03-09 10:44:41.086 [6462.958832 MKBP not cleared within threshold, toggling.]
21-03-09 10:44:42.088 [6463.959753 MKBP not cleared within threshold, toggling.]
21-03-09 10:44:44.097 [6465.966650 MKBP not cleared within threshold, toggling.]
21-03-09 10:44:45.099 [6466.967567 MKBP not cleared within threshold, toggling.]
21-03-09 10:44:47.109 [6468.974740 MKBP not cleared within threshold, toggling.]
21-03-09 10:44:48.111 [6469.975968 MKBP not cleared within threshold, toggling.]
21-03-09 10:44:50.120 [6471.982638 MKBP not cleared within threshold, toggling.]
21-03-09 10:44:51.124 [6472.984015 MKBP not cleared within threshold, toggling.]
21-03-09 10:44:53.132 [6474.990633 MKBP not cleared within threshold, toggling.]
21-03-09 10:44:54.136 [6475.991527 MKBP not cleared within threshold, toggling.]
21-03-09 10:44:56.144 [6477.998939 MKBP not cleared within threshold, toggling.]
21-03-09 10:44:57.146 [6478.999856 MKBP not cleared within threshold, toggling.]
21-03-09 10:44:59.155 [6481.006617 MKBP not cleared within threshold, toggling.]
21-03-09 10:45:00.156 [6482.007507 MKBP not cleared within threshold, toggling.]
21-03-09 10:45:02.166 [6484.014941 MKBP not cleared within threshold, toggling.]
21-03-09 10:45:03.168 [6485.015850 MKBP not cleared within threshold, toggling.]
21-03-09 10:45:05.174 [6487.020510 MKBP not cleared within threshold, toggling.]
21-03-09 10:45:06.176 [6488.021422 MKBP not cleared within threshold, toggling.]
21-03-09 10:45:06.505 [6488.350899 HC 0x0d]
21-03-09 10:45:06.509 [6488.354435 HC 0xa4]
21-03-09 10:45:06.509 +++(++)[6488.520666 HC 0x0d]
21-03-09 10:45:06.676 [6488.521778 HC 0xa4]
21-03-09 10:45:06.679 [6488.523055 HC 0x67 err 9]
21-03-09 10:45:06.679 +[6488.537113 HC 0x121]
21-03-09 10:45:07.089 [6488.934430 HC 0x02]
21-03-09 10:45:07.172 [6489.016284 HC 0x102]
21-03-09 10:45:07.172 [6489.017039 HC 0x128]
21-03-09 10:45:07.175 [6489.017757 HC 0x12a]
21-03-09 10:45:07.292 [6489.136426 HC 0x11f]
21-03-09 10:45:07.292 [6489.137287 HC 0x11f err 3]
21-03-09 10:45:07.300 +[6489.144996 HC 0x06]
21-03-09 10:45:07.437 [6489.281892 HC 0x11f]
21-03-09 10:45:07.688 [6489.532689 MKBP not cleared within threshold, toggling.]
21-03-09 10:45:08.691 [6490.535110 MKBP not cleared within threshold, toggling.]
21-03-09 10:45:09.745 [6491.585906 HC 0x0b]
21-03-09 10:45:09.748 [6491.591356 HC 0x2d]
21-03-09 10:45:09.792 [6491.635393 HC 0x102]
21-03-09 10:45:09.792 [6491.636151 HC 0x11b]
21-03-09 10:45:09.796 [6491.636929 HC 0xb7]
21-03-09 10:45:09.796 [6491.637430 System unlocked, TCPC I2C tunnels may be unprotected]
21-03-09 10:45:10.043 [6491.886468 KB Clear Buffer]
21-03-09 10:45:10.043 [6491.887587 KB enable]
21-03-09 10:45:10.046 [6491.888055 KB Clear Buffer]
21-03-09 10:45:10.049 [6491.888710 KB scancode set to 1]
21-03-09 10:45:10.053 [6491.889359 KB Clear Buffer]
21-03-09 10:45:10.056 [6491.890013 KB Clear Buffer]
21-03-09 10:45:10.721 [6492.563449 MKBP not cleared within threshold, toggling.]
21-03-09 10:45:11.722 [6493.564360 MKBP not cleared within threshold, toggling.]
21-03-09 10:45:11.959 Port 80 writes:
21-03-09 10:45:11.959   0c 0d 13 15 7f 01 16 22 02 32 14 15 17 18 19 20 21 22 25 3f
21-03-09 10:45:11.965   43 44 4f 23 37 50 5f 40 41 42 47 80 81 82 83 61 63 03 04 05
21-03-09 10:45:11.968   06 07 0f 65 64 0f 6a 71 7f 99 72 24 25 55 73 94 94 74 75 75
21-03-09 10:45:11.975   75 75 75 75 75 75 75 75 75 75 75 75 75 75 75 75 75 75 75 75
21-03-09 10:45:11.982   75 75 75 75 75 75 75 75 75 75 75 75 75 75 75 75 75 75 75 75
21-03-09 10:45:11.985   75 75 75 75 75 75 75 75 76 77 79 9c 93 7a 95 05 25 95 88 01
21-03-09 10:45:11.991   02 03 04 89 fe 7b f8 aa <--new
21-03-09 10:45:12.334 [6494.176459 HC 0x2d]
21-03-09 10:45:12.339 [6494.180931 KS disable]
21-03-09 10:45:12.339 [6494.181426 KB Clear Buffer]
21-03-09 10:45:12.343 [6494.182354 KB disable]
21-03-09 10:45:12.343 [6494.182780 KB Clear Buffer]
21-03-09 10:45:12.608 [6494.449407 HC 0xa4]
21-03-09 10:45:12.608 [6494.450983 HC 0x67 err 9]
21-03-09 10:45:12.611 +[6495.205878 KB Clear Buffer]
21-03-09 10:45:13.365 [6495.206660 KB Clear Buffer]
21-03-09 10:45:13.368 [6495.207612 KB IRQ enable]
21-03-09 10:45:13.371 [6495.208102 KB enable]
21-03-09 10:45:13.375 [6495.209019 KB Clear Buffer]
21-03-09 10:45:13.375 [6495.210952 KS enable]
21-03-09 10:45:13.377 [6495.211439 KB Clear Buffer]
21-03-09 10:45:13.381 [6495.220767 HC 0x0b]
21-03-09 10:45:13.381 [6495.221657 HC 0x400b]
21-03-09 10:45:13.384 [6495.222204 HC 0x400b err 1]
21-03-09 10:45:13.388 [6495.223031 HC 0x08]
21-03-09 10:45:13.388 +[6495.224365 HC 0x8d]
21-03-09 10:45:13.391 [6495.225804 HC 0x0d]
21-03-09 10:45:13.396 [6495.227875 HC 0x102]
21-03-09 10:45:13.396 [6495.228839 HC 0x105]
21-03-09 10:45:13.396 [6495.230553 HC 0xa9]
21-03-09 10:45:13.400 [6495.231814 HC 0x112]
21-03-09 10:45:13.408 [6495.233058 HC 0x28]
21-03-09 10:45:13.408 [6495.233602 HC 0x28 err 1]
21-03-09 10:45:13.408 [6495.234474 HC 0xd3]
21-03-09 10:45:13.408 [6495.235179 HC 0x08]
21-03-09 10:45:13.410 [6495.237199 HC 0x121]
21-03-09 10:45:13.410 [6495.250430 HC 0x102]
21-03-09 10:45:13.415 [6495.251722 HC 0x111]
21-03-09 10:45:13.417 +++(++)[6497.295228 HC 0x112]
21-03-09 10:45:15.455 [6497.296182 HC 0x117]
21-03-09 10:45:15.961 [6497.800548 HC 0x112]
21-03-09 10:45:16.352 Port 80 writes:
21-03-09 10:45:16.352   0d 13 15 7f 01 16 22 02 32 14 15 17 18 19 20 21 22 25 3f 43
21-03-09 10:45:16.359   44 4f 23 37 50 5f 40 41 42 47 80 81 82 83 61 63 03 04 05 06
21-03-09 10:45:16.362   07 0f 65 64 0f 6a 71 7f 99 72 24 25 55 73 94 94 74 75 75 75
21-03-09 10:45:16.367   75 75 75 75 75 75 75 75 75 75 75 75 75 75 75 75 75 75 75 75
21-03-09 10:45:16.374   75 75 75 75 75 75 75 75 75 75 75 75 75 75 75 75 75 75 75 75
21-03-09 10:45:16.378   75 75 75 75 75 75 75 76 77 79 9c 93 7a 95 05 25 95 88 01 02
21-03-09 10:45:16.384   03 04 89 fe 7b f8 aa ab <--new
21-03-09 10:45:17.351 [6499.191072 HC 0x08]
21-03-09 10:45:17.356 +++[6502.210205 HC 0x08]
21-03-09 10:45:20.370 [6502.212607 HC 0x0d]
21-03-09 10:45:20.373 +[6502.217586 HC 0x102]
21-03-09 10:45:20.377 [6502.220638 HC 0x101]
21-03-09 10:45:20.380 [6502.223637 HC 0x133]
21-03-09 10:45:20.384 [6502.225614 HC 0x131]
21-03-09 10:45:20.391 [6502.231788 HC 0x11a]
21-03-09 10:45:22.221 [6504.061715 HC 0x02]
21-03-09 10:45:22.227 [6504.067766 HC 0x0b]
21-03-09 10:45:22.237 [6504.077544 HC 0x05]
21-03-09 10:45:22.443 [6504.282971 HC 0x121]
21-03-09 10:45:22.443 +[6504.430383 HC 0x05]
21-03-09 10:45:22.593 +[6504.436808 HC 0x02]
21-03-09 10:45:22.800 [6504.640140 HC 0x11b]
21-03-09 10:45:22.820 +[6504.660337 HC 0x11b err 3]
21-03-09 10:45:23.850 [6505.688732 HC 0x121]
21-03-09 10:45:23.850 +[6506.997714 HC 0x01]
21-03-09 10:45:25.158 [6506.998807 HC 0x0b]
21-03-09 10:45:25.162 [6506.999538 HC 0x02]
21-03-09 10:45:25.162 [6507.001192 HC 0x08]
21-03-09 10:45:25.165 [6507.002599 HC 0x10]
21-03-09 10:45:25.165 +[6507.004298 HC 0x05]
21-03-09 10:45:25.168 [6507.005653 HC 0x18]
21-03-09 10:45:25.171 [6507.006207 HC 0x18 err 1]
21-03-09 10:45:25.174 +[6507.007136 HC 0x18 err 1]
21-03-09 10:45:25.174 +[6507.008051 HC 0x18 err 1]
21-03-09 10:45:25.178 [6507.009093 HC 0x16]
21-03-09 10:45:25.181 +[6507.010329 HC 0x15]
21-03-09 10:45:25.694 [6507.533035 HC 0x02]
21-03-09 10:45:25.698 [6507.537005 HC 0x0b]
21-03-09 10:45:25.707 [6507.541140 HC 0x96]
21-03-09 10:45:26.493 [6508.333149 Battery 100% (Display 100.0 %) / ??h:?? to empty, not accepting current]
21-03-09 10:45:28.363 [6510.201910 HC 0x02]
21-03-09 10:45:28.363 [6510.203649 HC 0x0b]
21-03-09 10:45:28.366 [6510.204588 HC 0x70]
21-03-09 10:45:28.366 +[6510.214234 HC 0x02]
21-03-09 10:45:28.375 [6510.215842 HC 0x0b]
21-03-09 10:45:29.365 [6511.204814 Battery 99% (Display 100.0 %) / 4h:5 to empty]
21-03-09 10:45:29.369 [6511.207924 charge_request(12768mV, 0mA)]
21-03-09 10:45:29.764 [6511.602405 HC 0x05]
21-03-09 10:45:29.764 +[6511.604635 HC 0x02]
21-03-09 10:45:29.916 [6511.755605 HC 0x02]
21-03-09 10:45:29.916 [6511.757293 HC 0x0b]
21-03-09 10:45:29.919 [6511.758093 HC 0x0d]
21-03-09 10:45:29.933 [6511.772370 HC 0x02]
21-03-09 10:45:29.933 [6511.774222 HC 0x0b]
21-03-09 10:45:29.937 [6511.775158 HC 0x70]
21-03-09 10:45:29.937 +[6512.356789 charge_request(12760mV, 0mA)]
21-03-09 10:45:31.662 [6513.500963 charge_request(12768mV, 0mA)]
21-03-09 10:45:32.234 [6514.074072 charge_request(12760mV, 0mA)]
21-03-09 10:45:32.810 [6514.649762 charge_request(12768mV, 0mA)]
21-03-09 10:45:33.956 [6515.795832 charge_request(12752mV, 0mA)]
21-03-09 10:45:34.088 [6515.927631 HC 0x121]
21-03-09 10:45:34.088 +[6516.079249 HC 0x02]
21-03-09 10:45:34.240 [6516.080993 HC 0x0b]
21-03-09 10:45:34.243 [6516.081913 HC 0x0d]
21-03-09 10:45:34.531 [6516.370299 charge_request(12760mV, 0mA)]
21-03-09 10:45:35.105 [6516.944797 charge_request(12768mV, 0mA)]
21-03-09 10:45:36.251 [6518.090248 charge_request(12760mV, 0mA)]
21-03-09 10:45:36.823 [6518.662432 charge_request(12752mV, 0mA)]
21-03-09 10:45:37.397 [6519.236700 charge_request(12744mV, 0mA)]
21-03-09 10:45:37.971 [6519.810459 charge_request(12752mV, 0mA)]
21-03-09 10:45:39.121 [6520.958239 charge_request(12800mV, 0mA)]
21-03-09 10:45:39.227 [6521.067262 HC 0x02]
21-03-09 10:45:39.227 [6521.068806 HC 0x0b]
21-03-09 10:45:39.230 [6521.069612 HC 0x0d]
21-03-09 10:45:40.263 [6522.102931 charge_request(12808mV, 0mA)]
21-03-09 10:45:41.984 [6523.823540 charge_request(12800mV, 0mA)]
21-03-09 10:45:42.557 [6524.395864 charge_request(12808mV, 0mA)]
21-03-09 10:45:43.216 [6525.055348 HC 0x02]
21-03-09 10:45:43.216 [6525.057614 HC 0x0b]
21-03-09 10:45:43.219 [6525.058917 HC 0x96]
21-03-09 10:45:43.703 [6525.541067 charge_request(12736mV, 0mA)]
21-03-09 10:45:44.280 [6526.119655 Battery 99% (Display 100.0 %) / 4h:43 to empty]
21-03-09 10:45:44.284 [6526.122753 charge_request(13048mV, 3568mA)]
21-03-09 10:45:47.473 [6529.310803 KB Clear Buffer]
21-03-09 10:45:47.473 [6529.311830 KB disable]
21-03-09 10:45:47.475 [6529.312300 KB IRQ disable]
21-03-09 10:45:48.150 [6529.988818 HC 0x0d]
21-03-09 10:45:48.153 [6529.992402 HC 0xa4]
21-03-09 10:45:48.290 [6530.129679 HC 0x0d]
21-03-09 10:45:48.294 [6530.133304 HC 0xa4]
21-03-09 10:45:48.317 [6530.155776 HC 0x11f]
21-03-09 10:45:52.161 [6533.998625 MKBP not cleared within threshold, toggling.]
21-03-09 10:45:53.162 [6534.999531 MKBP not cleared within threshold, toggling.]
21-03-09 10:45:55.170 [6537.006683 MKBP not cleared within threshold, toggling.]
21-03-09 10:45:56.172 [6538.007595 MKBP not cleared within threshold, toggling.]
21-03-09 10:45:58.181 [6540.014952 MKBP not cleared within threshold, toggling.]
21-03-09 10:45:59.183 [6541.015854 MKBP not cleared within threshold, toggling.]
21-03-09 10:46:01.191 [6543.022948 MKBP not cleared within threshold, toggling.]
21-03-09 10:46:02.194 [6544.023867 MKBP not cleared within threshold, toggling.]
21-03-09 10:46:04.202 [6546.030618 MKBP not cleared within threshold, toggling.]
21-03-09 10:46:05.204 [6547.031511 MKBP not cleared within threshold, toggling.]
21-03-09 10:46:06.166 [6547.992636 Battery 100% (Display 100.0 %) / 0h:9 to full, not accepting current]
21-03-09 10:46:06.173 [6547.995902 charge_request(13050mV, 0mA)]
21-03-09 10:46:07.212 [6549.038924 MKBP not cleared within threshold, toggling.]
21-03-09 10:46:08.214 [6550.039827 MKBP not cleared within threshold, toggling.]
21-03-09 10:46:10.217 [6552.042055 MKBP not cleared within threshold, toggling.]
21-03-09 10:46:11.219 [6553.042975 MKBP not cleared within threshold, toggling.]
21-03-09 10:46:13.232 [6555.054631 MKBP not cleared within threshold, toggling.]
21-03-09 10:46:14.234 [6556.055537 MKBP not cleared within threshold, toggling.]
21-03-09 10:46:16.244 [6558.064486 MKBP not cleared within threshold, toggling.]
21-03-09 10:46:16.713 [6558.533517 HC 0x0d]
21-03-09 10:46:16.716 [6558.537052 HC 0xa4]
21-03-09 10:46:17.246 [6559.065648 MKBP not cleared within threshold, toggling.]
21-03-09 10:46:18.811 [6560.630526 HC 0xa4]
21-03-09 10:46:18.811 +++(++)[6560.796302 HC 0x0d]
21-03-09 10:46:18.978 [6560.797099 HC 0xa4]
21-03-09 10:46:18.981 [6560.798374 HC 0x67 err 9]
21-03-09 10:46:18.981 +[6560.812403 HC 0x121]
21-03-09 10:46:19.405 [6561.224700 HC 0x02]
21-03-09 10:46:19.489 [6561.306936 HC 0x102]
21-03-09 10:46:19.489 [6561.307691 HC 0x128]
21-03-09 10:46:19.492 [6561.308410 HC 0x12a]
21-03-09 10:46:19.608 [6561.427245 HC 0x11f]
21-03-09 10:46:19.609 [6561.428170 HC 0x11f err 3]
21-03-09 10:46:19.616 +[6561.435845 HC 0x06]
21-03-09 10:46:19.755 [6561.572957 HC 0x11f]
21-03-09 10:46:19.993 [6561.812473 MKBP not cleared within threshold, toggling.]
21-03-09 10:46:20.995 [6562.813396 MKBP not cleared within threshold, toggling.]
21-03-09 10:46:22.061 [6563.877827 HC 0x0b]
21-03-09 10:46:22.066 [6563.883279 HC 0x2d]
21-03-09 10:46:22.160 [6563.978262 HC 0x2d]
21-03-09 10:46:22.278 [6564.095606 power state 3 = S0, in 0x0039]
21-03-09 10:46:22.282 RTC: 0x000019bc (6588.00 s)
21-03-09 10:46:22.282 [6564.096573 power state 8 = S0->S3, in 0x0039]
21-03-09 10:46:22.288 [6564.097572 PD:S0->S3]
21-03-09 10:46:22.288 RTC: 0x000019bc (6588.00 s)
21-03-09 10:46:22.291 [6564.098352 power state 2 = S3, in 0x0039]
21-03-09 10:46:22.295 RTC: 0x000019bc (6588.00 s)
21-03-09 10:46:22.298 [6564.099215 power state 9 = S3->S5, in 0x0039]
21-03-09 10:46:22.301 [6564.099859 HC Suppressed: 0x97=4 0x98=22 0x113=17 0x103=21 0x115=0 0x2b=157 0x67=171]
21-03-09 10:46:22.311 [6564.129210 USB charge p0 m0 i0]
21-03-09 10:46:22.311 [6564.129794 USB charge p1 m0 i0]
21-03-09 10:46:22.315 [6564.130797 PD:S3->S5]
21-03-09 10:46:22.318 [6564.131274 VB hook_shutdown]
21-03-09 10:46:22.321 RTC: 0x000019bc (6588.00 s)
21-03-09 10:46:22.324 [6564.131992 power state 1 = S5, in 0x0039]
21-03-09 10:46:22.414 [6564.231434 Pen charge disable]
21-03-09 10:46:23.026 [6564.843283 MKBP not cleared within threshold, toggling.]
21-03-09 10:46:23.348 [6565.165460 power state 1 = S5, in 0x003f]
21-03-09 10:46:23.352 RTC: 0x000019bd (6589.00 s)
21-03-09 10:46:23.354 [6565.166429 power state 6 = S5->S3, in 0x003f]
21-03-09 10:46:23.358 [6565.168459 PD:S5->S3]
21-03-09 10:46:23.358 RTC: 0x000019bd (6589.00 s)
21-03-09 10:46:23.361 [6565.169193 power state 2 = S3, in 0x003f]
21-03-09 10:46:23.364 RTC: 0x000019bd (6589.00 s)
21-03-09 10:46:23.367 [6565.170062 power state 7 = S3->S0, in 0x003f]
21-03-09 10:46:23.374 [6565.174453 USB charge p0 m2 i0]
21-03-09 10:46:23.374 [6565.175000 USB charge p1 m2 i0]
21-03-09 10:46:23.377 [6565.178222 PD:S3->S0]
21-03-09 10:46:23.380 RTC: 0x000019bd (6589.00 s)
21-03-09 10:46:23.384 [6565.179008 power state 3 = S0, in 0x003f]
21-03-09 10:46:23.387 [6565.179704 Lid Accel: MS Done Init type:0x0 range:2]
21-03-09 10:46:23.393 [6565.200843 Base Accel: MS Done Init type:0x0 range:4]
21-03-09 10:46:23.396 [6565.203367 Base Gyro: MS Done Init type:0x1 range:1000]
21-03-09 10:46:23.403 [6565.204620 Lid Accel ODR: 10000 - roundup 1 from config 1 [AP 0]]
21-03-09 10:46:23.409 [6565.213857 C0: PE_VDM_Identity_Request_Cbl]
21-03-09 10:46:23.413 [6565.214500 C0: PE_SNK_Ready]
21-03-09 10:46:23.416 [6565.215262 C0: PE_INIT_PORT_VDM_Identity_Request]
21-03-09 10:46:23.419 [6565.217097 Base Accel ODR: 13000 - roundup 1 from config 1 [AP 0]]
21-03-09 10:46:23.426 [6565.223222 C0: PE_SNK_Ready]
21-03-09 10:46:23.429 [6565.231422 Base Gyro ODR: 0 - roundup 0 from config 0 [AP 0]]
21-03-09 10:46:23.452 [6565.269480 Pen charge disable]
21-03-09 10:46:23.557 [6565.374509 disable_adc_irqs_deferred]
21-03-09 10:46:23.560 [6565.375190 power state 3 = S0, in 0x007f]
21-03-09 10:46:23.916 [6565.733533 HC 0x0d]
21-03-09 10:46:23.919 [6565.737116 HC 0xa4]
21-03-09 10:46:24.027 [6565.844406 MKBP not cleared within threshold, toggling.]
21-03-09 10:46:24.248 [6566.064939 HC 0x4b]
21-03-09 10:46:24.248 [6566.065501 HC 0x4b err 4]
21-03-09 10:46:24.354 [6566.169326 HC 0xa0]
21-03-09 10:46:24.422 [6566.238686 HC 0x11f]
21-03-09 10:46:26.040 [6567.856405 MKBP not cleared within threshold, toggling.]
21-03-09 10:46:27.041 [6568.857319 MKBP not cleared within threshold, toggling.]
21-03-09 10:46:29.062 [6570.877634 MKBP not cleared within threshold, toggling.]
21-03-09 10:46:30.063 [6571.878562 MKBP not cleared within threshold, toggling.]
21-03-09 10:46:32.072 [6573.885661 MKBP not cleared within threshold, toggling.]
21-03-09 10:46:33.072 [6574.886669 MKBP not cleared within threshold, toggling.]
21-03-09 10:46:35.079 [6576.893594 MKBP not cleared within threshold, toggling.]
21-03-09 10:46:36.080 [6577.894526 MKBP not cleared within threshold, toggling.]
21-03-09 10:46:38.087 [6579.901651 MKBP not cleared within threshold, toggling.]
21-03-09 10:46:39.088 [6580.902557 MKBP not cleared within threshold, toggling.]
21-03-09 10:46:41.095 [6582.909647 MKBP not cleared within threshold, toggling.]
21-03-09 10:46:42.096 [6583.910892 MKBP not cleared within threshold, toggling.]
21-03-09 10:46:44.102 [6585.917374 MKBP not cleared within threshold, toggling.]
21-03-09 10:46:45.102 [6586.918277 MKBP not cleared within threshold, toggling.]
21-03-09 10:46:47.104 [6588.920500 MKBP not cleared within threshold, toggling.]
21-03-09 10:46:48.104 [6589.921426 MKBP not cleared within threshold, toggling.]
21-03-09 10:46:50.115 [6591.933522 MKBP not cleared within threshold, toggling.]
21-03-09 10:46:51.115 [6592.934763 MKBP not cleared within threshold, toggling.]
21-03-09 10:46:53.119 [6594.941390 MKBP not cleared within threshold, toggling.]
21-03-09 10:46:54.121 [6595.942744 MKBP not cleared within threshold, toggling.]
21-03-09 10:46:54.912 [6596.735421 HC 0x0d]
21-03-09 10:46:54.915 [6596.738960 HC 0xa4]
21-03-09 10:46:54.915 +++(++)[6596.904891 HC 0x0d]
21-03-09 10:46:55.082 [6596.905687 HC 0xa4]
21-03-09 10:46:55.086 [6596.906960 HC 0x67 err 9]
21-03-09 10:46:55.086 +[6596.921350 HC 0x121]
21-03-09 10:46:55.495 [6597.319455 HC 0x02]
21-03-09 10:46:55.578 [6597.401473 HC 0x102]
21-03-09 10:46:55.578 [6597.402226 HC 0x128]
21-03-09 10:46:55.581 [6597.403220 HC 0x12a]
21-03-09 10:46:55.698 [6597.522127 HC 0x11f]
21-03-09 10:46:55.698 [6597.522741 HC 0x11f err 3]
21-03-09 10:46:55.706 +[6597.530415 HC 0x06]
21-03-09 10:46:55.843 [6597.667633 HC 0x11f]
21-03-09 10:46:56.118 [6597.942071 MKBP not cleared within threshold, toggling.]
21-03-09 10:46:57.121 [6598.942994 MKBP not cleared within threshold, toggling.]
21-03-09 10:46:58.166 [6599.990098 HC 0x0b]
21-03-09 10:46:58.170 [6599.995551 HC 0x2d]
21-03-09 10:46:58.214 [6600.039650 HC 0x102]
21-03-09 10:46:58.214 [6600.040737 HC 0x11b]
21-03-09 10:46:58.217 [6600.041511 HC 0xb7]
21-03-09 10:46:58.217 [6600.042012 System unlocked, TCPC I2C tunnels may be unprotected]
21-03-09 10:46:58.462 [6600.289252 KB Clear Buffer]
21-03-09 10:46:58.463 [6600.290360 KB enable]
21-03-09 10:46:58.466 [6600.290830 KB Clear Buffer]
21-03-09 10:46:58.469 [6600.291487 KB scancode set to 1]
21-03-09 10:46:58.473 [6600.292137 KB Clear Buffer]
21-03-09 10:46:58.476 [6600.292792 KB Clear Buffer]
21-03-09 10:46:59.130 [6600.957394 MKBP not cleared within threshold, toggling.]
21-03-09 10:47:00.130 [6601.958652 MKBP not cleared within threshold, toggling.]
21-03-09 10:47:00.361 Port 80 writes:
21-03-09 10:47:00.361   0c 0d 13 15 7f 01 16 22 02 32 14 15 17 18 19 20 21 22 25 3f
21-03-09 10:47:00.367   43 44 4f 23 37 50 5f 40 41 42 47 80 81 82 83 61 63 03 04 05
21-03-09 10:47:00.373   06 07 0f 65 64 0f 6a 71 7f 99 72 24 25 55 73 94 94 74 75 75
21-03-09 10:47:00.377   75 75 75 75 75 75 75 75 75 75 75 75 75 75 75 75 75 75 75 75
21-03-09 10:47:00.384   75 75 75 75 75 75 75 75 75 75 75 75 75 75 75 75 75 75 75 75
21-03-09 10:47:00.390   75 75 75 75 75 75 75 75 76 77 79 9c 93 7a 95 05 25 95 88 01
21-03-09 10:47:00.393   02 03 04 89 fe 7b f8 aa <--new
21-03-09 10:47:00.754 [6602.582958 HC 0x2d]
21-03-09 10:47:00.758 [6602.587137 KS disable]
21-03-09 10:47:00.758 [6602.587634 KB Clear Buffer]
21-03-09 10:47:00.762 [6602.588626 KB disable]
21-03-09 10:47:00.762 [6602.589037 KB Clear Buffer]
21-03-09 10:47:01.029 [6602.856872 HC 0xa4]
21-03-09 10:47:01.029 [6602.858230 HC 0x67 err 9]
21-03-09 10:47:01.031 +[6603.613878 KB Clear Buffer]
21-03-09 10:47:01.785 [6603.614654 KB Clear Buffer]
21-03-09 10:47:01.788 [6603.615621 KB IRQ enable]
21-03-09 10:47:01.791 [6603.616433 KB enable]
21-03-09 10:47:01.794 [6603.617367 KB Clear Buffer]
21-03-09 10:47:01.794 [6603.619043 KS enable]
21-03-09 10:47:01.797 [6603.619529 KB Clear Buffer]
21-03-09 10:47:01.801 [6603.629238 HC 0x0b]
21-03-09 10:47:01.801 [6603.629962 HC 0x400b]
21-03-09 10:47:01.804 [6603.630499 HC 0x400b err 1]
21-03-09 10:47:01.807 [6603.631167 HC 0x08]
21-03-09 10:47:01.807 +[6603.632763 HC 0x8d]
21-03-09 10:47:01.810 [6603.634113 HC 0x0d]
21-03-09 10:47:01.821 [6603.635715 HC 0x102]
21-03-09 10:47:01.821 [6603.637132 HC 0x105]
21-03-09 10:47:01.821 [6603.638784 HC 0xa9]
21-03-09 10:47:01.821 [6603.639999 HC 0x112]
21-03-09 10:47:01.821 [6603.641427 HC 0x28]
21-03-09 10:47:01.824 [6603.641987 HC 0x28 err 1]
21-03-09 10:47:01.828 [6603.643138 HC 0xd3]
21-03-09 10:47:01.828 [6603.644100 HC 0x08]
21-03-09 10:47:01.831 [6603.648065 HC 0x121]
21-03-09 10:47:01.831 [6603.660934 HC 0x102]
21-03-09 10:47:01.836 [6603.661959 HC 0x111]
21-03-09 10:47:01.836 +++(++)[6605.706685 HC 0x112]
21-03-09 10:47:03.876 [6605.707641 HC 0x117]
21-03-09 10:47:04.381 [6606.212719 HC 0x112]
21-03-09 10:47:04.767 Port 80 writes:
21-03-09 10:47:04.767   0d 13 15 7f 01 16 22 02 32 14 15 17 18 19 20 21 22 25 3f 43
21-03-09 10:47:04.773   44 4f 23 37 50 5f 40 41 42 47 80 81 82 83 61 63 03 04 05 06
21-03-09 10:47:04.777   07 0f 65 64 0f 6a 71 7f 99 72 24 25 55 73 94 94 74 75 75 75
21-03-09 10:47:04.782   75 75 75 75 75 75 75 75 75 75 75 75 75 75 75 75 75 75 75 75
21-03-09 10:47:04.789   75 75 75 75 75 75 75 75 75 75 75 75 75 75 75 75 75 75 75 75
21-03-09 10:47:04.792   75 75 75 75 75 75 75 76 77 79 9c 93 7a 95 05 25 95 88 01 02
21-03-09 10:47:04.799   03 04 89 fe 7b f8 aa ab <--new
21-03-09 10:47:05.726 [6607.558701 HC 0x08]
21-03-09 10:47:05.730 +++[6610.865350 HC 0x08]
21-03-09 10:47:09.030 [6610.866436 HC 0x0d]
21-03-09 10:47:09.034 +[6610.868005 HC 0x102]
21-03-09 10:47:09.034 [6610.868951 HC 0x101]
21-03-09 10:47:09.037 [6610.870753 HC 0x133]
21-03-09 10:47:09.040 [6610.874294 HC 0x131]
21-03-09 10:47:09.040 [6610.876840 HC 0x11a]
21-03-09 10:47:10.878 [6612.714086 HC 0x02]
21-03-09 10:47:10.900 [6612.737748 HC 0x0b]
21-03-09 10:47:10.909 [6612.746881 HC 0x05]
21-03-09 10:47:11.062 [6612.899224 HC 0x121]
21-03-09 10:47:11.067 +[6613.134149 HC 0x05]
21-03-09 10:47:11.297 +[6613.136514 HC 0x02]
21-03-09 10:47:11.425 [6613.262925 HC 0x11b]
21-03-09 10:47:11.454 +[6613.292131 HC 0x11b err 3]
21-03-09 10:47:12.271 [6614.107951 HC 0x121]
21-03-09 10:47:12.271 +[6615.973278 HC 0x01]
21-03-09 10:47:14.135 [6615.975224 HC 0x0b]
21-03-09 10:47:14.138 [6615.976175 HC 0x02]
21-03-09 10:47:14.138 [6615.977483 HC 0x08]
21-03-09 10:47:14.141 [6615.978393 HC 0x10]
21-03-09 10:47:14.145 +[6615.984225 HC 0x05]
21-03-09 10:47:14.145 [6615.985511 HC 0x18]
21-03-09 10:47:14.147 [6615.986059 HC 0x18 err 1]
21-03-09 10:47:14.150 +[6615.987032 HC 0x18 err 1]
21-03-09 10:47:14.156 +[6615.988185 HC 0x18 err 1]
21-03-09 10:47:14.156 [6615.988917 HC 0x16]
21-03-09 10:47:14.157 +[6615.990173 HC 0x15]
21-03-09 10:47:14.368 [6616.206245 HC 0x02]
21-03-09 10:47:14.368 [6616.208037 HC 0x0b]
21-03-09 10:47:14.371 [6616.209273 HC 0x96]
21-03-09 10:47:15.000 [6616.840033 Battery 100% (Display 100.0 %) / ??h:?? to full, not accepting current]
21-03-09 10:47:16.675 [6618.516076 HC 0x02]
21-03-09 10:47:16.675 [6618.518282 HC 0x0b]
21-03-09 10:47:16.679 [6618.519848 HC 0x70]
21-03-09 10:47:16.679 +[6618.533523 HC 0x02]
21-03-09 10:47:16.696 [6618.537082 HC 0x0b]
21-03-09 10:47:18.436 [6620.278778 Battery 99% (Display 100.0 %) / 4h:5 to empty]
21-03-09 10:47:18.439 [6620.281918 charge_request(12768mV, 0mA)]
21-03-09 10:47:18.521 [6620.364488 HC 0x05]
21-03-09 10:47:18.521 +[6620.367107 HC 0x02]
21-03-09 10:47:18.842 [6620.684715 HC 0x02]
21-03-09 10:47:18.848 [6620.690744 HC 0x0b]
21-03-09 10:47:18.848 [6620.693537 HC 0x0d]
21-03-09 10:47:18.879 [6620.723016 HC 0x02]
21-03-09 10:47:18.879 [6620.724965 HC 0x0b]
21-03-09 10:47:18.882 [6620.726475 HC 0x70]
21-03-09 10:47:18.882 +[6620.854844 charge_request(12760mV, 0mA)]
21-03-09 10:47:20.730 [6622.575199 charge_request(12768mV, 0mA)]
21-03-09 10:47:22.452 [6624.298794 charge_request(12752mV, 0mA)]
21-03-09 10:47:22.512 [6624.359923 HC 0x121]
21-03-09 10:47:22.512 +[6624.672504 HC 0x02]
21-03-09 10:47:22.825 [6624.675239 HC 0x0b]
21-03-09 10:47:22.829 [6624.676329 HC 0x0d]
21-03-09 10:47:23.024 [6624.871587 charge_request(12760mV, 0mA)]
21-03-09 10:47:24.167 [6626.015960 charge_request(12768mV, 0mA)]
21-03-09 10:47:25.309 [6627.159009 charge_request(12752mV, 0mA)]
21-03-09 10:47:27.027 [6628.878303 charge_request(12760mV, 0mA)]
21-03-09 10:47:27.599 [6629.450763 charge_request(12792mV, 0mA)]
21-03-09 10:47:27.836 [6629.688834 HC 0x02]
21-03-09 10:47:27.836 [6629.690338 HC 0x0b]
21-03-09 10:47:27.840 [6629.691488 HC 0x0d]
21-03-09 10:47:28.171 [6630.024498 charge_request(12808mV, 0mA)]
21-03-09 10:47:30.459 [6632.313531 charge_request(12800mV, 0mA)]
21-03-09 10:47:31.031 [6632.886461 charge_request(12808mV, 0mA)]
21-03-09 10:47:31.907 [6633.762199 HC 0x02]
21-03-09 10:47:31.907 [6633.765201 HC 0x0b]
21-03-09 10:47:31.909 [6633.768488 HC 0x96]
21-03-09 10:47:32.178 [6634.034943 charge_request(12784mV, 0mA)]
21-03-09 10:47:32.752 [6634.609753 Battery 99% (Display 100.0 %) / 4h:26 to empty]
21-03-09 10:47:32.756 [6634.612854 charge_request(13048mV, 3568mA)]
21-03-09 10:47:36.381 [6638.240875 KB Clear Buffer]
21-03-09 10:47:36.381 [6638.241907 KB disable]
21-03-09 10:47:36.384 [6638.242376 KB IRQ disable]
21-03-09 10:47:37.060 [6638.921750 HC 0x0d]
21-03-09 10:47:37.063 [6638.925327 HC 0xa4]
21-03-09 10:47:37.200 [6639.062573 HC 0x0d]
21-03-09 10:47:37.204 [6639.066201 HC 0xa4]
21-03-09 10:47:37.227 [6639.088694 HC 0x11f]
21-03-09 10:47:40.510 [6642.375765 MKBP not cleared within threshold, toggling.]
21-03-09 10:47:41.511 [6643.376683 MKBP not cleared within threshold, toggling.]
21-03-09 10:47:43.543 [6645.410680 MKBP not cleared within threshold, toggling.]
21-03-09 10:47:44.544 [6646.411593 MKBP not cleared within threshold, toggling.]
21-03-09 10:47:46.576 [6648.446128 MKBP not cleared within threshold, toggling.]
21-03-09 10:47:47.578 [6649.447329 MKBP not cleared within threshold, toggling.]
21-03-09 10:47:49.583 [6651.453373 MKBP not cleared within threshold, toggling.]
21-03-09 10:47:50.583 [6652.454303 MKBP not cleared within threshold, toggling.]
21-03-09 10:47:52.590 [6654.461578 MKBP not cleared within threshold, toggling.]
21-03-09 10:47:53.591 [6655.462814 MKBP not cleared within threshold, toggling.]
21-03-09 10:47:55.186 [6657.059648 Battery 100% (Display 100.0 %) / 0h:9 to full, not accepting current]
21-03-09 10:47:55.193 [6657.062205 charge_request(13050mV, 0mA)]
21-03-09 10:47:55.592 [6657.465637 MKBP not cleared within threshold, toggling.]
21-03-09 10:47:56.593 [6658.466562 MKBP not cleared within threshold, toggling.]
21-03-09 10:47:58.603 [6660.477401 MKBP not cleared within threshold, toggling.]
21-03-09 10:47:59.604 [6661.478326 MKBP not cleared within threshold, toggling.]
21-03-09 10:48:01.610 [6663.485705 MKBP not cleared within threshold, toggling.]
21-03-09 10:48:02.610 [6664.486885 MKBP not cleared within threshold, toggling.]
21-03-09 10:48:04.617 [6666.493369 MKBP not cleared within threshold, toggling.]
21-03-09 10:48:05.615 [6667.494279 MKBP not cleared within threshold, toggling.]
21-03-09 10:48:05.684 [6667.564167 HC 0x0d]
21-03-09 10:48:05.688 [6667.567709 HC 0xa4]
21-03-09 10:48:07.620 [6669.501365 MKBP not cleared within threshold, toggling.]
21-03-09 10:48:07.781 [6669.663070 HC 0xa4]
21-03-09 10:48:07.781 +++(++)[6669.828847 HC 0x0d]
21-03-09 10:48:07.947 [6669.829647 HC 0xa4]
21-03-09 10:48:07.951 [6669.830923 HC 0x67 err 9]
21-03-09 10:48:07.951 +[6669.845321 HC 0x121]
21-03-09 10:48:08.376 [6670.257775 HC 0x02]
21-03-09 10:48:08.458 [6670.340168 HC 0x102]
21-03-09 10:48:08.458 [6670.340926 HC 0x128]
21-03-09 10:48:08.462 [6670.341642 HC 0x12a]
21-03-09 10:48:08.579 [6670.460513 HC 0x11f]
21-03-09 10:48:08.579 [6670.461127 HC 0x11f err 3]
21-03-09 10:48:08.586 +[6670.468811 HC 0x06]
21-03-09 10:48:08.725 [6670.606652 HC 0x11f]
21-03-09 10:48:08.955 [6670.837793 MKBP not cleared within threshold, toggling.]
21-03-09 10:48:09.955 [6671.839051 MKBP not cleared within threshold, toggling.]
21-03-09 10:48:11.044 [6672.926616 HC 0x0b]
21-03-09 10:48:11.048 [6672.932678 HC 0x2d]
21-03-09 10:48:11.144 [6673.027732 HC 0x2d]
21-03-09 10:48:11.260 [6673.145137 power state 3 = S0, in 0x0039]
21-03-09 10:48:11.264 RTC: 0x00001a2a (6698.00 s)
21-03-09 10:48:11.264 [6673.146103 power state 8 = S0->S3, in 0x0039]
21-03-09 10:48:11.271 [6673.147102 PD:S0->S3]
21-03-09 10:48:11.271 RTC: 0x00001a2a (6698.00 s)
21-03-09 10:48:11.273 [6673.147806 power state 2 = S3, in 0x0039]
21-03-09 10:48:11.277 RTC: 0x00001a2a (6698.00 s)
21-03-09 10:48:11.280 [6673.148723 power state 9 = S3->S5, in 0x0039]
21-03-09 10:48:11.284 [6673.149425 HC Suppressed: 0x97=4 0x98=21 0x113=18 0x103=22 0x115=0 0x2b=157 0x67=169]
21-03-09 10:48:11.293 [6673.178711 USB charge p0 m0 i0]
21-03-09 10:48:11.297 [6673.179296 USB charge p1 m0 i0]
21-03-09 10:48:11.300 [6673.180301 PD:S3->S5]
21-03-09 10:48:11.300 [6673.180777 VB hook_shutdown]
21-03-09 10:48:11.303 RTC: 0x00001a2a (6698.00 s)
21-03-09 10:48:11.306 [6673.181495 power state 1 = S5, in 0x0039]
21-03-09 10:48:11.396 [6673.280936 Pen charge disable]
21-03-09 10:48:11.969 [6673.853366 MKBP not cleared within threshold, toggling.]
21-03-09 10:48:12.303 [6674.188013 power state 1 = S5, in 0x003f]
21-03-09 10:48:12.307 RTC: 0x00001a2b (6699.00 s)
21-03-09 10:48:12.307 [6674.188983 power state 6 = S5->S3, in 0x003f]
21-03-09 10:48:12.313 [6674.190644 PD:S5->S3]
21-03-09 10:48:12.313 RTC: 0x00001a2b (6699.00 s)
21-03-09 10:48:12.316 [6674.191427 power state 2 = S3, in 0x003f]
21-03-09 10:48:12.319 RTC: 0x00001a2b (6699.00 s)
21-03-09 10:48:12.323 [6674.192368 power state 7 = S3->S0, in 0x003f]
21-03-09 10:48:12.326 [6674.197899 USB charge p0 m2 i0]
21-03-09 10:48:12.329 [6674.198420 USB charge p1 m2 i0]
21-03-09 10:48:12.332 [6674.201555 PD:S3->S0]
21-03-09 10:48:12.336 RTC: 0x00001a2b (6699.00 s)
21-03-09 10:48:12.338 [6674.202326 power state 3 = S0, in 0x003f]
21-03-09 10:48:12.342 [6674.203042 Lid Accel: MS Done Init type:0x0 range:2]
21-03-09 10:48:12.345 [6674.224161 Base Accel: MS Done Init type:0x0 range:4]
21-03-09 10:48:12.352 [6674.226576 Base Gyro: MS Done Init type:0x1 range:1000]
21-03-09 10:48:12.355 [6674.227822 Lid Accel ODR: 10000 - roundup 1 from config 1 [AP 0]]
21-03-09 10:48:12.362 [6674.237990 Base Accel ODR: 13000 - roundup 1 from config 1 [AP 0]]
21-03-09 10:48:12.368 [6674.242299 C0: PE_VDM_Identity_Request_Cbl]
21-03-09 10:48:12.371 [6674.242933 C0: PE_SNK_Ready]
21-03-09 10:48:12.375 [6674.243571 C0: PE_INIT_PORT_VDM_Identity_Request]
21-03-09 10:48:12.381 [6674.245523 Base Gyro ODR: 0 - roundup 0 from config 0 [AP 0]]
21-03-09 10:48:12.384 [6674.251545 C0: PE_SNK_Ready]
21-03-09 10:48:12.407 [6674.291607 Pen charge disable]
21-03-09 10:48:12.512 [6674.397937 disable_adc_irqs_deferred]
21-03-09 10:48:12.515 [6674.398619 power state 3 = S0, in 0x007f]
21-03-09 10:48:12.870 [6674.755142 HC 0x0d]
21-03-09 10:48:12.873 [6674.758783 HC 0xa4]
21-03-09 10:48:12.968 [6674.854295 MKBP not cleared within threshold, toggling.]
21-03-09 10:48:13.202 [6675.087001 HC 0x4b]
21-03-09 10:48:13.202 [6675.087563 HC 0x4b err 4]
21-03-09 10:48:13.304 [6675.190433 HC 0xa0]
21-03-09 10:48:13.375 [6675.260358 HC 0x11f]
21-03-09 10:48:14.993 [6676.880893 MKBP not cleared within threshold, toggling.]
21-03-09 10:48:15.993 [6677.881805 MKBP not cleared within threshold, toggling.]
21-03-09 10:48:18.010 [6679.900586 MKBP not cleared within threshold, toggling.]
21-03-09 10:48:19.010 [6680.902240 MKBP not cleared within threshold, toggling.]
21-03-09 10:48:21.016 [6682.909895 MKBP not cleared within threshold, toggling.]
21-03-09 10:48:22.016 [6683.910817 MKBP not cleared within threshold, toggling.]
21-03-09 10:48:24.020 [6685.916871 MKBP not cleared within threshold, toggling.]
21-03-09 10:48:25.020 [6686.917793 MKBP not cleared within threshold, toggling.]
21-03-09 10:48:27.025 [6688.924732 MKBP not cleared within threshold, toggling.]
21-03-09 10:48:28.026 [6689.925646 MKBP not cleared within threshold, toggling.]
21-03-09 10:48:30.029 [6691.929985 MKBP not cleared within threshold, toggling.]
21-03-09 10:48:31.030 [6692.931186 MKBP not cleared within threshold, toggling.]
21-03-09 10:48:33.040 [6694.940581 MKBP not cleared within threshold, toggling.]
21-03-09 10:48:34.040 [6695.941513 MKBP not cleared within threshold, toggling.]
21-03-09 10:48:36.048 [6697.948582 MKBP not cleared within threshold, toggling.]
21-03-09 10:48:37.049 [6698.949487 MKBP not cleared within threshold, toggling.]
21-03-09 10:48:39.057 [6700.956588 MKBP not cleared within threshold, toggling.]
21-03-09 10:48:40.059 [6701.957513 MKBP not cleared within threshold, toggling.]
21-03-09 10:48:42.067 [6703.964867 MKBP not cleared within threshold, toggling.]
21-03-09 10:48:43.069 [6704.965765 MKBP not cleared within threshold, toggling.]
21-03-09 10:48:44.097 [6705.992913 HC 0x0d]
21-03-09 10:48:44.102 [6705.996501 HC 0xa4]
21-03-09 10:48:44.102 +++(++)[6706.162358 HC 0x0d]
21-03-09 10:48:44.266 [6706.163157 HC 0xa4]
21-03-09 10:48:44.270 [6706.164881 HC 0x67 err 9]
21-03-09 10:48:44.270 +[6706.179034 HC 0x121]
21-03-09 10:48:44.738 [6706.633294 HC 0x02]
21-03-09 10:48:44.820 [6706.715259 HC 0x102]
21-03-09 10:48:44.820 [6706.716014 HC 0x128]
21-03-09 10:48:44.823 [6706.717069 HC 0x12a]
21-03-09 10:48:44.941 [6706.835805 HC 0x11f]
21-03-09 10:48:44.941 [6706.836419 HC 0x11f err 3]
21-03-09 10:48:44.948 +[6706.844094 HC 0x06]
21-03-09 10:48:45.086 [6706.981094 HC 0x11f]
21-03-09 10:48:45.272 [6707.166480 MKBP not cleared within threshold, toggling.]
21-03-09 10:48:46.272 [6708.167387 MKBP not cleared within threshold, toggling.]
21-03-09 10:48:47.418 [6709.309685 HC 0x0b]
21-03-09 10:48:47.421 [6709.315132 HC 0x2d]
21-03-09 10:48:47.465 [6709.359186 HC 0x102]
21-03-09 10:48:47.465 [6709.360214 HC 0x11b]
21-03-09 10:48:47.469 [6709.360985 HC 0xb7]
21-03-09 10:48:47.469 [6709.361484 System unlocked, TCPC I2C tunnels may be unprotected]
21-03-09 10:48:47.716 [6709.610155 KB Clear Buffer]
21-03-09 10:48:47.716 [6709.611261 KB enable]
21-03-09 10:48:47.719 [6709.611730 KB Clear Buffer]
21-03-09 10:48:47.722 [6709.612770 KB scancode set to 1]
21-03-09 10:48:47.726 [6709.613500 KB Clear Buffer]
21-03-09 10:48:47.729 [6709.614161 KB Clear Buffer]
21-03-09 10:48:48.279 [6710.172596 MKBP not cleared within threshold, toggling.]
21-03-09 10:48:49.280 [6711.173505 MKBP not cleared within threshold, toggling.]
21-03-09 10:48:49.608 Port 80 writes:
21-03-09 10:48:49.608   0c 0d 13 15 7f 01 16 22 02 32 14 15 17 18 19 20 21 22 25 3f
21-03-09 10:48:49.614   43 44 4f 23 37 50 5f 40 41 42 47 80 81 82 83 61 63 03 04 05
21-03-09 10:48:49.618   06 07 0f 65 64 0f 6a 71 7f 99 72 24 25 55 73 94 94 74 75 75
21-03-09 10:48:49.624   75 75 75 75 75 75 75 75 75 75 75 75 75 75 75 75 75 75 75 75
21-03-09 10:48:49.631   75 75 75 75 75 75 75 75 75 75 75 75 75 75 75 75 75 75 75 75
21-03-09 10:48:49.634   75 75 75 75 75 75 75 75 76 77 79 9c 93 7a 95 05 25 95 88 01
21-03-09 10:48:49.641   02 03 04 89 fe 7b f8 aa <--new
21-03-09 10:48:50.008 [6711.900666 HC 0x2d]
21-03-09 10:48:50.012 [6711.904808 KS disable]
21-03-09 10:48:50.012 [6711.905303 KB Clear Buffer]
21-03-09 10:48:50.016 [6711.905914 KB disable]
21-03-09 10:48:50.016 [6711.906319 KB Clear Buffer]
21-03-09 10:48:50.281 [6712.173346 HC 0xa4]
21-03-09 10:48:50.281 [6712.174780 HC 0x67 err 9]
21-03-09 10:48:50.284 +[6712.940014 KB Clear Buffer]
21-03-09 10:48:51.048 [6712.940794 KB Clear Buffer]
21-03-09 10:48:51.051 [6712.942151 KB IRQ enable]
21-03-09 10:48:51.055 [6712.942648 KB enable]
21-03-09 10:48:51.058 [6712.943519 KB Clear Buffer]
21-03-09 10:48:51.058 [6712.945177 KS enable]
21-03-09 10:48:51.061 [6712.945665 KB Clear Buffer]
21-03-09 10:48:51.065 [6712.955963 HC 0x0b]
21-03-09 10:48:51.065 [6712.957001 HC 0x400b]
21-03-09 10:48:51.068 [6712.957555 HC 0x400b err 1]
21-03-09 10:48:51.072 [6712.958387 HC 0x08]
21-03-09 10:48:51.075 +[6712.959686 HC 0x8d]
21-03-09 10:48:51.075 [6712.961335 HC 0x0d]
21-03-09 10:48:51.087 [6712.962920 HC 0x102]
21-03-09 10:48:51.087 [6712.963968 HC 0x105]
21-03-09 10:48:51.087 [6712.965661 HC 0xa9]
21-03-09 10:48:51.087 [6712.966776 HC 0x112]
21-03-09 10:48:51.087 [6712.968548 HC 0x28]
21-03-09 10:48:51.091 [6712.969157 HC 0x28 err 1]
21-03-09 10:48:51.091 [6712.970186 HC 0xd3]
21-03-09 10:48:51.092 [6712.971085 HC 0x08]
21-03-09 10:48:51.092 [6712.975062 HC 0x121]
21-03-09 10:48:51.096 [6712.989287 HC 0x102]
21-03-09 10:48:51.100 [6712.990250 HC 0x111]
21-03-09 10:48:51.100 +++(++)[6715.018980 HC 0x112]
21-03-09 10:48:53.129 [6715.019941 HC 0x117]
21-03-09 10:48:53.634 [6715.524306 HC 0x112]
21-03-09 10:48:54.026 Port 80 writes:
21-03-09 10:48:54.026   0d 13 15 7f 01 16 22 02 32 14 15 17 18 19 20 21 22 25 3f 43
21-03-09 10:48:54.033   44 4f 23 37 50 5f 40 41 42 47 80 81 82 83 61 63 03 04 05 06
21-03-09 10:48:54.039   07 0f 65 64 0f 6a 71 7f 99 72 24 25 55 73 94 94 74 75 75 75
21-03-09 10:48:54.042   75 75 75 75 75 75 75 75 75 75 75 75 75 75 75 75 75 75 75 75
21-03-09 10:48:54.049   75 75 75 75 75 75 75 75 75 75 75 75 75 75 75 75 75 75 75 75
21-03-09 10:48:54.054   75 75 75 75 75 75 75 76 77 79 9c 93 7a 95 05 25 95 88 01 02
21-03-09 10:48:54.058   03 04 89 fe 7b f8 aa ab <--new
21-03-09 10:48:55.027 [6716.915509 HC 0x08]
21-03-09 10:48:55.032 +++[6720.588207 HC 0x08]
21-03-09 10:48:58.700 [6720.589017 HC 0x0d]
21-03-09 10:48:58.703 +[6720.594048 HC 0x102]
21-03-09 10:48:58.706 [6720.596695 HC 0x101]
21-03-09 10:48:58.709 [6720.599252 HC 0x133]
21-03-09 10:48:58.713 [6720.603766 HC 0x131]
21-03-09 10:48:58.716 [6720.605595 HC 0x11a]
21-03-09 10:49:00.388 [6722.277144 HC 0x02]
21-03-09 10:49:00.399 [6722.287066 HC 0x0b]
21-03-09 10:49:00.404 [6722.292841 HC 0x05]
21-03-09 10:49:00.556 [6722.444592 HC 0x121]
21-03-09 10:49:00.556 +[6722.617979 HC 0x05]
21-03-09 10:49:00.737 +[6722.629715 HC 0x02]
21-03-09 10:49:00.868 [6722.757021 HC 0x11b]
21-03-09 10:49:00.898 +[6722.787319 HC 0x11b err 3]
21-03-09 10:49:01.523 [6723.410932 HC 0x121]
21-03-09 10:49:01.523 +[6725.692071 HC 0x02]
21-03-09 10:49:03.813 [6725.700209 HC 0x0b]
21-03-09 10:49:03.818 [6725.703758 HC 0x96]
21-03-09 10:49:04.530 [6726.417649 Battery 100% (Display 100.0 %) / 12h:12 to empty, not accepting current]
21-03-09 10:49:06.356 [6728.243285 HC 0x01]
21-03-09 10:49:06.356 [6728.244208 HC 0x0b]
21-03-09 10:49:06.360 [6728.245147 HC 0x02]
21-03-09 10:49:06.360 [6728.246823 HC 0x08]
21-03-09 10:49:06.362 [6728.248813 HC 0x10]
21-03-09 10:49:06.366 +[6728.250299 HC 0x05]
21-03-09 10:49:06.366 [6728.252283 HC 0x18]
21-03-09 10:49:06.369 [6728.252885 HC 0x18 err 1]
21-03-09 10:49:06.372 +[6728.253819 HC 0x18 err 1]
21-03-09 10:49:06.372 +[6728.254698 HC 0x18 err 1]
21-03-09 10:49:06.376 [6728.255414 HC 0x16]
21-03-09 10:49:06.379 +[6728.257118 HC 0x15]
21-03-09 10:49:06.577 [6728.461589 HC 0x02]
21-03-09 10:49:06.581 [6728.468645 HC 0x0b]
21-03-09 10:49:06.581 [6728.469620 HC 0x70]
21-03-09 10:49:06.585 +[6728.479921 HC 0x02]
21-03-09 10:49:06.599 [6728.485289 HC 0x0b]
21-03-09 10:49:07.968 [6729.854497 Battery 99% (Display 100.0 %) / 4h:3 to empty]
21-03-09 10:49:07.971 [6729.857839 charge_request(12768mV, 0mA)]
21-03-09 10:49:08.189 [6730.075907 HC 0x05]
21-03-09 10:49:08.189 +[6730.080330 HC 0x02]
21-03-09 10:49:08.423 [6730.309929 HC 0x02]
21-03-09 10:49:08.423 [6730.311564 HC 0x0b]
21-03-09 10:49:08.427 [6730.312490 HC 0x0d]
21-03-09 10:49:08.447 [6730.334734 HC 0x02]
21-03-09 10:49:08.453 [6730.340432 HC 0x0b]
21-03-09 10:49:08.453 [6730.341438 HC 0x70]
21-03-09 10:49:08.456 +[6730.430821 charge_request(12760mV, 0mA)]
21-03-09 10:49:10.262 [6732.149516 charge_request(12768mV, 0mA)]
21-03-09 10:49:11.409 [6733.296040 charge_request(12760mV, 0mA)]
21-03-09 10:49:11.763 [6733.650056 HC 0x121]
21-03-09 10:49:11.764 +[6734.366288 HC 0x02]
21-03-09 10:49:12.480 [6734.369282 HC 0x0b]
21-03-09 10:49:12.483 [6734.370328 HC 0x0d]
21-03-09 10:49:13.701 [6735.587983 charge_request(12768mV, 0mA)]
21-03-09 10:49:14.274 [6736.160675 charge_request(12752mV, 0mA)]
21-03-09 10:49:14.848 [6736.734869 charge_request(12760mV, 0mA)]
21-03-09 10:49:15.992 [6737.878015 charge_request(12752mV, 0mA)]
21-03-09 10:49:16.565 [6738.450943 charge_request(12760mV, 0mA)]
21-03-09 10:49:17.137 [6739.023237 charge_request(12752mV, 0mA)]
21-03-09 10:49:17.458 [6739.343716 HC 0x02]
21-03-09 10:49:17.458 [6739.345201 HC 0x0b]
21-03-09 10:49:17.462 [6739.346151 HC 0x0d]
21-03-09 10:49:17.711 [6739.597288 charge_request(12792mV, 0mA)]
21-03-09 10:49:18.286 [6740.172234 charge_request(12808mV, 0mA)]
21-03-09 10:49:19.432 [6741.317960 charge_request(12776mV, 0mA)]
21-03-09 10:49:20.006 [6741.890029 charge_request(12808mV, 0mA)]
21-03-09 10:49:20.579 [6742.464216 charge_request(12800mV, 0mA)]
21-03-09 10:49:21.155 [6743.040180 charge_request(12808mV, 0mA)]
21-03-09 10:49:21.797 [6743.682240 HC 0x02]
21-03-09 10:49:21.797 [6743.683837 HC 0x0b]
21-03-09 10:49:21.801 [6743.685005 HC 0x96]
21-03-09 10:49:22.001 [6743.884858 HC 0x121]
21-03-09 10:49:22.001 +[6744.185046 charge_request(12784mV, 0mA)]
21-03-09 10:49:22.880 [6744.765352 Battery 99% (Display 100.0 %) / 5h:11 to empty]
21-03-09 10:49:22.884 [6744.768448 charge_request(13048mV, 3568mA)]
21-03-09 10:49:25.958 [6747.842934 KB Clear Buffer]
21-03-09 10:49:25.959 [6747.844216 KB disable]
21-03-09 10:49:25.962 [6747.844721 KB IRQ disable]
21-03-09 10:49:26.637 [6748.521330 HC 0x0d]
21-03-09 10:49:26.640 [6748.524943 HC 0xa4]
21-03-09 10:49:26.777 [6748.662093 HC 0x0d]
21-03-09 10:49:26.781 [6748.665717 HC 0xa4]
21-03-09 10:49:26.803 [6748.688219 HC 0x11f]
21-03-09 10:49:29.836 [6751.719202 MKBP not cleared within threshold, toggling.]
21-03-09 10:49:30.838 [6752.720810 MKBP not cleared within threshold, toggling.]
21-03-09 10:49:32.865 [6754.746984 MKBP not cleared within threshold, toggling.]
21-03-09 10:49:33.867 [6755.748233 MKBP not cleared within threshold, toggling.]
21-03-09 10:49:35.897 [6757.776138 MKBP not cleared within threshold, toggling.]
21-03-09 10:49:36.898 [6758.777048 MKBP not cleared within threshold, toggling.]
21-03-09 10:49:38.919 [6760.796673 MKBP not cleared within threshold, toggling.]
21-03-09 10:49:39.921 [6761.797575 MKBP not cleared within threshold, toggling.]
21-03-09 10:49:41.930 [6763.804891 MKBP not cleared within threshold, toggling.]
21-03-09 10:49:42.931 [6764.805796 MKBP not cleared within threshold, toggling.]
21-03-09 10:49:44.939 [6766.812582 MKBP not cleared within threshold, toggling.]
21-03-09 10:49:45.339 [6767.211903 Battery 100% (Display 100.0 %) / 0h:9 to full, not accepting current]
21-03-09 10:49:45.346 [6767.215140 charge_request(13050mV, 0mA)]
21-03-09 10:49:45.941 [6767.813644 MKBP not cleared within threshold, toggling.]
21-03-09 10:49:47.949 [6769.820594 MKBP not cleared within threshold, toggling.]
21-03-09 10:49:48.950 [6770.821510 MKBP not cleared within threshold, toggling.]
21-03-09 10:49:50.958 [6772.828575 MKBP not cleared within threshold, toggling.]
21-03-09 10:49:51.960 [6773.829493 MKBP not cleared within threshold, toggling.]
21-03-09 10:49:53.967 [6775.836574 MKBP not cleared within threshold, toggling.]
21-03-09 10:49:54.970 [6776.837471 MKBP not cleared within threshold, toggling.]
21-03-09 10:49:55.383 [6777.249248 HC 0x0d]
21-03-09 10:49:55.383 [6777.252783 HC 0xa4]
21-03-09 10:49:56.978 [6778.844902 MKBP not cleared within threshold, toggling.]
21-03-09 10:49:57.481 [6779.346857 HC 0xa4]
21-03-09 10:49:57.481 +++(++)[6779.513589 HC 0x0d]
21-03-09 10:49:57.647 [6779.514384 HC 0xa4]
21-03-09 10:49:57.651 [6779.515661 HC 0x67 err 9]
21-03-09 10:49:57.651 +[6779.529729 HC 0x121]
21-03-09 10:49:58.076 [6779.941961 HC 0x02]
21-03-09 10:49:58.159 [6780.024027 HC 0x102]
21-03-09 10:49:58.159 [6780.025095 HC 0x128]
21-03-09 10:49:58.162 [6780.025815 HC 0x12a]
21-03-09 10:49:58.279 [6780.144562 HC 0x11f]
21-03-09 10:49:58.279 [6780.145178 HC 0x11f err 3]
21-03-09 10:49:58.287 +[6780.153117 HC 0x06]
21-03-09 10:49:58.425 [6780.290200 HC 0x11f]
21-03-09 10:49:58.667 [6780.532658 MKBP not cleared within threshold, toggling.]
21-03-09 10:49:59.669 [6781.533568 MKBP not cleared within threshold, toggling.]
21-03-09 10:50:00.759 [6782.620963 HC 0x0b]
21-03-09 10:50:00.763 [6782.626410 HC 0x2d]
21-03-09 10:50:00.858 [6782.721405 HC 0x2d]
21-03-09 10:50:00.975 [6782.838844 power state 3 = S0, in 0x0039]
21-03-09 10:50:00.978 RTC: 0x00001a98 (6808.00 s)
21-03-09 10:50:00.978 [6782.839809 power state 8 = S0->S3, in 0x0039]
21-03-09 10:50:00.985 [6782.840809 PD:S0->S3]
21-03-09 10:50:00.985 RTC: 0x00001a98 (6808.00 s)
21-03-09 10:50:00.989 [6782.841565 power state 2 = S3, in 0x0039]
21-03-09 10:50:00.992 RTC: 0x00001a98 (6808.00 s)
21-03-09 10:50:00.995 [6782.842427 power state 9 = S3->S5, in 0x0039]
21-03-09 10:50:00.998 [6782.843071 HC Suppressed: 0x97=4 0x98=22 0x113=18 0x103=23 0x115=0 0x2b=157 0x67=170]
21-03-09 10:50:01.008 [6782.872451 USB charge p0 m0 i0]
21-03-09 10:50:01.012 [6782.873035 USB charge p1 m0 i0]
21-03-09 10:50:01.015 [6782.874039 PD:S3->S5]
21-03-09 10:50:01.015 [6782.874514 VB hook_shutdown]
21-03-09 10:50:01.018 RTC: 0x00001a98 (6808.00 s)
21-03-09 10:50:01.021 [6782.875231 power state 1 = S5, in 0x0039]
21-03-09 10:50:01.111 [6782.974690 Pen charge disable]
21-03-09 10:50:01.698 [6783.560553 MKBP not cleared within threshold, toggling.]
21-03-09 10:50:02.060 [6783.923456 power state 1 = S5, in 0x003f]
21-03-09 10:50:02.064 RTC: 0x00001a99 (6809.00 s)
21-03-09 10:50:02.064 [6783.924425 power state 6 = S5->S3, in 0x003f]
21-03-09 10:50:02.071 [6783.926193 PD:S5->S3]
21-03-09 10:50:02.071 RTC: 0x00001a99 (6809.00 s)
21-03-09 10:50:02.074 [6783.927009 power state 2 = S3, in 0x003f]
21-03-09 10:50:02.077 RTC: 0x00001a99 (6809.00 s)
21-03-09 10:50:02.080 [6783.927901 power state 7 = S3->S0, in 0x003f]
21-03-09 10:50:02.083 [6783.933434 USB charge p0 m2 i0]
21-03-09 10:50:02.086 [6783.933955 USB charge p1 m2 i0]
21-03-09 10:50:02.090 [6783.938457 PD:S3->S0]
21-03-09 10:50:02.093 RTC: 0x00001a99 (6809.00 s)
21-03-09 10:50:02.097 [6783.939197 power state 3 = S0, in 0x003f]
21-03-09 10:50:02.100 [6783.940631 Lid Accel: MS Done Init type:0x0 range:2]
21-03-09 10:50:02.103 [6783.962976 Base Accel: MS Done Init type:0x0 range:4]
21-03-09 10:50:02.109 [6783.965594 Base Gyro: MS Done Init type:0x1 range:1000]
21-03-09 10:50:02.116 [6783.966894 Lid Accel ODR: 10000 - roundup 1 from config 1 [AP 0]]
21-03-09 10:50:02.119 [6783.977099 Base Accel ODR: 13000 - roundup 1 from config 1 [AP 0]]
21-03-09 10:50:02.126 [6783.979182 C0: PE_VDM_Identity_Request_Cbl]
21-03-09 10:50:02.129 [6783.979969 C0: PE_SNK_Ready]
21-03-09 10:50:02.132 [6783.980678 C0: PE_INIT_PORT_VDM_Identity_Request]
21-03-09 10:50:02.139 [6783.988782 C0: PE_SNK_Ready]
21-03-09 10:50:02.142 [6783.993880 Base Gyro ODR: 0 - roundup 0 from config 0 [AP 0]]
21-03-09 10:50:02.164 [6784.026905 Pen charge disable]
21-03-09 10:50:02.270 [6784.133487 disable_adc_irqs_deferred]
21-03-09 10:50:02.274 [6784.134168 power state 3 = S0, in 0x007f]
21-03-09 10:50:02.626 [6784.489170 HC 0x0d]
21-03-09 10:50:02.630 [6784.493080 HC 0xa4]
21-03-09 10:50:02.699 [6784.561463 MKBP not cleared within threshold, toggling.]
21-03-09 10:50:02.958 [6784.820438 HC 0x4b]
21-03-09 10:50:02.958 [6784.821000 HC 0x4b err 4]
21-03-09 10:50:03.064 [6784.924923 HC 0xa0]
21-03-09 10:50:03.132 [6784.994331 HC 0x11f]
21-03-09 10:50:04.706 [6786.567638 MKBP not cleared within threshold, toggling.]
21-03-09 10:50:05.708 [6787.568561 MKBP not cleared within threshold, toggling.]
21-03-09 10:50:07.716 [6789.575652 MKBP not cleared within threshold, toggling.]
21-03-09 10:50:08.717 [6790.576561 MKBP not cleared within threshold, toggling.]
21-03-09 10:50:10.725 [6792.583635 MKBP not cleared within threshold, toggling.]
21-03-09 10:50:11.727 [6793.584866 MKBP not cleared within threshold, toggling.]
21-03-09 10:50:13.735 [6795.591618 MKBP not cleared within threshold, toggling.]
21-03-09 10:50:14.736 [6796.592510 MKBP not cleared within threshold, toggling.]
21-03-09 10:50:16.744 [6798.600068 MKBP not cleared within threshold, toggling.]
21-03-09 10:50:17.746 [6799.600999 MKBP not cleared within threshold, toggling.]
21-03-09 10:50:19.754 [6801.607965 MKBP not cleared within threshold, toggling.]
21-03-09 10:50:20.755 [6802.608893 MKBP not cleared within threshold, toggling.]
21-03-09 10:50:22.762 [6804.615690 MKBP not cleared within threshold, toggling.]
21-03-09 10:50:23.763 [6805.616621 MKBP not cleared within threshold, toggling.]
21-03-09 10:50:25.768 [6807.620067 MKBP not cleared within threshold, toggling.]
21-03-09 10:50:26.768 [6808.620972 MKBP not cleared within threshold, toggling.]
21-03-09 10:50:28.778 [6810.631957 MKBP not cleared within threshold, toggling.]
21-03-09 10:50:29.779 [6811.633205 MKBP not cleared within threshold, toggling.]
21-03-09 10:50:31.787 [6813.641576 MKBP not cleared within threshold, toggling.]
21-03-09 10:50:32.788 [6814.642781 MKBP not cleared within threshold, toggling.]
21-03-09 10:50:34.196 [6816.051769 HC 0x0d]
21-03-09 10:50:34.200 [6816.055307 HC 0xa4]
21-03-09 10:50:34.200 +++(++)[6816.221713 HC 0x0d]
21-03-09 10:50:34.366 [6816.222546 HC 0xa4]
21-03-09 10:50:34.371 [6816.223872 HC 0x67 err 9]
21-03-09 10:50:34.371 +[6816.238408 HC 0x121]
21-03-09 10:50:34.781 [6816.636858 HC 0x02]
21-03-09 10:50:34.864 [6816.718933 HC 0x102]
21-03-09 10:50:34.864 [6816.719688 HC 0x128]
21-03-09 10:50:34.867 [6816.720742 HC 0x12a]
21-03-09 10:50:34.985 [6816.839658 HC 0x11f]
21-03-09 10:50:34.985 [6816.840272 HC 0x11f err 3]
21-03-09 10:50:34.992 +[6816.847956 HC 0x06]
21-03-09 10:50:35.130 [6816.985280 HC 0x11f]
21-03-09 10:50:35.370 [6817.225771 MKBP not cleared within threshold, toggling.]
21-03-09 10:50:36.371 [6818.226964 MKBP not cleared within threshold, toggling.]
21-03-09 10:50:37.471 [6819.324544 HC 0x0b]
21-03-09 10:50:37.474 [6819.330004 HC 0x2d]
21-03-09 10:50:37.519 [6819.374154 HC 0x102]
21-03-09 10:50:37.519 [6819.374909 HC 0x11b]
21-03-09 10:50:37.522 [6819.375687 HC 0xb7]
21-03-09 10:50:37.522 [6819.376186 System unlocked, TCPC I2C tunnels may be unprotected]
21-03-09 10:50:37.767 [6819.623156 KB Clear Buffer]
21-03-09 10:50:37.767 [6819.624344 KB enable]
21-03-09 10:50:37.770 [6819.625138 KB Clear Buffer]
21-03-09 10:50:37.774 [6819.625845 KB scancode set to 1]
21-03-09 10:50:37.777 [6819.626493 KB Clear Buffer]
21-03-09 10:50:37.780 [6819.627150 KB Clear Buffer]
21-03-09 10:50:38.378 [6820.231672 MKBP not cleared within threshold, toggling.]
21-03-09 10:50:39.379 [6821.232755 MKBP not cleared within threshold, toggling.]
21-03-09 10:50:39.648 Port 80 writes:
21-03-09 10:50:39.648   0c 0d 13 15 7f 01 16 22 02 32 14 15 17 18 19 20 21 22 25 3f
21-03-09 10:50:39.651   43 44 4f 23 37 50 5f 40 41 42 47 80 81 82 83 61 63 03 04 05
21-03-09 10:50:39.658   06 07 0f 65 64 0f 6a 71 7f 99 72 24 25 55 73 94 94 74 75 75
21-03-09 10:50:39.665   75 75 75 75 75 75 75 75 75 75 75 75 75 75 75 75 75 75 75 75
21-03-09 10:50:39.668   75 75 75 75 75 75 75 75 75 75 75 75 75 75 75 75 75 75 75 75
21-03-09 10:50:39.675   75 75 75 75 75 75 75 75 76 77 79 9c 93 7a 95 05 25 95 88 01
21-03-09 10:50:39.681   02 03 04 89 fe 7b f8 aa <--new
21-03-09 10:50:40.059 [6821.915663 HC 0x2d]
21-03-09 10:50:40.063 [6821.919815 KS disable]
21-03-09 10:50:40.063 [6821.920353 KB Clear Buffer]
21-03-09 10:50:40.067 [6821.920997 KB disable]
21-03-09 10:50:40.067 [6821.921402 KB Clear Buffer]
21-03-09 10:50:40.341 [6822.197252 HC 0xa4]
21-03-09 10:50:40.341 [6822.198612 HC 0x67 err 9]
21-03-09 10:50:40.346 +[6822.947638 KB Clear Buffer]
21-03-09 10:50:41.092 [6822.948419 KB Clear Buffer]
21-03-09 10:50:41.095 [6822.949355 KB IRQ enable]
21-03-09 10:50:41.098 [6822.949843 KB enable]
21-03-09 10:50:41.101 [6822.951090 KB Clear Buffer]
21-03-09 10:50:41.101 [6822.952690 KS enable]
21-03-09 10:50:41.104 [6822.953177 KB Clear Buffer]
21-03-09 10:50:41.107 [6822.962205 HC 0x0b]
21-03-09 10:50:41.107 [6822.963171 HC 0x400b]
21-03-09 10:50:41.110 [6822.963721 HC 0x400b err 1]
21-03-09 10:50:41.114 [6822.964541 HC 0x08]
21-03-09 10:50:41.114 +[6822.965785 HC 0x8d]
21-03-09 10:50:41.124 [6822.967425 HC 0x0d]
21-03-09 10:50:41.124 [6822.969772 HC 0x102]
21-03-09 10:50:41.124 [6822.970713 HC 0x105]
21-03-09 10:50:41.124 [6822.972489 HC 0xa9]
21-03-09 10:50:41.125 [6822.973726 HC 0x112]
21-03-09 10:50:41.129 [6822.974835 HC 0x28]
21-03-09 10:50:41.129 [6822.975368 HC 0x28 err 1]
21-03-09 10:50:41.132 [6822.976177 HC 0xd3]
21-03-09 10:50:41.136 [6822.977239 HC 0x08]
21-03-09 10:50:41.136 [6822.980756 HC 0x121]
21-03-09 10:50:41.139 [6822.992478 HC 0x102]
21-03-09 10:50:41.139 [6822.993781 HC 0x111]
21-03-09 10:50:41.145 +++(++)[6825.046079 HC 0x112]
21-03-09 10:50:43.189 [6825.047066 HC 0x117]
21-03-09 10:50:43.694 [6825.551160 HC 0x112]
21-03-09 10:50:44.074 Port 80 writes:
21-03-09 10:50:44.074   0d 13 15 7f 01 16 22 02 32 14 15 17 18 19 20 21 22 25 3f 43
21-03-09 10:50:44.081   44 4f 23 37 50 5f 40 41 42 47 80 81 82 83 61 63 03 04 05 06
21-03-09 10:50:44.084   07 0f 65 64 0f 6a 71 7f 99 72 24 25 55 73 94 94 74 75 75 75
21-03-09 10:50:44.089   75 75 75 75 75 75 75 75 75 75 75 75 75 75 75 75 75 75 75 75
21-03-09 10:50:44.096   75 75 75 75 75 75 75 75 75 75 75 75 75 75 75 75 75 75 75 75
21-03-09 10:50:44.103   75 75 75 75 75 75 75 76 77 79 9c 93 7a 95 05 25 95 88 01 02
21-03-09 10:50:44.109   03 04 89 fe 7b f8 aa ab <--new
21-03-09 10:50:45.199 [6827.057297 HC 0x08]
21-03-09 10:50:45.199 +++[6830.446496 HC 0x08]
21-03-09 10:50:48.588 [6830.447800 HC 0x0d]
21-03-09 10:50:48.591 +[6830.453638 HC 0x102]
21-03-09 10:50:48.595 [6830.454583 HC 0x101]
21-03-09 10:50:48.598 [6830.456003 HC 0x133]
21-03-09 10:50:48.598 [6830.458065 HC 0x131]
21-03-09 10:50:48.601 [6830.459423 HC 0x11a]
21-03-09 10:50:50.242 [6832.100811 HC 0x02]
21-03-09 10:50:50.242 [6832.103078 HC 0x0b]
21-03-09 10:50:50.245 [6832.103869 HC 0x05]
21-03-09 10:50:50.486 [6832.344997 HC 0x121]
21-03-09 10:50:50.499 +[6832.601068 HC 0x05]
21-03-09 10:50:50.749 +[6832.609250 HC 0x02]
21-03-09 10:50:50.842 [6832.701313 HC 0x11b]
21-03-09 10:50:50.870 +[6832.729247 HC 0x11b err 3]
21-03-09 10:50:51.582 [6833.440422 HC 0x121]
21-03-09 10:50:51.582 +[6835.108487 HC 0x01]
21-03-09 10:50:53.250 [6835.109637 HC 0x0b]
21-03-09 10:50:53.254 [6835.110399 HC 0x02]
21-03-09 10:50:53.254 [6835.111738 HC 0x08]
21-03-09 10:50:53.257 [6835.112658 HC 0x10]
21-03-09 10:50:53.257 +[6835.114273 HC 0x05]
21-03-09 10:50:53.260 [6835.115520 HC 0x18]
21-03-09 10:50:53.263 [6835.116063 HC 0x18 err 1]
21-03-09 10:50:53.263 +[6835.117009 HC 0x18 err 1]
21-03-09 10:50:53.266 +[6835.117892 HC 0x18 err 1]
21-03-09 10:50:53.270 [6835.118636 HC 0x16]
21-03-09 10:50:53.273 +[6835.120118 HC 0x15]
21-03-09 10:50:53.974 [6835.832586 HC 0x02]
21-03-09 10:50:53.979 [6835.837681 HC 0x0b]
21-03-09 10:50:53.979 [6835.840207 HC 0x96]
21-03-09 10:50:54.971 [6836.830100 Battery 100% (Display 100.0 %) / ??h:?? to empty, not accepting current]
21-03-09 10:50:56.339 [6838.198071 HC 0x02]
21-03-09 10:50:56.339 [6838.199688 HC 0x0b]
21-03-09 10:50:56.343 [6838.200658 HC 0x70]
21-03-09 10:50:56.343 +[6838.214730 HC 0x02]
21-03-09 10:50:56.364 [6838.221516 HC 0x0b]
21-03-09 10:50:57.839 [6839.697898 Battery 99% (Display 100.0 %) / 4h:0 to empty]
21-03-09 10:50:57.842 [6839.701068 charge_request(12768mV, 0mA)]
21-03-09 10:50:57.983 [6839.841208 HC 0x05]
21-03-09 10:50:57.983 +[6839.844010 HC 0x02]
21-03-09 10:50:58.304 [6840.162231 HC 0x02]
21-03-09 10:50:58.304 [6840.164999 HC 0x0b]
21-03-09 10:50:58.307 [6840.166565 HC 0x0d]
21-03-09 10:50:58.328 [6840.187735 HC 0x02]
21-03-09 10:50:58.332 [6840.191004 HC 0x0b]
21-03-09 10:50:58.335 [6840.194676 HC 0x70]
21-03-09 10:50:58.339 +[6840.275390 charge_request(12760mV, 0mA)]
21-03-09 10:50:58.992 [6840.849973 charge_request(12768mV, 0mA)]
21-03-09 10:50:59.565 [6841.424099 charge_request(12760mV, 0mA)]
21-03-09 10:51:00.711 [6842.569011 charge_request(12768mV, 0mA)]
21-03-09 10:51:01.824 [6843.681483 HC 0x121]
21-03-09 10:51:01.824 +[6843.716494 charge_request(12752mV, 0mA)]
21-03-09 10:51:02.183 [6844.041309 HC 0x02]
21-03-09 10:51:02.183 [6844.043992 HC 0x0b]
21-03-09 10:51:02.187 [6844.045550 HC 0x0d]
21-03-09 10:51:02.432 [6844.289805 charge_request(12760mV, 0mA)]
21-03-09 10:51:04.727 [6846.582822 charge_request(12752mV, 0mA)]
21-03-09 10:51:05.870 [6847.725506 charge_request(12744mV, 0mA)]
21-03-09 10:51:06.446 [6848.301233 charge_request(12752mV, 0mA)]
21-03-09 10:51:07.140 [6848.993780 HC 0x02]
21-03-09 10:51:07.140 [6848.995443 HC 0x0b]
21-03-09 10:51:07.143 [6848.996449 HC 0x0d]
21-03-09 10:51:07.594 [6849.448805 charge_request(12784mV, 0mA)]
21-03-09 10:51:08.167 [6850.021176 charge_request(12800mV, 0mA)]
21-03-09 10:51:08.742 [6850.596654 charge_request(12808mV, 0mA)]
21-03-09 10:51:09.890 [6851.744151 charge_request(12776mV, 0mA)]
21-03-09 10:51:10.464 [6852.317858 charge_request(12800mV, 0mA)]
21-03-09 10:51:11.039 [6852.892696 charge_request(12808mV, 0mA)]
21-03-09 10:51:11.614 [6853.467402 charge_request(12800mV, 0mA)]
21-03-09 10:51:11.988 [6853.840798 HC 0x02]
21-03-09 10:51:11.995 [6853.847172 HC 0x0b]
21-03-09 10:51:11.995 [6853.849944 HC 0x96]
21-03-09 10:51:12.061 [6853.914352 HC 0x121]
21-03-09 10:51:12.061 +[6854.041329 charge_request(12808mV, 0mA)]
21-03-09 10:51:12.767 [6854.619331 Battery 99% (Display 100.0 %) / 4h:32 to empty]
21-03-09 10:51:12.771 [6854.622495 charge_request(13048mV, 3568mA)]
21-03-09 10:51:15.690 [6857.540455 KB Clear Buffer]
21-03-09 10:51:15.690 [6857.541778 KB disable]
21-03-09 10:51:15.693 [6857.542310 KB IRQ disable]
21-03-09 10:51:16.373 [6858.223759 HC 0x0d]
21-03-09 10:51:16.376 [6858.227339 HC 0xa4]
21-03-09 10:51:16.513 [6858.364711 HC 0x0d]
21-03-09 10:51:16.517 [6858.368620 HC 0xa4]
21-03-09 10:51:16.540 [6858.391106 HC 0x11f]
21-03-09 10:51:20.018 [6861.867895 MKBP not cleared within threshold, toggling.]
21-03-09 10:51:21.018 [6862.868813 MKBP not cleared within threshold, toggling.]
21-03-09 10:51:23.048 [6864.898887 MKBP not cleared within threshold, toggling.]
21-03-09 10:51:24.050 [6865.899794 MKBP not cleared within threshold, toggling.]
21-03-09 10:51:26.061 [6867.911934 MKBP not cleared within threshold, toggling.]
21-03-09 10:51:27.062 [6868.913430 MKBP not cleared within threshold, toggling.]
21-03-09 10:51:29.070 [6870.919690 MKBP not cleared within threshold, toggling.]
21-03-09 10:51:30.068 [6871.920613 MKBP not cleared within threshold, toggling.]
21-03-09 10:51:32.075 [6873.927652 MKBP not cleared within threshold, toggling.]
21-03-09 10:51:33.077 [6874.928565 MKBP not cleared within threshold, toggling.]
21-03-09 10:51:35.083 [6876.935643 MKBP not cleared within threshold, toggling.]
21-03-09 10:51:35.212 [6877.065003 Battery 100% (Display 100.0 %) / 0h:9 to full, not accepting current]
21-03-09 10:51:35.218 [6877.068543 charge_request(13050mV, 0mA)]
21-03-09 10:51:36.084 [6877.936576 MKBP not cleared within threshold, toggling.]
21-03-09 10:51:38.091 [6879.943691 MKBP not cleared within threshold, toggling.]
21-03-09 10:51:39.092 [6880.944877 MKBP not cleared within threshold, toggling.]
21-03-09 10:51:41.100 [6882.951954 MKBP not cleared within threshold, toggling.]
21-03-09 10:51:42.100 [6883.953197 MKBP not cleared within threshold, toggling.]
21-03-09 10:51:44.105 [6885.959638 MKBP not cleared within threshold, toggling.]
21-03-09 10:51:45.107 [6886.960648 MKBP not cleared within threshold, toggling.]
21-03-09 10:51:45.520 [6887.371947 HC 0x0d]
21-03-09 10:51:45.521 [6887.375489 HC 0xa4]
21-03-09 10:51:47.113 [6888.967677 MKBP not cleared within threshold, toggling.]
21-03-09 10:51:47.617 [6889.471884 HC 0xa4]
21-03-09 10:51:47.617 +++(++)[6889.638204 HC 0x0d]
21-03-09 10:51:47.783 [6889.638998 HC 0xa4]
21-03-09 10:51:47.787 [6889.640273 HC 0x67 err 9]
21-03-09 10:51:47.787 +[6889.654628 HC 0x121]
21-03-09 10:51:48.212 [6890.067326 HC 0x02]
21-03-09 10:51:48.294 [6890.149441 HC 0x102]
21-03-09 10:51:48.294 [6890.150195 HC 0x128]
21-03-09 10:51:48.297 [6890.150915 HC 0x12a]
21-03-09 10:51:48.415 [6890.269748 HC 0x11f]
21-03-09 10:51:48.415 [6890.270362 HC 0x11f err 3]
21-03-09 10:51:48.422 +[6890.278124 HC 0x06]
21-03-09 10:51:48.560 [6890.415280 HC 0x11f]
21-03-09 10:51:48.802 [6890.658042 MKBP not cleared within threshold, toggling.]
21-03-09 10:51:49.803 [6891.658964 MKBP not cleared within threshold, toggling.]
21-03-09 10:51:50.898 [6892.752255 HC 0x0b]
21-03-09 10:51:50.902 [6892.757709 HC 0x2d]
21-03-09 10:51:50.997 [6892.852735 HC 0x2d]
21-03-09 10:51:51.114 [6892.970142 power state 3 = S0, in 0x0039]
21-03-09 10:51:51.117 RTC: 0x00001b06 (6918.00 s)
21-03-09 10:51:51.117 [6892.971108 power state 8 = S0->S3, in 0x0039]
21-03-09 10:51:51.124 [6892.972108 PD:S0->S3]
21-03-09 10:51:51.124 RTC: 0x00001b06 (6918.00 s)
21-03-09 10:51:51.127 [6892.972884 power state 2 = S3, in 0x0039]
21-03-09 10:51:51.130 RTC: 0x00001b06 (6918.00 s)
21-03-09 10:51:51.134 [6892.973746 power state 9 = S3->S5, in 0x0039]
21-03-09 10:51:51.137 [6892.974390 HC Suppressed: 0x97=4 0x98=22 0x113=18 0x103=22 0x115=0 0x2b=157 0x67=177]
21-03-09 10:51:51.147 [6893.003808 USB charge p0 m0 i0]
21-03-09 10:51:51.150 [6893.004392 USB charge p1 m0 i0]
21-03-09 10:51:51.153 [6893.005446 PD:S3->S5]
21-03-09 10:51:51.153 [6893.005922 VB hook_shutdown]
21-03-09 10:51:51.156 RTC: 0x00001b06 (6918.00 s)
21-03-09 10:51:51.160 [6893.006640 power state 1 = S5, in 0x0039]
21-03-09 10:51:51.250 [6893.106103 Pen charge disable]
21-03-09 10:51:51.832 [6893.688516 MKBP not cleared within threshold, toggling.]
21-03-09 10:51:52.200 [6894.056421 power state 1 = S5, in 0x003f]
21-03-09 10:51:52.204 RTC: 0x00001b07 (6919.00 s)
21-03-09 10:51:52.204 [6894.057391 power state 6 = S5->S3, in 0x003f]
21-03-09 10:51:52.211 [6894.059141 PD:S5->S3]
21-03-09 10:51:52.211 RTC: 0x00001b07 (6919.00 s)
21-03-09 10:51:52.213 [6894.059958 power state 2 = S3, in 0x003f]
21-03-09 10:51:52.217 RTC: 0x00001b07 (6919.00 s)
21-03-09 10:51:52.220 [6894.060845 power state 7 = S3->S0, in 0x003f]
21-03-09 10:51:52.223 [6894.066386 USB charge p0 m2 i0]
21-03-09 10:51:52.226 [6894.066913 USB charge p1 m2 i0]
21-03-09 10:51:52.229 [6894.070047 PD:S3->S0]
21-03-09 10:51:52.233 RTC: 0x00001b07 (6919.00 s)
21-03-09 10:51:52.236 [6894.070819 power state 3 = S0, in 0x003f]
21-03-09 10:51:52.239 [6894.071537 Lid Accel: MS Done Init type:0x0 range:2]
21-03-09 10:51:52.242 [6894.092591 Base Accel: MS Done Init type:0x0 range:4]
21-03-09 10:51:52.249 [6894.095175 Base Gyro: MS Done Init type:0x1 range:1000]
21-03-09 10:51:52.256 [6894.096433 Lid Accel ODR: 10000 - roundup 1 from config 1 [AP 0]]
21-03-09 10:51:52.259 [6894.106593 Base Accel ODR: 13000 - roundup 1 from config 1 [AP 0]]
21-03-09 10:51:52.266 [6894.110863 C0: PE_VDM_Identity_Request_Cbl]
21-03-09 10:51:52.269 [6894.111495 C0: PE_SNK_Ready]
21-03-09 10:51:52.272 [6894.112131 C0: PE_INIT_PORT_VDM_Identity_Request]
21-03-09 10:51:52.278 [6894.114207 Base Gyro ODR: 0 - roundup 0 from config 0 [AP 0]]
21-03-09 10:51:52.282 [6894.120102 C0: PE_SNK_Ready]
21-03-09 10:51:52.304 [6894.159869 Pen charge disable]
21-03-09 10:51:52.410 [6894.266447 disable_adc_irqs_deferred]
21-03-09 10:51:52.414 [6894.267132 power state 3 = S0, in 0x007f]
21-03-09 10:51:52.768 [6894.623752 HC 0x0d]
21-03-09 10:51:52.771 [6894.627327 HC 0xa4]
21-03-09 10:51:52.833 [6894.689413 MKBP not cleared within threshold, toggling.]
21-03-09 10:51:53.100 [6894.955378 HC 0x4b]
21-03-09 10:51:53.100 [6894.955940 HC 0x4b err 4]
21-03-09 10:51:53.203 [6895.058757 HC 0xa0]
21-03-09 10:51:53.272 [6895.128602 HC 0x11f]
21-03-09 10:51:54.841 [6896.697490 MKBP not cleared within threshold, toggling.]
21-03-09 10:51:55.844 [6897.698908 MKBP not cleared within threshold, toggling.]
21-03-09 10:51:57.849 [6899.705161 MKBP not cleared within threshold, toggling.]
21-03-09 10:51:58.849 [6900.706077 MKBP not cleared within threshold, toggling.]
21-03-09 10:52:00.857 [6902.713203 MKBP not cleared within threshold, toggling.]
21-03-09 10:52:01.857 [6903.714133 MKBP not cleared within threshold, toggling.]
21-03-09 10:52:03.860 [6905.717359 MKBP not cleared within threshold, toggling.]
21-03-09 10:52:04.860 [6906.718271 MKBP not cleared within threshold, toggling.]
21-03-09 10:52:06.872 [6908.729186 MKBP not cleared within threshold, toggling.]
21-03-09 10:52:07.873 [6909.730082 MKBP not cleared within threshold, toggling.]
21-03-09 10:52:09.879 [6911.734795 MKBP not cleared within threshold, toggling.]
21-03-09 10:52:10.880 [6912.735705 MKBP not cleared within threshold, toggling.]
21-03-09 10:52:12.890 [6914.745159 MKBP not cleared within threshold, toggling.]
21-03-09 10:52:13.892 [6915.746019 MKBP not cleared within threshold, toggling.]
21-03-09 10:52:15.897 [6917.750099 MKBP not cleared within threshold, toggling.]
21-03-09 10:52:16.899 [6918.751322 MKBP not cleared within threshold, toggling.]
21-03-09 10:52:18.910 [6920.761191 MKBP not cleared within threshold, toggling.]
21-03-09 10:52:19.912 [6921.762101 MKBP not cleared within threshold, toggling.]
21-03-09 10:52:21.921 [6923.769192 MKBP not cleared within threshold, toggling.]
21-03-09 10:52:22.922 [6924.770109 MKBP not cleared within threshold, toggling.]
21-03-09 10:52:24.728 [6926.575540 HC 0x0d]
21-03-09 10:52:24.732 [6926.579077 HC 0xa4]
21-03-09 10:52:24.732 +++(++)[6926.745302 HC 0x0d]
21-03-09 10:52:24.899 [6926.746154 HC 0xa4]
21-03-09 10:52:24.902 [6926.747496 HC 0x67 err 9]
21-03-09 10:52:24.902 +[6926.761705 HC 0x121]
21-03-09 10:52:25.312 [6927.159714 HC 0x02]
21-03-09 10:52:25.395 [6927.241712 HC 0x102]
21-03-09 10:52:25.395 [6927.242467 HC 0x128]
21-03-09 10:52:25.398 [6927.243185 HC 0x12a]
21-03-09 10:52:25.515 [6927.362255 HC 0x11f]
21-03-09 10:52:25.515 [6927.362871 HC 0x11f err 3]
21-03-09 10:52:25.523 +[6927.370679 HC 0x06]
21-03-09 10:52:25.662 [6927.507812 HC 0x11f]
21-03-09 10:52:25.902 [6927.748984 MKBP not cleared within threshold, toggling.]
21-03-09 10:52:26.904 [6928.750389 MKBP not cleared within threshold, toggling.]
21-03-09 10:52:28.010 [6929.854214 HC 0x0b]
21-03-09 10:52:28.014 [6929.859665 HC 0x2d]
21-03-09 10:52:28.058 [6929.903868 HC 0x102]
21-03-09 10:52:28.058 [6929.904625 HC 0x11b]
21-03-09 10:52:28.062 [6929.905400 HC 0xb7]
21-03-09 10:52:28.062 [6929.905899 System unlocked, TCPC I2C tunnels may be unprotected]
21-03-09 10:52:28.308 [6930.153876 KB Clear Buffer]
21-03-09 10:52:28.308 [6930.154983 KB enable]
21-03-09 10:52:28.311 [6930.155452 KB Clear Buffer]
21-03-09 10:52:28.315 [6930.156490 KB scancode set to 1]
21-03-09 10:52:28.318 [6930.157208 KB Clear Buffer]
21-03-09 10:52:28.321 [6930.157862 KB Clear Buffer]
21-03-09 10:52:28.929 [6930.774059 MKBP not cleared within threshold, toggling.]
21-03-09 10:52:29.930 [6931.774977 MKBP not cleared within threshold, toggling.]
21-03-09 10:52:30.181 Port 80 writes:
21-03-09 10:52:30.181   0c 0d 13 15 7f 01 16 22 02 32 14 15 17 18 19 20 21 22 25 3f
21-03-09 10:52:30.185   43 44 4f 23 37 50 5f 40 41 42 47 80 81 82 83 61 63 03 04 05
21-03-09 10:52:30.191   06 07 0f 65 64 0f 6a 71 7f 99 72 24 25 55 73 94 94 74 75 75
21-03-09 10:52:30.198   75 75 75 75 75 75 75 75 75 75 75 75 75 75 75 75 75 75 75 75
21-03-09 10:52:30.201   75 75 75 75 75 75 75 75 75 75 75 75 75 75 75 75 75 75 75 75
21-03-09 10:52:30.208   75 75 75 75 75 75 75 75 76 77 79 9c 93 7a 95 05 25 95 88 01
21-03-09 10:52:30.215   02 03 04 89 fe 7b f8 aa <--new
21-03-09 10:52:30.600 [6932.445021 HC 0x2d]
21-03-09 10:52:30.604 [6932.449179 KS disable]
21-03-09 10:52:30.604 [6932.449676 KB Clear Buffer]
21-03-09 10:52:30.609 [6932.450359 KB disable]
21-03-09 10:52:30.609 [6932.450769 KB Clear Buffer]
21-03-09 10:52:30.887 [6932.730740 HC 0xa4]
21-03-09 10:52:30.887 [6932.732103 HC 0x67 err 9]
21-03-09 10:52:30.892 +[6933.478202 KB Clear Buffer]
21-03-09 10:52:31.634 [6933.478985 KB Clear Buffer]
21-03-09 10:52:31.638 [6933.479955 KB IRQ enable]
21-03-09 10:52:31.641 [6933.480785 KB enable]
21-03-09 10:52:31.644 [6933.481693 KB Clear Buffer]
21-03-09 10:52:31.644 [6933.483332 KS enable]
21-03-09 10:52:31.647 [6933.483825 KB Clear Buffer]
21-03-09 10:52:31.650 [6933.493400 HC 0x0b]
21-03-09 10:52:31.650 [6933.494187 HC 0x400b]
21-03-09 10:52:31.653 [6933.494729 HC 0x400b err 1]
21-03-09 10:52:31.657 [6933.495621 HC 0x08]
21-03-09 10:52:31.657 +[6933.497021 HC 0x8d]
21-03-09 10:52:31.673 [6933.498370 HC 0x0d]
21-03-09 10:52:31.673 [6933.500368 HC 0x102]
21-03-09 10:52:31.673 [6933.501187 HC 0x105]
21-03-09 10:52:31.673 [6933.503400 HC 0xa9]
21-03-09 10:52:31.673 [6933.504534 HC 0x112]
21-03-09 10:52:31.673 [6933.505964 HC 0x28]
21-03-09 10:52:31.673 [6933.506520 HC 0x28 err 1]
21-03-09 10:52:31.676 [6933.507770 HC 0xd3]
21-03-09 10:52:31.676 [6933.508734 HC 0x08]
21-03-09 10:52:31.679 [6933.512535 HC 0x121]
21-03-09 10:52:31.682 [6933.528968 HC 0x102]
21-03-09 10:52:31.687 [6933.530098 HC 0x111]
21-03-09 10:52:31.687 +++(++)[6935.576608 HC 0x112]
21-03-09 10:52:33.733 [6935.577751 HC 0x117]
21-03-09 10:52:34.239 [6936.082641 HC 0x112]
21-03-09 10:52:34.617 Port 80 writes:
21-03-09 10:52:34.617   0d 13 15 7f 01 16 22 02 32 14 15 17 18 19 20 21 22 25 3f 43
21-03-09 10:52:34.623   44 4f 23 37 50 5f 40 41 42 47 80 81 82 83 61 63 03 04 05 06
21-03-09 10:52:34.627   07 0f 65 64 0f 6a 71 7f 99 72 24 25 55 73 94 94 74 75 75 75
21-03-09 10:52:34.633   75 75 75 75 75 75 75 75 75 75 75 75 75 75 75 75 75 75 75 75
21-03-09 10:52:34.639   75 75 75 75 75 75 75 75 75 75 75 75 75 75 75 75 75 75 75 75
21-03-09 10:52:34.642   75 75 75 75 75 75 75 76 77 79 9c 93 7a 95 05 25 95 88 01 02
21-03-09 10:52:34.649   03 04 89 fe 7b f8 aa ab <--new
21-03-09 10:52:35.705 [6937.548527 HC 0x08]
21-03-09 10:52:35.711 +++[6940.876234 HC 0x08]
21-03-09 10:52:39.038 [6940.880798 HC 0x0d]
21-03-09 10:52:39.044 +[6940.890193 HC 0x102]
21-03-09 10:52:39.052 [6940.894880 HC 0x101]
21-03-09 10:52:39.052 [6940.896604 HC 0x133]
21-03-09 10:52:39.059 [6940.902318 HC 0x131]
21-03-09 10:52:39.059 [6940.904404 HC 0x11a]
21-03-09 10:52:40.858 [6942.699873 HC 0x02]
21-03-09 10:52:40.862 [6942.703953 HC 0x0b]
21-03-09 10:52:40.874 [6942.717347 HC 0x05]
21-03-09 10:52:40.985 [6942.827751 HC 0x121]
21-03-09 10:52:40.985 +[6943.009293 HC 0x05]
21-03-09 10:52:41.167 +[6943.012743 HC 0x02]
21-03-09 10:52:41.255 [6943.098378 HC 0x11b]
21-03-09 10:52:41.285 +[6943.128651 HC 0x11b err 3]
21-03-09 10:52:42.131 [6943.973224 HC 0x121]
21-03-09 10:52:42.131 +[6945.804576 HC 0x01]
21-03-09 10:52:43.963 [6945.806228 HC 0x0b]
21-03-09 10:52:43.966 [6945.807219 HC 0x02]
21-03-09 10:52:43.966 [6945.808722 HC 0x08]
21-03-09 10:52:43.971 [6945.809661 HC 0x10]
21-03-09 10:52:43.973 +[6945.811131 HC 0x05]
21-03-09 10:52:43.973 [6945.812478 HC 0x18]
21-03-09 10:52:43.976 [6945.813067 HC 0x18 err 1]
21-03-09 10:52:43.979 +[6945.814214 HC 0x18 err 1]
21-03-09 10:52:43.979 +[6945.815123 HC 0x18 err 1]
21-03-09 10:52:43.982 [6945.815865 HC 0x16]
21-03-09 10:52:43.985 +[6945.817320 HC 0x15]
21-03-09 10:52:44.330 [6946.172024 HC 0x02]
21-03-09 10:52:44.334 [6946.175330 HC 0x0b]
21-03-09 10:52:44.334 [6946.176590 HC 0x96]
21-03-09 10:52:45.058 [6946.900151 Battery 100% (Display 100.0 %) / ??h:?? to full, not accepting current]
21-03-09 10:52:46.636 [6948.476303 HC 0x02]
21-03-09 10:52:46.638 [6948.480168 HC 0x0b]
21-03-09 10:52:46.638 [6948.481125 HC 0x70]
21-03-09 10:52:46.641 +[6948.494228 HC 0x02]
21-03-09 10:52:46.664 [6948.506569 HC 0x0b]
21-03-09 10:52:47.929 [6949.770307 Battery 99% (Display 100.0 %) / 4h:0 to empty]
21-03-09 10:52:47.933 [6949.772646 charge_request(12768mV, 0mA)]
21-03-09 10:52:48.504 [6950.344962 charge_request(12760mV, 0mA)]
21-03-09 10:52:49.077 [6950.918019 charge_request(12768mV, 0mA)]
21-03-09 10:52:49.628 [6951.468667 HC 0x05]
21-03-09 10:52:49.631 +[6951.473383 HC 0x02]
21-03-09 10:52:49.652 [6951.493235 charge_request(12760mV, 0mA)]
21-03-09 10:52:49.854 [6951.693554 HC 0x02]
21-03-09 10:52:49.857 [6951.698420 HC 0x0b]
21-03-09 10:52:49.857 [6951.699616 HC 0x0d]
21-03-09 10:52:49.879 [6951.719971 HC 0x02]
21-03-09 10:52:49.882 [6951.723403 HC 0x0b]
21-03-09 10:52:49.882 [6951.724318 HC 0x70]
21-03-09 10:52:49.885 +[6953.210710 charge_request(12768mV, 0mA)]
21-03-09 10:52:51.942 [6953.782890 charge_request(12752mV, 0mA)]
21-03-09 10:52:52.369 [6954.209428 HC 0x121]
21-03-09 10:52:52.369 +[6954.357614 charge_request(12760mV, 0mA)]
21-03-09 10:52:53.997 [6955.837238 HC 0x02]
21-03-09 10:52:53.997 [6955.838830 HC 0x0b]
21-03-09 10:52:54.001 [6955.839746 HC 0x0d]
21-03-09 10:52:54.807 [6956.647548 charge_request(12752mV, 0mA)]
21-03-09 10:52:55.952 [6957.792166 charge_request(12744mV, 0mA)]
21-03-09 10:52:56.526 [6958.365292 charge_request(12752mV, 0mA)]
21-03-09 10:52:57.673 [6959.512535 charge_request(12792mV, 0mA)]
21-03-09 10:52:58.245 [6960.084661 charge_request(12808mV, 0mA)]
21-03-09 10:52:59.025 [6960.864713 HC 0x02]
21-03-09 10:52:59.025 [6960.866268 HC 0x0b]
21-03-09 10:52:59.029 [6960.867200 HC 0x0d]
21-03-09 10:52:59.967 [6961.806430 charge_request(12760mV, 0mA)]
21-03-09 10:53:00.540 [6962.379375 charge_request(12808mV, 0mA)]
21-03-09 10:53:01.872 [6963.711874 HC 0x02]
21-03-09 10:53:01.877 [6963.715831 HC 0x0b]
21-03-09 10:53:01.877 [6963.716835 HC 0x96]
21-03-09 10:53:02.839 [6964.676998 Battery 99% (Display 100.0 %) / 5h:21 to empty]
21-03-09 10:53:02.841 [6964.680430 charge_request(13048mV, 3568mA)]
21-03-09 10:53:04.649 [6966.486757 KB Clear Buffer]
21-03-09 10:53:04.649 [6966.487719 KB disable]
21-03-09 10:53:04.652 [6966.488228 KB IRQ disable]
21-03-09 10:53:05.329 [6967.166750 HC 0x0d]
21-03-09 10:53:05.331 [6967.170331 HC 0xa4]
21-03-09 10:53:05.468 [6967.307575 HC 0x0d]
21-03-09 10:53:05.472 [6967.311194 HC 0xa4]
21-03-09 10:53:05.495 [6967.333687 HC 0x11f]
21-03-09 10:53:06.283 [6968.121170 MKBP not cleared within threshold, toggling.]
21-03-09 10:53:07.285 [6969.122062 MKBP not cleared within threshold, toggling.]
21-03-09 10:53:09.292 [6971.129193 MKBP not cleared within threshold, toggling.]
21-03-09 10:53:10.294 [6972.130091 MKBP not cleared within threshold, toggling.]
21-03-09 10:53:12.303 [6974.137167 MKBP not cleared within threshold, toggling.]
21-03-09 10:53:13.304 [6975.138076 MKBP not cleared within threshold, toggling.]
21-03-09 10:53:15.313 [6977.145680 MKBP not cleared within threshold, toggling.]
21-03-09 10:53:16.315 [6978.146581 MKBP not cleared within threshold, toggling.]
21-03-09 10:53:18.323 [6980.153503 MKBP not cleared within threshold, toggling.]
21-03-09 10:53:19.325 [6981.154416 MKBP not cleared within threshold, toggling.]
21-03-09 10:53:21.335 [6983.162730 MKBP not cleared within threshold, toggling.]
21-03-09 10:53:22.336 [6984.163625 MKBP not cleared within threshold, toggling.]
21-03-09 10:53:24.344 [6986.169208 MKBP not cleared within threshold, toggling.]
21-03-09 10:53:25.346 [6987.170118 MKBP not cleared within threshold, toggling.]
21-03-09 10:53:27.353 [6989.176574 MKBP not cleared within threshold, toggling.]
21-03-09 10:53:28.176 [6989.999333 Battery 100% (Display 100.0 %) / 0h:9 to full, not accepting current]
21-03-09 10:53:28.183 [6990.002900 charge_request(13050mV, 0mA)]
21-03-09 10:53:28.355 [6990.177471 MKBP not cleared within threshold, toggling.]
21-03-09 10:53:30.364 [6992.185179 MKBP not cleared within threshold, toggling.]
21-03-09 10:53:31.366 [6993.186706 MKBP not cleared within threshold, toggling.]
21-03-09 10:53:33.370 [6995.189688 MKBP not cleared within threshold, toggling.]
21-03-09 10:53:34.373 [6996.190614 MKBP not cleared within threshold, toggling.]
21-03-09 10:53:34.642 [6996.460452 HC 0x0d]
21-03-09 10:53:34.645 [6996.463991 HC 0xa4]
21-03-09 10:53:36.385 [6998.201449 MKBP not cleared within threshold, toggling.]
21-03-09 10:53:36.741 [6998.558578 HC 0xa4]
21-03-09 10:53:36.741 +++(++)[6998.724453 HC 0x0d]
21-03-09 10:53:36.908 [6998.725251 HC 0xa4]
21-03-09 10:53:36.912 [6998.726837 HC 0x67 err 9]
21-03-09 10:53:36.912 +[6998.741132 HC 0x121]
21-03-09 10:53:37.337 [6999.153733 HC 0x02]
21-03-09 10:53:37.420 [6999.235738 HC 0x102]
21-03-09 10:53:37.420 [6999.236492 HC 0x128]
21-03-09 10:53:37.423 [6999.237545 HC 0x12a]
21-03-09 10:53:37.540 [6999.356325 HC 0x11f]
21-03-09 10:53:37.540 [6999.356939 HC 0x11f err 3]
21-03-09 10:53:37.547 +[6999.364612 HC 0x06]
21-03-09 10:53:37.686 [6999.501784 HC 0x11f]
21-03-09 10:53:37.914 [6999.729935 MKBP not cleared within threshold, toggling.]
21-03-09 10:53:38.915 [7000.730838 MKBP not cleared within threshold, toggling.]
21-03-09 10:53:40.037 [7001.849962 HC 0x0b]
21-03-09 10:53:40.041 [7001.855418 HC 0x2d]
21-03-09 10:53:40.135 [7001.950413 HC 0x2d]
21-03-09 10:53:40.253 [7002.067514 power state 3 = S0, in 0x0039]
21-03-09 10:53:40.256 RTC: 0x00001b74 (7028.00 s)
21-03-09 10:53:40.256 [7002.068480 power state 8 = S0->S3, in 0x0039]
21-03-09 10:53:40.263 [7002.069479 PD:S0->S3]
21-03-09 10:53:40.263 RTC: 0x00001b74 (7028.00 s)
21-03-09 10:53:40.266 [7002.070180 power state 2 = S3, in 0x0039]
21-03-09 10:53:40.269 RTC: 0x00001b74 (7028.00 s)
21-03-09 10:53:40.273 [7002.071095 power state 9 = S3->S5, in 0x0039]
21-03-09 10:53:40.276 [7002.071739 HC Suppressed: 0x97=4 0x98=21 0x113=18 0x103=22 0x115=0 0x2b=151 0x67=174]
21-03-09 10:53:40.285 [7002.101178 USB charge p0 m0 i0]
21-03-09 10:53:40.289 [7002.101763 USB charge p1 m0 i0]
21-03-09 10:53:40.292 [7002.102767 PD:S3->S5]
21-03-09 10:53:40.292 [7002.103242 VB hook_shutdown]
21-03-09 10:53:40.295 RTC: 0x00001b74 (7028.00 s)
21-03-09 10:53:40.298 [7002.103959 power state 1 = S5, in 0x0039]
21-03-09 10:53:40.388 [7002.203576 Pen charge disable]
21-03-09 10:53:40.931 [7002.745379 MKBP not cleared within threshold, toggling.]
21-03-09 10:53:41.322 [7003.136746 power state 1 = S5, in 0x003f]
21-03-09 10:53:41.326 RTC: 0x00001b75 (7029.00 s)
21-03-09 10:53:41.326 [7003.137715 power state 6 = S5->S3, in 0x003f]
21-03-09 10:53:41.333 [7003.139751 PD:S5->S3]
21-03-09 10:53:41.333 RTC: 0x00001b75 (7029.00 s)
21-03-09 10:53:41.338 [7003.140484 power state 2 = S3, in 0x003f]
21-03-09 10:53:41.338 RTC: 0x00001b75 (7029.00 s)
21-03-09 10:53:41.342 [7003.141354 power state 7 = S3->S0, in 0x003f]
21-03-09 10:53:41.345 [7003.145745 USB charge p0 m2 i0]
21-03-09 10:53:41.348 [7003.146293 USB charge p1 m2 i0]
21-03-09 10:53:41.351 [7003.149503 PD:S3->S0]
21-03-09 10:53:41.355 RTC: 0x00001b75 (7029.00 s)
21-03-09 10:53:41.358 [7003.150328 power state 3 = S0, in 0x003f]
21-03-09 10:53:41.361 [7003.151024 Lid Accel: MS Done Init type:0x0 range:2]
21-03-09 10:53:41.368 [7003.172097 Base Accel: MS Done Init type:0x0 range:4]
21-03-09 10:53:41.371 [7003.174542 Base Gyro: MS Done Init type:0x1 range:1000]
21-03-09 10:53:41.378 [7003.175789 Lid Accel ODR: 10000 - roundup 1 from config 1 [AP 0]]
21-03-09 10:53:41.381 [7003.184984 C0: PE_VDM_Identity_Request_Cbl]
21-03-09 10:53:41.388 [7003.185626 C0: PE_SNK_Ready]
21-03-09 10:53:41.391 [7003.186388 C0: PE_INIT_PORT_VDM_Identity_Request]
21-03-09 10:53:41.394 [7003.188220 Base Accel ODR: 13000 - roundup 1 from config 1 [AP 0]]
21-03-09 10:53:41.401 [7003.194244 C0: PE_SNK_Ready]
21-03-09 10:53:41.404 [7003.202499 Base Gyro ODR: 0 - roundup 0 from config 0 [AP 0]]
21-03-09 10:53:41.426 [7003.240528 Pen charge disable]
21-03-09 10:53:41.531 [7003.345807 disable_adc_irqs_deferred]
21-03-09 10:53:41.535 [7003.346489 power state 3 = S0, in 0x007f]
21-03-09 10:53:41.891 [7003.704667 HC 0x0d]
21-03-09 10:53:41.893 [7003.708272 HC 0xa4]
21-03-09 10:53:41.933 [7003.746463 MKBP not cleared within threshold, toggling.]
21-03-09 10:53:42.223 [7004.035958 HC 0x4b]
21-03-09 10:53:42.223 [7004.036520 HC 0x4b err 4]
21-03-09 10:53:42.326 [7004.139290 HC 0xa0]
21-03-09 10:53:42.394 [7004.208699 HC 0x11f]
21-03-09 10:53:43.964 [7005.776798 MKBP not cleared within threshold, toggling.]
21-03-09 10:53:44.965 [7006.777988 MKBP not cleared within threshold, toggling.]
21-03-09 10:53:46.973 [7008.784665 MKBP not cleared within threshold, toggling.]
21-03-09 10:53:47.973 [7009.785579 MKBP not cleared within threshold, toggling.]
21-03-09 10:53:49.982 [7011.792838 MKBP not cleared within threshold, toggling.]
21-03-09 10:53:50.984 [7012.795138 MKBP not cleared within threshold, toggling.]
21-03-09 10:53:52.991 [7014.800866 MKBP not cleared within threshold, toggling.]
21-03-09 10:53:53.992 [7015.802113 MKBP not cleared within threshold, toggling.]
21-03-09 10:53:56.000 [7017.808677 MKBP not cleared within threshold, toggling.]
21-03-09 10:53:57.002 [7018.810774 MKBP not cleared within threshold, toggling.]
21-03-09 10:53:59.009 [7020.816773 MKBP not cleared within threshold, toggling.]
21-03-09 10:54:00.010 [7021.817700 MKBP not cleared within threshold, toggling.]
21-03-09 10:54:02.018 [7023.824713 MKBP not cleared within threshold, toggling.]
21-03-09 10:54:03.019 [7024.825240 MKBP not cleared within threshold, toggling.]
21-03-09 10:54:05.027 [7026.832567 MKBP not cleared within threshold, toggling.]
21-03-09 10:54:06.028 [7027.833486 MKBP not cleared within threshold, toggling.]
21-03-09 10:54:08.036 [7029.840561 MKBP not cleared within threshold, toggling.]
21-03-09 10:54:09.037 [7030.841501 MKBP not cleared within threshold, toggling.]
21-03-09 10:54:11.044 [7032.848885 MKBP not cleared within threshold, toggling.]
21-03-09 10:54:12.046 [7033.849929 MKBP not cleared within threshold, toggling.]
21-03-09 10:54:14.054 [7035.857254 MKBP not cleared within threshold, toggling.]
21-03-09 10:54:14.702 Port 80 writes:
21-03-09 10:54:14.702   42 5a 20 21 22 11 15 09 1a 12 23 13 24 26 27 29 4c 28 74 2b
21-03-09 10:54:14.708   4c 2c 4e 31 2e 4b 34 57 2f 3e 3a 3b 3c 38 39 49 6d 30 32 37
21-03-09 10:54:14.712   29 35 41 3b 3c 38 39 47 3f 76 49 53 48 51 50 71 42 72 75 5c
21-03-09 10:54:14.718   5a 66 60 5d 01 21 55 7f 98 13 79 39 80 70 71 93 00 00 09 02
21-03-09 10:54:14.724   22 00 04 05 06 08 0a 0b 0c 0d 13 15 7f 01 16 22 02 32 14 15
21-03-09 10:54:14.727   17 18 19 20 21 22 25 3f 43 44 4f 23 37 50 5f 40 41 42 47 80
21-03-09 10:54:14.734   81 82 83 61 63 01 10 20 <--new
21-03-09 10:54:15.056 [7036.858509 MKBP not cleared within threshold, toggling.]
21-03-09 10:54:17.064 [7038.864770 MKBP not cleared within threshold, toggling.]
21-03-09 10:54:18.065 [7039.865671 MKBP not cleared within threshold, toggling.]
21-03-09 10:54:20.071 [7041.869222 MKBP not cleared within threshold, toggling.]
21-03-09 10:54:21.073 [7042.870124 MKBP not cleared within threshold, toggling.]
21-03-09 10:54:23.086 [7044.880529 MKBP not cleared within threshold, toggling.]
21-03-09 10:54:24.088 [7045.881552 MKBP not cleared within threshold, toggling.]
21-03-09 10:54:26.097 [7047.888756 MKBP not cleared within threshold, toggling.]
21-03-09 10:54:26.817 [7048.606032 power state 3 = S0, in 0x0039]
21-03-09 10:54:26.819 RTC: 0x00001ba2 (7074.00 s)
21-03-09 10:54:26.820 [7048.607221 power state 8 = S0->S3, in 0x0039]
21-03-09 10:54:26.826 [7048.608221 PD:S0->S3]
21-03-09 10:54:26.826 RTC: 0x00001ba2 (7074.00 s)
21-03-09 10:54:26.830 [7048.608923 power state 2 = S3, in 0x0039]
21-03-09 10:54:26.832 RTC: 0x00001ba2 (7074.00 s)
21-03-09 10:54:26.836 [7048.609910 power state 9 = S3->S5, in 0x0039]
21-03-09 10:54:26.839 [7048.610553 HC Suppressed: 0x97=0 0x98=0 0x113=0 0x103=0 0x115=0 0x2b=0 0x67=0]
21-03-09 10:54:26.848 [7048.639163 USB charge p0 m0 i0]
21-03-09 10:54:26.848 [7048.640042 USB charge p1 m0 i0]
21-03-09 10:54:26.852 [7048.641039 PD:S3->S5]
21-03-09 10:54:26.855 [7048.641514 VB hook_shutdown]
21-03-09 10:54:26.858 RTC: 0x00001ba2 (7074.00 s)
21-03-09 10:54:26.858 [7048.642232 power state 1 = S5, in 0x0039]
21-03-09 10:54:26.951 [7048.741682 Pen charge disable]
21-03-09 10:54:27.100 [7048.890916 MKBP not cleared within threshold, toggling.]
21-03-09 10:54:27.884 [7049.673838 power state 1 = S5, in 0x003f]
21-03-09 10:54:27.889 RTC: 0x00001ba4 (7076.00 s)
21-03-09 10:54:27.889 [7049.674910 power state 6 = S5->S3, in 0x003f]
21-03-09 10:54:27.895 [7049.676558 PD:S5->S3]
21-03-09 10:54:27.895 RTC: 0x00001ba4 (7076.00 s)
21-03-09 10:54:27.898 [7049.677386 power state 2 = S3, in 0x003f]
21-03-09 10:54:27.901 RTC: 0x00001ba4 (7076.00 s)
21-03-09 10:54:27.904 [7049.678252 power state 7 = S3->S0, in 0x003f]
21-03-09 10:54:27.907 [7049.683880 USB charge p0 m2 i0]
21-03-09 10:54:27.910 [7049.684457 USB charge p1 m2 i0]
21-03-09 10:54:27.913 [7049.687901 PD:S3->S0]
21-03-09 10:54:27.916 RTC: 0x00001ba4 (7076.00 s)
21-03-09 10:54:27.920 [7049.688572 power state 3 = S0, in 0x003f]
21-03-09 10:54:27.923 [7049.689477 Lid Accel: MS Done Init type:0x0 range:2]
21-03-09 10:54:27.926 [7049.711489 Base Accel: MS Done Init type:0x0 range:4]
21-03-09 10:54:27.933 [7049.714043 Base Gyro: MS Done Init type:0x1 range:1000]
21-03-09 10:54:27.939 [7049.715355 Lid Accel ODR: 10000 - roundup 1 from config 1 [AP 0]]
21-03-09 10:54:27.943 [7049.725449 Base Accel ODR: 13000 - roundup 1 from config 1 [AP 0]]
21-03-09 10:54:27.950 [7049.728473 C0: PE_VDM_Identity_Request_Cbl]
21-03-09 10:54:27.956 [7049.729122 C0: PE_SNK_Ready]
21-03-09 10:54:27.956 [7049.729908 C0: PE_INIT_PORT_VDM_Identity_Request]
21-03-09 10:54:27.963 [7049.737800 C0: PE_SNK_Ready]
21-03-09 10:54:27.966 [7049.739836 Base Gyro ODR: 0 - roundup 0 from config 0 [AP 0]]
21-03-09 10:54:27.988 [7049.777267 Pen charge disable]
21-03-09 10:54:28.094 [7049.883914 disable_adc_irqs_deferred]
21-03-09 10:54:28.098 [7049.884597 power state 3 = S0, in 0x007f]
21-03-09 10:54:28.401 [7050.189283 HC 0x0d]
21-03-09 10:54:28.403 [7050.192848 HC 0xa4]
21-03-09 10:54:28.727 [7050.514748 HC 0x4b]
21-03-09 10:54:28.727 [7050.515311 HC 0x4b err 4]
21-03-09 10:54:28.830 [7050.618637 HC 0xa0]
21-03-09 10:54:28.943 [7050.731922 HC 0x11f]
21-03-09 10:54:29.120 [7050.908338 MKBP not cleared within threshold, toggling.]
21-03-09 10:54:30.121 [7051.909245 MKBP not cleared within threshold, toggling.]
21-03-09 10:54:32.130 [7053.915742 MKBP not cleared within threshold, toggling.]
21-03-09 10:54:33.000 [7054.785296 HC 0x0d]
21-03-09 10:54:33.004 [7054.788830 HC 0xa4]
21-03-09 10:54:33.004 +++(++)[7054.916655 MKBP not cleared within threshold, toggling.]
21-03-09 10:54:33.170 [7054.954541 HC 0x0d]
21-03-09 10:54:33.171 [7054.955341 HC 0xa4]
21-03-09 10:54:33.174 [7054.956932 HC 0x67 err 9]
21-03-09 10:54:33.174 +[7054.971007 HC 0x121]
21-03-09 10:54:33.604 [7055.388030 HC 0x02]
21-03-09 10:54:33.687 [7055.470366 HC 0x102]
21-03-09 10:54:33.687 [7055.471120 HC 0x128]
21-03-09 10:54:33.690 [7055.471839 HC 0x12a]
21-03-09 10:54:33.807 [7055.590603 HC 0x11f]
21-03-09 10:54:33.807 [7055.591219 HC 0x11f err 3]
21-03-09 10:54:33.814 +[7055.599080 HC 0x06]
21-03-09 10:54:33.952 [7055.736147 HC 0x11f]
21-03-09 10:54:34.183 [7055.965099 MKBP not cleared within threshold, toggling.]
21-03-09 10:54:35.184 [7056.966323 MKBP not cleared within threshold, toggling.]
21-03-09 10:54:36.278 [7058.056180 HC 0x0b]
21-03-09 10:54:36.281 [7058.061629 HC 0x2d]
21-03-09 10:54:36.325 [7058.105706 HC 0x102]
21-03-09 10:54:36.325 [7058.106465 HC 0x11b]
21-03-09 10:54:36.329 [7058.107242 HC 0xb7]
21-03-09 10:54:36.329 [7058.107742 System unlocked, TCPC I2C tunnels may be unprotected]
21-03-09 10:54:36.574 [7058.355046 KB Clear Buffer]
21-03-09 10:54:36.574 [7058.356133 KB enable]
21-03-09 10:54:36.577 [7058.356560 KB Clear Buffer]
21-03-09 10:54:36.581 [7058.357267 KB scancode set to 1]
21-03-09 10:54:36.584 [7058.358302 KB Clear Buffer]
21-03-09 10:54:36.587 [7058.358956 KB Clear Buffer]
21-03-09 10:54:37.189 [7058.969097 MKBP not cleared within threshold, toggling.]
21-03-09 10:54:38.190 [7059.970011 MKBP not cleared within threshold, toggling.]
21-03-09 10:54:38.479 Port 80 writes:
21-03-09 10:54:38.479   0c 0d 13 15 7f 01 16 22 02 32 14 15 17 18 19 20 21 22 25 3f
21-03-09 10:54:38.485   43 44 4f 23 37 50 5f 40 41 42 47 80 81 82 83 61 63 03 04 05
21-03-09 10:54:38.488   06 07 0f 65 64 0f 6a 71 7f 99 72 24 25 55 73 94 94 74 75 75
21-03-09 10:54:38.494   75 75 75 75 75 75 75 75 75 75 75 75 75 75 75 75 75 75 75 75
21-03-09 10:54:38.501   75 75 75 75 75 75 75 75 75 75 75 75 75 75 75 75 75 75 75 75
21-03-09 10:54:38.508   75 75 75 75 75 75 75 75 76 77 79 9c 93 7a 95 05 25 95 88 01
21-03-09 10:54:38.511   02 03 04 89 fe 7b f8 aa <--new
21-03-09 10:54:38.866 [7060.645464 HC 0x2d]
21-03-09 10:54:38.871 [7060.649623 KS disable]
21-03-09 10:54:38.871 [7060.650120 KB Clear Buffer]
21-03-09 10:54:38.875 [7060.650805 KB disable]
21-03-09 10:54:38.875 [7060.651214 KB Clear Buffer]
21-03-09 10:54:39.141 [7060.919494 HC 0xa4]
21-03-09 10:54:39.141 [7060.920849 HC 0x67 err 9]
21-03-09 10:54:39.144 +[7061.671311 KB Clear Buffer]
21-03-09 10:54:39.894 [7061.672101 KB Clear Buffer]
21-03-09 10:54:39.897 [7061.673082 KB IRQ enable]
21-03-09 10:54:39.900 [7061.673575 KB enable]
21-03-09 10:54:39.905 [7061.674517 KB Clear Buffer]
21-03-09 10:54:39.905 [7061.676532 KS enable]
21-03-09 10:54:39.907 [7061.676918 KB Clear Buffer]
21-03-09 10:54:39.910 [7061.685533 HC 0x0b]
21-03-09 10:54:39.910 [7061.686774 HC 0x400b]
21-03-09 10:54:39.913 [7061.687337 HC 0x400b err 1]
21-03-09 10:54:39.924 [7061.688190 HC 0x08]
21-03-09 10:54:39.924 +[7061.689357 HC 0x8d]
21-03-09 10:54:39.925 [7061.690831 HC 0x0d]
21-03-09 10:54:39.925 [7061.692416 HC 0x102]
21-03-09 10:54:39.925 [7061.693221 HC 0x105]
21-03-09 10:54:39.925 [7061.694924 HC 0xa9]
21-03-09 10:54:39.929 [7061.696171 HC 0x112]
21-03-09 10:54:39.929 [7061.697601 HC 0x28]
21-03-09 10:54:39.932 [7061.698161 HC 0x28 err 1]
21-03-09 10:54:39.936 [7061.698994 HC 0xd3]
21-03-09 10:54:39.936 [7061.699895 HC 0x08]
21-03-09 10:54:39.940 [7061.703564 HC 0x121]
21-03-09 10:54:39.940 [7061.715610 HC 0x102]
21-03-09 10:54:39.943 [7061.716669 HC 0x111]
21-03-09 10:54:39.946 +++(++)[7063.764552 HC 0x112]
21-03-09 10:54:41.989 [7063.765533 HC 0x117]
21-03-09 10:54:42.494 [7064.269633 HC 0x112]
21-03-09 10:54:42.885 Port 80 writes:
21-03-09 10:54:42.885   0d 13 15 7f 01 16 22 02 32 14 15 17 18 19 20 21 22 25 3f 43
21-03-09 10:54:42.892   44 4f 23 37 50 5f 40 41 42 47 80 81 82 83 61 63 03 04 05 06
21-03-09 10:54:42.895   07 0f 65 64 0f 6a 71 7f 99 72 24 25 55 73 94 94 74 75 75 75
21-03-09 10:54:42.901   75 75 75 75 75 75 75 75 75 75 75 75 75 75 75 75 75 75 75 75
21-03-09 10:54:42.908   75 75 75 75 75 75 75 75 75 75 75 75 75 75 75 75 75 75 75 75
21-03-09 10:54:42.911   75 75 75 75 75 75 75 76 77 79 9c 93 7a 95 05 25 95 88 01 02
21-03-09 10:54:42.917   03 04 89 fe 7b f8 aa ab <--new
21-03-09 10:54:43.894 [7065.669684 HC 0x08]
21-03-09 10:54:43.894 +++[7069.130906 HC 0x08]
21-03-09 10:54:47.356 [7069.132732 HC 0x0d]
21-03-09 10:54:47.360 +[7069.134207 HC 0x102]
21-03-09 10:54:47.360 [7069.135434 HC 0x101]
21-03-09 10:54:47.363 [7069.140017 HC 0x133]
21-03-09 10:54:47.384 [7069.156057 HC 0x131]
21-03-09 10:54:47.385 [7069.161134 HC 0x11a]
21-03-09 10:54:48.955 [7070.729601 HC 0x02]
21-03-09 10:54:48.959 [7070.733301 HC 0x0b]
21-03-09 10:54:48.970 [7070.743767 HC 0x05]
21-03-09 10:54:49.044 [7070.818754 HC 0x121]
21-03-09 10:54:49.047 +[7071.145751 HC 0x05]
21-03-09 10:54:49.374 +[7071.151199 HC 0x02]
21-03-09 10:54:49.541 [7071.315699 HC 0x11b]
21-03-09 10:54:49.594 [7071.369324 HC 0x11b]
21-03-09 10:54:49.594 [7071.370244 HC 0x11b err 3]
21-03-09 10:54:50.388 [7072.161670 HC 0x121]
21-03-09 10:54:50.388 +[7073.701174 HC 0x01]
21-03-09 10:54:51.928 [7073.702092 HC 0x0b]
21-03-09 10:54:51.931 [7073.702837 HC 0x02]
21-03-09 10:54:51.931 [7073.704241 HC 0x08]
21-03-09 10:54:51.934 [7073.705235 HC 0x10]
21-03-09 10:54:51.937 +[7073.706703 HC 0x05]
21-03-09 10:54:51.937 [7073.708196 HC 0x18]
21-03-09 10:54:51.940 [7073.708754 HC 0x18 err 1]
21-03-09 10:54:51.943 +[7073.709751 HC 0x18 err 1]
21-03-09 10:54:51.943 +[7073.711274 HC 0x18 err 1]
21-03-09 10:54:51.946 [7073.712714 HC 0x16]
21-03-09 10:54:51.954 +[7073.714796 HC 0x15]
21-03-09 10:54:52.395 [7074.168906 HC 0x02]
21-03-09 10:54:52.395 [7074.171214 HC 0x0b]
21-03-09 10:54:52.399 [7074.174055 HC 0x96]
21-03-09 10:54:53.126 [7074.900446 Battery 100% (Display 100.0 %) / ??h:?? to empty, not accepting current]
21-03-09 10:54:54.905 [7076.678142 HC 0x02]
21-03-09 10:54:54.905 [7076.680920 HC 0x0b]
21-03-09 10:54:54.912 [7076.685135 HC 0x70]
21-03-09 10:54:54.912 +[7076.707074 HC 0x02]
21-03-09 10:54:54.933 [7076.709023 HC 0x0b]
21-03-09 10:54:55.997 [7077.770570 Battery 99% (Display 100.0 %) / 4h:1 to empty]
21-03-09 10:54:56.001 [7077.773681 charge_request(12768mV, 0mA)]
21-03-09 10:54:56.303 [7078.073444 HC 0x05]
21-03-09 10:54:56.303 +[7078.078086 HC 0x02]
21-03-09 10:54:56.552 [7078.325362 HC 0x02]
21-03-09 10:54:56.552 [7078.326941 HC 0x0b]
21-03-09 10:54:56.557 [7078.327878 HC 0x0d]
21-03-09 10:54:56.599 [7078.372744 HC 0x02]
21-03-09 10:54:56.603 [7078.376743 HC 0x0b]
21-03-09 10:54:56.609 [7078.382302 HC 0x70]
21-03-09 10:54:56.609 +[7078.924584 charge_request(12760mV, 0mA)]
21-03-09 10:54:58.294 [7080.066951 charge_request(12768mV, 0mA)]
21-03-09 10:55:00.583 [7082.356158 charge_request(12760mV, 0mA)]
21-03-09 10:55:00.624 [7082.396796 HC 0x121]
21-03-09 10:55:00.624 +[7082.609492 HC 0x02]
21-03-09 10:55:00.837 [7082.611089 HC 0x0b]
21-03-09 10:55:00.840 [7082.612049 HC 0x0d]
21-03-09 10:55:01.732 [7083.504621 charge_request(12768mV, 0mA)]
21-03-09 10:55:02.880 [7084.651888 charge_request(12760mV, 0mA)]
21-03-09 10:55:04.030 [7085.801517 charge_request(12752mV, 0mA)]
21-03-09 10:55:05.749 [7087.520529 charge_request(12800mV, 0mA)]
21-03-09 10:55:05.852 [7087.621235 HC 0x02]
21-03-09 10:55:05.852 [7087.622744 HC 0x0b]
21-03-09 10:55:05.853 [7087.623531 HC 0x0d]
21-03-09 10:55:06.897 [7088.667502 charge_request(12808mV, 0mA)]
21-03-09 10:55:08.615 [7090.385640 charge_request(12800mV, 0mA)]
21-03-09 10:55:09.758 [7091.528468 charge_request(12808mV, 0mA)]
21-03-09 10:55:09.882 [7091.652368 HC 0x02]
21-03-09 10:55:09.882 [7091.653936 HC 0x0b]
21-03-09 10:55:09.886 [7091.654876 HC 0x96]
21-03-09 10:55:10.334 [7092.100764 charge_request(12752mV, 0mA)]
21-03-09 10:55:10.910 [7092.679249 Battery 99% (Display 100.0 %) / 4h:41 to empty]
21-03-09 10:55:10.914 [7092.682347 charge_request(13048mV, 3568mA)]
21-03-09 10:55:14.403 [7096.169973 KB Clear Buffer]
21-03-09 10:55:14.403 [7096.170917 KB disable]
21-03-09 10:55:14.406 [7096.171422 KB IRQ disable]
21-03-09 10:55:15.082 [7096.849648 HC 0x0d]
21-03-09 10:55:15.085 [7096.853223 HC 0xa4]
21-03-09 10:55:15.222 [7096.990131 HC 0x0d]
21-03-09 10:55:15.226 [7096.993747 HC 0xa4]
21-03-09 10:55:15.249 [7097.016564 HC 0x11f]
21-03-09 10:55:18.707 [7100.471807 MKBP not cleared within threshold, toggling.]
21-03-09 10:55:19.708 [7101.472711 MKBP not cleared within threshold, toggling.]
21-03-09 10:55:21.736 [7103.499261 MKBP not cleared within threshold, toggling.]
21-03-09 10:55:22.738 [7104.500188 MKBP not cleared within threshold, toggling.]
21-03-09 10:55:24.764 [7106.524143 MKBP not cleared within threshold, toggling.]
21-03-09 10:55:25.765 [7107.525047 MKBP not cleared within threshold, toggling.]
21-03-09 10:55:27.776 [7109.532195 MKBP not cleared within threshold, toggling.]
21-03-09 10:55:28.776 [7110.533124 MKBP not cleared within threshold, toggling.]
21-03-09 10:55:30.784 [7112.540325 MKBP not cleared within threshold, toggling.]
21-03-09 10:55:31.786 [7113.541233 MKBP not cleared within threshold, toggling.]
21-03-09 10:55:33.794 [7115.548110 MKBP not cleared within threshold, toggling.]
21-03-09 10:55:34.796 [7116.549026 MKBP not cleared within threshold, toggling.]
21-03-09 10:55:36.802 [7118.553650 MKBP not cleared within threshold, toggling.]
21-03-09 10:55:36.810 [7118.561917 Battery 100% (Display 100.0 %) / 0h:9 to full, not accepting current]
21-03-09 10:55:36.817 [7118.565181 charge_request(13050mV, 0mA)]
21-03-09 10:55:37.803 [7119.554565 MKBP not cleared within threshold, toggling.]
21-03-09 10:55:39.815 [7121.564099 MKBP not cleared within threshold, toggling.]
21-03-09 10:55:40.816 [7122.565000 MKBP not cleared within threshold, toggling.]
21-03-09 10:55:42.820 [7124.567742 MKBP not cleared within threshold, toggling.]
21-03-09 10:55:43.822 [7125.568654 MKBP not cleared within threshold, toggling.]
21-03-09 10:55:44.316 [7126.061855 HC 0x0d]
21-03-09 10:55:44.319 [7126.065646 HC 0xa4]
21-03-09 10:55:45.835 [7127.580128 MKBP not cleared within threshold, toggling.]
21-03-09 10:55:46.416 [7128.160691 HC 0xa4]
21-03-09 10:55:46.416 +++(++)[7128.327407 HC 0x0d]
21-03-09 10:55:46.583 [7128.328207 HC 0xa4]
21-03-09 10:55:46.586 [7128.329485 HC 0x67 err 9]
21-03-09 10:55:46.586 +[7128.343678 HC 0x121]
21-03-09 10:55:47.012 [7128.756231 HC 0x02]
21-03-09 10:55:47.094 [7128.838537 HC 0x102]
21-03-09 10:55:47.094 [7128.839289 HC 0x128]
21-03-09 10:55:47.098 [7128.840005 HC 0x12a]
21-03-09 10:55:47.215 [7128.958768 HC 0x11f]
21-03-09 10:55:47.215 [7128.959716 HC 0x11f err 3]
21-03-09 10:55:47.222 +[7128.967391 HC 0x06]
21-03-09 10:55:47.361 [7129.104413 HC 0x11f]
21-03-09 10:55:47.602 [7129.346519 MKBP not cleared within threshold, toggling.]
21-03-09 10:55:48.604 [7130.347423 MKBP not cleared within threshold, toggling.]
21-03-09 10:55:49.709 [7131.449062 HC 0x0b]
21-03-09 10:55:49.713 [7131.454511 HC 0x2d]
21-03-09 10:55:49.807 [7131.549379 HC 0x2d]
21-03-09 10:55:49.924 [7131.666798 power state 3 = S0, in 0x0039]
21-03-09 10:55:49.928 RTC: 0x00001bf6 (7158.00 s)
21-03-09 10:55:49.928 [7131.667765 power state 8 = S0->S3, in 0x0039]
21-03-09 10:55:49.935 [7131.668764 PD:S0->S3]
21-03-09 10:55:49.935 RTC: 0x00001bf6 (7158.00 s)
21-03-09 10:55:49.938 [7131.669468 power state 2 = S3, in 0x0039]
21-03-09 10:55:49.941 RTC: 0x00001bf6 (7158.00 s)
21-03-09 10:55:49.944 [7131.670331 power state 9 = S3->S5, in 0x0039]
21-03-09 10:55:49.947 [7131.670975 HC Suppressed: 0x97=4 0x98=22 0x113=18 0x103=23 0x115=0 0x2b=157 0x67=171]
21-03-09 10:55:49.957 [7131.700506 USB charge p0 m0 i0]
21-03-09 10:55:49.960 [7131.701091 USB charge p1 m0 i0]
21-03-09 10:55:49.964 [7131.702095 PD:S3->S5]
21-03-09 10:55:49.964 [7131.702570 VB hook_shutdown]
21-03-09 10:55:49.967 RTC: 0x00001bf6 (7158.00 s)
21-03-09 10:55:49.970 [7131.703288 power state 1 = S5, in 0x0039]
21-03-09 10:55:50.060 [7131.802753 Pen charge disable]
21-03-09 10:55:50.633 [7132.374363 MKBP not cleared within threshold, toggling.]
21-03-09 10:55:50.952 [7132.693706 power state 1 = S5, in 0x003f]
21-03-09 10:55:50.956 RTC: 0x00001bf7 (7159.00 s)
21-03-09 10:55:50.956 [7132.694674 power state 6 = S5->S3, in 0x003f]
21-03-09 10:55:50.962 [7132.696543 PD:S5->S3]
21-03-09 10:55:50.962 RTC: 0x00001bf7 (7159.00 s)
21-03-09 10:55:50.965 [7132.697369 power state 2 = S3, in 0x003f]
21-03-09 10:55:50.968 RTC: 0x00001bf7 (7159.00 s)
21-03-09 10:55:50.971 [7132.698257 power state 7 = S3->S0, in 0x003f]
21-03-09 10:55:50.978 [7132.702640 USB charge p0 m2 i0]
21-03-09 10:55:50.978 [7132.703182 USB charge p1 m2 i0]
21-03-09 10:55:50.981 [7132.706398 Lid Accel: MS Done Init type:0x0 range:2]
21-03-09 10:55:50.987 [7132.707549 PD:S3->S0]
21-03-09 10:55:50.991 RTC: 0x00001bf7 (7159.00 s)
21-03-09 10:55:50.991 [7132.708247 power state 3 = S0, in 0x003f]
21-03-09 10:55:50.997 [7132.729300 Base Accel: MS Done Init type:0x0 range:4]
21-03-09 10:55:51.000 [7132.731744 Base Gyro: MS Done Init type:0x1 range:1000]
21-03-09 10:55:51.009 [7132.732989 Lid Accel ODR: 10000 - roundup 1 from config 1 [AP 0]]
21-03-09 10:55:51.010 [7132.742188 C0: PE_VDM_Identity_Request_Cbl]
21-03-09 10:55:51.017 [7132.742832 C0: PE_SNK_Ready]
21-03-09 10:55:51.020 [7132.743593 C0: PE_INIT_PORT_VDM_Identity_Request]
21-03-09 10:55:51.023 [7132.745428 Base Accel ODR: 13000 - roundup 1 from config 1 [AP 0]]
21-03-09 10:55:51.030 [7132.751459 C0: PE_SNK_Ready]
21-03-09 10:55:51.033 [7132.759656 Base Gyro ODR: 0 - roundup 0 from config 0 [AP 0]]
21-03-09 10:55:51.056 [7132.797646 Pen charge disable]
21-03-09 10:55:51.161 [7132.902680 disable_adc_irqs_deferred]
21-03-09 10:55:51.164 [7132.903365 power state 3 = S0, in 0x007f]
21-03-09 10:55:51.520 [7133.261579 HC 0x0d]
21-03-09 10:55:51.523 [7133.265175 HC 0xa4]
21-03-09 10:55:51.634 [7133.375297 MKBP not cleared within threshold, toggling.]
21-03-09 10:55:51.852 [7133.592945 HC 0x4b]
21-03-09 10:55:51.852 [7133.593507 HC 0x4b err 4]
21-03-09 10:55:51.955 [7133.696408 HC 0xa0]
21-03-09 10:55:52.024 [7133.765805 HC 0x11f]
21-03-09 10:55:53.642 [7135.382438 MKBP not cleared within threshold, toggling.]
21-03-09 10:55:54.644 [7136.383356 MKBP not cleared within threshold, toggling.]
21-03-09 10:55:56.667 [7138.405746 MKBP not cleared within threshold, toggling.]
21-03-09 10:55:57.668 [7139.406673 MKBP not cleared within threshold, toggling.]
21-03-09 10:55:59.676 [7141.413753 MKBP not cleared within threshold, toggling.]
21-03-09 10:56:00.678 [7142.414661 MKBP not cleared within threshold, toggling.]
21-03-09 10:56:02.685 [7144.421757 MKBP not cleared within threshold, toggling.]
21-03-09 10:56:03.686 [7145.422671 MKBP not cleared within threshold, toggling.]
21-03-09 10:56:05.694 [7147.429744 MKBP not cleared within threshold, toggling.]
21-03-09 10:56:06.695 [7148.430672 MKBP not cleared within threshold, toggling.]
21-03-09 10:56:08.703 [7150.437800 MKBP not cleared within threshold, toggling.]
21-03-09 10:56:09.705 [7151.438715 MKBP not cleared within threshold, toggling.]
21-03-09 10:56:11.712 [7153.445750 MKBP not cleared within threshold, toggling.]
21-03-09 10:56:12.714 [7154.446659 MKBP not cleared within threshold, toggling.]
21-03-09 10:56:14.722 [7156.454871 MKBP not cleared within threshold, toggling.]
21-03-09 10:56:15.723 [7157.455779 MKBP not cleared within threshold, toggling.]
21-03-09 10:56:17.730 [7159.461772 MKBP not cleared within threshold, toggling.]
21-03-09 10:56:18.731 [7160.462699 MKBP not cleared within threshold, toggling.]
21-03-09 10:56:20.737 [7162.468803 MKBP not cleared within threshold, toggling.]
21-03-09 10:56:21.739 [7163.469704 MKBP not cleared within threshold, toggling.]
21-03-09 10:56:23.750 [7165.477744 MKBP not cleared within threshold, toggling.]
21-03-09 10:56:24.074 Port 80 writes:
21-03-09 10:56:24.074   42 5a 20 21 22 11 15 09 1a 12 23 13 24 26 27 29 4c 28 74 2b
21-03-09 10:56:24.081   4c 2c 4e 31 2e 4b 34 57 2f 3e 3a 3b 3c 38 39 49 6d 30 32 37
21-03-09 10:56:24.084   29 35 41 3b 3c 38 39 47 3f 76 49 53 48 51 50 71 42 72 75 5c
21-03-09 10:56:24.090   5a 66 60 5d 01 21 55 7f 98 13 79 39 80 70 71 93 00 00 09 02
21-03-09 10:56:24.097   22 00 04 05 06 08 0a 0b 0c 0d 13 15 7f 01 16 22 02 32 14 15
21-03-09 10:56:24.099   17 18 19 20 21 22 25 3f 43 44 4f 23 37 50 5f 40 41 42 47 80
21-03-09 10:56:24.106   81 82 83 61 63 01 10 20 <--new
21-03-09 10:56:24.751 [7166.478645 MKBP not cleared within threshold, toggling.]
21-03-09 10:56:26.761 [7168.485740 MKBP not cleared within threshold, toggling.]
21-03-09 10:56:27.762 [7169.486657 MKBP not cleared within threshold, toggling.]
21-03-09 10:56:29.772 [7171.493727 MKBP not cleared within threshold, toggling.]
21-03-09 10:56:30.776 [7172.495782 MKBP not cleared within threshold, toggling.]
21-03-09 10:56:32.784 [7174.501754 MKBP not cleared within threshold, toggling.]
21-03-09 10:56:33.785 [7175.502672 MKBP not cleared within threshold, toggling.]
21-03-09 10:56:35.796 [7177.511824 MKBP not cleared within threshold, toggling.]
21-03-09 10:56:36.229 [7177.943569 power state 3 = S0, in 0x0039]
21-03-09 10:56:36.232 RTC: 0x00001c24 (7204.00 s)
21-03-09 10:56:36.232 [7177.944536 power state 8 = S0->S3, in 0x0039]
21-03-09 10:56:36.239 [7177.945536 PD:S0->S3]
21-03-09 10:56:36.239 RTC: 0x00001c24 (7204.00 s)
21-03-09 10:56:36.242 [7177.946237 power state 2 = S3, in 0x0039]
21-03-09 10:56:36.245 RTC: 0x00001c24 (7204.00 s)
21-03-09 10:56:36.248 [7177.947170 power state 9 = S3->S5, in 0x0039]
21-03-09 10:56:36.252 [7177.947813 HC Suppressed: 0x97=0 0x98=0 0x113=0 0x103=0 0x115=0 0x2b=0 0x67=0]
21-03-09 10:56:36.258 [7177.976481 USB charge p0 m0 i0]
21-03-09 10:56:36.261 [7177.977401 USB charge p1 m0 i0]
21-03-09 10:56:36.265 [7177.978405 PD:S3->S5]
21-03-09 10:56:36.268 [7177.978882 VB hook_shutdown]
21-03-09 10:56:36.271 RTC: 0x00001c24 (7204.00 s)
21-03-09 10:56:36.274 [7177.979600 power state 1 = S5, in 0x0039]
21-03-09 10:56:36.365 [7178.080454 Pen charge disable]
21-03-09 10:56:36.798 [7178.513060 MKBP not cleared within threshold, toggling.]
21-03-09 10:56:37.296 [7179.010541 power state 1 = S5, in 0x003f]
21-03-09 10:56:37.300 RTC: 0x00001c25 (7205.00 s)
21-03-09 10:56:37.300 [7179.011536 power state 6 = S5->S3, in 0x003f]
21-03-09 10:56:37.307 [7179.013336 PD:S5->S3]
21-03-09 10:56:37.307 RTC: 0x00001c25 (7205.00 s)
21-03-09 10:56:37.310 [7179.014158 power state 2 = S3, in 0x003f]
21-03-09 10:56:37.315 RTC: 0x00001c25 (7205.00 s)
21-03-09 10:56:37.316 [7179.015077 power state 7 = S3->S0, in 0x003f]
21-03-09 10:56:37.319 [7179.020611 USB charge p0 m2 i0]
21-03-09 10:56:37.322 [7179.021132 USB charge p1 m2 i0]
21-03-09 10:56:37.326 [7179.024275 PD:S3->S0]
21-03-09 10:56:37.329 RTC: 0x00001c25 (7205.00 s)
21-03-09 10:56:37.332 [7179.025053 power state 3 = S0, in 0x003f]
21-03-09 10:56:37.335 [7179.025759 Lid Accel: MS Done Init type:0x0 range:2]
21-03-09 10:56:37.342 [7179.046885 Base Accel: MS Done Init type:0x0 range:4]
21-03-09 10:56:37.345 [7179.049327 Base Gyro: MS Done Init type:0x1 range:1000]
21-03-09 10:56:37.352 [7179.050574 Lid Accel ODR: 10000 - roundup 1 from config 1 [AP 0]]
21-03-09 10:56:37.355 [7179.059797 C0: PE_VDM_Identity_Request_Cbl]
21-03-09 10:56:37.362 [7179.060440 C0: PE_SNK_Ready]
21-03-09 10:56:37.365 [7179.061202 C0: PE_INIT_PORT_VDM_Identity_Request]
21-03-09 10:56:37.368 [7179.063037 Base Accel ODR: 13000 - roundup 1 from config 1 [AP 0]]
21-03-09 10:56:37.374 [7179.069097 C0: PE_SNK_Ready]
21-03-09 10:56:37.378 [7179.077321 Base Gyro ODR: 0 - roundup 0 from config 0 [AP 0]]
21-03-09 10:56:37.401 [7179.114473 Pen charge disable]
21-03-09 10:56:37.506 [7179.220647 disable_adc_irqs_deferred]
21-03-09 10:56:37.510 [7179.221332 power state 3 = S0, in 0x007f]
21-03-09 10:56:37.811 [7179.524406 HC 0x0d]
21-03-09 10:56:37.814 [7179.528206 HC 0xa4]
21-03-09 10:56:38.137 [7179.850805 HC 0x4b]
21-03-09 10:56:38.138 [7179.851367 HC 0x4b err 4]
21-03-09 10:56:38.244 [7179.954887 HC 0xa0]
21-03-09 10:56:38.355 [7180.068504 HC 0x11f]
21-03-09 10:56:38.832 [7180.544919 MKBP not cleared within threshold, toggling.]
21-03-09 10:56:39.834 [7181.545851 MKBP not cleared within threshold, toggling.]
21-03-09 10:56:41.859 [7183.568609 MKBP not cleared within threshold, toggling.]
21-03-09 10:56:42.414 [7184.123207 HC 0x0d]
21-03-09 10:56:42.418 [7184.126997 HC 0xa4]
21-03-09 10:56:42.418 +++(++)[7184.292996 HC 0x0d]
21-03-09 10:56:42.584 [7184.293794 HC 0xa4]
21-03-09 10:56:42.588 [7184.295069 HC 0x67 err 9]
21-03-09 10:56:42.588 +[7184.309094 HC 0x121]
21-03-09 10:56:43.017 [7184.725970 HC 0x02]
21-03-09 10:56:43.100 [7184.808034 HC 0x102]
21-03-09 10:56:43.100 [7184.809047 HC 0x128]
21-03-09 10:56:43.103 [7184.809765 HC 0x12a]
21-03-09 10:56:43.220 [7184.928528 HC 0x11f]
21-03-09 10:56:43.220 [7184.929142 HC 0x11f err 3]
21-03-09 10:56:43.228 +[7184.937140 HC 0x06]
21-03-09 10:56:43.366 [7185.074162 HC 0x11f]
21-03-09 10:56:43.592 [7185.299447 MKBP not cleared within threshold, toggling.]
21-03-09 10:56:44.594 [7186.300573 MKBP not cleared within threshold, toggling.]
21-03-09 10:56:45.687 [7187.390076 HC 0x0b]
21-03-09 10:56:45.691 [7187.395528 HC 0x2d]
21-03-09 10:56:45.734 [7187.439524 HC 0x102]
21-03-09 10:56:45.734 [7187.440283 HC 0x11b]
21-03-09 10:56:45.738 [7187.441391 HC 0xb7]
21-03-09 10:56:45.738 [7187.441889 System unlocked, TCPC I2C tunnels may be unprotected]
21-03-09 10:56:45.984 [7187.688670 KB Clear Buffer]
21-03-09 10:56:45.984 [7187.689778 KB enable]
21-03-09 10:56:45.987 [7187.690321 KB Clear Buffer]
21-03-09 10:56:45.990 [7187.691051 KB scancode set to 1]
21-03-09 10:56:45.993 [7187.691707 KB Clear Buffer]
21-03-09 10:56:45.996 [7187.692363 KB Clear Buffer]
21-03-09 10:56:46.601 [7188.304673 MKBP not cleared within threshold, toggling.]
21-03-09 10:56:47.603 [7189.305586 MKBP not cleared within threshold, toggling.]
21-03-09 10:56:47.888 Port 80 writes:
21-03-09 10:56:47.888   0c 0d 13 15 7f 01 16 22 02 32 14 15 17 18 19 20 21 22 25 3f
21-03-09 10:56:47.895   43 44 4f 23 37 50 5f 40 41 42 47 80 81 82 83 61 63 03 04 05
21-03-09 10:56:47.898   06 07 0f 65 64 0f 6a 71 7f 99 72 24 25 55 73 94 94 74 75 75
21-03-09 10:56:47.904   75 75 75 75 75 75 75 75 75 75 75 75 75 75 75 75 75 75 75 75
21-03-09 10:56:47.911   75 75 75 75 75 75 75 75 75 75 75 75 75 75 75 75 75 75 75 75
21-03-09 10:56:47.918   75 75 75 75 75 75 75 75 76 77 79 9c 93 7a 95 05 25 95 88 01
21-03-09 10:56:47.921   02 03 04 89 fe 7b f8 aa <--new
21-03-09 10:56:48.276 [7189.977811 HC 0x2d]
21-03-09 10:56:48.280 [7189.982293 KS disable]
21-03-09 10:56:48.281 [7189.982790 KB Clear Buffer]
21-03-09 10:56:48.283 [7189.983472 KB disable]
21-03-09 10:56:48.287 [7189.984219 KB Clear Buffer]
21-03-09 10:56:48.550 [7190.252182 HC 0xa4]
21-03-09 10:56:48.551 [7190.253590 HC 0x67 err 9]
21-03-09 10:56:48.554 +[7191.009423 KB Clear Buffer]
21-03-09 10:56:49.309 [7191.010592 KB Clear Buffer]
21-03-09 10:56:49.312 [7191.011538 KB IRQ enable]
21-03-09 10:56:49.315 [7191.012030 KB enable]
21-03-09 10:56:49.319 [7191.012855 KB Clear Buffer]
21-03-09 10:56:49.319 [7191.014541 KS enable]
21-03-09 10:56:49.321 [7191.015035 KB Clear Buffer]
21-03-09 10:56:49.325 [7191.025377 HC 0x0b]
21-03-09 10:56:49.325 [7191.026597 HC 0x400b]
21-03-09 10:56:49.328 [7191.027144 HC 0x400b err 1]
21-03-09 10:56:49.332 [7191.027891 HC 0x08]
21-03-09 10:56:49.332 +[7191.029048 HC 0x8d]
21-03-09 10:56:49.335 [7191.030425 HC 0x0d]
21-03-09 10:56:49.340 [7191.032471 HC 0x102]
21-03-09 10:56:49.340 [7191.033403 HC 0x105]
21-03-09 10:56:49.340 [7191.034879 HC 0xa9]
21-03-09 10:56:49.344 [7191.035809 HC 0x112]
21-03-09 10:56:49.344 [7191.037453 HC 0x28]
21-03-09 10:56:49.347 [7191.038013 HC 0x28 err 1]
21-03-09 10:56:49.351 [7191.038789 HC 0xd3]
21-03-09 10:56:49.351 [7191.039611 HC 0x08]
21-03-09 10:56:49.355 [7191.043749 HC 0x121]
21-03-09 10:56:49.355 [7191.057421 HC 0x102]
21-03-09 10:56:49.359 [7191.058983 HC 0x111]
21-03-09 10:56:49.359 +++(++)[7193.096123 HC 0x112]
21-03-09 10:56:51.398 [7193.097230 HC 0x117]
21-03-09 10:56:51.903 [7193.601523 HC 0x112]
21-03-09 10:56:52.296 Port 80 writes:
21-03-09 10:56:52.296   0d 13 15 7f 01 16 22 02 32 14 15 17 18 19 20 21 22 25 3f 43
21-03-09 10:56:52.302   44 4f 23 37 50 5f 40 41 42 47 80 81 82 83 61 63 03 04 05 06
21-03-09 10:56:52.306   07 0f 65 64 0f 6a 71 7f 99 72 24 25 55 73 94 94 74 75 75 75
21-03-09 10:56:52.312   75 75 75 75 75 75 75 75 75 75 75 75 75 75 75 75 75 75 75 75
21-03-09 10:56:52.318   75 75 75 75 75 75 75 75 75 75 75 75 75 75 75 75 75 75 75 75
21-03-09 10:56:52.321   75 75 75 75 75 75 75 76 77 79 9c 93 7a 95 05 25 95 88 01 02
21-03-09 10:56:52.328   03 04 89 fe 7b f8 aa ab <--new
21-03-09 10:56:53.303 [7195.000307 HC 0x08]
21-03-09 10:56:53.314 +++[7198.182459 HC 0x08]
21-03-09 10:56:56.492 [7198.187764 HC 0x0d]
21-03-09 10:56:56.492 +[7198.194239 HC 0x102]
21-03-09 10:56:56.499 [7198.196416 HC 0x101]
21-03-09 10:56:56.503 [7198.197846 HC 0x133]
21-03-09 10:56:56.503 [7198.200549 HC 0x131]
21-03-09 10:56:56.505 [7198.203341 HC 0x11a]
21-03-09 10:56:58.241 [7199.936659 HC 0x02]
21-03-09 10:56:58.242 [7199.938602 HC 0x0b]
21-03-09 10:56:58.245 [7199.939939 HC 0x05]
21-03-09 10:56:58.435 [7200.131072 HC 0x121]
21-03-09 10:56:58.458 +[7200.412199 HC 0x05]
21-03-09 10:56:58.724 +[7200.424961 HC 0x02]
21-03-09 10:56:58.828 [7200.523833 HC 0x11b]
21-03-09 10:56:58.866 +[7200.562650 HC 0x11b err 3]
21-03-09 10:56:59.794 [7201.489032 HC 0x121]
21-03-09 10:56:59.794 +[7202.876427 HC 0x01]
21-03-09 10:57:01.181 [7202.878271 HC 0x0b]
21-03-09 10:57:01.185 [7202.879278 HC 0x02]
21-03-09 10:57:01.185 [7202.880640 HC 0x08]
21-03-09 10:57:01.188 [7202.881598 HC 0x10]
21-03-09 10:57:01.191 +[7202.883908 HC 0x05]
21-03-09 10:57:01.191 [7202.885239 HC 0x18]
21-03-09 10:57:01.195 [7202.885793 HC 0x18 err 1]
21-03-09 10:57:01.198 +[7202.888675 HC 0x18 err 1]
21-03-09 10:57:01.198 +[7202.889536 HC 0x18 err 1]
21-03-09 10:57:01.202 [7202.890245 HC 0x16]
21-03-09 10:57:01.204 +[7202.891544 HC 0x15]
21-03-09 10:57:01.995 [7203.677249 HC 0x02]
21-03-09 10:57:01.995 [7203.680913 HC 0x0b]
21-03-09 10:57:01.995 [7203.682270 HC 0x96]
21-03-09 10:57:02.541 [7204.235915 Battery 100% (Display 100.0 %) / ??h:?? to full, not accepting current]
21-03-09 10:57:04.394 [7206.086246 HC 0x02]
21-03-09 10:57:04.400 [7206.094208 HC 0x0b]
21-03-09 10:57:04.400 [7206.095174 HC 0x70]
21-03-09 10:57:04.403 +[7206.132202 HC 0x02]
21-03-09 10:57:04.445 [7206.139431 HC 0x0b]
21-03-09 10:57:05.415 [7207.109495 Battery 99% (Display 100.0 %) / 4h:3 to empty]
21-03-09 10:57:05.419 [7207.112619 charge_request(12776mV, 0mA)]
21-03-09 10:57:05.936 [7207.627290 HC 0x05]
21-03-09 10:57:05.936 +[7207.632488 HC 0x02]
21-03-09 10:57:05.991 [7207.685760 charge_request(12768mV, 0mA)]
21-03-09 10:57:06.148 [7207.842085 HC 0x02]
21-03-09 10:57:06.148 [7207.844791 HC 0x0b]
21-03-09 10:57:06.151 [7207.845861 HC 0x0d]
21-03-09 10:57:06.190 [7207.883760 HC 0x02]
21-03-09 10:57:06.190 [7207.885716 HC 0x0b]
21-03-09 10:57:06.193 [7207.886698 HC 0x70]
21-03-09 10:57:06.193 +[7208.831304 charge_request(12760mV, 0mA)]
21-03-09 10:57:07.712 [7209.405901 charge_request(12768mV, 0mA)]
21-03-09 10:57:10.003 [7211.696565 charge_request(12760mV, 0mA)]
21-03-09 10:57:10.034 [7211.724904 HC 0x121]
21-03-09 10:57:10.034 +[7212.167567 HC 0x02]
21-03-09 10:57:10.475 [7212.169997 HC 0x0b]
21-03-09 10:57:10.478 [7212.171081 HC 0x0d]
21-03-09 10:57:11.724 [7213.417356 charge_request(12768mV, 0mA)]
21-03-09 10:57:12.870 [7214.563330 charge_request(12760mV, 0mA)]
21-03-09 10:57:13.445 [7215.137710 charge_request(12752mV, 0mA)]
21-03-09 10:57:14.590 [7216.282842 charge_request(12760mV, 0mA)]
21-03-09 10:57:15.439 [7217.131027 HC 0x02]
21-03-09 10:57:15.439 [7217.132607 HC 0x0b]
21-03-09 10:57:15.443 [7217.133627 HC 0x0d]
21-03-09 10:57:15.735 [7217.427289 charge_request(12800mV, 0mA)]
21-03-09 10:57:16.308 [7218.000266 charge_request(12808mV, 0mA)]
21-03-09 10:57:18.599 [7220.291113 charge_request(12800mV, 0mA)]
21-03-09 10:57:19.174 [7220.865813 charge_request(12808mV, 0mA)]
21-03-09 10:57:19.635 [7221.326023 HC 0x02]
21-03-09 10:57:19.635 [7221.328304 HC 0x0b]
21-03-09 10:57:19.639 [7221.329274 HC 0x96]
21-03-09 10:57:19.748 [7221.439555 charge_request(12792mV, 0mA)]
21-03-09 10:57:20.268 [7221.959206 HC 0x121]
21-03-09 10:57:20.268 +[7222.017171 Battery 99% (Display 100.0 %) / 4h:41 to empty]
21-03-09 10:57:20.328 [7222.020292 charge_request(13048mV, 3568mA)]
21-03-09 10:57:23.485 [7225.175096 KB Clear Buffer]
21-03-09 10:57:23.485 [7225.176099 KB disable]
21-03-09 10:57:23.488 [7225.176567 KB IRQ disable]
21-03-09 10:57:24.163 [7225.853732 HC 0x0d]
21-03-09 10:57:24.168 [7225.857634 HC 0xa4]
21-03-09 10:57:24.304 [7225.994910 HC 0x0d]
21-03-09 10:57:24.307 [7225.998534 HC 0xa4]
21-03-09 10:57:24.330 [7226.021011 HC 0x11f]
21-03-09 10:57:28.090 [7229.779509 MKBP not cleared within threshold, toggling.]
21-03-09 10:57:29.092 [7230.780726 MKBP not cleared within threshold, toggling.]
21-03-09 10:57:31.099 [7232.787563 MKBP not cleared within threshold, toggling.]
21-03-09 10:57:32.101 [7233.788488 MKBP not cleared within threshold, toggling.]
21-03-09 10:57:34.109 [7235.795332 MKBP not cleared within threshold, toggling.]
21-03-09 10:57:35.110 [7236.796246 MKBP not cleared within threshold, toggling.]
21-03-09 10:57:37.118 [7238.803341 MKBP not cleared within threshold, toggling.]
21-03-09 10:57:38.120 [7239.804230 MKBP not cleared within threshold, toggling.]
21-03-09 10:57:40.129 [7241.811302 MKBP not cleared within threshold, toggling.]
21-03-09 10:57:41.131 [7242.812207 MKBP not cleared within threshold, toggling.]
21-03-09 10:57:43.140 [7244.819489 MKBP not cleared within threshold, toggling.]
21-03-09 10:57:44.140 [7245.819994 MKBP not cleared within threshold, toggling.]
21-03-09 10:57:45.664 [7247.342816 Battery 100% (Display 100.0 %) / 0h:9 to full, not accepting current]
21-03-09 10:57:45.671 [7247.346052 charge_request(13050mV, 0mA)]
21-03-09 10:57:46.150 [7247.827713 MKBP not cleared within threshold, toggling.]
21-03-09 10:57:47.151 [7248.828620 MKBP not cleared within threshold, toggling.]
21-03-09 10:57:49.159 [7250.835345 MKBP not cleared within threshold, toggling.]
21-03-09 10:57:50.161 [7251.836256 MKBP not cleared within threshold, toggling.]
21-03-09 10:57:52.169 [7253.843330 MKBP not cleared within threshold, toggling.]
21-03-09 10:57:53.170 [7254.844252 MKBP not cleared within threshold, toggling.]
21-03-09 10:57:53.429 [7255.102631 HC 0x0d]
21-03-09 10:57:53.433 [7255.106482 HC 0xa4]
21-03-09 10:57:55.179 [7256.852961 MKBP not cleared within threshold, toggling.]
21-03-09 10:57:55.528 [7257.201553 HC 0xa4]
21-03-09 10:57:55.528 +++(++)[7257.367874 HC 0x0d]
21-03-09 10:57:55.695 [7257.368673 HC 0xa4]
21-03-09 10:57:55.698 [7257.369949 HC 0x67 err 9]
21-03-09 10:57:55.698 +[7257.384186 HC 0x121]
21-03-09 10:57:56.123 [7257.796744 HC 0x02]
21-03-09 10:57:56.206 [7257.878835 HC 0x102]
21-03-09 10:57:56.206 [7257.879589 HC 0x128]
21-03-09 10:57:56.209 [7257.880309 HC 0x12a]
21-03-09 10:57:56.326 [7257.999122 HC 0x11f]
21-03-09 10:57:56.326 [7257.999738 HC 0x11f err 3]
21-03-09 10:57:56.333 +[7258.007418 HC 0x06]
21-03-09 10:57:56.471 [7258.144624 HC 0x11f]
21-03-09 10:57:56.714 [7258.387349 MKBP not cleared within threshold, toggling.]
21-03-09 10:57:57.716 [7259.388270 MKBP not cleared within threshold, toggling.]
21-03-09 10:57:58.817 [7260.486970 HC 0x0b]
21-03-09 10:57:58.821 [7260.492421 HC 0x2d]
21-03-09 10:57:58.915 [7260.587334 HC 0x2d]
21-03-09 10:57:59.032 [7260.704519 power state 3 = S0, in 0x0039]
21-03-09 10:57:59.036 RTC: 0x00001c77 (7287.00 s)
21-03-09 10:57:59.036 [7260.705485 power state 8 = S0->S3, in 0x0039]
21-03-09 10:57:59.043 [7260.706625 PD:S0->S3]
21-03-09 10:57:59.043 RTC: 0x00001c77 (7287.00 s)
21-03-09 10:57:59.046 [7260.707336 power state 2 = S3, in 0x0039]
21-03-09 10:57:59.049 RTC: 0x00001c77 (7287.00 s)
21-03-09 10:57:59.052 [7260.708200 power state 9 = S3->S5, in 0x0039]
21-03-09 10:57:59.055 [7260.708844 HC Suppressed: 0x97=4 0x98=21 0x113=18 0x103=22 0x115=0 0x2b=157 0x67=170]
21-03-09 10:57:59.065 [7260.738231 USB charge p0 m0 i0]
21-03-09 10:57:59.068 [7260.738816 USB charge p1 m0 i0]
21-03-09 10:57:59.072 [7260.739820 PD:S3->S5]
21-03-09 10:57:59.072 [7260.740295 VB hook_shutdown]
21-03-09 10:57:59.075 RTC: 0x00001c77 (7287.00 s)
21-03-09 10:57:59.078 [7260.741012 power state 1 = S5, in 0x0039]
21-03-09 10:57:59.168 [7260.840457 Pen charge disable]
21-03-09 10:57:59.723 [7261.394450 MKBP not cleared within threshold, toggling.]
21-03-09 10:58:00.083 [7261.755386 power state 1 = S5, in 0x003f]
21-03-09 10:58:00.087 RTC: 0x00001c78 (7288.00 s)
21-03-09 10:58:00.087 [7261.756667 power state 6 = S5->S3, in 0x003f]
21-03-09 10:58:00.094 [7261.758328 PD:S5->S3]
21-03-09 10:58:00.094 RTC: 0x00001c78 (7288.00 s)
21-03-09 10:58:00.097 [7261.759131 power state 2 = S3, in 0x003f]
21-03-09 10:58:00.100 RTC: 0x00001c78 (7288.00 s)
21-03-09 10:58:00.104 [7261.759994 power state 7 = S3->S0, in 0x003f]
21-03-09 10:58:00.107 [7261.764370 USB charge p0 m2 i0]
21-03-09 10:58:00.110 [7261.764912 USB charge p1 m2 i0]
21-03-09 10:58:00.113 [7261.769258 PD:S3->S0]
21-03-09 10:58:00.118 RTC: 0x00001c78 (7288.00 s)
21-03-09 10:58:00.119 [7261.769978 power state 3 = S0, in 0x003f]
21-03-09 10:58:00.123 [7261.771432 Lid Accel: MS Done Init type:0x0 range:2]
21-03-09 10:58:00.126 [7261.793794 Base Accel: MS Done Init type:0x0 range:4]
21-03-09 10:58:00.133 [7261.796441 Base Gyro: MS Done Init type:0x1 range:1000]
21-03-09 10:58:00.139 [7261.797744 Lid Accel ODR: 10000 - roundup 1 from config 1 [AP 0]]
21-03-09 10:58:00.142 [7261.808037 Base Accel ODR: 13000 - roundup 1 from config 1 [AP 0]]
21-03-09 10:58:00.150 [7261.809994 C0: PE_VDM_Identity_Request_Cbl]
21-03-09 10:58:00.155 [7261.810775 C0: PE_SNK_Ready]
21-03-09 10:58:00.155 [7261.811459 C0: PE_INIT_PORT_VDM_Identity_Request]
21-03-09 10:58:00.162 [7261.819532 C0: PE_SNK_Ready]
21-03-09 10:58:00.165 [7261.824560 Base Gyro ODR: 0 - roundup 0 from config 0 [AP 0]]
21-03-09 10:58:00.187 [7261.859000 Pen charge disable]
21-03-09 10:58:00.293 [7261.964435 disable_adc_irqs_deferred]
21-03-09 10:58:00.296 [7261.965116 power state 3 = S0, in 0x007f]
21-03-09 10:58:00.652 [7262.323489 HC 0x0d]
21-03-09 10:58:00.655 [7262.327069 HC 0xa4]
21-03-09 10:58:00.723 [7262.395357 MKBP not cleared within threshold, toggling.]
21-03-09 10:58:00.984 [7262.654947 HC 0x4b]
21-03-09 10:58:00.985 [7262.655509 HC 0x4b err 4]
21-03-09 10:58:01.090 [7262.759240 HC 0xa0]
21-03-09 10:58:01.158 [7262.828656 HC 0x11f]
21-03-09 10:58:02.728 [7264.398498 MKBP not cleared within threshold, toggling.]
21-03-09 10:58:03.729 [7265.399403 MKBP not cleared within threshold, toggling.]
21-03-09 10:58:05.736 [7267.406501 MKBP not cleared within threshold, toggling.]
21-03-09 10:58:06.738 [7268.407414 MKBP not cleared within threshold, toggling.]
21-03-09 10:58:08.745 [7270.414518 MKBP not cleared within threshold, toggling.]
21-03-09 10:58:09.746 [7271.415448 MKBP not cleared within threshold, toggling.]
21-03-09 10:58:11.754 [7273.422801 MKBP not cleared within threshold, toggling.]
21-03-09 10:58:12.755 [7274.423712 MKBP not cleared within threshold, toggling.]
21-03-09 10:58:14.763 [7276.430891 MKBP not cleared within threshold, toggling.]
21-03-09 10:58:15.764 [7277.431981 MKBP not cleared within threshold, toggling.]
21-03-09 10:58:17.771 [7279.438745 MKBP not cleared within threshold, toggling.]
21-03-09 10:58:18.773 [7280.440217 MKBP not cleared within threshold, toggling.]
21-03-09 10:58:20.782 [7282.447184 MKBP not cleared within threshold, toggling.]
21-03-09 10:58:21.784 [7283.448983 MKBP not cleared within threshold, toggling.]
21-03-09 10:58:23.790 [7285.454842 MKBP not cleared within threshold, toggling.]
21-03-09 10:58:24.792 [7286.455767 MKBP not cleared within threshold, toggling.]
21-03-09 10:58:26.801 [7288.462500 MKBP not cleared within threshold, toggling.]
21-03-09 10:58:27.803 [7289.463422 MKBP not cleared within threshold, toggling.]
21-03-09 10:58:29.812 [7291.470500 MKBP not cleared within threshold, toggling.]
21-03-09 10:58:30.814 [7292.471394 MKBP not cleared within threshold, toggling.]
21-03-09 10:58:32.819 [7294.474014 MKBP not cleared within threshold, toggling.]
21-03-09 10:58:33.148 Port 80 writes:
21-03-09 10:58:33.148   42 5a 20 21 22 11 15 09 1a 12 23 13 24 26 27 29 4c 28 74 2b
21-03-09 10:58:33.155   4c 2c 4e 31 2e 4b 34 57 2f 3e 3a 3b 3c 38 39 49 6d 30 32 37
21-03-09 10:58:33.158   29 35 41 3b 3c 38 39 47 3f 76 49 53 48 51 50 71 42 72 75 5c
21-03-09 10:58:33.164   5a 66 60 5d 01 21 55 7f 98 13 79 39 80 70 71 93 00 00 09 02
21-03-09 10:58:33.170   22 00 04 05 06 08 0a 0b 0c 0d 13 15 7f 01 16 22 02 32 14 15
21-03-09 10:58:33.178   17 18 19 20 21 22 25 3f 43 44 4f 23 37 50 5f 40 41 42 47 80
21-03-09 10:58:33.180   81 82 83 61 63 01 10 20 <--new
21-03-09 10:58:33.821 [7295.474944 MKBP not cleared within threshold, toggling.]
21-03-09 10:58:35.835 [7297.486514 MKBP not cleared within threshold, toggling.]
21-03-09 10:58:36.837 [7298.487618 MKBP not cleared within threshold, toggling.]
21-03-09 10:58:38.845 [7300.494520 MKBP not cleared within threshold, toggling.]
21-03-09 10:58:39.847 [7301.495414 MKBP not cleared within threshold, toggling.]
21-03-09 10:58:41.855 [7303.502655 MKBP not cleared within threshold, toggling.]
21-03-09 10:58:42.858 [7304.505012 MKBP not cleared within threshold, toggling.]
21-03-09 10:58:44.865 [7306.510800 MKBP not cleared within threshold, toggling.]
21-03-09 10:58:45.292 [7306.937633 power state 3 = S0, in 0x0039]
21-03-09 10:58:45.296 RTC: 0x00001ca6 (7334.00 s)
21-03-09 10:58:45.296 [7306.939137 power state 8 = S0->S3, in 0x0039]
21-03-09 10:58:45.302 [7306.940135 PD:S0->S3]
21-03-09 10:58:45.302 RTC: 0x00001ca6 (7334.00 s)
21-03-09 10:58:45.305 [7306.940903 power state 2 = S3, in 0x0039]
21-03-09 10:58:45.309 RTC: 0x00001ca6 (7334.00 s)
21-03-09 10:58:45.312 [7306.941770 power state 9 = S3->S5, in 0x0039]
21-03-09 10:58:45.323 [7306.942413 HC Suppressed: 0x97=0 0x98=0 0x113=0 0x103=0 0x115=0 0x2b=0 0x67=0]
21-03-09 10:58:45.324 [7306.971083 USB charge p0 m0 i0]
21-03-09 10:58:45.324 [7306.972002 USB charge p1 m0 i0]
21-03-09 10:58:45.328 [7306.973009 PD:S3->S5]
21-03-09 10:58:45.331 [7306.973485 VB hook_shutdown]
21-03-09 10:58:45.334 RTC: 0x00001ca6 (7334.00 s)
21-03-09 10:58:45.338 [7306.974203 power state 1 = S5, in 0x0039]
21-03-09 10:58:45.427 [7307.073661 Pen charge disable]
21-03-09 10:58:45.866 [7307.512046 MKBP not cleared within threshold, toggling.]
21-03-09 10:58:46.360 [7308.005906 power state 1 = S5, in 0x003f]
21-03-09 10:58:46.365 RTC: 0x00001ca7 (7335.00 s)
21-03-09 10:58:46.365 [7308.006902 power state 6 = S5->S3, in 0x003f]
21-03-09 10:58:46.371 [7308.008561 PD:S5->S3]
21-03-09 10:58:46.371 RTC: 0x00001ca7 (7335.00 s)
21-03-09 10:58:46.374 [7308.009341 power state 2 = S3, in 0x003f]
21-03-09 10:58:46.376 RTC: 0x00001ca7 (7335.00 s)
21-03-09 10:58:46.380 [7308.010260 power state 7 = S3->S0, in 0x003f]
21-03-09 10:58:46.383 [7308.015788 USB charge p0 m2 i0]
21-03-09 10:58:46.386 [7308.016309 USB charge p1 m2 i0]
21-03-09 10:58:46.389 [7308.019437 PD:S3->S0]
21-03-09 10:58:46.393 RTC: 0x00001ca7 (7335.00 s)
21-03-09 10:58:46.396 [7308.020183 power state 3 = S0, in 0x003f]
21-03-09 10:58:46.399 [7308.020880 Lid Accel: MS Done Init type:0x0 range:2]
21-03-09 10:58:46.405 [7308.041987 Base Accel: MS Done Init type:0x0 range:4]
21-03-09 10:58:46.409 [7308.044574 Base Gyro: MS Done Init type:0x1 range:1000]
21-03-09 10:58:46.416 [7308.045837 Lid Accel ODR: 10000 - roundup 1 from config 1 [AP 0]]
21-03-09 10:58:46.419 [7308.056023 Base Accel ODR: 13000 - roundup 1 from config 1 [AP 0]]
21-03-09 10:58:46.426 [7308.060327 C0: PE_VDM_Identity_Request_Cbl]
21-03-09 10:58:46.432 [7308.060959 C0: PE_SNK_Ready]
21-03-09 10:58:46.432 [7308.061597 C0: PE_INIT_PORT_VDM_Identity_Request]
21-03-09 10:58:46.438 [7308.063671 Base Gyro ODR: 0 - roundup 0 from config 0 [AP 0]]
21-03-09 10:58:46.445 [7308.069569 C0: PE_SNK_Ready]
21-03-09 10:58:46.464 [7308.109246 Pen charge disable]
21-03-09 10:58:46.570 [7308.215827 disable_adc_irqs_deferred]
21-03-09 10:58:46.573 [7308.216511 power state 3 = S0, in 0x007f]
21-03-09 10:58:46.874 [7308.519697 HC 0x0d]
21-03-09 10:58:46.878 [7308.523271 HC 0xa4]
21-03-09 10:58:47.201 [7308.845775 HC 0x4b]
21-03-09 10:58:47.201 [7308.846338 HC 0x4b err 4]
21-03-09 10:58:47.307 [7308.950052 HC 0xa0]
21-03-09 10:58:47.418 [7309.063666 HC 0x11f]
21-03-09 10:58:47.895 [7309.540221 MKBP not cleared within threshold, toggling.]
21-03-09 10:58:48.897 [7310.541886 MKBP not cleared within threshold, toggling.]
21-03-09 10:58:50.922 [7312.566525 MKBP not cleared within threshold, toggling.]
21-03-09 10:58:51.474 [7313.117500 HC 0x0d]
21-03-09 10:58:51.477 [7313.121037 HC 0xa4]
21-03-09 10:58:51.477 +++(++)[7313.287167 HC 0x0d]
21-03-09 10:58:51.644 [7313.287962 HC 0xa4]
21-03-09 10:58:51.647 [7313.289240 HC 0x67 err 9]
21-03-09 10:58:51.647 +[7313.303284 HC 0x121]
21-03-09 10:58:52.077 [7313.720500 HC 0x02]
21-03-09 10:58:52.160 [7313.802607 HC 0x102]
21-03-09 10:58:52.160 [7313.803363 HC 0x128]
21-03-09 10:58:52.163 [7313.804083 HC 0x12a]
21-03-09 10:58:52.280 [7313.922875 HC 0x11f]
21-03-09 10:58:52.280 [7313.923826 HC 0x11f err 3]
21-03-09 10:58:52.288 +[7313.931527 HC 0x06]
21-03-09 10:58:52.426 [7314.068661 HC 0x11f]
21-03-09 10:58:52.652 [7314.294655 MKBP not cleared within threshold, toggling.]
21-03-09 10:58:53.653 [7315.295628 MKBP not cleared within threshold, toggling.]
21-03-09 10:58:54.748 [7316.389721 HC 0x0b]
21-03-09 10:58:54.753 [7316.395174 HC 0x2d]
21-03-09 10:58:54.798 [7316.439175 HC 0x102]
21-03-09 10:58:54.798 [7316.439933 HC 0x11b]
21-03-09 10:58:54.801 [7316.440711 HC 0xb7]
21-03-09 10:58:54.801 [7316.441545 System unlocked, TCPC I2C tunnels may be unprotected]
21-03-09 10:58:55.047 [7316.687970 KB Clear Buffer]
21-03-09 10:58:55.047 [7316.689452 KB enable]
21-03-09 10:58:55.050 [7316.689921 KB Clear Buffer]
21-03-09 10:58:55.053 [7316.690648 KB scancode set to 1]
21-03-09 10:58:55.056 [7316.691303 KB Clear Buffer]
21-03-09 10:58:55.059 [7316.691957 KB Clear Buffer]
21-03-09 10:58:55.663 [7317.303838 MKBP not cleared within threshold, toggling.]
21-03-09 10:58:56.664 [7318.304798 MKBP not cleared within threshold, toggling.]
21-03-09 10:58:56.949 Port 80 writes:
21-03-09 10:58:56.949   0c 0d 13 15 7f 01 16 22 02 32 14 15 17 18 19 20 21 22 25 3f
21-03-09 10:58:56.956   43 44 4f 23 37 50 5f 40 41 42 47 80 81 82 83 61 63 03 04 05
21-03-09 10:58:56.959   06 07 0f 65 64 0f 6a 71 7f 99 72 24 25 55 73 94 94 74 75 75
21-03-09 10:58:56.965   75 75 75 75 75 75 75 75 75 75 75 75 75 75 75 75 75 75 75 75
21-03-09 10:58:56.972   75 75 75 75 75 75 75 75 75 75 75 75 75 75 75 75 75 75 75 75
21-03-09 10:58:56.975   75 75 75 75 75 75 75 75 76 77 79 9c 93 7a 95 05 25 95 88 01
21-03-09 10:58:56.981   02 03 04 89 fe 7b f8 aa <--new
21-03-09 10:58:57.339 [7318.978756 HC 0x2d]
21-03-09 10:58:57.344 [7318.983227 KS disable]
21-03-09 10:58:57.344 [7318.983724 KB Clear Buffer]
21-03-09 10:58:57.347 [7318.984408 KB disable]
21-03-09 10:58:57.347 [7318.985085 KB Clear Buffer]
21-03-09 10:58:57.614 [7319.253183 HC 0xa4]
21-03-09 10:58:57.614 [7319.254855 HC 0x67 err 9]
21-03-09 10:58:57.617 +[7320.004414 KB Clear Buffer]
21-03-09 10:58:58.365 [7320.005253 KB Clear Buffer]
21-03-09 10:58:58.368 [7320.006214 KB IRQ enable]
21-03-09 10:58:58.372 [7320.007032 KB enable]
21-03-09 10:58:58.375 [7320.007931 KB Clear Buffer]
21-03-09 10:58:58.375 [7320.009516 KS enable]
21-03-09 10:58:58.380 [7320.009978 KB Clear Buffer]
21-03-09 10:58:58.382 [7320.017855 HC 0x0b]
21-03-09 10:58:58.382 [7320.018751 HC 0x400b]
21-03-09 10:58:58.385 [7320.019298 HC 0x400b err 1]
21-03-09 10:58:58.389 [7320.020207 HC 0x08]
21-03-09 10:58:58.389 +[7320.021350 HC 0x8d]
21-03-09 10:58:58.392 [7320.022598 HC 0x0d]
21-03-09 10:58:58.397 [7320.024682 HC 0x102]
21-03-09 10:58:58.397 [7320.025577 HC 0x105]
21-03-09 10:58:58.397 [7320.027192 HC 0xa9]
21-03-09 10:58:58.400 [7320.028823 HC 0x112]
21-03-09 10:58:58.404 [7320.029990 HC 0x28]
21-03-09 10:58:58.404 [7320.030569 HC 0x28 err 1]
21-03-09 10:58:58.414 [7320.031309 HC 0xd3]
21-03-09 10:58:58.415 [7320.032319 HC 0x08]
21-03-09 10:58:58.415 [7320.036135 HC 0x121]
21-03-09 10:58:58.415 [7320.047960 HC 0x102]
21-03-09 10:58:58.415 [7320.050381 HC 0x111]
21-03-09 10:58:58.417 +++(++)[7322.098587 HC 0x112]
21-03-09 10:59:00.461 [7322.099726 HC 0x117]
21-03-09 10:59:00.967 [7322.604152 HC 0x112]
21-03-09 10:59:01.358 Port 80 writes:
21-03-09 10:59:01.358   0d 13 15 7f 01 16 22 02 32 14 15 17 18 19 20 21 22 25 3f 43
21-03-09 10:59:01.364   44 4f 23 37 50 5f 40 41 42 47 80 81 82 83 61 63 03 04 05 06
21-03-09 10:59:01.368   07 0f 65 64 0f 6a 71 7f 99 72 24 25 55 73 94 94 74 75 75 75
21-03-09 10:59:01.374   75 75 75 75 75 75 75 75 75 75 75 75 75 75 75 75 75 75 75 75
21-03-09 10:59:01.380   75 75 75 75 75 75 75 75 75 75 75 75 75 75 75 75 75 75 75 75
21-03-09 10:59:01.383   75 75 75 75 75 75 75 76 77 79 9c 93 7a 95 05 25 95 88 01 02
21-03-09 10:59:01.390   03 04 89 fe 7b f8 aa ab <--new
21-03-09 10:59:02.293 [7323.928216 HC 0x08]
21-03-09 10:59:02.295 +++[7327.584718 HC 0x08]
21-03-09 10:59:05.952 [7327.585507 HC 0x0d]
21-03-09 10:59:05.956 +[7327.586771 HC 0x102]
21-03-09 10:59:05.956 [7327.587930 HC 0x101]
21-03-09 10:59:05.958 [7327.589404 HC 0x133]
21-03-09 10:59:05.961 [7327.592531 HC 0x131]
21-03-09 10:59:05.961 [7327.593643 HC 0x11a]
21-03-09 10:59:07.432 [7329.063955 HC 0x02]
21-03-09 10:59:07.432 [7329.065626 HC 0x0b]
21-03-09 10:59:07.452 [7329.083000 HC 0x05]
21-03-09 10:59:07.519 [7329.150992 HC 0x121]
21-03-09 10:59:07.519 +[7329.430447 HC 0x05]
21-03-09 10:59:07.799 +[7329.435262 HC 0x02]
21-03-09 10:59:07.930 [7329.561575 HC 0x11b]
21-03-09 10:59:07.999 [7329.630994 HC 0x11b]
21-03-09 10:59:07.999 [7329.631599 HC 0x11b err 3]
21-03-09 10:59:08.856 [7330.486454 HC 0x121]
21-03-09 10:59:08.856 +[7332.197666 HC 0x01]
21-03-09 10:59:10.569 [7332.198569 HC 0x0b]
21-03-09 10:59:10.573 [7332.199864 HC 0x02]
21-03-09 10:59:10.573 [7332.201377 HC 0x08]
21-03-09 10:59:10.576 [7332.202276 HC 0x10]
21-03-09 10:59:10.579 +[7332.203557 HC 0x05]
21-03-09 10:59:10.579 [7332.204787 HC 0x18]
21-03-09 10:59:10.582 [7332.205336 HC 0x18 err 1]
21-03-09 10:59:10.585 +[7332.206301 HC 0x18 err 1]
21-03-09 10:59:10.585 +[7332.207182 HC 0x18 err 1]
21-03-09 10:59:10.588 [7332.207939 HC 0x16]
21-03-09 10:59:10.592 +[7332.210651 HC 0x15]
21-03-09 10:59:11.047 [7332.675342 HC 0x02]
21-03-09 10:59:11.051 [7332.678945 HC 0x0b]
21-03-09 10:59:11.055 [7332.683446 HC 0x96]
21-03-09 10:59:11.592 [7333.219912 Battery 100% (Display 100.0 %) / ??h:?? to full, not accepting current]
21-03-09 10:59:13.240 [7334.865632 HC 0x02]
21-03-09 10:59:13.240 [7334.868678 HC 0x0b]
21-03-09 10:59:13.243 [7334.869508 HC 0x70]
21-03-09 10:59:13.246 +[7334.888521 HC 0x02]
21-03-09 10:59:13.263 [7334.890638 HC 0x0b]
21-03-09 10:59:14.561 [7336.185367 HC 0x05]
21-03-09 10:59:14.561 +[7336.187491 HC 0x02]
21-03-09 10:59:14.779 [7336.403925 HC 0x02]
21-03-09 10:59:14.784 [7336.408402 HC 0x0b]
21-03-09 10:59:14.784 [7336.410546 HC 0x0d]
21-03-09 10:59:14.800 [7336.424176 HC 0x02]
21-03-09 10:59:14.800 [7336.425715 HC 0x0b]
21-03-09 10:59:14.802 [7336.426662 HC 0x70]
21-03-09 10:59:14.802 +[7336.666243 Battery 99% (Display 100.0 %) / 3h:56 to empty]
21-03-09 10:59:15.047 [7336.669554 charge_request(12768mV, 0mA)]
21-03-09 10:59:15.619 [7337.242548 charge_request(12760mV, 0mA)]
21-03-09 10:59:16.192 [7337.816051 charge_request(12768mV, 0mA)]
21-03-09 10:59:18.492 [7340.112320 charge_request(12760mV, 0mA)]
21-03-09 10:59:19.096 [7340.715733 HC 0x121]
21-03-09 10:59:19.096 +[7340.896261 HC 0x02]
21-03-09 10:59:19.277 [7340.898189 HC 0x0b]
21-03-09 10:59:19.280 [7340.898973 HC 0x0d]
21-03-09 10:59:19.639 [7341.258795 charge_request(12768mV, 0mA)]
21-03-09 10:59:20.216 [7341.834954 charge_request(12760mV, 0mA)]
21-03-09 10:59:20.792 [7342.409262 charge_request(12768mV, 0mA)]
21-03-09 10:59:21.371 [7342.988951 charge_request(12760mV, 0mA)]
21-03-09 10:59:22.523 [7344.139182 charge_request(12752mV, 0mA)]
21-03-09 10:59:24.224 [7345.839294 HC 0x02]
21-03-09 10:59:24.225 [7345.840803 HC 0x0b]
21-03-09 10:59:24.227 [7345.842060 HC 0x0d]
21-03-09 10:59:24.245 [7345.859658 charge_request(12768mV, 0mA)]
21-03-09 10:59:24.817 [7346.431301 charge_request(12808mV, 0mA)]
21-03-09 10:59:28.411 [7350.021950 HC 0x02]
21-03-09 10:59:28.411 [7350.023584 HC 0x0b]
21-03-09 10:59:28.414 [7350.024451 HC 0x96]
21-03-09 10:59:28.837 [7350.448330 charge_request(12728mV, 0mA)]
21-03-09 10:59:29.415 [7351.025446 Battery 99% (Display 100.0 %) / 4h:22 to empty]
21-03-09 10:59:29.419 [7351.028554 charge_request(13048mV, 3568mA)]
21-03-09 10:59:32.670 [7354.277704 KB Clear Buffer]
21-03-09 10:59:32.670 [7354.278698 KB disable]
21-03-09 10:59:32.673 [7354.279202 KB IRQ disable]
21-03-09 10:59:33.351 [7354.958878 HC 0x0d]
21-03-09 10:59:33.354 [7354.962537 HC 0xa4]
21-03-09 10:59:33.491 [7355.099598 HC 0x0d]
21-03-09 10:59:33.495 [7355.103215 HC 0xa4]
21-03-09 10:59:33.517 [7355.125674 HC 0x11f]
21-03-09 10:59:37.104 [7358.710888 MKBP not cleared within threshold, toggling.]
21-03-09 10:59:38.106 [7359.712272 MKBP not cleared within threshold, toggling.]
21-03-09 10:59:40.113 [7361.718896 MKBP not cleared within threshold, toggling.]
21-03-09 10:59:41.115 [7362.720102 MKBP not cleared within threshold, toggling.]
21-03-09 10:59:43.118 [7364.722468 MKBP not cleared within threshold, toggling.]
21-03-09 10:59:44.119 [7365.723670 MKBP not cleared within threshold, toggling.]
21-03-09 10:59:46.130 [7367.734616 MKBP not cleared within threshold, toggling.]
21-03-09 10:59:47.131 [7368.735527 MKBP not cleared within threshold, toggling.]
21-03-09 10:59:49.136 [7370.739824 MKBP not cleared within threshold, toggling.]
21-03-09 10:59:50.137 [7371.741333 MKBP not cleared within threshold, toggling.]
21-03-09 10:59:52.147 [7373.750597 MKBP not cleared within threshold, toggling.]
21-03-09 10:59:53.149 [7374.751499 MKBP not cleared within threshold, toggling.]
21-03-09 10:59:55.156 [7376.756051 MKBP not cleared within threshold, toggling.]
21-03-09 10:59:55.311 [7376.913777 Battery 100% (Display 100.0 %) / 0h:9 to full, not accepting current]
21-03-09 10:59:55.318 [7376.917024 charge_request(13050mV, 0mA)]
21-03-09 10:59:56.155 [7377.756985 MKBP not cleared within threshold, toggling.]
21-03-09 10:59:58.165 [7379.766617 MKBP not cleared within threshold, toggling.]
21-03-09 10:59:59.166 [7380.767528 MKBP not cleared within threshold, toggling.]
21-03-09 11:00:01.171 [7382.772452 MKBP not cleared within threshold, toggling.]
21-03-09 11:00:02.173 [7383.773370 MKBP not cleared within threshold, toggling.]
21-03-09 11:00:02.570 [7384.171200 HC 0x0d]
21-03-09 11:00:02.574 [7384.174743 HC 0xa4]
21-03-09 11:00:04.184 [7385.782596 MKBP not cleared within threshold, toggling.]
21-03-09 11:00:04.670 [7386.270751 HC 0xa4]
21-03-09 11:00:04.670 +++(++)[7386.436788 HC 0x0d]
21-03-09 11:00:04.837 [7386.437586 HC 0xa4]
21-03-09 11:00:04.840 [7386.438862 HC 0x67 err 9]
21-03-09 11:00:04.840 +[7386.453410 HC 0x121]
21-03-09 11:00:05.266 [7386.866217 HC 0x02]
21-03-09 11:00:05.349 [7386.948266 HC 0x102]
21-03-09 11:00:05.349 [7386.949019 HC 0x128]
21-03-09 11:00:05.352 [7386.949793 HC 0x12a]
21-03-09 11:00:05.469 [7387.068949 HC 0x11f]
21-03-09 11:00:05.469 [7387.069613 HC 0x11f err 3]
21-03-09 11:00:05.476 +[7387.077317 HC 0x06]
21-03-09 11:00:05.615 [7387.214497 HC 0x11f]
21-03-09 11:00:05.847 [7387.446750 MKBP not cleared within threshold, toggling.]
21-03-09 11:00:06.848 [7388.447656 MKBP not cleared within threshold, toggling.]
21-03-09 11:00:07.971 [7389.568750 HC 0x0b]
21-03-09 11:00:07.975 [7389.574206 HC 0x2d]
21-03-09 11:00:08.070 [7389.669202 HC 0x2d]
21-03-09 11:00:08.188 [7389.786864 power state 3 = S0, in 0x0039]
21-03-09 11:00:08.191 RTC: 0x00001cf9 (7417.00 s)
21-03-09 11:00:08.191 [7389.787831 power state 8 = S0->S3, in 0x0039]
21-03-09 11:00:08.198 [7389.788831 PD:S0->S3]
21-03-09 11:00:08.198 RTC: 0x00001cf9 (7417.00 s)
21-03-09 11:00:08.201 [7389.789533 power state 2 = S3, in 0x0039]
21-03-09 11:00:08.204 RTC: 0x00001cf9 (7417.00 s)
21-03-09 11:00:08.207 [7389.790451 power state 9 = S3->S5, in 0x0039]
21-03-09 11:00:08.210 [7389.791095 HC Suppressed: 0x97=4 0x98=22 0x113=17 0x103=21 0x115=0 0x2b=157 0x67=169]
21-03-09 11:00:08.220 [7389.820565 USB charge p0 m0 i0]
21-03-09 11:00:08.223 [7389.821149 USB charge p1 m0 i0]
21-03-09 11:00:08.227 [7389.822153 PD:S3->S5]
21-03-09 11:00:08.227 [7389.822628 VB hook_shutdown]
21-03-09 11:00:08.230 RTC: 0x00001cf9 (7417.00 s)
21-03-09 11:00:08.233 [7389.823346 power state 1 = S5, in 0x0039]
21-03-09 11:00:08.324 [7389.922796 Pen charge disable]
21-03-09 11:00:08.855 [7390.454586 MKBP not cleared within threshold, toggling.]
21-03-09 11:00:09.213 [7390.812104 power state 1 = S5, in 0x003f]
21-03-09 11:00:09.217 RTC: 0x00001cfa (7418.00 s)
21-03-09 11:00:09.217 [7390.813073 power state 6 = S5->S3, in 0x003f]
21-03-09 11:00:09.223 [7390.814879 PD:S5->S3]
21-03-09 11:00:09.223 RTC: 0x00001cfa (7418.00 s)
21-03-09 11:00:09.227 [7390.815725 power state 2 = S3, in 0x003f]
21-03-09 11:00:09.230 RTC: 0x00001cfa (7418.00 s)
21-03-09 11:00:09.233 [7390.816591 power state 7 = S3->S0, in 0x003f]
21-03-09 11:00:09.239 [7390.821032 USB charge p0 m2 i0]
21-03-09 11:00:09.239 [7390.821574 USB charge p1 m2 i0]
21-03-09 11:00:09.242 [7390.824785 PD:S3->S0]
21-03-09 11:00:09.246 RTC: 0x00001cfa (7418.00 s)
21-03-09 11:00:09.249 [7390.825582 power state 3 = S0, in 0x003f]
21-03-09 11:00:09.252 [7390.826308 Lid Accel: MS Done Init type:0x0 range:2]
21-03-09 11:00:09.258 [7390.847379 Base Accel: MS Done Init type:0x0 range:4]
21-03-09 11:00:09.262 [7390.849873 Base Gyro: MS Done Init type:0x1 range:1000]
21-03-09 11:00:09.268 [7390.851119 Lid Accel ODR: 10000 - roundup 1 from config 1 [AP 0]]
21-03-09 11:00:09.272 [7390.860293 C0: PE_VDM_Identity_Request_Cbl]
21-03-09 11:00:09.279 [7390.860936 C0: PE_SNK_Ready]
21-03-09 11:00:09.282 [7390.861697 C0: PE_INIT_PORT_VDM_Identity_Request]
21-03-09 11:00:09.285 [7390.863529 Base Accel ODR: 13000 - roundup 1 from config 1 [AP 0]]
21-03-09 11:00:09.291 [7390.869612 C0: PE_SNK_Ready]
21-03-09 11:00:09.295 [7390.877866 Base Gyro ODR: 0 - roundup 0 from config 0 [AP 0]]
21-03-09 11:00:09.316 [7390.915787 Pen charge disable]
21-03-09 11:00:09.422 [7391.021069 disable_adc_irqs_deferred]
21-03-09 11:00:09.425 [7391.021754 power state 3 = S0, in 0x007f]
21-03-09 11:00:09.781 [7391.379670 HC 0x0d]
21-03-09 11:00:09.784 [7391.383321 HC 0xa4]
21-03-09 11:00:09.857 [7391.455494 MKBP not cleared within threshold, toggling.]
21-03-09 11:00:10.113 [7391.710993 HC 0x4b]
21-03-09 11:00:10.114 [7391.711555 HC 0x4b err 4]
21-03-09 11:00:10.219 [7391.815384 HC 0xa0]
21-03-09 11:00:10.286 [7391.884713 HC 0x11f]
21-03-09 11:00:11.863 [7393.460260 MKBP not cleared within threshold, toggling.]
21-03-09 11:00:12.864 [7394.461176 MKBP not cleared within threshold, toggling.]
21-03-09 11:00:14.891 [7396.487820 MKBP not cleared within threshold, toggling.]
21-03-09 11:00:15.892 [7397.488711 MKBP not cleared within threshold, toggling.]
21-03-09 11:00:17.919 [7399.514838 MKBP not cleared within threshold, toggling.]
21-03-09 11:00:18.920 [7400.515816 MKBP not cleared within threshold, toggling.]
21-03-09 11:00:20.944 [7402.539929 MKBP not cleared within threshold, toggling.]
21-03-09 11:00:21.946 [7403.540830 MKBP not cleared within threshold, toggling.]
21-03-09 11:00:23.954 [7405.547873 MKBP not cleared within threshold, toggling.]
21-03-09 11:00:24.955 [7406.548792 MKBP not cleared within threshold, toggling.]
21-03-09 11:00:26.963 [7408.555599 MKBP not cleared within threshold, toggling.]
21-03-09 11:00:27.965 [7409.556502 MKBP not cleared within threshold, toggling.]
21-03-09 11:00:29.975 [7411.564185 MKBP not cleared within threshold, toggling.]
21-03-09 11:00:30.976 [7412.565114 MKBP not cleared within threshold, toggling.]
21-03-09 11:00:32.986 [7414.571877 MKBP not cleared within threshold, toggling.]
21-03-09 11:00:33.988 [7415.572792 MKBP not cleared within threshold, toggling.]
21-03-09 11:00:35.997 [7417.579861 MKBP not cleared within threshold, toggling.]
21-03-09 11:00:37.000 [7418.581955 MKBP not cleared within threshold, toggling.]
21-03-09 11:00:39.008 [7420.588090 MKBP not cleared within threshold, toggling.]
21-03-09 11:00:40.011 [7421.588992 MKBP not cleared within threshold, toggling.]
21-03-09 11:00:42.020 [7423.596283 MKBP not cleared within threshold, toggling.]
21-03-09 11:00:42.385 Port 80 writes:
21-03-09 11:00:42.386   42 5a 20 21 22 11 15 09 1a 12 23 13 24 26 27 29 4c 28 74 2b
21-03-09 11:00:42.392   4c 2c 4e 31 2e 4b 34 57 2f 3e 3a 3b 3c 38 39 49 6d 30 32 37
21-03-09 11:00:42.395   29 35 41 3b 3c 38 39 47 3f 76 49 53 48 51 50 71 42 72 75 5c
21-03-09 11:00:42.401   5a 66 60 5d 01 21 55 7f 98 13 79 39 80 70 71 93 00 00 09 02
21-03-09 11:00:42.408   22 00 04 05 06 08 0a 0b 0c 0d 13 15 7f 01 16 22 02 32 14 15
21-03-09 11:00:42.411   17 18 19 20 21 22 25 3f 43 44 4f 23 37 50 5f 40 41 42 47 80
21-03-09 11:00:42.417   81 82 83 61 63 01 10 20 <--new
21-03-09 11:00:43.022 [7424.597182 MKBP not cleared within threshold, toggling.]
21-03-09 11:00:45.031 [7426.603838 MKBP not cleared within threshold, toggling.]
21-03-09 11:00:46.033 [7427.605793 MKBP not cleared within threshold, toggling.]
21-03-09 11:00:48.041 [7429.612030 MKBP not cleared within threshold, toggling.]
21-03-09 11:00:49.043 [7430.612936 MKBP not cleared within threshold, toggling.]
21-03-09 11:00:51.051 [7432.619877 MKBP not cleared within threshold, toggling.]
21-03-09 11:00:52.053 [7433.620798 MKBP not cleared within threshold, toggling.]
21-03-09 11:00:54.061 [7435.627885 MKBP not cleared within threshold, toggling.]
21-03-09 11:00:54.484 [7436.048398 power state 3 = S0, in 0x0039]
21-03-09 11:00:54.486 RTC: 0x00001d27 (7463.00 s)
21-03-09 11:00:54.486 [7436.049587 power state 8 = S0->S3, in 0x0039]
21-03-09 11:00:54.493 [7436.050587 PD:S0->S3]
21-03-09 11:00:54.493 RTC: 0x00001d27 (7463.00 s)
21-03-09 11:00:54.496 [7436.051288 power state 2 = S3, in 0x0039]
21-03-09 11:00:54.499 RTC: 0x00001d27 (7463.00 s)
21-03-09 11:00:54.503 [7436.052220 power state 9 = S3->S5, in 0x0039]
21-03-09 11:00:54.513 [7436.052918 HC Suppressed: 0x97=0 0x98=0 0x113=0 0x103=0 0x115=0 0x2b=0 0x67=0]
21-03-09 11:00:54.514 [7436.081536 USB charge p0 m0 i0]
21-03-09 11:00:54.515 [7436.082452 USB charge p1 m0 i0]
21-03-09 11:00:54.518 [7436.083455 PD:S3->S5]
21-03-09 11:00:54.522 [7436.083932 VB hook_shutdown]
21-03-09 11:00:54.526 RTC: 0x00001d27 (7463.00 s)
21-03-09 11:00:54.528 [7436.084693 power state 1 = S5, in 0x0039]
21-03-09 11:00:54.618 [7436.184094 Pen charge disable]
21-03-09 11:00:55.063 [7436.628793 MKBP not cleared within threshold, toggling.]
21-03-09 11:00:55.552 [7437.117370 power state 1 = S5, in 0x003f]
21-03-09 11:00:55.556 RTC: 0x00001d28 (7464.00 s)
21-03-09 11:00:55.556 [7437.118366 power state 6 = S5->S3, in 0x003f]
21-03-09 11:00:55.562 [7437.120021 PD:S5->S3]
21-03-09 11:00:55.562 RTC: 0x00001d28 (7464.00 s)
21-03-09 11:00:55.565 [7437.120874 power state 2 = S3, in 0x003f]
21-03-09 11:00:55.568 RTC: 0x00001d28 (7464.00 s)
21-03-09 11:00:55.571 [7437.121738 power state 7 = S3->S0, in 0x003f]
21-03-09 11:00:55.577 [7437.127203 USB charge p0 m2 i0]
21-03-09 11:00:55.577 [7437.127724 USB charge p1 m2 i0]
21-03-09 11:00:55.580 [7437.130858 PD:S3->S0]
21-03-09 11:00:55.584 RTC: 0x00001d28 (7464.00 s)
21-03-09 11:00:55.587 [7437.131602 power state 3 = S0, in 0x003f]
21-03-09 11:00:55.590 [7437.132321 Lid Accel: MS Done Init type:0x0 range:2]
21-03-09 11:00:55.593 [7437.153409 Base Accel: MS Done Init type:0x0 range:4]
21-03-09 11:00:55.600 [7437.156056 Base Gyro: MS Done Init type:0x1 range:1000]
21-03-09 11:00:55.607 [7437.157325 Lid Accel ODR: 10000 - roundup 1 from config 1 [AP 0]]
21-03-09 11:00:55.610 [7437.167472 Base Accel ODR: 13000 - roundup 1 from config 1 [AP 0]]
21-03-09 11:00:55.617 [7437.171744 C0: PE_VDM_Identity_Request_Cbl]
21-03-09 11:00:55.623 [7437.172370 C0: PE_SNK_Ready]
21-03-09 11:00:55.623 [7437.173008 C0: PE_INIT_PORT_VDM_Identity_Request]
21-03-09 11:00:55.630 [7437.175087 Base Gyro ODR: 0 - roundup 0 from config 0 [AP 0]]
21-03-09 11:00:55.636 [7437.180957 C0: PE_SNK_Ready]
21-03-09 11:00:55.655 [7437.220757 Pen charge disable]
21-03-09 11:00:55.761 [7437.327262 disable_adc_irqs_deferred]
21-03-09 11:00:55.765 [7437.327944 power state 3 = S0, in 0x007f]
21-03-09 11:00:56.066 [7437.631540 HC 0x0d]
21-03-09 11:00:56.069 [7437.635210 HC 0xa4]
21-03-09 11:00:56.393 [7437.957357 HC 0x4b]
21-03-09 11:00:56.393 [7437.957920 HC 0x4b err 4]
21-03-09 11:00:56.498 [7438.061719 HC 0xa0]
21-03-09 11:00:56.610 [7438.175263 HC 0x11f]
21-03-09 11:00:57.086 [7438.652054 MKBP not cleared within threshold, toggling.]
21-03-09 11:00:58.089 [7439.653145 MKBP not cleared within threshold, toggling.]
21-03-09 11:01:00.114 [7441.677387 MKBP not cleared within threshold, toggling.]
21-03-09 11:01:00.665 [7442.228232 HC 0x0d]
21-03-09 11:01:00.669 [7442.231849 HC 0xa4]
21-03-09 11:01:00.669 +++(++)[7442.397904 HC 0x0d]
21-03-09 11:01:00.835 [7442.398701 HC 0xa4]
21-03-09 11:01:00.839 [7442.399976 HC 0x67 err 9]
21-03-09 11:01:00.839 +[7442.414000 HC 0x121]
21-03-09 11:01:01.268 [7442.831226 HC 0x02]
21-03-09 11:01:01.351 [7442.913255 HC 0x102]
21-03-09 11:01:01.351 [7442.914010 HC 0x128]
21-03-09 11:01:01.354 [7442.914729 HC 0x12a]
21-03-09 11:01:01.472 [7443.033846 HC 0x11f]
21-03-09 11:01:01.472 [7443.034462 HC 0x11f err 3]
21-03-09 11:01:01.479 +[7443.042139 HC 0x06]
21-03-09 11:01:01.617 [7443.179248 HC 0x11f]
21-03-09 11:01:01.843 [7443.406071 MKBP not cleared within threshold, toggling.]
21-03-09 11:01:02.845 [7444.406992 MKBP not cleared within threshold, toggling.]
21-03-09 11:01:03.945 [7445.504228 HC 0x0b]
21-03-09 11:01:03.949 [7445.509682 HC 0x2d]
21-03-09 11:01:03.993 [7445.553759 HC 0x102]
21-03-09 11:01:03.993 [7445.554517 HC 0x11b]
21-03-09 11:01:03.996 [7445.555294 HC 0xb7]
21-03-09 11:01:03.996 [7445.555793 System unlocked, TCPC I2C tunnels may be unprotected]
21-03-09 11:01:04.242 [7445.802310 KB Clear Buffer]
21-03-09 11:01:04.242 [7445.803417 KB enable]
21-03-09 11:01:04.244 [7445.803887 KB Clear Buffer]
21-03-09 11:01:04.248 [7445.804919 KB scancode set to 1]
21-03-09 11:01:04.251 [7445.805569 KB Clear Buffer]
21-03-09 11:01:04.254 [7445.806230 KB Clear Buffer]
21-03-09 11:01:04.855 [7446.415775 MKBP not cleared within threshold, toggling.]
21-03-09 11:01:05.857 [7447.416686 MKBP not cleared within threshold, toggling.]
21-03-09 11:01:06.140 Port 80 writes:
21-03-09 11:01:06.140   0c 0d 13 15 7f 01 16 22 02 32 14 15 17 18 19 20 21 22 25 3f
21-03-09 11:01:06.147   43 44 4f 23 37 50 5f 40 41 42 47 80 81 82 83 61 63 03 04 05
21-03-09 11:01:06.150   06 07 0f 65 64 0f 6a 71 7f 99 72 24 25 55 73 94 94 74 75 75
21-03-09 11:01:06.157   75 75 75 75 75 75 75 75 75 75 75 75 75 75 75 75 75 75 75 75
21-03-09 11:01:06.163   75 75 75 75 75 75 75 75 75 75 75 75 75 75 75 75 75 75 75 75
21-03-09 11:01:06.167   75 75 75 75 75 75 75 75 76 77 79 9c 93 7a 95 05 25 95 88 01
21-03-09 11:01:06.173   02 03 04 89 fe 7b f8 aa <--new
21-03-09 11:01:06.533 [7448.092783 HC 0x2d]
21-03-09 11:01:06.538 [7448.096939 KS disable]
21-03-09 11:01:06.538 [7448.097436 KB Clear Buffer]
21-03-09 11:01:06.542 [7448.098120 KB disable]
21-03-09 11:01:06.542 [7448.098530 KB Clear Buffer]
21-03-09 11:01:06.809 [7448.367945 HC 0xa4]
21-03-09 11:01:06.809 [7448.369487 HC 0x67 err 9]
21-03-09 11:01:06.812 +[7449.133202 KB Clear Buffer]
21-03-09 11:01:07.576 [7449.134000 KB Clear Buffer]
21-03-09 11:01:07.578 [7449.134938 KB IRQ enable]
21-03-09 11:01:07.581 [7449.135424 KB enable]
21-03-09 11:01:07.585 [7449.136339 KB Clear Buffer]
21-03-09 11:01:07.585 [7449.138533 KS enable]
21-03-09 11:01:07.588 [7449.138935 KB Clear Buffer]
21-03-09 11:01:07.592 [7449.148738 HC 0x0b]
21-03-09 11:01:07.592 [7449.149693 HC 0x400b]
21-03-09 11:01:07.594 [7449.150310 HC 0x400b err 1]
21-03-09 11:01:07.597 [7449.151174 HC 0x08]
21-03-09 11:01:07.603 +[7449.152569 HC 0x8d]
21-03-09 11:01:07.603 [7449.154663 HC 0x0d]
21-03-09 11:01:07.606 [7449.156706 HC 0x102]
21-03-09 11:01:07.606 [7449.157634 HC 0x105]
21-03-09 11:01:07.606 [7449.159374 HC 0xa9]
21-03-09 11:01:07.609 [7449.160626 HC 0x112]
21-03-09 11:01:07.613 [7449.162116 HC 0x28]
21-03-09 11:01:07.613 [7449.162682 HC 0x28 err 1]
21-03-09 11:01:07.618 [7449.163545 HC 0xd3]
21-03-09 11:01:07.619 [7449.164603 HC 0x08]
21-03-09 11:01:07.619 [7449.168445 HC 0x121]
21-03-09 11:01:07.623 [7449.184982 HC 0x102]
21-03-09 11:01:07.629 [7449.186195 HC 0x111]
21-03-09 11:01:07.629 +++(++)[7451.212403 HC 0x112]
21-03-09 11:01:09.656 [7451.213798 HC 0x117]
21-03-09 11:01:10.160 [7451.717446 HC 0x112]
21-03-09 11:01:10.552 Port 80 writes:
21-03-09 11:01:10.552   0d 13 15 7f 01 16 22 02 32 14 15 17 18 19 20 21 22 25 3f 43
21-03-09 11:01:10.559   44 4f 23 37 50 5f 40 41 42 47 80 81 82 83 61 63 03 04 05 06
21-03-09 11:01:10.562   07 0f 65 64 0f 6a 71 7f 99 72 24 25 55 73 94 94 74 75 75 75
21-03-09 11:01:10.568   75 75 75 75 75 75 75 75 75 75 75 75 75 75 75 75 75 75 75 75
21-03-09 11:01:10.575   75 75 75 75 75 75 75 75 75 75 75 75 75 75 75 75 75 75 75 75
21-03-09 11:01:10.578   75 75 75 75 75 75 75 76 77 79 9c 93 7a 95 05 25 95 88 01 02
21-03-09 11:01:10.584   03 04 89 fe 7b f8 aa ab <--new
21-03-09 11:01:11.557 [7453.111790 HC 0x08]
21-03-09 11:01:11.560 +++[7456.602723 HC 0x08]
21-03-09 11:01:15.053 [7456.603765 HC 0x0d]
21-03-09 11:01:15.054 +[7456.608168 HC 0x102]
21-03-09 11:01:15.058 [7456.609604 HC 0x101]
21-03-09 11:01:15.061 [7456.612634 HC 0x133]
21-03-09 11:01:15.061 [7456.614515 HC 0x131]
21-03-09 11:01:15.064 [7456.617452 HC 0x11a]
21-03-09 11:01:16.686 [7458.235235 HC 0x02]
21-03-09 11:01:16.686 [7458.237923 HC 0x0b]
21-03-09 11:01:16.723 [7458.273456 HC 0x05]
21-03-09 11:01:16.869 [7458.418678 HC 0x121]
21-03-09 11:01:16.871 +[7458.595579 HC 0x05]
21-03-09 11:01:17.046 +[7458.598665 HC 0x02]
21-03-09 11:01:17.315 [7458.864681 HC 0x11b]
21-03-09 11:01:17.345 +[7458.895746 HC 0x11b err 3]
21-03-09 11:01:18.049 [7459.597340 HC 0x121]
21-03-09 11:01:18.049 +[7461.280387 HC 0x01]
21-03-09 11:01:19.734 [7461.281298 HC 0x0b]
21-03-09 11:01:19.737 [7461.282242 HC 0x02]
21-03-09 11:01:19.737 [7461.285150 HC 0x08]
21-03-09 11:01:19.741 [7461.285980 HC 0x10]
21-03-09 11:01:19.744 +[7461.287927 HC 0x05]
21-03-09 11:01:19.744 [7461.289267 HC 0x18]
21-03-09 11:01:19.748 [7461.289820 HC 0x18 err 1]
21-03-09 11:01:19.750 +[7461.290766 HC 0x18 err 1]
21-03-09 11:01:19.750 +[7461.291959 HC 0x18 err 1]
21-03-09 11:01:19.754 [7461.292653 HC 0x16]
21-03-09 11:01:19.756 +[7461.293953 HC 0x15]
21-03-09 11:01:20.249 [7461.793631 HC 0x02]
21-03-09 11:01:20.253 [7461.799915 HC 0x0b]
21-03-09 11:01:20.254 [7461.800853 HC 0x96]
21-03-09 11:01:20.781 [7462.326768 Battery 100% (Display 100.0 %) / ??h:?? to full, not accepting current]
21-03-09 11:01:22.485 [7464.028915 HC 0x02]
21-03-09 11:01:22.485 [7464.030540 HC 0x0b]
21-03-09 11:01:22.489 [7464.034417 HC 0x70]
21-03-09 11:01:22.491 +[7464.045866 HC 0x02]
21-03-09 11:01:22.502 [7464.047722 HC 0x0b]
21-03-09 11:01:24.231 [7465.773972 Battery 99% (Display 100.0 %) / 3h:57 to empty]
21-03-09 11:01:24.235 [7465.777082 charge_request(12768mV, 0mA)]
21-03-09 11:01:24.448 [7465.989796 HC 0x05]
21-03-09 11:01:24.448 +[7465.992429 HC 0x02]
21-03-09 11:01:24.724 [7466.265468 HC 0x02]
21-03-09 11:01:24.724 [7466.268184 HC 0x0b]
21-03-09 11:01:24.727 [7466.270504 HC 0x0d]
21-03-09 11:01:24.750 [7466.292228 HC 0x02]
21-03-09 11:01:24.757 [7466.299342 HC 0x0b]
21-03-09 11:01:24.761 [7466.302863 HC 0x70]
21-03-09 11:01:24.761 +[7466.352071 charge_request(12760mV, 0mA)]
21-03-09 11:01:25.386 [7466.927008 charge_request(12768mV, 0mA)]
21-03-09 11:01:27.111 [7468.650623 charge_request(12776mV, 0mA)]
21-03-09 11:01:28.260 [7469.798288 charge_request(12760mV, 0mA)]
21-03-09 11:01:28.289 [7469.827816 HC 0x121]
21-03-09 11:01:28.289 +[7470.383877 HC 0x02]
21-03-09 11:01:28.847 [7470.385524 HC 0x0b]
21-03-09 11:01:28.850 [7470.386408 HC 0x0d]
21-03-09 11:01:29.984 [7471.519920 charge_request(12768mV, 0mA)]
21-03-09 11:01:30.559 [7472.095428 charge_request(12760mV, 0mA)]
21-03-09 11:01:31.707 [7473.241556 charge_request(12752mV, 0mA)]
21-03-09 11:01:32.856 [7474.389124 charge_request(12760mV, 0mA)]
21-03-09 11:01:33.876 [7475.407038 HC 0x02]
21-03-09 11:01:33.876 [7475.409044 HC 0x0b]
21-03-09 11:01:33.878 [7475.410086 HC 0x0d]
21-03-09 11:01:34.006 [7475.538233 charge_request(12800mV, 0mA)]
21-03-09 11:01:34.580 [7476.111117 charge_request(12808mV, 0mA)]
21-03-09 11:01:35.152 [7476.684077 charge_request(12816mV, 0mA)]
21-03-09 11:01:35.726 [7477.256568 charge_request(12808mV, 0mA)]
21-03-09 11:01:36.875 [7478.404261 charge_request(12800mV, 0mA)]
21-03-09 11:01:37.450 [7478.978641 charge_request(12808mV, 0mA)]
21-03-09 11:01:37.985 [7479.511560 HC 0x02]
21-03-09 11:01:37.985 [7479.513892 HC 0x0b]
21-03-09 11:01:37.988 [7479.516513 HC 0x96]
21-03-09 11:01:38.023 [7479.551644 charge_request(12792mV, 0mA)]
21-03-09 11:01:38.528 [7480.054858 HC 0x121]
21-03-09 11:01:38.528 +[7480.131487 Battery 99% (Display 100.0 %) / 4h:14 to empty]
21-03-09 11:01:38.607 [7480.134584 charge_request(13048mV, 3568mA)]
21-03-09 11:01:42.097 [7483.619244 KB Clear Buffer]
21-03-09 11:01:42.097 [7483.620249 KB disable]
21-03-09 11:01:42.099 [7483.620759 KB IRQ disable]
21-03-09 11:01:42.774 [7484.296365 HC 0x0d]
21-03-09 11:01:42.776 [7484.299972 HC 0xa4]
21-03-09 11:01:42.913 [7484.436397 HC 0x0d]
21-03-09 11:01:42.917 [7484.440008 HC 0xa4]
21-03-09 11:01:42.939 [7484.462424 HC 0x11f]
21-03-09 11:01:46.370 [7487.890288 MKBP not cleared within threshold, toggling.]
21-03-09 11:01:47.372 [7488.891183 MKBP not cleared within threshold, toggling.]
21-03-09 11:01:49.376 [7490.894100 MKBP not cleared within threshold, toggling.]
21-03-09 11:01:50.377 [7491.895006 MKBP not cleared within threshold, toggling.]
21-03-09 11:01:52.385 [7493.902080 MKBP not cleared within threshold, toggling.]
21-03-09 11:01:53.386 [7494.902979 MKBP not cleared within threshold, toggling.]
21-03-09 11:01:55.393 [7496.910082 MKBP not cleared within threshold, toggling.]
21-03-09 11:01:56.395 [7497.911006 MKBP not cleared within threshold, toggling.]
21-03-09 11:01:58.402 [7499.918122 MKBP not cleared within threshold, toggling.]
21-03-09 11:01:59.404 [7500.919036 MKBP not cleared within threshold, toggling.]
21-03-09 11:02:01.411 [7502.926084 MKBP not cleared within threshold, toggling.]
21-03-09 11:02:02.203 [7503.718435 Battery 100% (Display 100.0 %) / 0h:9 to full, not accepting current]
21-03-09 11:02:02.210 [7503.720946 charge_request(13050mV, 0mA)]
21-03-09 11:02:02.412 [7503.927001 MKBP not cleared within threshold, toggling.]
21-03-09 11:02:04.421 [7505.934360 MKBP not cleared within threshold, toggling.]
21-03-09 11:02:05.422 [7506.935276 MKBP not cleared within threshold, toggling.]
21-03-09 11:02:07.429 [7508.942070 MKBP not cleared within threshold, toggling.]
21-03-09 11:02:08.430 [7509.942998 MKBP not cleared within threshold, toggling.]
21-03-09 11:02:10.438 [7511.950069 MKBP not cleared within threshold, toggling.]
21-03-09 11:02:11.439 [7512.950979 MKBP not cleared within threshold, toggling.]
21-03-09 11:02:12.082 [7513.594469 HC 0x0d]
21-03-09 11:02:12.086 [7513.598328 HC 0xa4]
21-03-09 11:02:13.446 [7514.958105 MKBP not cleared within threshold, toggling.]
21-03-09 11:02:14.183 [7515.694718 HC 0xa4]
21-03-09 11:02:14.183 +++(++)[7515.860977 HC 0x0d]
21-03-09 11:02:14.349 [7515.861774 HC 0xa4]
21-03-09 11:02:14.353 [7515.863050 HC 0x67 err 9]
21-03-09 11:02:14.353 +[7515.877542 HC 0x121]
21-03-09 11:02:14.779 [7516.290289 HC 0x02]
21-03-09 11:02:14.861 [7516.372718 HC 0x102]
21-03-09 11:02:14.861 [7516.373475 HC 0x128]
21-03-09 11:02:14.865 [7516.374193 HC 0x12a]
21-03-09 11:02:14.982 [7516.493368 HC 0x11f]
21-03-09 11:02:14.982 [7516.493982 HC 0x11f err 3]
21-03-09 11:02:14.990 +[7516.501998 HC 0x06]
21-03-09 11:02:15.129 [7516.639118 HC 0x11f]
21-03-09 11:02:15.368 [7516.879353 MKBP not cleared within threshold, toggling.]
21-03-09 11:02:16.369 [7517.880262 MKBP not cleared within threshold, toggling.]
21-03-09 11:02:17.484 [7518.993413 HC 0x0b]
21-03-09 11:02:17.489 [7518.998915 HC 0x2d]
21-03-09 11:02:17.583 [7519.093888 HC 0x2d]
21-03-09 11:02:17.700 [7519.211038 power state 3 = S0, in 0x0039]
21-03-09 11:02:17.704 RTC: 0x00001d7b (7547.00 s)
21-03-09 11:02:17.704 [7519.212005 power state 8 = S0->S3, in 0x0039]
21-03-09 11:02:17.710 [7519.213004 PD:S0->S3]
21-03-09 11:02:17.710 RTC: 0x00001d7b (7547.00 s)
21-03-09 11:02:17.713 [7519.213708 power state 2 = S3, in 0x0039]
21-03-09 11:02:17.717 RTC: 0x00001d7b (7547.00 s)
21-03-09 11:02:17.720 [7519.214648 power state 9 = S3->S5, in 0x0039]
21-03-09 11:02:17.723 [7519.215291 HC Suppressed: 0x97=4 0x98=21 0x113=19 0x103=24 0x115=0 0x2b=157 0x67=172]
21-03-09 11:02:17.733 [7519.244636 USB charge p0 m0 i0]
21-03-09 11:02:17.736 [7519.245221 USB charge p1 m0 i0]
21-03-09 11:02:17.740 [7519.246225 PD:S3->S5]
21-03-09 11:02:17.740 [7519.246700 VB hook_shutdown]
21-03-09 11:02:17.743 RTC: 0x00001d7b (7547.00 s)
21-03-09 11:02:17.746 [7519.247418 power state 1 = S5, in 0x0039]
21-03-09 11:02:17.837 [7519.346873 Pen charge disable]
21-03-09 11:02:18.376 [7519.886103 MKBP not cleared within threshold, toggling.]
21-03-09 11:02:18.783 [7520.292636 power state 1 = S5, in 0x003f]
21-03-09 11:02:18.787 RTC: 0x00001d7c (7548.00 s)
21-03-09 11:02:18.787 [7520.293941 power state 6 = S5->S3, in 0x003f]
21-03-09 11:02:18.793 [7520.295600 PD:S5->S3]
21-03-09 11:02:18.793 RTC: 0x00001d7c (7548.00 s)
21-03-09 11:02:18.796 [7520.296406 power state 2 = S3, in 0x003f]
21-03-09 11:02:18.799 RTC: 0x00001d7c (7548.00 s)
21-03-09 11:02:18.803 [7520.297270 power state 7 = S3->S0, in 0x003f]
21-03-09 11:02:18.806 [7520.301676 USB charge p0 m2 i0]
21-03-09 11:02:18.809 [7520.302224 USB charge p1 m2 i0]
21-03-09 11:02:18.812 [7520.305444 Lid Accel: MS Done Init type:0x0 range:2]
21-03-09 11:02:18.819 [7520.306577 PD:S3->S0]
21-03-09 11:02:18.822 RTC: 0x00001d7c (7548.00 s)
21-03-09 11:02:18.822 [7520.307274 power state 3 = S0, in 0x003f]
21-03-09 11:02:18.825 [7520.328249 Base Accel: MS Done Init type:0x0 range:4]
21-03-09 11:02:18.832 [7520.330741 Base Gyro: MS Done Init type:0x1 range:1000]
21-03-09 11:02:18.838 [7520.331994 Lid Accel ODR: 10000 - roundup 1 from config 1 [AP 0]]
21-03-09 11:02:18.842 [7520.342147 Base Accel ODR: 13000 - roundup 1 from config 1 [AP 0]]
21-03-09 11:02:18.848 [7520.346415 C0: PE_VDM_Identity_Request_Cbl]
21-03-09 11:02:18.855 [7520.347041 C0: PE_SNK_Ready]
21-03-09 11:02:18.855 [7520.347679 C0: PE_INIT_PORT_VDM_Identity_Request]
21-03-09 11:02:18.861 [7520.349754 Base Gyro ODR: 0 - roundup 0 from config 0 [AP 0]]
21-03-09 11:02:18.868 [7520.355647 C0: PE_SNK_Ready]
21-03-09 11:02:18.888 [7520.396653 Pen charge disable]
21-03-09 11:02:18.993 [7520.501708 disable_adc_irqs_deferred]
21-03-09 11:02:18.995 [7520.502389 power state 3 = S0, in 0x007f]
21-03-09 11:02:19.349 [7520.858316 HC 0x0d]
21-03-09 11:02:19.352 [7520.861895 HC 0xa4]
21-03-09 11:02:19.377 [7520.887024 MKBP not cleared within threshold, toggling.]
21-03-09 11:02:19.681 [7521.189702 HC 0x4b]
21-03-09 11:02:19.681 [7521.190264 HC 0x4b err 4]
21-03-09 11:02:19.784 [7521.293035 HC 0xa0]
21-03-09 11:02:19.854 [7521.362427 HC 0x11f]
21-03-09 11:02:21.393 [7522.901052 MKBP not cleared within threshold, toggling.]
21-03-09 11:02:22.395 [7523.902566 MKBP not cleared within threshold, toggling.]
21-03-09 11:02:24.421 [7525.926725 MKBP not cleared within threshold, toggling.]
21-03-09 11:02:25.422 [7526.927634 MKBP not cleared within threshold, toggling.]
21-03-09 11:02:27.445 [7528.949195 MKBP not cleared within threshold, toggling.]
21-03-09 11:02:28.446 [7529.950119 MKBP not cleared within threshold, toggling.]
21-03-09 11:02:30.455 [7531.956761 MKBP not cleared within threshold, toggling.]
21-03-09 11:02:31.457 [7532.957668 MKBP not cleared within threshold, toggling.]
21-03-09 11:02:33.465 [7534.963499 MKBP not cleared within threshold, toggling.]
21-03-09 11:02:34.467 [7535.964415 MKBP not cleared within threshold, toggling.]
21-03-09 11:02:36.477 [7537.972949 MKBP not cleared within threshold, toggling.]
21-03-09 11:02:37.480 [7538.974120 MKBP not cleared within threshold, toggling.]
21-03-09 11:02:39.489 [7540.980790 MKBP not cleared within threshold, toggling.]
21-03-09 11:02:40.493 [7541.981712 MKBP not cleared within threshold, toggling.]
21-03-09 11:02:42.500 [7543.988761 MKBP not cleared within threshold, toggling.]
21-03-09 11:02:43.501 [7544.989937 MKBP not cleared within threshold, toggling.]
21-03-09 11:02:45.510 [7546.997159 MKBP not cleared within threshold, toggling.]
21-03-09 11:02:46.512 [7547.998076 MKBP not cleared within threshold, toggling.]
21-03-09 11:02:46.871 [7548.356391 power state 3 = S0, in 0x0039]
21-03-09 11:02:46.874 RTC: 0x00001d98 (7576.00 s)
21-03-09 11:02:46.874 [7548.357357 power state 8 = S0->S3, in 0x0039]
21-03-09 11:02:46.881 [7548.358357 PD:S0->S3]
21-03-09 11:02:46.881 RTC: 0x00001d98 (7576.00 s)
21-03-09 11:02:46.884 [7548.359059 power state 2 = S3, in 0x0039]
21-03-09 11:02:46.887 RTC: 0x00001d98 (7576.00 s)
21-03-09 11:02:46.890 [7548.359993 power state 9 = S3->S5, in 0x0039]
21-03-09 11:02:46.894 [7548.360636 HC Suppressed: 0x97=0 0x98=0 0x113=0 0x103=0 0x115=0 0x2b=0 0x67=0]
21-03-09 11:02:46.900 [7548.389298 USB charge p0 m0 i0]
21-03-09 11:02:46.903 [7548.390187 USB charge p1 m0 i0]
21-03-09 11:02:46.907 [7548.391183 PD:S3->S5]
21-03-09 11:02:46.910 [7548.391659 VB hook_shutdown]
21-03-09 11:02:46.913 RTC: 0x00001d98 (7576.00 s)
21-03-09 11:02:46.916 [7548.392377 power state 1 = S5, in 0x0039]
21-03-09 11:02:47.005 [7548.491680 Pen charge disable]
21-03-09 11:02:50.712 Port 80 writes:
21-03-09 11:02:50.713   3a 3b 3c 38 39 49 6d 30 32 37 29 35 41 3b 3c 38 39 47 3f 76
21-03-09 11:02:50.719   49 53 48 51 50 42 5a 20 21 22 11 15 09 1a 12 23 13 26 27 29
21-03-09 11:02:50.722   4c 28 2b 4c 2c 4e 31 2e 4b 34 57 2f 3e 3a 3b 3c 38 39 49 6d
21-03-09 11:02:50.728   30 32 37 29 35 41 3b 3c 38 39 47 3f 76 49 53 48 51 50 42 5a
21-03-09 11:02:50.735   20 21 22 11 15 09 1a 12 23 13 24 26 27 29 4c 28 74 2b 4c 2c
21-03-09 11:02:50.737   4e 31 2e 4b 34 57 2f 3e 3a 3b 3c 38 39 49 6d 30 32 37 29 35
21-03-09 11:02:50.744   41 3b 3c 38 39 47 3f 76 <--new
21-03-09 11:02:56.914 RTC: 0x00001da2 (7586.00 s)
21-03-09 11:02:56.914 [7558.393508 power state 10 = S5->G3, in 0x0039]
21-03-09 11:02:56.917 [7558.394104 chipset_force_shutdown() 32775]
21-03-09 11:02:56.974 RTC: 0x00001da2 (7586.00 s)
21-03-09 11:02:56.974 [7558.455767 power state 0 = G3, in 0x0020]
21-03-09 11:02:56.978 [7558.456297 Pass thru GPIO_DSW_PWROK: 1]
21-03-09 11:02:57.103 [7558.583222 Pen charge disable]
21-03-09 11:03:01.885 [7563.360805 disable_adc_irqs_deferred]
21-03-09 11:03:01.889 [7563.361478 power state 0 = G3, in 0x0000]
21-03-09 11:03:01.892 [7563.362287 Pass thru GPIO_DSW_PWROK: 0]
