21-03-09 09:49:30.042 [3151.327780 charge_request(12648mV, 0mA)]
21-03-09 09:49:30.616 [3151.902270 Battery 94% (Display 99.1 %) / 11h:15 to empty]
21-03-09 09:49:30.620 [3151.904578 charge_request(12640mV, 0mA)]
21-03-09 09:49:31.192 [3152.477382 charge_request(12648mV, 0mA)]
21-03-09 09:49:31.544 [3152.828606 HC 0x02]
21-03-09 09:49:31.544 [3152.830101 HC 0x0b]
21-03-09 09:49:31.547 [3152.831205 HC 0x0d]
21-03-09 09:49:32.340 [3153.625103 charge_request(12624mV, 0mA)]
21-03-09 09:49:32.912 [3154.197064 charge_request(12640mV, 0mA)]
21-03-09 09:49:35.146 [3156.430489 HC 0x121]
21-03-09 09:49:35.146 +[3156.493887 charge_request(12648mV, 0mA)]
21-03-09 09:49:35.780 [3157.065562 charge_request(12632mV, 0mA)]
21-03-09 09:49:36.353 [3157.638463 charge_request(12640mV, 0mA)]
21-03-09 09:49:36.556 [3157.840691 HC 0x02]
21-03-09 09:49:36.556 [3157.842198 HC 0x0b]
21-03-09 09:49:36.559 [3157.842985 HC 0x0d]
21-03-09 09:49:36.926 [3158.212077 charge_request(12592mV, 0mA)]
21-03-09 09:49:37.499 [3158.784957 charge_request(12632mV, 0mA)]
21-03-09 09:49:38.071 [3159.356932 charge_request(12624mV, 0mA)]
21-03-09 09:49:38.643 [3159.928434 charge_request(12632mV, 0mA)]
21-03-09 09:49:39.216 [3160.502265 charge_request(12640mV, 0mA)]
21-03-09 09:49:39.792 [3161.076114 charge_request(12608mV, 0mA)]
21-03-09 09:49:40.366 [3161.652412 charge_request(12520mV, 0mA)]
21-03-09 09:49:40.939 [3162.224855 charge_request(12552mV, 0mA)]
21-03-09 09:49:41.513 [3162.798704 charge_request(12568mV, 0mA)]
21-03-09 09:49:41.544 [3162.823861 HC 0x02]
21-03-09 09:49:41.544 [3162.825842 HC 0x0b]
21-03-09 09:49:41.544 [3162.826732 HC 0x0d]
21-03-09 09:49:42.088 [3163.374592 charge_request(12560mV, 0mA)]
21-03-09 09:49:43.235 [3164.521789 charge_request(12512mV, 0mA)]
21-03-09 09:49:43.809 [3165.095015 charge_request(12504mV, 0mA)]
21-03-09 09:49:44.383 [3165.668917 charge_request(12584mV, 0mA)]
21-03-09 09:49:44.957 [3166.243694 charge_request(12608mV, 0mA)]
21-03-09 09:49:45.388 [3166.673946 HC 0x121]
21-03-09 09:49:45.388 +[3167.389318 charge_request(12592mV, 0mA)]
21-03-09 09:49:46.554 [3167.839380 HC 0x02]
21-03-09 09:49:46.554 [3167.840943 HC 0x0b]
21-03-09 09:49:46.557 [3167.841655 HC 0x0d]
21-03-09 09:49:46.677 [3167.963812 charge_request(12608mV, 0mA)]
21-03-09 09:49:47.250 [3168.537117 charge_request(12592mV, 0mA)]
21-03-09 09:49:47.826 [3169.112036 charge_request(12600mV, 0mA)]
21-03-09 09:49:48.491 [3169.776801 HC 0x02]
21-03-09 09:49:48.491 [3169.779834 HC 0x0b]
21-03-09 09:49:48.500 [3169.785919 HC 0x96]
21-03-09 09:49:48.972 [3170.259121 charge_request(12560mV, 0mA)]
21-03-09 09:49:49.549 [3170.836187 Battery 94% (Display 99.1 %) / 7h:10 to empty]
21-03-09 09:49:49.553 [3170.839233 charge_request(13048mV, 3568mA)]
21-03-09 09:49:51.169 [3172.455338 KB Clear Buffer]
21-03-09 09:49:51.169 [3172.456577 KB disable]
21-03-09 09:49:51.171 [3172.457009 KB IRQ disable]
21-03-09 09:49:51.846 [3173.133439 HC 0x0d]
21-03-09 09:49:51.849 [3173.136932 HC 0xa4]
21-03-09 09:49:51.986 [3173.273515 HC 0x0d]
21-03-09 09:49:51.990 [3173.277053 HC 0xa4]
21-03-09 09:49:52.011 [3173.299395 HC 0x11f]
21-03-09 09:49:54.229 [3175.517657 MKBP not cleared within threshold, toggling.]
21-03-09 09:49:55.229 [3176.518515 MKBP not cleared within threshold, toggling.]
21-03-09 09:49:56.450 [3177.739779 Battery 94% (Display 99.2 %) / 0h:34 to full]
21-03-09 09:49:57.235 [3178.525700 MKBP not cleared within threshold, toggling.]
21-03-09 09:49:58.236 [3179.526807 MKBP not cleared within threshold, toggling.]
21-03-09 09:50:00.242 [3181.533983 MKBP not cleared within threshold, toggling.]
21-03-09 09:50:01.242 [3182.535014 MKBP not cleared within threshold, toggling.]
21-03-09 09:50:03.247 [3184.542345 MKBP not cleared within threshold, toggling.]
21-03-09 09:50:04.247 [3185.543502 MKBP not cleared within threshold, toggling.]
21-03-09 09:50:05.655 [3186.952865 Battery 94% (Display 99.3 %) / 0h:33 to full]
21-03-09 09:50:06.251 [3187.549692 MKBP not cleared within threshold, toggling.]
21-03-09 09:50:07.250 [3188.550536 MKBP not cleared within threshold, toggling.]
21-03-09 09:50:09.254 [3190.557899 MKBP not cleared within threshold, toggling.]
21-03-09 09:50:10.254 [3191.558736 MKBP not cleared within threshold, toggling.]
21-03-09 09:50:11.984 [3193.291601 Battery 94% (Display 99.4 %) / 0h:33 to full]
21-03-09 09:50:12.258 [3193.565688 MKBP not cleared within threshold, toggling.]
21-03-09 09:50:13.257 [3194.566531 MKBP not cleared within threshold, toggling.]
21-03-09 09:50:15.265 [3196.573904 MKBP not cleared within threshold, toggling.]
21-03-09 09:50:16.266 [3197.574755 MKBP not cleared within threshold, toggling.]
21-03-09 09:50:18.272 [3199.581688 MKBP not cleared within threshold, toggling.]
21-03-09 09:50:18.897 [3200.206703 Battery 95% (Display 99.4 %) / 0h:33 to full]
21-03-09 09:50:19.274 [3200.582538 MKBP not cleared within threshold, toggling.]
21-03-09 09:50:19.700 [3201.009015 HC 0x0d]
21-03-09 09:50:19.703 [3201.012766 HC 0xa4]
21-03-09 09:50:21.280 [3202.589713 MKBP not cleared within threshold, toggling.]
21-03-09 09:50:21.798 [3203.108273 HC 0xa4]
21-03-09 09:50:21.798 +++(++)[3203.274348 HC 0x0d]
21-03-09 09:50:21.964 [3203.275072 HC 0xa4]
21-03-09 09:50:21.967 [3203.276273 HC 0x67 err 9]
21-03-09 09:50:21.967 +[3203.290302 HC 0x121]
21-03-09 09:50:22.390 [3203.699160 HC 0x02]
21-03-09 09:50:22.470 [3203.781219 HC 0x102]
21-03-09 09:50:22.470 [3203.781900 HC 0x128]
21-03-09 09:50:22.474 [3203.782541 HC 0x12a]
21-03-09 09:50:22.590 [3203.901318 HC 0x11f]
21-03-09 09:50:22.591 [3203.901860 HC 0x11f err 3]
21-03-09 09:50:22.601 +[3203.909460 HC 0x06]
21-03-09 09:50:22.737 [3204.047154 HC 0x11f]
21-03-09 09:50:22.999 [3204.309801 MKBP not cleared within threshold, toggling.]
21-03-09 09:50:23.999 [3205.310888 MKBP not cleared within threshold, toggling.]
21-03-09 09:50:25.031 [3206.341730 HC 0x0b]
21-03-09 09:50:25.034 [3206.347113 HC 0x2d]
21-03-09 09:50:25.130 [3206.442129 HC 0x2d]
21-03-09 09:50:25.224 [3206.537245 Battery 95% (Display 99.5 %) / 0h:33 to full]
21-03-09 09:50:25.247 [3206.559696 power state 3 = S0, in 0x0039]
21-03-09 09:50:25.250 RTC: 0x00000c92 (3218.00 s)
21-03-09 09:50:25.250 [3206.560628 power state 8 = S0->S3, in 0x0039]
21-03-09 09:50:25.256 [3206.561883 PD:S0->S3]
21-03-09 09:50:25.256 RTC: 0x00000c92 (3218.00 s)
21-03-09 09:50:25.260 [3206.562503 power state 2 = S3, in 0x0039]
21-03-09 09:50:25.263 RTC: 0x00000c92 (3218.00 s)
21-03-09 09:50:25.266 [3206.563282 power state 9 = S3->S5, in 0x0039]
21-03-09 09:50:25.269 [3206.563848 HC Suppressed: 0x97=246 0x98=938 0x113=590 0x103=623 0x115=59 0x2b=4158 0x67=749]
21-03-09 09:50:25.280 [3206.593768 USB charge p0 m0 i0]
21-03-09 09:50:25.283 [3206.594281 USB charge p1 m0 i0]
21-03-09 09:50:25.286 [3206.595205 PD:S3->S5]
21-03-09 09:50:25.286 [3206.595603 VB hook_shutdown]
21-03-09 09:50:25.290 RTC: 0x00000c92 (3218.00 s)
21-03-09 09:50:25.293 [3206.596240 power state 1 = S5, in 0x0039]
21-03-09 09:50:25.383 [3206.696048 Pen charge disable]
21-03-09 09:50:26.007 [3207.320959 MKBP not cleared within threshold, toggling.]
21-03-09 09:50:26.252 [3207.566512 power state 1 = S5, in 0x003f]
21-03-09 09:50:26.256 RTC: 0x00000c93 (3219.00 s)
21-03-09 09:50:26.256 [3207.567405 power state 6 = S5->S3, in 0x003f]
21-03-09 09:50:26.263 [3207.569136 PD:S5->S3]
21-03-09 09:50:26.263 RTC: 0x00000c93 (3219.00 s)
21-03-09 09:50:26.266 [3207.569916 power state 2 = S3, in 0x003f]
21-03-09 09:50:26.269 RTC: 0x00000c93 (3219.00 s)
21-03-09 09:50:26.272 [3207.570726 power state 7 = S3->S0, in 0x003f]
21-03-09 09:50:26.275 [3207.575041 USB charge p0 m2 i0]
21-03-09 09:50:26.279 [3207.575501 USB charge p1 m2 i0]
21-03-09 09:50:26.282 [3207.578626 PD:S3->S0]
21-03-09 09:50:26.285 RTC: 0x00000c93 (3219.00 s)
21-03-09 09:50:26.289 [3207.579288 power state 3 = S0, in 0x003f]
21-03-09 09:50:26.292 [3207.579957 Lid Accel: MS Done Init type:0x0 range:2]
21-03-09 09:50:26.295 [3207.601035 Base Accel: MS Done Init type:0x0 range:4]
21-03-09 09:50:26.302 [3207.603620 Base Gyro: MS Done Init type:0x1 range:1000]
21-03-09 09:50:26.305 [3207.604810 Lid Accel ODR: 10000 - roundup 1 from config 1 [AP 0]]
21-03-09 09:50:26.311 [3207.614858 Base Accel ODR: 13000 - roundup 1 from config 1 [AP 0]]
21-03-09 09:50:26.318 [3207.619252 C0: PE_VDM_Identity_Request_Cbl]
21-03-09 09:50:26.321 [3207.619818 C0: PE_SNK_Ready]
21-03-09 09:50:26.325 [3207.620379 C0: PE_INIT_PORT_VDM_Identity_Request]
21-03-09 09:50:26.331 [3207.622380 Base Gyro ODR: 0 - roundup 0 from config 0 [AP 0]]
21-03-09 09:50:26.335 [3207.628251 C0: PE_SNK_Ready]
21-03-09 09:50:26.356 [3207.669807 Pen charge disable]
21-03-09 09:50:26.461 [3207.775076 disable_adc_irqs_deferred]
21-03-09 09:50:26.464 [3207.775686 power state 3 = S0, in 0x007f]
21-03-09 09:50:26.820 [3208.133947 HC 0x0d]
21-03-09 09:50:26.822 [3208.137456 HC 0xa4]
21-03-09 09:50:27.007 [3208.321809 MKBP not cleared within threshold, toggling.]
21-03-09 09:50:27.151 [3208.465224 HC 0x4b]
21-03-09 09:50:27.151 [3208.465714 HC 0x4b err 4]
21-03-09 09:50:27.254 [3208.568429 HC 0xa0]
21-03-09 09:50:27.323 [3208.637711 HC 0x11f]
21-03-09 09:50:29.017 [3210.333569 MKBP not cleared within threshold, toggling.]
21-03-09 09:50:30.017 [3211.334416 MKBP not cleared within threshold, toggling.]
21-03-09 09:50:32.024 [3213.341582 MKBP not cleared within threshold, toggling.]
21-03-09 09:50:33.025 [3214.342439 MKBP not cleared within threshold, toggling.]
21-03-09 09:50:35.032 [3216.349582 MKBP not cleared within threshold, toggling.]
21-03-09 09:50:35.917 [3217.234795 Battery 95% (Display 99.6 %) / 0h:33 to full]
21-03-09 09:50:36.032 [3217.350440 MKBP not cleared within threshold, toggling.]
21-03-09 09:50:38.039 [3219.357586 MKBP not cleared within threshold, toggling.]
21-03-09 09:50:39.040 [3220.358442 MKBP not cleared within threshold, toggling.]
21-03-09 09:50:41.046 [3222.365567 MKBP not cleared within threshold, toggling.]
21-03-09 09:50:42.047 [3223.366411 MKBP not cleared within threshold, toggling.]
21-03-09 09:50:44.055 [3225.373740 MKBP not cleared within threshold, toggling.]
21-03-09 09:50:45.056 [3226.374634 MKBP not cleared within threshold, toggling.]
21-03-09 09:50:47.064 [3228.381829 MKBP not cleared within threshold, toggling.]
21-03-09 09:50:48.065 [3229.382892 MKBP not cleared within threshold, toggling.]
21-03-09 09:50:50.072 [3231.389557 MKBP not cleared within threshold, toggling.]
21-03-09 09:50:50.314 [3231.631764 Battery 95% (Display 99.7 %) / 0h:32 to full]
21-03-09 09:50:51.073 [3232.390392 MKBP not cleared within threshold, toggling.]
21-03-09 09:50:53.079 [3234.397577 MKBP not cleared within threshold, toggling.]
21-03-09 09:50:54.080 [3235.398423 MKBP not cleared within threshold, toggling.]
21-03-09 09:50:56.086 [3237.405588 MKBP not cleared within threshold, toggling.]
21-03-09 09:50:56.916 [3238.236798 HC 0x0d]
21-03-09 09:50:56.919 [3238.240259 HC 0xa4]
21-03-09 09:50:56.919 +++(++)[3238.406185 HC 0x0d]
21-03-09 09:50:57.086 [3238[3238.406991 HC 0xa4]
21-03-09 09:50:57.092 .406824 MKB[ not cleared +within threshold, toggling.]
21-03-09 09:50:57.101 [3238.422222 HC 0x121]
21-03-09 09:50:57.496 [3238.816822 HC 0x02]
21-03-09 09:50:57.577 [3238.898820 HC 0x102]
21-03-09 09:50:57.577 [3238.899502 HC 0x128]
21-03-09 09:50:57.581 [3238.900140 HC 0x12a]
21-03-09 09:50:57.699 [3239.019024 HC 0x11f]
21-03-09 09:50:57.699 [3239.019566 HC 0x11f err 3]
21-03-09 09:50:57.705 +[3239.027176 HC 0x06]
21-03-09 09:50:57.843 [3239.164709 HC 0x11f]
21-03-09 09:50:58.104 [3239.424484 MKBP not cleared within threshold, toggling.]
21-03-09 09:50:59.104 [3240.426272 MKBP not cleared within threshold, toggling.]
21-03-09 09:51:00.137 [3241.457445 HC 0x0b]
21-03-09 09:51:00.140 [3241.462829 HC 0x2d]
21-03-09 09:51:00.184 [3241.506960 HC 0x102]
21-03-09 09:51:00.184 [3241.507647 HC 0x11b]
21-03-09 09:51:00.188 [3241.508347 HC 0xb7]
21-03-09 09:51:00.188 [3241.508770 System unlocked, TCPC I2C tunnels may be unprotected]
21-03-09 09:51:00.433 [3241.756422 KB Clear Buffer]
21-03-09 09:51:00.433 [3241.757759 KB enable]
21-03-09 09:51:00.436 [3241.758172 KB Clear Buffer]
21-03-09 09:51:00.440 [3241.758806 KB scancode set to 1]
21-03-09 09:51:00.443 [3241.759384 KB Clear Buffer]
21-03-09 09:51:00.446 [3241.759962 KB Clear Buffer]
21-03-09 09:51:01.108 [3242.431852 MKBP not cleared within threshold, toggling.]
21-03-09 09:51:02.112 [3243.433868 MKBP not cleared within threshold, toggling.]
21-03-09 09:51:02.362 Port 80 writes:
21-03-09 09:51:02.362   0c 0d 13 15 7f 01 16 22 02 32 14 15 17 18 19 20 21 22 25 3f
21-03-09 09:51:02.369   43 44 4f 23 37 50 5f 40 41 42 47 80 81 82 83 61 63 03 04 05
21-03-09 09:51:02.372   06 07 0f 65 64 0f 6a 71 7f 99 72 24 25 55 73 94 94 74 75 75
21-03-09 09:51:02.378   75 75 75 75 75 75 75 75 75 75 75 75 75 75 75 75 75 75 75 75
21-03-09 09:51:02.385   75 75 75 75 75 75 75 75 75 75 75 75 75 [3243.711907 Battery 95% (Display 99.8 %) / 0h:32 to full]
21-03-09 09:51:02.392 75 75 75 75 75 75 75
21-03-09 09:51:02.395   75 75 75 75 75 75 75 75 76 77 79 9c 93 7a 95 05 25 95 88 01
21-03-09 09:51:02.402   02 03 04 89 fe 7b f8 aa <--new
21-03-09 09:51:02.727 [3244.050094 HC 0x2d]
21-03-09 09:51:02.730 [3244.054388 KS disable]
21-03-09 09:51:02.730 [3244.054811 KB Clear Buffer]
21-03-09 09:51:02.734 [3244.055347 KB disable]
21-03-09 09:51:02.734 [3244.055674 KB Clear Buffer]
21-03-09 09:51:02.998 [3244.322247 HC 0xa4]
21-03-09 09:51:02.998 [3244.323838 HC 0x67 err 9]
21-03-09 09:51:03.002 +[3245.083401 KB Clear Buffer]
21-03-09 09:51:03.760 [3245.084118 KB Clear Buffer]
21-03-09 09:51:03.763 [3245.084976 KB IRQ enable]
21-03-09 09:51:03.769 [3245.085385 KB enable]
21-03-09 09:51:03.770 [3245.086268 KB Clear Buffer]
21-03-09 09:51:03.770 [3245.088231 KS enable]
21-03-09 09:51:03.772 [3245.088540 KB Clear Buffer]
21-03-09 09:51:03.775 [3245.098235 HC 0x0b]
21-03-09 09:51:03.775 [3245.098976 HC 0x400b]
21-03-09 09:51:03.779 [3245.099441 HC 0x400b err 1]
21-03-09 09:51:03.782 [3245.100167 HC 0x08]
21-03-09 09:51:03.782 +[3245.101339 HC 0x8d]
21-03-09 09:51:03.786 [3245.103205 HC 0x0d]
21-03-09 09:51:03.791 [3245.104702 HC 0x102]
21-03-09 09:51:03.791 [3245.105436 HC 0x105]
21-03-09 09:51:03.791 [3245.106632 HC 0xa9]
21-03-09 09:51:03.794 [3245.107616 HC 0x112]
21-03-09 09:51:03.798 [3245.109167 HC 0x28]
21-03-09 09:51:03.798 [3245.109644 HC 0x28 err 1]
21-03-09 09:51:03.803 [3245.110303 HC 0xd3]
21-03-09 09:51:03.803 [3245.111040 HC 0x08]
21-03-09 09:51:03.804 [3245.115395 HC 0x121]
21-03-09 09:51:03.808 [3245.128028 HC 0x102]
21-03-09 09:51:03.808 [3245.129122 HC 0x111]
21-03-09 09:51:03.811 +++(++)[3247.171127 HC 0x112]
21-03-09 09:51:05.846 [3247.172207 HC 0x117]
21-03-09 09:51:06.358 [3247.683741 HC 0x112]
21-03-09 09:51:06.742 Port 80 writes:
21-03-09 09:51:06.742   0d 13 15 7f 01 16 22 02 32 14 15 17 18 19 20 21 22 25 3f 43
21-03-09 09:51:06.747   44 4f 23 37 50 5f 40 41 42 47 80 81 82 83 61 63 03 04 05 06
21-03-09 09:51:06.750   07 0f 65 64 0f 6a 71 7f 99 72 24 25 55 73 94 94 74 75 75 75
21-03-09 09:51:06.756   75 75 75 75 75 75 75 75 75 75 75 75 75 75 75 75 75 75 75 75
21-03-09 09:51:06.762   75 75 75 75 75 75 75 75 75 75 75 75 75 75 75 75 75 75 75 75
21-03-09 09:51:06.766   75 75 75 75 75 75 75 76 77 79 9c 93 7a 95 05 25 95 88 01 02
21-03-09 09:51:06.772   03 04 89 fe 7b f8 aa ab <--new
21-03-09 09:51:07.474 [3248.799523 HC 0x08]
21-03-09 09:51:07.474 +++[3252.039944 HC 0x08]
21-03-09 09:51:10.715 [3252.042445 HC 0x0d]
21-03-09 09:51:10.718 +[3252.046679 HC 0x102]
21-03-09 09:51:10.726 [3252.051562 HC 0x101]
21-03-09 09:51:10.726 [3252.053506 HC 0x133]
21-03-09 09:51:10.731 [3252.055407 HC 0x131]
21-03-09 09:51:10.736 [3252.062281 HC 0x11a]
21-03-09 09:51:12.168 [3253.493637 HC 0x02]
21-03-09 09:51:12.168 [3253.495404 HC 0x0b]
21-03-09 09:51:12.171 [3253.499118 HC 0x05]
21-03-09 09:51:12.310 [3253.636590 HC 0x121]
21-03-09 09:51:12.323 +[3253.896474 HC 0x05]
21-03-09 09:51:12.576 +[3253.905065 HC 0x02]
21-03-09 09:51:12.689 [3254.015077 HC 0x11b]
21-03-09 09:51:12.745 [3254.070849 HC 0x11b]
21-03-09 09:51:12.745 [3254.071381 HC 0x11b err 3]
21-03-09 09:51:13.331 [3254.656811 Battery 95% (Display 99.9 %) / 0h:35 to full]
21-03-09 09:51:14.239 [3255.565017 HC 0x121]
21-03-09 09:51:14.239 +[3255.984484 HC 0x01]
21-03-09 09:51:14.659 [3255.985157 HC 0x0b]
21-03-09 09:51:14.662 [3255.986118 HC 0x02]
21-03-09 09:51:14.662 [3255.987452 HC 0x08]
21-03-09 09:51:14.666 [3255.988141 HC 0x10]
21-03-09 09:51:14.666 +[3255.989625 HC 0x05]
21-03-09 09:51:14.669 [3255.990712 HC 0x18]
21-03-09 09:51:14.672 [3255.991513 HC 0x18 err 1]
21-03-09 09:51:14.672 +[3255.992426 HC 0x18 err 1]
21-03-09 09:51:14.676 +[3255.993290 HC 0x18 err 1]
21-03-09 09:51:14.679 [3255.994028 HC 0x16]
21-03-09 09:51:14.682 +[3255.995338 HC 0x15]
21-03-09 09:51:15.304 [3256.629004 HC 0x02]
21-03-09 09:51:15.305 [3256.630620 HC 0x0b]
21-03-09 09:51:15.308 [3256.631533 HC 0x96]
21-03-09 09:51:15.632 [3256.958165 charge_request(12976mV, 0mA)]
21-03-09 09:51:16.210 [3257.535953 Battery 95% (Display 99.9 %) / 0h:35 to full]
21-03-09 09:51:16.214 [3257.539002 charge_request(12744mV, 0mA)]
21-03-09 09:51:16.790 [3258.115427 charge_request(12664mV, 0mA)]
21-03-09 09:51:17.599 [3258.924586 HC 0x02]
21-03-09 09:51:17.599 [3258.927081 HC 0x0b]
21-03-09 09:51:17.602 [3258.927895 HC 0x70]
21-03-09 09:51:17.602 +[3258.935474 HC 0x02]
21-03-09 09:51:17.610 [3258.936998 HC 0x0b]
21-03-09 09:51:18.514 [3259.838924 charge_request(12648mV, 0mA)]
21-03-09 09:51:18.866 [3260.190989 HC 0x05]
21-03-09 09:51:18.866 +[3260.197767 HC 0x02]
21-03-09 09:51:19.058 [3260.383411 HC 0x02]
21-03-09 09:51:19.058 [3260.386188 HC 0x0b]
21-03-09 09:51:19.061 [3260.387747 HC 0x0d]
21-03-09 09:51:19.087 [3260.412621 HC 0x02]
21-03-09 09:51:19.087 [3260.415267 HC 0x0b]
21-03-09 09:51:19.090 [3260.416672 HC 0x70]
21-03-09 09:51:19.093 +[3260.982488 charge_request(12640mV, 0mA)]
21-03-09 09:51:20.232 [3261.558294 Battery 95% (Display 99.8 %) / 3h:49 to empty]
21-03-09 09:51:21.379 [3262.705383 charge_request(12656mV, 0mA)]
21-03-09 09:51:21.953 [3263.280173 charge_request(12648mV, 0mA)]
21-03-09 09:51:22.528 [3263.854660 charge_request(12632mV, 0mA)]
21-03-09 09:51:23.417 [3264.744573 HC 0x02]
21-03-09 09:51:23.417 [3264.746124 HC 0x0b]
21-03-09 09:51:23.421 [3264.746982 HC 0x0d]
21-03-09 09:51:24.247 [3265.573906 charge_request(12640mV, 0mA)]
21-03-09 09:51:24.479 [3265.806261 HC 0x121]
21-03-09 09:51:24.479 +[3266.722126 charge_request(12632mV, 0mA)]
21-03-09 09:51:25.967 [3267.294656 charge_request(12640mV, 0mA)]
21-03-09 09:51:26.541 [3267.868866 charge_request(12592mV, 0mA)]
21-03-09 09:51:27.114 [3268.442223 charge_request(12616mV, 0mA)]
21-03-09 09:51:28.263 [3269.590453 charge_request(12664mV, 0mA)]
21-03-09 09:51:28.444 [3269.771462 HC 0x02]
21-03-09 09:51:28.444 [3269.772812 HC 0x0b]
21-03-09 09:51:28.447 [3269.773550 HC 0x0d]
21-03-09 09:51:28.837 [3270.165058 charge_request(12680mV, 0mA)]
21-03-09 09:51:31.700 [3273.026932 charge_request(12648mV, 0mA)]
21-03-09 09:51:32.274 [3273.601702 charge_request(12680mV, 0mA)]
21-03-09 09:51:32.318 [3273.645240 HC 0x02]
21-03-09 09:51:32.318 [3273.648279 HC 0x0b]
21-03-09 09:51:32.321 [3273.649163 HC 0x96]
21-03-09 09:51:32.852 [3274.178952 Battery 95% (Display 99.8 %) / 5h:22 to empty]
21-03-09 09:51:32.857 [3274.181985 charge_request(13048mV, 3568mA)]
21-03-09 09:51:34.969 [3276.293967 KB Clear Buffer]
21-03-09 09:51:34.969 [3276.295206 KB disable]
21-03-09 09:51:34.972 [3276.295570 KB IRQ disable]
21-03-09 09:51:35.648 [3276.973552 HC 0x0d]
21-03-09 09:51:35.652 [3276.977396 HC 0xa4]
21-03-09 09:51:35.789 [3277.114693 HC 0x0d]
21-03-09 09:51:35.792 [3277.118300 HC 0xa4]
21-03-09 09:51:35.815 [3277.140690 HC 0x11f]
21-03-09 09:51:38.128 [3279.452212 MKBP not cleared within threshold, toggling.]
21-03-09 09:51:39.129 [3280.453115 MKBP not cleared within threshold, toggling.]
21-03-09 09:51:41.139 [3282.461593 MKBP not cleared within threshold, toggling.]
21-03-09 09:51:41.490 [3282.812782 Battery 95% (Display 99.9 %) / 0h:34 to full]
21-03-09 09:51:42.140 [3283.462437 MKBP not cleared within threshold, toggling.]
21-03-09 09:51:44.148 [3285.469537 MKBP not cleared within threshold, toggling.]
21-03-09 09:51:45.149 [3286.470360 MKBP not cleared within threshold, toggling.]
21-03-09 09:51:47.157 [3288.477996 MKBP not cleared within threshold, toggling.]
21-03-09 09:51:48.158 [3289.478834 MKBP not cleared within threshold, toggling.]
21-03-09 09:51:50.165 [3291.485570 MKBP not cleared within threshold, toggling.]
21-03-09 09:51:51.166 [3292.486421 MKBP not cleared within threshold, toggling.]
21-03-09 09:51:53.173 [3294.493567 MKBP not cleared within threshold, toggling.]
21-03-09 09:51:54.174 [3295.494395 MKBP not cleared within threshold, toggling.]
21-03-09 09:51:56.181 [3297.501545 MKBP not cleared within threshold, toggling.]
21-03-09 09:51:57.028 [3298.348934 Battery 95% (Display 100.0 %) / 0h:34 to full]
21-03-09 09:51:57.181 [3298.502400 MKBP not cleared within threshold, toggling.]
21-03-09 09:51:59.188 [3300.509563 MKBP not cleared within threshold, toggling.]
21-03-09 09:52:00.188 [3301.510404 MKBP not cleared within threshold, toggling.]
21-03-09 09:52:02.196 [3303.519344 MKBP not cleared within threshold, toggling.]
21-03-09 09:52:03.196 [3304.520120 MKBP not cleared within threshold, toggling.]
21-03-09 09:52:03.302 [3304.624972 HC 0x0d]
21-03-09 09:52:03.304 [3304.628460 HC 0xa4]
21-03-09 09:52:05.198 [3306.522803 MKBP not cleared within threshold, toggling.]
21-03-09 09:52:05.398 [3306.723355 HC 0xa4]
21-03-09 09:52:05.398 +++(++)[3306.889215 HC 0x0d]
21-03-09 09:52:05.564 [3306.889940 HC 0xa4]
21-03-09 09:52:05.567 [3306.891140 HC 0x67 err 9]
21-03-09 09:52:05.567 +[3306.905118 HC 0x121]
21-03-09 09:52:05.990 [3307.313644 HC 0x02]
21-03-09 09:52:06.072 [3307.395671 HC 0x102]
21-03-09 09:52:06.072 [3307.396353 HC 0x128]
21-03-09 09:52:06.073 [3307.396993 HC 0x12a]
21-03-09 09:52:06.191 [3307.515814 HC 0x11f]
21-03-09 09:52:06.191 [3307.516358 HC 0x11f err 3]
21-03-09 09:52:06.198 +[3307.524021 HC 0x06]
21-03-09 09:52:06.336 [3307.661110 HC 0x11f]
21-03-09 09:52:06.599 [3307.924734 MKBP not cleared within threshold, toggling.]
21-03-09 09:52:07.600 [3308.926203 MKBP not cleared within threshold, toggling.]
21-03-09 09:52:08.634 [3309.957522 HC 0x0b]
21-03-09 09:52:08.638 [3309.962902 HC 0x2d]
21-03-09 09:52:08.734 [3310.057728 HC 0x2d]
21-03-09 09:52:08.849 [3310.174938 power state 3 = S0, in 0x0039]
21-03-09 09:52:08.853 RTC: 0x00000cfa (3322.00 s)
21-03-09 09:52:08.853 [3310.175829 power state 8 = S0->S3, in 0x0039]
21-03-09 09:52:08.860 [3310.177086 PD:S0->S3]
21-03-09 09:52:08.860 RTC: 0x00000cfa (3322.00 s)
21-03-09 09:52:08.863 [3310.177707 power state 2 = S3, in 0x0039]
21-03-09 09:52:08.866 RTC: 0x00000cfa (3322.00 s)
21-03-09 09:52:08.869 [3310.178493 power state 9 = S3->S5, in 0x0039]
21-03-09 09:52:08.872 [3310.179055 HC Suppressed: 0x97=4 0x98=22 0x113=16 0x103=21 0x115=0 0x2b=151 0x67=159]
21-03-09 09:52:08.882 [3310.208684 USB charge p0 m0 i0]
21-03-09 09:52:08.886 [3310.209197 USB charge p1 m0 i0]
21-03-09 09:52:08.890 [3310.210121 PD:S3->S5]
21-03-09 09:52:08.890 [3310.210520 VB hook_shutdown]
21-03-09 09:52:08.892 RTC: 0x00000cfb (3323.00 s)
21-03-09 09:52:08.895 [3310.211156 power state 1 = S5, in 0x0039]
21-03-09 09:52:08.985 [3310.310702 Pen charge disable]
21-03-09 09:52:09.603 [3310.928371 MKBP not cleared within threshold, toggling.]
21-03-09 09:52:09.906 [3311.230879 power state 1 = S5, in 0x003f]
21-03-09 09:52:09.910 RTC: 0x00000cfc (3324.00 s)
21-03-09 09:52:09.910 [3311.231771 power state 6 = S5->S3, in 0x003f]
21-03-09 09:52:09.916 [3311.233352 PD:S5->S3]
21-03-09 09:52:09.916 RTC: 0x00000cfc (3324.00 s)
21-03-09 09:52:09.919 [3311.234053 power state 2 = S3, in 0x003f]
21-03-09 09:52:09.923 RTC: 0x00000cfc (3324.00 s)
21-03-09 09:52:09.925 [3311.234863 power state 7 = S3->S0, in 0x003f]
21-03-09 09:52:09.932 [3311.240313 USB charge p0 m2 i0]
21-03-09 09:52:09.932 [3311.240762 USB charge p1 m2 i0]
21-03-09 09:52:09.937 [3311.243879 PD:S3->S0]
21-03-09 09:52:09.939 RTC: 0x00000cfc (3324.00 s)
21-03-09 09:52:09.942 [3311.244542 power state 3 = S0, in 0x003f]
21-03-09 09:52:09.946 [3311.245164 Lid Accel: MS Done Init type:0x0 range:2]
21-03-09 09:52:09.951 [3311.266218 Base Accel: MS Done Init type:0x0 range:4]
21-03-09 09:52:09.955 [3311.268768 Base Gyro: MS Done Init type:0x1 range:1000]
21-03-09 09:52:09.961 [3311.269958 Lid Accel ODR: 10000 - roundup 1 from config 1 [AP 0]]
21-03-09 09:52:09.965 [3311.279990 Base Accel ODR: 13000 - roundup 1 from config 1 [AP 0]]
21-03-09 09:52:09.971 [3311.284377 C0: PE_VDM_Identity_Request_Cbl]
21-03-09 09:52:09.978 [3311.284942 C0: PE_SNK_Ready]
21-03-09 09:52:09.978 [3311.285502 C0: PE_INIT_PORT_VDM_Identity_Request]
21-03-09 09:52:09.984 [3311.287503 Base Gyro ODR: 0 - roundup 0 from config 0 [AP 0]]
21-03-09 09:52:09.991 [3311.293458 C0: PE_SNK_Ready]
21-03-09 09:52:10.010 [3311.334568 Pen charge disable]
21-03-09 09:52:10.116 [3311.440358 disable_adc_irqs_deferred]
21-03-09 09:52:10.119 [3311.440969 power state 3 = S0, in 0x007f]
21-03-09 09:52:10.471 [3311.795397 HC 0x0d]
21-03-09 09:52:10.474 [3311.798905 HC 0xa4]
21-03-09 09:52:10.605 [3311.929201 MKBP not cleared within threshold, toggling.]
21-03-09 09:52:10.803 [3312.126877 HC 0x4b]
21-03-09 09:52:10.803 [3312.127367 HC 0x4b err 4]
21-03-09 09:52:10.907 [3312.230045 HC 0xa0]
21-03-09 09:52:10.976 [3312.299518 HC 0x11f]
21-03-09 09:52:12.613 [3313.934720 MKBP not cleared within threshold, toggling.]
21-03-09 09:52:13.613 [3314.935556 MKBP not cleared within threshold, toggling.]
21-03-09 09:52:15.623 [3316.943043 MKBP not cleared within threshold, toggling.]
21-03-09 09:52:16.624 [3317.943916 MKBP not cleared within threshold, toggling.]
21-03-09 09:52:18.632 [3319.950714 MKBP not cleared within threshold, toggling.]
21-03-09 09:52:19.634 [3320.951551 MKBP not cleared within threshold, toggling.]
21-03-09 09:52:21.643 [3322.958908 MKBP not cleared within threshold, toggling.]
21-03-09 09:52:22.644 [3323.959744 MKBP not cleared within threshold, toggling.]
21-03-09 09:52:24.653 [3325.967429 MKBP not cleared within threshold, toggling.]
21-03-09 09:52:25.654 [3326.968274 MKBP not cleared within threshold, toggling.]
21-03-09 09:52:27.662 [3328.974702 MKBP not cleared within threshold, toggling.]
21-03-09 09:52:28.662 [3329.975531 MKBP not cleared within threshold, toggling.]
21-03-09 09:52:30.669 [3331.982717 MKBP not cleared within threshold, toggling.]
21-03-09 09:52:31.670 [3332.983549 MKBP not cleared within threshold, toggling.]
21-03-09 09:52:33.677 [3334.990697 MKBP not cleared within threshold, toggling.]
21-03-09 09:52:34.677 [3335.991524 MKBP not cleared within threshold, toggling.]
21-03-09 09:52:36.683 [3337.998741 MKBP not cleared within threshold, toggling.]
21-03-09 09:52:37.683 [3338.999601 MKBP not cleared within threshold, toggling.]
21-03-09 09:52:39.689 [3341.006714 MKBP not cleared within threshold, toggling.]
21-03-09 09:52:40.615 [3341.932775 HC 0x0d]
21-03-09 09:52:40.618 [3341.936626 HC 0xa4]
21-03-09 09:52:40.618 +++(++)[3342.007430 MKBP not cleared within threshold, toggling.]
21-03-09 09:52:40.785 [3342.102845 HC 0x0d]
21-03-09 09:52:40.785 [3342.103569 HC 0xa4]
21-03-09 09:52:40.788 [3342.104880 HC 0x67 err 9]
21-03-09 09:52:40.789 +[3342.118855 HC 0x121]
21-03-09 09:52:41.195 [3342.513600 HC 0x02]
21-03-09 09:52:41.277 [3342.595650 HC 0x102]
21-03-09 09:52:41.277 [3342.596336 HC 0x128]
21-03-09 09:52:41.281 [3342.596978 HC 0x12a]
21-03-09 09:52:41.397 [3342.715861 HC 0x11f]
21-03-09 09:52:41.397 [3342.716405 HC 0x11f err 3]
21-03-09 09:52:41.405 +[3342.724014 HC 0x06]
21-03-09 09:52:41.543 [3342.861806 HC 0x11f]
21-03-09 09:52:41.799 [3343.118833 MKBP not cleared within threshold, toggling.]
21-03-09 09:52:42.799 [3344.119684 MKBP not cleared within threshold, toggling.]
21-03-09 09:52:43.844 [3345.162589 HC 0x0b]
21-03-09 09:52:43.847 [3345.167973 HC 0x2d]
21-03-09 09:52:43.891 [3345.212012 HC 0x102]
21-03-09 09:52:43.891 [3345.213035 HC 0x11b]
21-03-09 09:52:43.895 [3345.213735 HC 0xb7]
21-03-09 09:52:43.895 [3345.214158 System unlocked, TCPC I2C tunnels may be unprotected]
21-03-09 09:52:44.141 [3345.462384 KB Clear Buffer]
21-03-09 09:52:44.141 [3345.463418 KB enable]
21-03-09 09:52:44.144 [3345.463810 KB Clear Buffer]
21-03-09 09:52:44.147 [3345.464391 KB scancode set to 1]
21-03-09 09:52:44.151 [3345.464984 KB Clear Buffer]
21-03-09 09:52:44.154 [3345.465850 KB Clear Buffer]
21-03-09 09:52:44.805 [3346.126803 MKBP not cleared within threshold, toggling.]
21-03-09 09:52:45.805 [3347.127659 MKBP not cleared within threshold, toggling.]
21-03-09 09:52:46.061 Port 80 writes:
21-03-09 09:52:46.061   0c 0d 13 15 7f 01 16 22 02 32 14 15 17 18 19 20 21 22 25 3f
21-03-09 09:52:46.068   43 44 4f 23 37 50 5f 40 41 42 47 80 81 82 83 61 63 03 04 05
21-03-09 09:52:46.071   06 07 0f 65 64 0f 6a 71 7f 99 72 24 25 55 73 94 94 74 75 75
21-03-09 09:52:46.077   75 75 75 75 75 75 75 75 75 75 75 75 75 75 75 75 75 75 75 75
21-03-09 09:52:46.084   75 75 75 75 75 75 75 75 75 75 75 75 75 75 75 75 75 75 75 75
21-03-09 09:52:46.087   75 75 75 75 75 75 75 75 76 77 79 9c 93 7a 95 05 25 95 88 01
21-03-09 09:52:46.094   02 03 04 89 fe 7b f8 aa <--new
21-03-09 09:52:46.432 [3347.756407 HC 0x2d]
21-03-09 09:52:46.437 [3347.760495 KS disable]
21-03-09 09:52:46.437 [3347.760919 KB Clear Buffer]
21-03-09 09:52:46.441 [3347.761523 KB disable]
21-03-09 09:52:46.441 [3347.761857 KB Clear Buffer]
21-03-09 09:52:46.703 [3348.027420 HC 0xa4]
21-03-09 09:52:46.704 [3348.028972 HC 0x67 err 9]
21-03-09 09:52:46.707 +[3348.783691 KB Clear Buffer]
21-03-09 09:52:47.459 [3348.784398 KB Clear Buffer]
21-03-09 09:52:47.463 [3348.785291 KB IRQ enable]
21-03-09 09:52:47.465 [3348.785708 KB enable]
21-03-09 09:52:47.469 [3348.786502 KB Clear Buffer]
21-03-09 09:52:47.469 [3348.788396 KS enable]
21-03-09 09:52:47.472 [3348.788710 KB Clear Buffer]
21-03-09 09:52:47.475 [3348.799116 HC 0x0b]
21-03-09 09:52:47.475 [3348.799868 HC 0x400b]
21-03-09 09:52:47.478 [3348.800327 HC 0x400b err 1]
21-03-09 09:52:47.483 [3348.801072 HC 0x08]
21-03-09 09:52:47.483 +[3348.802257 HC 0x8d]
21-03-09 09:52:47.486 [3348.803940 HC 0x0d]
21-03-09 09:52:47.490 [3348.805903 HC 0x102]
21-03-09 09:52:47.490 [3348.806635 HC 0x105]
21-03-09 09:52:47.490 [3348.808178 HC 0xa9]
21-03-09 09:52:47.494 [3348.809238 HC 0x112]
21-03-09 09:52:47.494 [3348.810557 HC 0x28]
21-03-09 09:52:47.498 [3348.811041 HC 0x28 err 1]
21-03-09 09:52:47.501 [3348.812009 HC 0xd3]
21-03-09 09:52:47.501 [3348.812748 HC 0x08]
21-03-09 09:52:47.505 [3348.816604 HC 0x121]
21-03-09 09:52:47.505 [3348.831519 HC 0x102]
21-03-09 09:52:47.508 [3348.832548 HC 0x111]
21-03-09 09:52:47.511 +++(++)[3350.878057 HC 0x112]
21-03-09 09:52:49.551 [3350.879160 HC 0x117]
21-03-09 09:52:50.057 [3351.384228 HC 0x112]
21-03-09 09:52:50.444 Port 80 writes:
21-03-09 09:52:50.444   0d 13 15 7f 01 16 22 02 32 14 15 17 18 19 20 21 22 25 3f 43
21-03-09 09:52:50.450   44 4f 23 37 50 5f 40 41 42 47 80 81 82 83 61 63 03 04 05 06
21-03-09 09:52:50.453   07 0f 65 64 0f 6a 71 7f 99 72 24 25 55 73 94 94 74 75 75 75
21-03-09 09:52:50.460   75 75 75 75 75 75 75 75 75 75 75 75 75 75 75 75 75 75 75 75
21-03-09 09:52:50.466   75 75 75 75 75 75 75 75 75 75 75 75 75 75 75 75 75 75 75 75
21-03-09 09:52:50.473   75 75 75 75 75 75 75 76 77 79 9c 93 7a 95 05 25 95 88 01 02
21-03-09 09:52:50.475   03 04 89 fe 7b f8 aa ab <--new
21-03-09 09:52:51.009 [3352.337880 HC 0x08]
21-03-09 09:52:51.009 +++[3355.755272 HC 0x08]
21-03-09 09:52:54.425 [3355.758525 HC 0x0d]
21-03-09 09:52:54.425 +[3355.762607 HC 0x102]
21-03-09 09:52:54.429 [3355.764810 HC 0x101]
21-03-09 09:52:54.433 [3355.768907 HC 0x133]
21-03-09 09:52:54.436 [3355.771734 HC 0x131]
21-03-09 09:52:54.441 [3355.773641 HC 0x11a]
21-03-09 09:52:56.181 [3357.516666 HC 0x02]
21-03-09 09:52:56.186 [3357.521317 HC 0x0b]
21-03-09 09:52:56.197 [3357.532032 HC 0x05]
21-03-09 09:52:56.295 [3357.631118 HC 0x121]
21-03-09 09:52:56.298 +[3357.901078 HC 0x05]
21-03-09 09:52:56.565 +[3357.905939 HC 0x02]
21-03-09 09:52:56.657 [3357.993910 HC 0x11b]
21-03-09 09:52:56.692 +[3358.028959 HC 0x11b err 3]
21-03-09 09:52:57.947 [3359.283431 HC 0x121]
21-03-09 09:52:57.947 +[3360.259752 HC 0x02]
21-03-09 09:52:58.922 [3360.262873 HC 0x0b]
21-03-09 09:52:58.925 [3360.264909 HC 0x96]
21-03-09 09:52:59.270 [3360.607988 charge_request(12976mV, 0mA)]
21-03-09 09:52:59.844 [3361.183577 Battery 95% (Display 100.0 %) / 0h:33 to full]
21-03-09 09:52:59.848 [3361.186631 charge_request(12776mV, 0mA)]
21-03-09 09:53:00.423 [3361.762529 charge_request(12688mV, 0mA)]
21-03-09 09:53:00.997 [3362.337925 charge_request(12680mV, 0mA)]
21-03-09 09:53:01.208 [3362.548360 HC 0x01]
21-03-09 09:53:01.208 [3362.549470 HC 0x0b]
21-03-09 09:53:01.212 [3362.550298 HC 0x02]
21-03-09 09:53:01.212 [3362.551733 HC 0x08]
21-03-09 09:53:01.215 [3362.552421 HC 0x10]
21-03-09 09:53:01.218 +[3362.553712 HC 0x05]
21-03-09 09:53:01.218 [3362.555321 HC 0x18]
21-03-09 09:53:01.221 [3362.555797 HC 0x18 err 1]
21-03-09 09:53:01.225 +[3362.556654 HC 0x18 err 1]
21-03-09 09:53:01.225 +[3362.557569 HC 0x18 err 1]
21-03-09 09:53:01.227 [3362.558371 HC 0x16]
21-03-09 09:53:01.231 +[3362.559860 HC 0x15]
21-03-09 09:53:01.259 [3362.600320 HC 0x02]
21-03-09 09:53:01.266 [3362.605350 HC 0x0b]
21-03-09 09:53:01.266 [3362.606526 HC 0x70]
21-03-09 09:53:01.267 +[3362.624399 HC 0x02]
21-03-09 09:53:01.288 [3362.628750 HC 0x0b]
21-03-09 09:53:02.673 [3364.014133 HC 0x05]
21-03-09 09:53:02.673 +[3364.020428 HC 0x02]
21-03-09 09:53:02.923 [3364.264984 HC 0x02]
21-03-09 09:53:02.929 [3364.271671 HC 0x0b]
21-03-09 09:53:02.929 [3364.272389 HC 0x0d]
21-03-09 09:53:02.947 [3364.289877 HC 0x02]
21-03-09 09:53:02.954 [3364.296804 HC 0x0b]
21-03-09 09:53:02.954 [3364.297757 HC 0x70]
21-03-09 09:53:02.957 +[3364.631707 charge_request(12664mV, 0mA)]
21-03-09 09:53:06.733 [3368.076946 charge_request(12656mV, 0mA)]
21-03-09 09:53:07.399 [3368.742662 HC 0x02]
21-03-09 09:53:07.404 [3368.747355 HC 0x0b]
21-03-09 09:53:07.404 [3368.748280 HC 0x0d]
21-03-09 09:53:07.884 [3369.227818 charge_request(12648mV, 0mA)]
21-03-09 09:53:08.186 [3369.529425 HC 0x121]
21-03-09 09:53:08.186 +[3370.375882 charge_request(12664mV, 0mA)]
21-03-09 09:53:09.604 [3370.947839 charge_request(12648mV, 0mA)]
21-03-09 09:53:10.178 [3371.522284 charge_request(12624mV, 0mA)]
21-03-09 09:53:10.752 [3372.096002 charge_request(12640mV, 0mA)]
21-03-09 09:53:11.327 [3372.670308 charge_request(12632mV, 0mA)]
21-03-09 09:53:11.901 [3373.242859 charge_request(12704mV, 0mA)]
21-03-09 09:53:12.359 [3373.702172 HC 0x02]
21-03-09 09:53:12.359 [3373.703810 HC 0x0b]
21-03-09 09:53:12.362 [3373.704674 HC 0x0d]
21-03-09 09:53:12.474 [3373.818168 charge_request(12696mV, 0mA)]
21-03-09 09:53:13.049 [3374.392613 charge_request(12704mV, 0mA)]
21-03-09 09:53:13.620 [3374.964362 charge_request(12696mV, 0mA)]
21-03-09 09:53:14.193 [3375.537253 charge_request(12704mV, 0mA)]
21-03-09 09:53:15.339 [3376.682238 charge_request(12688mV, 0mA)]
21-03-09 09:53:15.916 [3377.258647 charge_request(12648mV, 0mA)]
21-03-09 09:53:15.920 [3377.264368 HC 0x02]
21-03-09 09:53:15.923 [3377.265723 HC 0x0b]
21-03-09 09:53:15.923 [3377.267429 HC 0x96]
21-03-09 09:53:16.495 [3377.837498 Battery 95% (Display 100.0 %) / 4h:29 to empty]
21-03-09 09:53:16.505 [3377.840563 charge_request(13048mV, 3568mA)]
21-03-09 09:53:18.477 [3379.817684 KB Clear Buffer]
21-03-09 09:53:18.477 [3379.818671 KB disable]
21-03-09 09:53:18.479 [3379.819108 KB IRQ disable]
21-03-09 09:53:19.154 [3380.495012 HC 0x0d]
21-03-09 09:53:19.156 [3380.498514 HC 0xa4]
21-03-09 09:53:19.294 [3380.635381 HC 0x0d]
21-03-09 09:53:19.297 [3380.638919 HC 0xa4]
21-03-09 09:53:19.319 [3380.661245 HC 0x11f]
21-03-09 09:53:21.663 [3383.003668 MKBP not cleared within threshold, toggling.]
21-03-09 09:53:22.664 [3384.004506 MKBP not cleared within threshold, toggling.]
21-03-09 09:53:24.703 [3386.042833 MKBP not cleared within threshold, toggling.]
21-03-09 09:53:25.705 [3387.043980 MKBP not cleared within threshold, toggling.]
21-03-09 09:53:27.732 [3389.070699 MKBP not cleared within threshold, toggling.]
21-03-09 09:53:28.733 [3390.071537 MKBP not cleared within threshold, toggling.]
21-03-09 09:53:30.742 [3392.079933 MKBP not cleared within threshold, toggling.]
21-03-09 09:53:31.744 [3393.082065 MKBP not cleared within threshold, toggling.]
21-03-09 09:53:33.750 [3395.086719 MKBP not cleared within threshold, toggling.]
21-03-09 09:53:34.751 [3396.087558 MKBP not cleared within threshold, toggling.]
21-03-09 09:53:36.082 [3397.418477 Battery 96% (Display 100.0 %) / 0h:32 to full]
21-03-09 09:53:36.761 [3398.094672 MKBP not cleared within threshold, toggling.]
21-03-09 09:53:37.760 [3399.095507 MKBP not cleared within threshold, toggling.]
21-03-09 09:53:39.768 [3401.102811 MKBP not cleared within threshold, toggling.]
21-03-09 09:53:40.769 [3402.103668 MKBP not cleared within threshold, toggling.]
21-03-09 09:53:42.777 [3404.110737 MKBP not cleared within threshold, toggling.]
21-03-09 09:53:43.778 [3405.111580 MKBP not cleared within threshold, toggling.]
21-03-09 09:53:45.782 [3407.115728 MKBP not cleared within threshold, toggling.]
21-03-09 09:53:46.785 [3408.116569 MKBP not cleared within threshold, toggling.]
21-03-09 09:53:46.834 [3408.167565 HC 0x0d]
21-03-09 09:53:46.837 [3408.171035 HC 0xa4]
21-03-09 09:53:48.793 [3410.126735 MKBP not cleared within threshold, toggling.]
21-03-09 09:53:48.934 [3410.265846 HC 0xa4]
21-03-09 09:53:48.934 +++(++)[3410.431779 HC 0x0d]
21-03-09 09:53:49.097 [3410.432504 HC 0xa4]
21-03-09 09:53:49.101 [3410.433845 HC 0x67 err 9]
21-03-09 09:53:49.101 +[3410.447834 HC 0x121]
21-03-09 09:53:49.522 [3410.856350 HC 0x02]
21-03-09 09:53:49.604 [3410.938351 HC 0x102]
21-03-09 09:53:49.604 [3410.939031 HC 0x128]
21-03-09 09:53:49.607 [3410.939670 HC 0x12a]
21-03-09 09:53:49.724 [3411.058494 HC 0x11f]
21-03-09 09:53:49.724 [3411.059038 HC 0x11f err 3]
21-03-09 09:53:49.731 +[3411.066648 HC 0x06]
21-03-09 09:53:49.869 [3411.203801 HC 0x11f]
21-03-09 09:53:50.102 [3411.436731 MKBP not cleared within threshold, toggling.]
21-03-09 09:53:51.102 [3412.437565 MKBP not cleared within threshold, toggling.]
21-03-09 09:53:52.169 [3413.502735 HC 0x0b]
21-03-09 09:53:52.173 [3413.508581 HC 0x2d]
21-03-09 09:53:52.269 [3413.603669 HC 0x2d]
21-03-09 09:53:52.385 [3413.720765 power state 3 = S0, in 0x0039]
21-03-09 09:53:52.388 RTC: 0x00000d62 (3426.00 s)
21-03-09 09:53:52.388 [3413.721654 power state 8 = S0->S3, in 0x0039]
21-03-09 09:53:52.395 [3413.722576 PD:S0->S3]
21-03-09 09:53:52.395 RTC: 0x00000d62 (3426.00 s)
21-03-09 09:53:52.398 [3413.723196 power state 2 = S3, in 0x0039]
21-03-09 09:53:52.402 RTC: 0x00000d62 (3426.00 s)
21-03-09 09:53:52.405 [3413.723981 power state 9 = S3->S5, in 0x0039]
21-03-09 09:53:52.409 [3413.724543 HC Suppressed: 0x97=4 0x98=22 0x113=15 0x103=19 0x115=0 0x2b=151 0x67=157]
21-03-09 09:53:52.419 [3413.754240 USB charge p0 m0 i0]
21-03-09 09:53:52.419 [3413.754752 USB charge p1 m0 i0]
21-03-09 09:53:52.422 [3413.755679 PD:S3->S5]
21-03-09 09:53:52.425 [3413.756078 VB hook_shutdown]
21-03-09 09:53:52.428 RTC: 0x00000d62 (3426.00 s)
21-03-09 09:53:52.431 [3413.756714 power state 1 = S5, in 0x0039]
21-03-09 09:53:52.520 [3413.856237 Pen charge disable]
21-03-09 09:53:53.139 [3414.474613 MKBP not cleared within threshold, toggling.]
21-03-09 09:53:53.430 [3414.765823 power state 1 = S5, in 0x003f]
21-03-09 09:53:53.434 RTC: 0x00000d63 (3427.00 s)
21-03-09 09:53:53.434 [3414.767020 power state 6 = S5->S3, in 0x003f]
21-03-09 09:53:53.440 [3414.768767 PD:S5->S3]
21-03-09 09:53:53.440 RTC: 0x00000d63 (3427.00 s)
21-03-09 09:53:53.443 [3414.769506 power state 2 = S3, in 0x003f]
21-03-09 09:53:53.446 RTC: 0x00000d63 (3427.00 s)
21-03-09 09:53:53.450 [3414.770311 power state 7 = S3->S0, in 0x003f]
21-03-09 09:53:53.453 [3414.774616 USB charge p0 m2 i0]
21-03-09 09:53:53.456 [3414.775075 USB charge p1 m2 i0]
21-03-09 09:53:53.459 [3414.778202 PD:S3->S0]
21-03-09 09:53:53.463 RTC: 0x00000d63 (3427.00 s)
21-03-09 09:53:53.466 [3414.778866 power state 3 = S0, in 0x003f]
21-03-09 09:53:53.469 [3414.779532 Lid Accel: MS Done Init type:0x0 range:2]
21-03-09 09:53:53.475 [3414.800644 Base Accel: MS Done Init type:0x0 range:4]
21-03-09 09:53:53.479 [3414.803198 Base Gyro: MS Done Init type:0x1 range:1000]
21-03-09 09:53:53.485 [3414.804382 Lid Accel ODR: 10000 - roundup 1 from config 1 [AP 0]]
21-03-09 09:53:53.488 [3414.814435 Base Accel ODR: 13000 - roundup 1 from config 1 [AP 0]]
21-03-09 09:53:53.495 [3414.818828 C0: PE_VDM_Identity_Request_Cbl]
21-03-09 09:53:53.498 [3414.819394 C0: PE_SNK_Ready]
21-03-09 09:53:53.502 [3414.819955 C0: PE_INIT_PORT_VDM_Identity_Request]
21-03-09 09:53:53.508 [3414.821957 Base Gyro ODR: 0 - roundup 0 from config 0 [AP 0]]
21-03-09 09:53:53.511 [3414.827853 C0: PE_SNK_Ready]
21-03-09 09:53:53.533 [3414.869410 Pen charge disable]
21-03-09 09:53:53.638 [3414.974678 disable_adc_irqs_deferred]
21-03-09 09:53:53.642 [3414.975291 power state 3 = S0, in 0x007f]
21-03-09 09:53:53.996 [3415.331995 HC 0x0d]
21-03-09 09:53:53.999 [3415.335506 HC 0xa4]
21-03-09 09:53:54.140 [3415.475447 MKBP not cleared within threshold, toggling.]
21-03-09 09:53:54.328 [3415.663528 HC 0x4b]
21-03-09 09:53:54.328 [3415.664019 HC 0x4b err 4]
21-03-09 09:53:54.431 [3415.767111 HC 0xa0]
21-03-09 09:53:54.501 [3415.836531 HC 0x11f]
21-03-09 09:53:56.164 [3417.501373 MKBP not cleared within threshold, toggling.]
21-03-09 09:53:57.165 [3418.502494 MKBP not cleared within threshold, toggling.]
21-03-09 09:53:59.203 [3420.542696 MKBP not cleared within threshold, toggling.]
21-03-09 09:54:00.204 [3421.543696 MKBP not cleared within threshold, toggling.]
21-03-09 09:54:02.208 [3423.549161 MKBP not cleared within threshold, toggling.]
21-03-09 09:54:03.208 [3424.550005 MKBP not cleared within threshold, toggling.]
21-03-09 09:54:05.215 [3426.557133 MKBP not cleared within threshold, toggling.]
21-03-09 09:54:06.216 [3427.557988 MKBP not cleared within threshold, toggling.]
21-03-09 09:54:08.223 [3429.565136 MKBP not cleared within threshold, toggling.]
21-03-09 09:54:09.224 [3430.565988 MKBP not cleared within threshold, toggling.]
21-03-09 09:54:11.232 [3432.573158 MKBP not cleared within threshold, toggling.]
21-03-09 09:54:12.234 [3433.574254 MKBP not cleared within threshold, toggling.]
21-03-09 09:54:14.241 [3435.581148 MKBP not cleared within threshold, toggling.]
21-03-09 09:54:15.243 [3436.582018 MKBP not cleared within threshold, toggling.]
21-03-09 09:54:17.251 [3438.589140 MKBP not cleared within threshold, toggling.]
21-03-09 09:54:18.252 [3439.589987 MKBP not cleared within threshold, toggling.]
21-03-09 09:54:20.261 [3441.599102 MKBP not cleared within threshold, toggling.]
21-03-09 09:54:21.263 [3442.599957 MKBP not cleared within threshold, toggling.]
21-03-09 09:54:23.270 [3444.606742 MKBP not cleared within threshold, toggling.]
21-03-09 09:54:24.175 [3445.513278 HC 0x0d]
21-03-09 09:54:24.179 [3445.516747 HC 0xa4]
21-03-09 09:54:24.179 +++(++)[3445.607564 MKBP not cleared within threshold, toggling.]
21-03-09 09:54:24.345 [3445.682478 HC 0x0d]
21-03-09 09:54:24.345 [3445.683295 HC 0xa4]
21-03-09 09:54:24.348 [3445.684544 HC 0x67 err 9]
21-03-09 09:54:24.348 +[3445.698512 HC 0x121]
21-03-09 09:54:24.755 [3446.092550 HC 0x02]
21-03-09 09:54:24.837 [3446.174872 HC 0x102]
21-03-09 09:54:24.837 [3446.175554 HC 0x128]
21-03-09 09:54:24.841 [3446.176196 HC 0x12a]
21-03-09 09:54:24.957 [3446.294954 HC 0x11f]
21-03-09 09:54:24.958 [3446.295496 HC 0x11f err 3]
21-03-09 09:54:24.964 +[3446.303125 HC 0x06]
21-03-09 09:54:25.103 [3446.440577 HC 0x11f]
21-03-09 09:54:25.349 [3446.686013 MKBP not cleared within threshold, toggling.]
21-03-09 09:54:26.349 [3447.686841 MKBP not cleared within threshold, toggling.]
21-03-09 09:54:27.402 [3448.737740 HC 0x0b]
21-03-09 09:54:27.406 [3448.743123 HC 0x2d]
21-03-09 09:54:27.449 [3448.787172 HC 0x102]
21-03-09 09:54:27.449 [3448.787858 HC 0x11b]
21-03-09 09:54:27.453 [3448.788698 HC 0xb7]
21-03-09 09:54:27.453 [3448.789175 System unlocked, TCPC I2C tunnels may be unprotected]
21-03-09 09:54:27.698 [3449.036322 KB Clear Buffer]
21-03-09 09:54:27.699 [3449.037359 KB enable]
21-03-09 09:54:27.702 [3449.038085 KB Clear Buffer]
21-03-09 09:54:27.705 [3449.038709 KB scancode set to 1]
21-03-09 09:54:27.708 [3449.039364 KB Clear Buffer]
21-03-09 09:54:27.712 [3449.039946 KB Clear Buffer]
21-03-09 09:54:28.384 [3449.721393 MKBP not cleared within threshold, toggling.]
21-03-09 09:54:29.384 [3450.722233 MKBP not cleared within threshold, toggling.]
21-03-09 09:54:29.624 Port 80 writes:
21-03-09 09:54:29.624   0c 0d 13 15 7f 01 16 22 02 32 14 15 17 18 19 20 21 22 25 3f
21-03-09 09:54:29.630   43 44 4f 23 37 50 5f 40 41 42 47 80 81 82 83 61 63 03 04 05
21-03-09 09:54:29.634   06 07 0f 65 64 0f 6a 71 7f 99 72 24 25 55 73 94 94 74 75 75
21-03-09 09:54:29.640   75 75 75 75 75 75 75 75 75 75 75 75 75 75 75 75 75 75 75 75
21-03-09 09:54:29.647   75 75 75 75 75 75 75 75 75 75 75 75 75 75 75 75 75 75 75 75
21-03-09 09:54:29.651   75 75 75 75 75 75 75 75 76 77 79 9c 93 7a 95 05 25 95 88 01
21-03-09 09:54:29.657   02 03 04 89 fe 7b f8 aa <--new
21-03-09 09:54:29.990 [3451.328169 HC 0x2d]
21-03-09 09:54:29.995 [3451.332236 KS disable]
21-03-09 09:54:29.995 [3451.332659 KB Clear Buffer]
21-03-09 09:54:29.999 [3451.333264 KB disable]
21-03-09 09:54:29.999 [3451.333596 KB Clear Buffer]
21-03-09 09:54:30.260 [3451.597309 HC 0xa4]
21-03-09 09:54:30.260 [3451.598937 HC 0x67 err 9]
21-03-09 09:54:30.265 +[3452.356936 KB Clear Buffer]
21-03-09 09:54:31.020 [3452.357726 KB Clear Buffer]
21-03-09 09:54:31.023 [3452.358597 KB IRQ enable]
21-03-09 09:54:31.027 [3452.359013 KB enable]
21-03-09 09:54:31.032 [3452.359832 KB Clear Buffer]
21-03-09 09:54:31.032 [3452.361464 KS enable]
21-03-09 09:54:31.032 [3452.362202 KB Clear Buffer]
21-03-09 09:54:31.036 [3452.372196 HC 0x0b]
21-03-09 09:54:31.036 [3452.373407 HC 0x400b]
21-03-09 09:54:31.039 [3452.373872 HC 0x400b err 1]
21-03-09 09:54:31.043 [3452.374605 HC 0x08]
21-03-09 09:54:31.043 +[3452.375834 HC 0x8d]
21-03-09 09:54:31.046 [3452.377192 HC 0x0d]
21-03-09 09:54:31.052 [3452.379151 HC 0x102]
21-03-09 09:54:31.052 [3452.380112 HC 0x105]
21-03-09 09:54:31.052 [3452.381721 HC 0xa9]
21-03-09 09:54:31.055 [3452.382842 HC 0x112]
21-03-09 09:54:31.055 [3452.384416 HC 0x28]
21-03-09 09:54:31.060 [3452.384894 HC 0x28 err 1]
21-03-09 09:54:31.062 [3452.385768 HC 0xd3]
21-03-09 09:54:31.062 [3452.386508 HC 0x08]
21-03-09 09:54:31.065 [3452.390579 HC 0x121]
21-03-09 09:54:31.069 [3452.406715 HC 0x102]
21-03-09 09:54:31.069 [3452.407861 HC 0x111]
21-03-09 09:54:31.072 +++(++)[3454.444401 HC 0x112]
21-03-09 09:54:33.107 [3454.445263 HC 0x117]
21-03-09 09:54:33.613 [3454.950296 HC 0x112]
21-03-09 09:54:34.007 Port 80 writes:
21-03-09 09:54:34.007   0d 13 15 7f 01 16 22 02 32 14 15 17 18 19 20 21 22 25 3f 43
21-03-09 09:54:34.013   44 4f 23 37 50 5f 40 41 42 47 80 81 82 83 61 63 03 04 05 06
21-03-09 09:54:34.016   07 0f 65 64 0f 6a 71 7f 99 72 24 25 55 73 94 94 74 75 75 75
21-03-09 09:54:34.022   75 75 75 75 75 75 75 75 75 75 75 75 75 75 75 75 75 75 75 75
21-03-09 09:54:34.029   75 75 75 75 75 75 75 75 75 75 75 75 75 75 75 75 75 75 75 75
21-03-09 09:54:34.032   75 75 75 75 75 75 75 76 77 79 9c 93 7a 95 05 25 95 88 01 02
21-03-09 09:54:34.039   03 04 89 fe 7b f8 aa ab <--new
21-03-09 09:54:34.864 [3456.200795 HC 0x08]
21-03-09 09:54:34.864 +++[3459.315876 HC 0x08]
21-03-09 09:54:37.979 [3459.316716 HC 0x0d]
21-03-09 09:54:37.982 +[3459.317792 HC 0x102]
21-03-09 09:54:37.982 [3459.318874 HC 0x101]
21-03-09 09:54:37.986 [3459.320183 HC 0x133]
21-03-09 09:54:37.989 [3459.321754 HC 0x131]
21-03-09 09:54:37.989 [3459.326108 HC 0x11a]
21-03-09 09:54:39.709 [3461.041613 HC 0x02]
21-03-09 09:54:39.728 [3461.065033 HC 0x0b]
21-03-09 09:54:39.728 [3461.065974 HC 0x05]
21-03-09 09:54:39.805 [3461.142559 HC 0x121]
21-03-09 09:54:39.809 +[3461.433687 HC 0x05]
21-03-09 09:54:40.097 +[3461.435952 HC 0x02]
21-03-09 09:54:40.195 [3461.532428 HC 0x11b]
21-03-09 09:54:40.252 [3461.589234 HC 0x11b]
21-03-09 09:54:40.252 [3461.589766 HC 0x11b err 3]
21-03-09 09:54:41.502 [3462.839126 HC 0x121]
21-03-09 09:54:41.503 +[3463.964894 HC 0x01]
21-03-09 09:54:42.630 [3463.965958 HC 0x0b]
21-03-09 09:54:42.633 [3463.967003 HC 0x02]
21-03-09 09:54:42.633 [3463.969062 HC 0x08]
21-03-09 09:54:42.636 [3463.970180 HC 0x10]
21-03-09 09:54:42.639 +[3463.971878 HC 0x05]
21-03-09 09:54:42.639 [3463.973375 HC 0x18]
21-03-09 09:54:42.642 [3463.973867 HC 0x18 err 1]
21-03-09 09:54:42.645 +[3463.974655 HC 0x18 err 1]
21-03-09 09:54:42.645 +[3463.975638 HC 0x18 err 1]
21-03-09 09:54:42.649 [3463.976294 HC 0x16]
21-03-09 09:54:42.652 +[3463.977938 HC 0x15]
21-03-09 09:54:42.878 [3464.213477 HC 0x02]
21-03-09 09:54:42.878 [3464.214897 HC 0x0b]
21-03-09 09:54:42.882 [3464.215918 HC 0x96]
21-03-09 09:54:43.394 [3464.728656 Battery 96% (Display 100.0 %) / 0h:32 to full]
21-03-09 09:54:43.397 [3464.732038 charge_request(12976mV, 0mA)]
21-03-09 09:54:43.971 [3465.305728 charge_request(12768mV, 0mA)]
21-03-09 09:54:44.547 [3465.881325 charge_request(12704mV, 0mA)]
21-03-09 09:54:45.330 [3466.663743 HC 0x02]
21-03-09 09:54:45.334 [3466.667318 HC 0x0b]
21-03-09 09:54:45.338 [3466.671049 HC 0x70]
21-03-09 09:54:45.338 +[3466.685449 HC 0x02]
21-03-09 09:54:45.364 [3466.695504 HC 0x0b]
21-03-09 09:54:45.694 [3467.027020 charge_request(12696mV, 0mA)]
21-03-09 09:54:46.269 [3467.601717 charge_request(12688mV, 0mA)]
21-03-09 09:54:46.880 [3468.213119 HC 0x05]
21-03-09 09:54:46.880 +[3468.215380 HC 0x02]
21-03-09 09:54:47.176 [3468.508319 HC 0x02]
21-03-09 09:54:47.176 [3468.510697 HC 0x0b]
21-03-09 09:54:47.179 [3468.511765 HC 0x0d]
21-03-09 09:54:47.204 [3468.537107 HC 0x02]
21-03-09 09:54:47.209 [3468.542488 HC 0x0b]
21-03-09 09:54:47.209 [3468.543494 HC 0x70]
21-03-09 09:54:47.213 +[3468.750397 charge_request(12680mV, 0mA)]
21-03-09 09:54:47.989 [3469.320982 charge_request(12688mV, 0mA)]
21-03-09 09:54:48.562 [3469.893741 charge_request(12680mV, 0mA)]
21-03-09 09:54:49.711 [3471.041580 charge_request(12688mV, 0mA)]
21-03-09 09:54:50.859 [3472.189032 charge_request(12672mV, 0mA)]
21-03-09 09:54:51.010 [3472.339221 HC 0x02]
21-03-09 09:54:51.010 [3472.340728 HC 0x0b]
21-03-09 09:54:51.012 [3472.341454 HC 0x0d]
21-03-09 09:54:51.742 [3473.071085 HC 0x121]
21-03-09 09:54:51.742 +[3473.907503 charge_request(12680mV, 0mA)]
21-03-09 09:54:53.151 [3474.480083 charge_request(12664mV, 0mA)]
21-03-09 09:54:54.300 [3475.628502 charge_request(12648mV, 0mA)]
21-03-09 09:54:54.876 [3476.203464 charge_request(12656mV, 0mA)]
21-03-09 09:54:56.022 [3477.348051 charge_request(12712mV, 0mA)]
21-03-09 09:54:56.025 [3477.353867 HC 0x02]
21-03-09 09:54:56.029 [3477.355334 HC 0x0b]
21-03-09 09:54:56.029 [3477.356387 HC 0x0d]
21-03-09 09:54:56.594 [3477.919674 charge_request(12720mV, 0mA)]
21-03-09 09:54:57.741 [3479.066066 charge_request(12712mV, 0mA)]
21-03-09 09:54:58.889 [3480.213703 charge_request(12720mV, 0mA)]
21-03-09 09:54:59.467 [3480.790637 charge_request(12704mV, 0mA)]
21-03-09 09:54:59.904 [3481.226736 HC 0x02]
21-03-09 09:54:59.910 [3481.233594 HC 0x0b]
21-03-09 09:54:59.911 [3481.234531 HC 0x96]
21-03-09 09:55:00.041 [3481.365118 charge_request(12712mV, 0mA)]
21-03-09 09:55:00.622 [3481.945603 Battery 96% (Display 100.0 %) / 5h:13 to empty]
21-03-09 09:55:00.630 [3481.952353 charge_request(13048mV, 3568mA)]
21-03-09 09:55:02.493 [3483.813457 KB Clear Buffer]
21-03-09 09:55:02.493 [3483.814344 KB disable]
21-03-09 09:55:02.495 [3483.814777 KB IRQ disable]
21-03-09 09:55:03.173 [3484.493391 HC 0x0d]
21-03-09 09:55:03.175 [3484.496896 HC 0xa4]
21-03-09 09:55:03.313 [3484.633917 HC 0x0d]
21-03-09 09:55:03.316 [3484.637469 HC 0xa4]
21-03-09 09:55:03.339 [3484.660220 HC 0x11f]
21-03-09 09:55:05.510 [3486.828468 MKBP not cleared within threshold, toggling.]
21-03-09 09:55:06.511 [3487.829312 MKBP not cleared within threshold, toggling.]
21-03-09 09:55:08.535 [3489.853142 MKBP not cleared within threshold, toggling.]
21-03-09 09:55:09.537 [3490.853962 MKBP not cleared within threshold, toggling.]
21-03-09 09:55:11.544 [3492.858585 MKBP not cleared within threshold, toggling.]
21-03-09 09:55:12.545 [3493.859406 MKBP not cleared within threshold, toggling.]
21-03-09 09:55:14.556 [3495.869170 MKBP not cleared within threshold, toggling.]
21-03-09 09:55:15.557 [3496.870007 MKBP not cleared within threshold, toggling.]
21-03-09 09:55:17.566 [3498.877121 MKBP not cleared within threshold, toggling.]
21-03-09 09:55:18.568 [3499.877969 MKBP not cleared within threshold, toggling.]
21-03-09 09:55:20.575 [3501.884022 MKBP not cleared within threshold, toggling.]
21-03-09 09:55:21.577 [3502.885322 MKBP not cleared within threshold, toggling.]
21-03-09 09:55:23.586 [3504.893261 MKBP not cleared within threshold, toggling.]
21-03-09 09:55:24.587 [3505.894105 MKBP not cleared within threshold, toggling.]
21-03-09 09:55:26.596 [3507.901131 MKBP not cleared within threshold, toggling.]
21-03-09 09:55:27.598 [3508.901949 MKBP not cleared within threshold, toggling.]
21-03-09 09:55:29.604 [3510.906743 MKBP not cleared within threshold, toggling.]
21-03-09 09:55:30.605 [3511.907568 MKBP not cleared within threshold, toggling.]
21-03-09 09:55:30.629 [3511.931372 HC 0x0d]
21-03-09 09:55:30.633 [3511.934826 HC 0xa4]
21-03-09 09:55:32.617 [3513.917125 MKBP not cleared within threshold, toggling.]
21-03-09 09:55:32.726 [3514.026812 HC 0xa4]
21-03-09 09:55:32.727 +++(++)[3514.192639 HC 0x0d]
21-03-09 09:55:32.892 [3514.193363 HC 0xa4]
21-03-09 09:55:32.896 [3514.194558 HC 0x67 err 9]
21-03-09 09:55:32.896 +[3514.208593 HC 0x121]
21-03-09 09:55:33.318 [3514.616583 HC 0x02]
21-03-09 09:55:33.399 [3514.698528 HC 0x102]
21-03-09 09:55:33.399 [3514.699211 HC 0x128]
21-03-09 09:55:33.402 [3514.699851 HC 0x12a]
21-03-09 09:55:33.519 [3514.818525 HC 0x11f]
21-03-09 09:55:33.519 [3514.819324 HC 0x11f err 3]
21-03-09 09:55:33.526 +[3514.826942 HC 0x06]
21-03-09 09:55:33.664 [3514.963979 HC 0x11f]
21-03-09 09:55:33.900 [3515.197806 MKBP not cleared within threshold, toggling.]
21-03-09 09:55:34.900 [3516.198981 MKBP not cleared within threshold, toggling.]
21-03-09 09:55:35.966 [3517.262054 HC 0x0b]
21-03-09 09:55:35.969 [3517.267436 HC 0x2d]
21-03-09 09:55:36.065 [3517.362363 HC 0x2d]
21-03-09 09:55:36.181 [3517.479287 power state 3 = S0, in 0x0039]
21-03-09 09:55:36.185 RTC: 0x00000dcb (3531.00 s)
21-03-09 09:55:36.185 [3517.480177 power state 8 = S0->S3, in 0x0039]
21-03-09 09:55:36.191 [3517.481098 PD:S0->S3]
21-03-09 09:55:36.191 RTC: 0x00000dcb (3531.00 s)
21-03-09 09:55:36.195 [3517.481718 power state 2 = S3, in 0x0039]
21-03-09 09:55:36.198 RTC: 0x00000dcb (3531.00 s)
21-03-09 09:55:36.201 [3517.482505 power state 9 = S3->S5, in 0x0039]
21-03-09 09:55:36.205 [3517.483122 HC Suppressed: 0x97=4 0x98=22 0x113=15 0x103=19 0x115=0 0x2b=151 0x67=158]
21-03-09 09:55:36.214 [3517.512724 USB charge p0 m0 i0]
21-03-09 09:55:36.214 [3517.513235 USB charge p1 m0 i0]
21-03-09 09:55:36.218 [3517.514161 PD:S3->S5]
21-03-09 09:55:36.221 [3517.514561 VB hook_shutdown]
21-03-09 09:55:36.224 RTC: 0x00000dcb (3531.00 s)
21-03-09 09:55:36.228 [3517.515199 power state 1 = S5, in 0x0039]
21-03-09 09:55:36.317 [3517.614746 Pen charge disable]
21-03-09 09:55:36.908 [3518.205153 MKBP not cleared within threshold, toggling.]
21-03-09 09:55:37.282 [3518.579269 power state 1 = S5, in 0x003f]
21-03-09 09:55:37.286 RTC: 0x00000dcc (3532.00 s)
21-03-09 09:55:37.286 [3518.580162 power state 6 = S5->S3, in 0x003f]
21-03-09 09:55:37.292 [3518.582126 PD:S5->S3]
21-03-09 09:55:37.292 RTC: 0x00000dcc (3532.00 s)
21-03-09 09:55:37.295 [3518.582754 power state 2 = S3, in 0x003f]
21-03-09 09:55:37.300 RTC: 0x00000dcc (3532.00 s)
21-03-09 09:55:37.302 [3518.583565 power state 7 = S3->S0, in 0x003f]
21-03-09 09:55:37.305 [3518.589027 USB charge p0 m2 i0]
21-03-09 09:55:37.308 [3518.589466 USB charge p1 m2 i0]
21-03-09 09:55:37.311 [3518.592529 PD:S3->S0]
21-03-09 09:55:37.315 RTC: 0x00000dcc (3532.00 s)
21-03-09 09:55:37.318 [3518.593193 power state 3 = S0, in 0x003f]
21-03-09 09:55:37.321 [3518.593818 Lid Accel: MS Done Init type:0x0 range:2]
21-03-09 09:55:37.325 [3518.614887 Base Accel: MS Done Init type:0x0 range:4]
21-03-09 09:55:37.331 [3518.617441 Base Gyro: MS Done Init type:0x1 range:1000]
21-03-09 09:55:37.338 [3518.618633 Lid Accel ODR: 10000 - roundup 1 from config 1 [AP 0]]
21-03-09 09:55:37.341 [3518.627801 C0: PE_VDM_Identity_Request_Cbl]
21-03-09 09:55:37.347 [3518.628372 C0: PE_SNK_Ready]
21-03-09 09:55:37.351 [3518.629084 C0: PE_INIT_PORT_VDM_Identity_Request]
21-03-09 09:55:37.354 [3518.630837 Base Accel ODR: 13000 - roundup 1 from config 1 [AP 0]]
21-03-09 09:55:37.360 [3518.637098 C0: PE_SNK_Ready]
21-03-09 09:55:37.364 [3518.645261 Base Gyro ODR: 0 - roundup 0 from config 0 [AP 0]]
21-03-09 09:55:37.386 [3518.683272 Pen charge disable]
21-03-09 09:55:37.492 [3518.789055 disable_adc_irqs_deferred]
21-03-09 09:55:37.495 [3518.789664 power state 3 = S0, in 0x007f]
21-03-09 09:55:37.847 [3519.143224 HC 0x0d]
21-03-09 09:55:37.850 [3519.147048 HC 0xa4]
21-03-09 09:55:37.909 [3519.205985 MKBP not cleared within threshold, toggling.]
21-03-09 09:55:38.179 [3519.474650 HC 0x4b]
21-03-09 09:55:38.179 [3519.475455 HC 0x4b err 4]
21-03-09 09:55:38.282 [3519.578215 HC 0xa0]
21-03-09 09:55:38.351 [3519.647472 HC 0x11f]
21-03-09 09:55:39.924 [3521.219409 MKBP not cleared within threshold, toggling.]
21-03-09 09:55:40.926 [3522.220253 MKBP not cleared within threshold, toggling.]
21-03-09 09:55:42.933 [3524.227126 MKBP not cleared within threshold, toggling.]
21-03-09 09:55:43.935 [3525.227973 MKBP not cleared within threshold, toggling.]
21-03-09 09:55:45.943 [3527.235349 MKBP not cleared within threshold, toggling.]
21-03-09 09:55:46.945 [3528.236172 MKBP not cleared within threshold, toggling.]
21-03-09 09:55:48.953 [3530.243713 MKBP not cleared within threshold, toggling.]
21-03-09 09:55:49.954 [3531.244555 MKBP not cleared within threshold, toggling.]
21-03-09 09:55:51.962 [3533.251199 MKBP not cleared within threshold, toggling.]
21-03-09 09:55:52.964 [3534.252046 MKBP not cleared within threshold, toggling.]
21-03-09 09:55:54.970 [3536.259391 MKBP not cleared within threshold, toggling.]
21-03-09 09:55:55.971 [3537.260227 MKBP not cleared within threshold, toggling.]
21-03-09 09:55:57.979 [3539.267376 MKBP not cleared within threshold, toggling.]
21-03-09 09:55:58.980 [3540.268234 MKBP not cleared within threshold, toggling.]
21-03-09 09:56:00.988 [3542.275415 MKBP not cleared within threshold, toggling.]
21-03-09 09:56:01.989 [3543.276254 MKBP not cleared within threshold, toggling.]
21-03-09 09:56:04.003 [3545.283389 MKBP not cleared within threshold, toggling.]
21-03-09 09:56:04.998 [3546.284212 MKBP not cleared within threshold, toggling.]
21-03-09 09:56:07.006 [3548.291934 MKBP not cleared within threshold, toggling.]
21-03-09 09:56:07.975 [3549.260340 HC 0x0d]
21-03-09 09:56:07.978 [3549.264120 HC 0xa4]
21-03-09 09:56:07.978 +++(++)[3549.292767 MKBP not cleared within threshold, toggling.]
21-03-09 09:56:08.145 [3549.429992 HC 0x0d]
21-03-09 09:56:08.145 [3549.430718 HC 0xa4]
21-03-09 09:56:08.148 [3549.431915 HC 0x67 err 9]
21-03-09 09:56:08.148 +[3549.445888 HC 0x121]
21-03-09 09:56:08.554 [3549.839892 HC 0x02]
21-03-09 09:56:08.637 [3549.922284 HC 0x102]
21-03-09 09:56:08.637 [3549.922966 HC 0x128]
21-03-09 09:56:08.640 [3549.923607 HC 0x12a]
21-03-09 09:56:08.757 [3550.042363 HC 0x11f]
21-03-09 09:56:08.757 [3550.042905 HC 0x11f err 3]
21-03-09 09:56:08.766 +[3550.050501 HC 0x06]
21-03-09 09:56:08.903 [3550.187899 HC 0x11f]
21-03-09 09:56:09.176 [3550.460732 MKBP not cleared within threshold, toggling.]
21-03-09 09:56:10.176 [3551.461583 MKBP not cleared within threshold, toggling.]
21-03-09 09:56:11.201 [3552.486101 HC 0x0b]
21-03-09 09:56:11.206 [3552.491528 HC 0x2d]
21-03-09 09:56:11.251 [3552.535663 HC 0x102]
21-03-09 09:56:11.251 [3552.536348 HC 0x11b]
21-03-09 09:56:11.254 [3552.537049 HC 0xb7]
21-03-09 09:56:11.254 [3552.537722 System unlocked, TCPC I2C tunnels may be unprotected]
21-03-09 09:56:11.501 [3552.786489 KB Clear Buffer]
21-03-09 09:56:11.501 [3552.787511 KB enable]
21-03-09 09:56:11.504 [3552.787903 KB Clear Buffer]
21-03-09 09:56:11.507 [3552.788484 KB scancode set to 1]
21-03-09 09:56:11.511 [3552.789077 KB Clear Buffer]
21-03-09 09:56:11.514 [3552.789638 KB Clear Buffer]
21-03-09 09:56:12.190 [3553.475862 MKBP not cleared within threshold, toggling.]
21-03-09 09:56:13.191 [3554.476709 MKBP not cleared within threshold, toggling.]
21-03-09 09:56:13.425 Port 80 writes:
21-03-09 09:56:13.426   0c 0d 13 15 7f 01 16 22 02 32 14 15 17 18 19 20 21 22 25 3f
21-03-09 09:56:13.432   43 44 4f 23 37 50 5f 40 41 42 47 80 81 82 83 61 63 03 04 05
21-03-09 09:56:13.435   06 07 0f 65 64 0f 6a 71 7f 99 72 24 25 55 73 94 94 74 75 75
21-03-09 09:56:13.441   75 75 75 75 75 75 75 75 75 75 75 75 75 75 75 75 75 75 75 75
21-03-09 09:56:13.448   75 75 75 75 75 75 75 75 75 75 75 75 75 75 75 75 75 75 75 75
21-03-09 09:56:13.451   75 75 75 75 75 75 75 75 76 77 79 9c 93 7a 95 05 25 95 88 01
21-03-09 09:56:13.458   02 03 04 89 fe 7b f8 aa <--new
21-03-09 09:56:13.792 [3555.077502 HC 0x2d]
21-03-09 09:56:13.796 [3555.081590 KS disable]
21-03-09 09:56:13.796 [3555.082015 KB Clear Buffer]
21-03-09 09:56:13.800 [3555.082924 KB disable]
21-03-09 09:56:13.800 [3555.083277 KB Clear Buffer]
21-03-09 09:56:14.064 [3555.348805 HC 0xa4]
21-03-09 09:56:14.064 [3555.350180 HC 0x67 err 9]
21-03-09 09:56:14.067 +[3556.103496 KB Clear Buffer]
21-03-09 09:56:14.819 [3556.104211 KB Clear Buffer]
21-03-09 09:56:14.822 [3556.105477 KB IRQ enable]
21-03-09 09:56:14.825 [3556.105893 KB enable]
21-03-09 09:56:14.828 [3556.106791 KB Clear Buffer]
21-03-09 09:56:14.828 [3556.108315 KS enable]
21-03-09 09:56:14.833 [3556.108697 KB Clear Buffer]
21-03-09 09:56:14.834 [3556.117026 HC 0x0b]
21-03-09 09:56:14.838 [3556.117777 HC 0x400b]
21-03-09 09:56:14.838 [3556.118243 HC 0x400b err 1]
21-03-09 09:56:14.842 [3556.118999 HC 0x08]
21-03-09 09:56:14.842 +[3556.120437 HC 0x8d]
21-03-09 09:56:14.845 [3556.122071 HC 0x0d]
21-03-09 09:56:14.845 [3556.123733 HC 0x102]
21-03-09 09:56:14.855 [3556.124539 HC 0x105]
21-03-09 09:56:14.855 [3556.126058 HC 0xa9]
21-03-09 09:56:14.855 [3556.126992 HC 0x112]
21-03-09 09:56:14.855 [3556.128478 HC 0x28]
21-03-09 09:56:14.860 [3556.129019 HC 0x28 err 1]
21-03-09 09:56:14.860 [3556.129765 HC 0xd3]
21-03-09 09:56:14.862 [3556.131729 HC 0x08]
21-03-09 09:56:14.865 [3556.135236 HC 0x121]
21-03-09 09:56:14.865 [3556.146553 HC 0x102]
21-03-09 09:56:14.869 [3556.147713 HC 0x111]
21-03-09 09:56:14.869 +++(++)[3558.195189 HC 0x112]
21-03-09 09:56:16.911 [3558.196390 HC 0x117]
21-03-09 09:56:17.416 [3558.700616 HC 0x112]
21-03-09 09:56:17.808 Port 80 writes:
21-03-09 09:56:17.808   0d 13 15 7f 01 16 22 02 32 14 15 17 18 19 20 21 22 25 3f 43
21-03-09 09:56:17.815   44 4f 23 37 50 5f 40 41 42 47 80 81 82 83 61 63 03 04 05 06
21-03-09 09:56:17.818   07 0f 65 64 0f 6a 71 7f 99 72 24 25 55 73 94 94 74 75 75 75
21-03-09 09:56:17.825   75 75 75 75 75 75 75 75 75 75 75 75 75 75 75 75 75 75 75 75
21-03-09 09:56:17.831   75 75 75 75 75 75 75 75 75 75 75 75 75 75 75 75 75 75 75 75
21-03-09 09:56:17.834   75 75 75 75 75 75 75 76 77 79 9c 93 7a 95 05 25 95 88 01 02
21-03-09 09:56:17.841   03 04 89 fe 7b f8 aa ab <--new
21-03-09 09:56:18.613 [3559.897547 HC 0x08]
21-03-09 09:56:18.613 +++[3563.273541 HC 0x08]
21-03-09 09:56:21.989 [3563.274387 HC 0x0d]
21-03-09 09:56:21.993 +[3563.277899 HC 0x102]
21-03-09 09:56:22.005 [3563.288768 HC 0x101]
21-03-09 09:56:22.005 [3563.291202 HC 0x133]
21-03-09 09:56:22.008 [3563.293704 HC 0x131]
21-03-09 09:56:22.017 [3563.302121 HC 0x11a]
21-03-09 09:56:23.504 [3564.788727 HC 0x02]
21-03-09 09:56:23.508 [3564.792222 HC 0x0b]
21-03-09 09:56:23.516 [3564.800224 HC 0x05]
21-03-09 09:56:23.570 [3564.855620 HC 0x121]
21-03-09 09:56:23.580 +[3565.246638 HC 0x05]
21-03-09 09:56:23.974 +[3565.262462 HC 0x02]
21-03-09 09:56:24.137 [3565.422136 HC 0x11b]
21-03-09 09:56:24.175 +[3565.460737 HC 0x11b err 3]
21-03-09 09:56:24.372 [3565.656598 HC 0x01]
21-03-09 09:56:24.372 [3565.657506 HC 0x0b]
21-03-09 09:56:24.376 [3565.659056 HC 0x02]
21-03-09 09:56:24.376 [3565.660369 HC 0x08]
21-03-09 09:56:24.379 [3565.661266 HC 0x10]
21-03-09 09:56:24.382 +[3565.662568 HC 0x05]
21-03-09 09:56:24.382 [3565.663825 HC 0x18]
21-03-09 09:56:24.386 [3565.664303 HC 0x18 err 1]
21-03-09 09:56:24.386 +[3565.665102 HC 0x18 err 1]
21-03-09 09:56:24.388 +[3565.666817 HC 0x18 err 1]
21-03-09 09:56:24.391 [3565.667443 HC 0x16]
21-03-09 09:56:24.395 +[3565.669014 HC 0x15]
21-03-09 09:56:25.305 [3566.589775 HC 0x121]
21-03-09 09:56:25.305 +[3568.091834 HC 0x02]
21-03-09 09:56:26.808 [3568.093669 HC 0x0b]
21-03-09 09:56:26.811 [3568.094391 HC 0x96]
21-03-09 09:56:27.245 [3568.529650 charge_request(12984mV, 0mA)]
21-03-09 09:56:27.823 [3569.107798 Battery 96% (Display 100.0 %) / 0h:31 to full]
21-03-09 09:56:27.826 [3569.110848 charge_request(12792mV, 0mA)]
21-03-09 09:56:28.399 [3569.683874 charge_request(12720mV, 0mA)]
21-03-09 09:56:28.972 [3570.256580 charge_request(12712mV, 0mA)]
21-03-09 09:56:29.463 [3570.746757 HC 0x02]
21-03-09 09:56:29.463 [3570.749120 HC 0x0b]
21-03-09 09:56:29.466 [3570.752914 HC 0x70]
21-03-09 09:56:29.469 +[3570.768013 HC 0x02]
21-03-09 09:56:29.494 [3570.779254 HC 0x0b]
21-03-09 09:56:29.544 [3570.828679 charge_request(12704mV, 0mA)]
21-03-09 09:56:30.478 [3571.761458 HC 0x05]
21-03-09 09:56:30.478 +[3571.764354 HC 0x02]
21-03-09 09:56:30.707 [3571.990896 HC 0x02]
21-03-09 09:56:30.710 [3571.994571 HC 0x0b]
21-03-09 09:56:30.710 [3571.995958 HC 0x0d]
21-03-09 09:56:30.732 [3572.016347 HC 0x02]
21-03-09 09:56:30.732 [3572.018964 HC 0x0b]
21-03-09 09:56:30.736 [3572.020438 HC 0x70]
21-03-09 09:56:30.739 +[3572.548957 charge_request(12696mV, 0mA)]
21-03-09 09:56:33.555 [3574.837858 charge_request(12704mV, 0mA)]
21-03-09 09:56:34.128 [3575.411083 charge_request(12680mV, 0mA)]
21-03-09 09:56:34.704 [3575.986809 charge_request(12688mV, 0mA)]
21-03-09 09:56:34.999 [3576.281672 HC 0x02]
21-03-09 09:56:34.999 [3576.283576 HC 0x0b]
21-03-09 09:56:35.002 [3576.284393 HC 0x0d]
21-03-09 09:56:35.552 [3576.833839 HC 0x121]
21-03-09 09:56:35.552 +[3577.707538 charge_request(12696mV, 0mA)]
21-03-09 09:56:36.997 [3578.279764 charge_request(12688mV, 0mA)]
21-03-09 09:56:37.570 [3578.852681 charge_request(12680mV, 0mA)]
21-03-09 09:56:38.145 [3579.427668 charge_request(12664mV, 0mA)]
21-03-09 09:56:38.718 [3580.000412 charge_request(12672mV, 0mA)]
21-03-09 09:56:39.868 [3581.150844 charge_request(12712mV, 0mA)]
21-03-09 09:56:39.970 [3581.252217 HC 0x02]
21-03-09 09:56:39.970 [3581.253792 HC 0x0b]
21-03-09 09:56:39.973 [3581.254509 HC 0x0d]
21-03-09 09:56:40.443 [3581.725899 charge_request(12736mV, 0mA)]
21-03-09 09:56:41.018 [3582.299735 charge_request(12728mV, 0mA)]
21-03-09 09:56:41.591 [3582.872574 charge_request(12736mV, 0mA)]
21-03-09 09:56:42.739 [3584.020358 charge_request(12728mV, 0mA)]
21-03-09 09:56:43.313 [3584.593834 charge_request(12680mV, 0mA)]
21-03-09 09:56:43.876 [3585.155295 HC 0x02]
21-03-09 09:56:43.883 [3585.162694 HC 0x0b]
21-03-09 09:56:43.883 [3585.163593 HC 0x96]
21-03-09 09:56:43.886 [3585.168473 charge_request(12728mV, 0mA)]
21-03-09 09:56:44.467 [3585.746369 Battery 96% (Display 100.0 %) / 5h:3 to empty]
21-03-09 09:56:44.472 [3585.749405 charge_request(13048mV, 3568mA)]
21-03-09 09:56:47.502 [3588.779187 KB Clear Buffer]
21-03-09 09:56:47.502 [3588.780139 KB disable]
21-03-09 09:56:47.506 [3588.780571 KB IRQ disable]
21-03-09 09:56:48.183 [3589.459653 HC 0x0d]
21-03-09 09:56:48.186 [3589.463217 HC 0xa4]
21-03-09 09:56:48.324 [3589.600343 HC 0x0d]
21-03-09 09:56:48.328 [3589.603884 HC 0xa4]
21-03-09 09:56:48.350 [3589.626287 HC 0x11f]
21-03-09 09:56:49.229 [3590.504559 MKBP not cleared within threshold, toggling.]
21-03-09 09:56:50.231 [3591.505723 MKBP not cleared within threshold, toggling.]
21-03-09 09:56:52.265 [3593.538961 MKBP not cleared within threshold, toggling.]
21-03-09 09:56:53.266 [3594.539815 MKBP not cleared within threshold, toggling.]
21-03-09 09:56:55.276 [3596.547645 MKBP not cleared within threshold, toggling.]
21-03-09 09:56:56.277 [3597.548489 MKBP not cleared within threshold, toggling.]
21-03-09 09:56:58.286 [3599.555371 MKBP not cleared within threshold, toggling.]
21-03-09 09:56:59.288 [3600.556544 MKBP not cleared within threshold, toggling.]
21-03-09 09:57:01.291 [3602.558761 MKBP not cleared within threshold, toggling.]
21-03-09 09:57:02.293 [3603.559603 MKBP not cleared within threshold, toggling.]
21-03-09 09:57:04.307 [3605.571379 MKBP not cleared within threshold, toggling.]
21-03-09 09:57:05.308 [3606.572221 MKBP not cleared within threshold, toggling.]
21-03-09 09:57:07.317 [3608.579815 MKBP not cleared within threshold, toggling.]
21-03-09 09:57:08.319 [3609.580706 MKBP not cleared within threshold, toggling.]
21-03-09 09:57:10.327 [3611.587451 MKBP not cleared within threshold, toggling.]
21-03-09 09:57:11.329 [3612.588291 MKBP not cleared within threshold, toggling.]
21-03-09 09:57:13.338 [3614.595388 MKBP not cleared within threshold, toggling.]
21-03-09 09:57:14.339 [3615.596551 MKBP not cleared within threshold, toggling.]
21-03-09 09:57:16.129 [3617.385219 HC 0x0d]
21-03-09 09:57:16.133 [3617.388686 HC 0xa4]
21-03-09 09:57:16.349 [3617.604347 MKBP not cleared within threshold, toggling.]
21-03-09 09:57:17.350 [3618.605506 MKBP not cleared within threshold, toggling.]
21-03-09 09:57:18.227 [3619.481527 HC 0xa4]
21-03-09 09:57:18.227 +++(++)[3619.647496 HC 0x0d]
21-03-09 09:57:18.394 [3619.648218 HC 0xa4]
21-03-09 09:57:18.398 [3619.649414 HC 0x67 err 9]
21-03-09 09:57:18.398 +[3619.663678 HC 0x121]
21-03-09 09:57:18.819 [3620.071667 HC 0x02]
21-03-09 09:57:18.900 [3620.153536 HC 0x102]
21-03-09 09:57:18.900 [3620.154268 HC 0x128]
21-03-09 09:57:18.904 [3620.154909 HC 0x12a]
21-03-09 09:57:19.021 [3620.273864 HC 0x11f]
21-03-09 09:57:19.021 [3620.274406 HC 0x11f err 3]
21-03-09 09:57:19.027 +[3620.282289 HC 0x06]
21-03-09 09:57:19.165 [3620.419314 HC 0x11f]
21-03-09 09:57:19.424 [3620.676529 MKBP not cleared within threshold, toggling.]
21-03-09 09:57:20.427 [3621.677680 MKBP not cleared within threshold, toggling.]
21-03-09 09:57:21.462 [3622.711979 HC 0x0b]
21-03-09 09:57:21.466 [3622.717357 HC 0x2d]
21-03-09 09:57:21.561 [3622.812221 HC 0x2d]
21-03-09 09:57:21.677 [3622.929264 power state 3 = S0, in 0x0039]
21-03-09 09:57:21.681 RTC: 0x00000e34 (3636.00 s)
21-03-09 09:57:21.681 [3622.930458 power state 8 = S0->S3, in 0x0039]
21-03-09 09:57:21.688 [3622.931401 PD:S0->S3]
21-03-09 09:57:21.688 RTC: 0x00000e34 (3636.00 s)
21-03-09 09:57:21.691 [3622.932021 power state 2 = S3, in 0x0039]
21-03-09 09:57:21.695 RTC: 0x00000e34 (3636.00 s)
21-03-09 09:57:21.698 [3622.932800 power state 9 = S3->S5, in 0x0039]
21-03-09 09:57:21.701 [3622.933366 HC Suppressed: 0x97=4 0x98=22 0x113=17 0x103=22 0x115=0 0x2b=151 0x67=165]
21-03-09 09:57:21.711 [3622.963014 USB charge p0 m0 i0]
21-03-09 09:57:21.714 [3622.963526 USB charge p1 m0 i0]
21-03-09 09:57:21.717 [3622.964453 PD:S3->S5]
21-03-09 09:57:21.717 [3622.964852 VB hook_shutdown]
21-03-09 09:57:21.720 RTC: 0x00000e34 (3636.00 s)
21-03-09 09:57:21.723 [3622.965488 power state 1 = S5, in 0x0039]
21-03-09 09:57:21.813 [3623.065035 Pen charge disable]
21-03-09 09:57:22.433 [3623.683687 MKBP not cleared within threshold, toggling.]
21-03-09 09:57:22.747 [3623.998618 power state 1 = S5, in 0x003f]
21-03-09 09:57:22.751 RTC: 0x00000e35 (3637.00 s)
21-03-09 09:57:22.751 [3623.999510 power state 6 = S5->S3, in 0x003f]
21-03-09 09:57:22.758 [3624.001221 PD:S5->S3]
21-03-09 09:57:22.758 RTC: 0x00000e35 (3637.00 s)
21-03-09 09:57:22.761 [3624.001960 power state 2 = S3, in 0x003f]
21-03-09 09:57:22.764 RTC: 0x00000e35 (3637.00 s)
21-03-09 09:57:22.767 [3624.002763 power state 7 = S3->S0, in 0x003f]
21-03-09 09:57:22.771 [3624.008208 USB charge p0 m2 i0]
21-03-09 09:57:22.774 [3624.008647 USB charge p1 m2 i0]
21-03-09 09:57:22.777 [3624.011742 PD:S3->S0]
21-03-09 09:57:22.781 RTC: 0x00000e36 (3638.00 s)
21-03-09 09:57:22.784 [3624.012405 power state 3 = S0, in 0x003f]
21-03-09 09:57:22.787 [3624.013032 Lid Accel: MS Done Init type:0x0 range:2]
21-03-09 09:57:22.790 [3624.034102 Base Accel: MS Done Init type:0x0 range:4]
21-03-09 09:57:22.797 [3624.036657 Base Gyro: MS Done Init type:0x1 range:1000]
21-03-09 09:57:22.803 [3624.037848 Lid Accel ODR: 10000 - roundup 1 from config 1 [AP 0]]
21-03-09 09:57:22.806 [3624.047889 Base Accel ODR: 13000 - roundup 1 from config 1 [AP 0]]
21-03-09 09:57:22.813 [3624.052280 C0: PE_VDM_Identity_Request_Cbl]
21-03-09 09:57:22.816 [3624.052847 C0: PE_SNK_Ready]
21-03-09 09:57:22.820 [3624.053408 C0: PE_INIT_PORT_VDM_Identity_Request]
21-03-09 09:57:22.826 [3624.055411 Base Gyro ODR: 0 - roundup 0 from config 0 [AP 0]]
21-03-09 09:57:22.830 [3624.061278 C0: PE_SNK_Ready]
21-03-09 09:57:22.851 [3624.102456 Pen charge disable]
21-03-09 09:57:22.957 [3624.208263 disable_adc_irqs_deferred]
21-03-09 09:57:22.961 [3624.208873 power state 3 = S0, in 0x007f]
21-03-09 09:57:23.315 [3624.565175 HC 0x0d]
21-03-09 09:57:23.319 [3624.568689 HC 0xa4]
21-03-09 09:57:23.434 [3624.684547 MKBP not cleared within threshold, toggling.]
21-03-09 09:57:23.647 [3624.896327 HC 0x4b]
21-03-09 09:57:23.647 [3624.896817 HC 0x4b err 4]
21-03-09 09:57:23.749 [3624.999193 HC 0xa0]
21-03-09 09:57:23.818 [3625.068517 HC 0x11f]
21-03-09 09:57:25.441 [3626.690205 MKBP not cleared within threshold, toggling.]
21-03-09 09:57:26.443 [3627.691046 MKBP not cleared within threshold, toggling.]
21-03-09 09:57:28.400 [3629.647127 Battery 97% (Display 100.0 %) / 0h:29 to full]
21-03-09 09:57:28.463 [3629.710632 MKBP not cleared within threshold, toggling.]
21-03-09 09:57:29.465 [3630.712287 MKBP not cleared within threshold, toggling.]
21-03-09 09:57:31.470 [3632.715372 MKBP not cleared within threshold, toggling.]
21-03-09 09:57:32.471 [3633.716206 MKBP not cleared within threshold, toggling.]
21-03-09 09:57:34.482 [3635.726637 MKBP not cleared within threshold, toggling.]
21-03-09 09:57:35.483 [3636.727496 MKBP not cleared within threshold, toggling.]
21-03-09 09:57:37.491 [3638.734878 MKBP not cleared within threshold, toggling.]
21-03-09 09:57:38.493 [3639.735955 MKBP not cleared within threshold, toggling.]
21-03-09 09:57:40.499 [3641.742616 MKBP not cleared within threshold, toggling.]
21-03-09 09:57:41.501 [3642.743451 MKBP not cleared within threshold, toggling.]
21-03-09 09:57:43.508 [3644.750603 MKBP not cleared within threshold, toggling.]
21-03-09 09:57:44.509 [3645.751443 MKBP not cleared within threshold, toggling.]
21-03-09 09:57:46.518 [3647.758976 MKBP not cleared within threshold, toggling.]
21-03-09 09:57:47.518 [3648.759509 MKBP not cleared within threshold, toggling.]
21-03-09 09:57:49.525 [3650.766603 MKBP not cleared within threshold, toggling.]
21-03-09 09:57:50.526 [3651.767449 MKBP not cleared within threshold, toggling.]
21-03-09 09:57:52.533 [3653.774633 MKBP not cleared within threshold, toggling.]
21-03-09 09:57:53.458 [3654.698198 HC 0x0d]
21-03-09 09:57:53.459 [3654.701662 HC 0xa4]
21-03-09 09:57:53.459 +++(++)[3654.775472 MKBP not cleared within threshold, toggling.]
21-03-09 09:57:53.625 [3654.867315 HC 0x0d]
21-03-09 09:57:53.625 [3654.868041 HC 0xa4]
21-03-09 09:57:53.629 [3654.869519 HC 0x67 err 9]
21-03-09 09:57:53.629 +[3654.883507 HC 0x121]
21-03-09 09:57:54.035 [3655.277361 HC 0x02]
21-03-09 09:57:54.117 [3655.359294 HC 0x102]
21-03-09 09:57:54.117 [3655.359976 HC 0x128]
21-03-09 09:57:54.121 [3655.360617 HC 0x12a]
21-03-09 09:57:54.237 [3655.479339 HC 0x11f]
21-03-09 09:57:54.237 [3655.479881 HC 0x11f err 3]
21-03-09 09:57:54.244 +[3655.487816 HC 0x06]
21-03-09 09:57:54.382 [3655.624842 HC 0x11f]
21-03-09 09:57:54.644 [3655.886593 MKBP not cleared within threshold, toggling.]
21-03-09 09:57:55.646 [3656.887622 MKBP not cleared within threshold, toggling.]
21-03-09 09:57:56.685 [3657.925758 HC 0x0b]
21-03-09 09:57:56.688 [3657.931139 HC 0x2d]
21-03-09 09:57:56.732 [3657.975084 HC 0x102]
21-03-09 09:57:56.732 [3657.975769 HC 0x11b]
21-03-09 09:57:56.736 [3657.976471 HC 0xb7]
21-03-09 09:57:56.736 [3657.976899 System unlocked, TCPC I2C tunnels may be unprotected]
21-03-09 09:57:56.982 [3658.224728 KB Clear Buffer]
21-03-09 09:57:56.982 [3658.225752 KB enable]
21-03-09 09:57:56.985 [3658.226467 KB Clear Buffer]
21-03-09 09:57:56.988 [3658.227102 KB scancode set to 1]
21-03-09 09:57:56.991 [3658.227700 KB Clear Buffer]
21-03-09 09:57:56.995 [3658.228259 KB Clear Buffer]
21-03-09 09:57:57.652 [3658.894898 MKBP not cleared within threshold, toggling.]
21-03-09 09:57:58.654 [3659.896917 MKBP not cleared within threshold, toggling.]
21-03-09 09:57:58.903 Port 80 writes:
21-03-09 09:57:58.903   0c 0d 13 15 7f 01 16 22 02 32 14 15 17 18 19 20 21 22 25 3f
21-03-09 09:57:58.909   43 44 4f 23 37 50 5f 40 41 42 47 80 81 82 83 61 63 03 04 05
21-03-09 09:57:58.912   06 07 0f 65 64 0f 6a 71 7f 99 72 24 25 55 73 94 94 74 75 75
21-03-09 09:57:58.919   75 75 75 75 75 75 75 75 75 75 75 75 75 75 75 75 75 75 75 75
21-03-09 09:57:58.926   75 75 75 75 75 75 75 75 75 75 75 75 75 75 75 75 75 75 75 75
21-03-09 09:57:58.932   75 75 75 75 75 75 75 75 76 77 79 9c 93 7a 95 05 25 95 88 01
21-03-09 09:57:58.939   02 03 04 89 fe 7b f8 aa <--new
21-03-09 09:57:59.273 [3660.516815 HC 0x2d]
21-03-09 09:57:59.278 [3660.520892 KS disable]
21-03-09 09:57:59.278 [3660.521317 KB Clear Buffer]
21-03-09 09:57:59.284 [3660.521851 KB disable]
21-03-09 09:57:59.284 [3660.522178 KB Clear Buffer]
21-03-09 09:57:59.546 [3660.789459 HC 0xa4]
21-03-09 09:57:59.546 [3660.790745 HC 0x67 err 9]
21-03-09 09:57:59.549 +[3661.542404 KB Clear Buffer]
21-03-09 09:58:00.299 [3661.543108 KB Clear Buffer]
21-03-09 09:58:00.303 [3661.543997 KB IRQ enable]
21-03-09 09:58:00.306 [3661.544413 KB enable]
21-03-09 09:58:00.309 [3661.545286 KB Clear Buffer]
21-03-09 09:58:00.309 [3661.547190 KS enable]
21-03-09 09:58:00.312 [3661.547504 KB Clear Buffer]
21-03-09 09:58:00.316 [3661.555517 HC 0x0b]
21-03-09 09:58:00.316 [3661.556269 HC 0x400b]
21-03-09 09:58:00.319 [3661.557054 HC 0x400b err 1]
21-03-09 09:58:00.322 [3661.557879 HC 0x08]
21-03-09 09:58:00.322 +[3661.559043 HC 0x8d]
21-03-09 09:58:00.334 [3661.559849 HC 0x0d]
21-03-09 09:58:00.334 [3661.561792 HC 0x102]
21-03-09 09:58:00.334 [3661.562724 HC 0x105]
21-03-09 09:58:00.334 [3661.563988 HC 0xa9]
21-03-09 09:58:00.334 [3661.564863 HC 0x112]
21-03-09 09:58:00.337 [3661.566155 HC 0x28]
21-03-09 09:58:00.337 [3661.566633 HC 0x28 err 1]
21-03-09 09:58:00.340 [3661.567590 HC 0xd3]
21-03-09 09:58:00.343 [3661.568253 HC 0x08]
21-03-09 09:58:00.343 [3661.572259 HC 0x121]
21-03-09 09:58:00.347 [3661.586720 HC 0x102]
21-03-09 09:58:00.347 [3661.587513 HC 0x111]
21-03-09 09:58:00.350 +++(++)[3663.634202 HC 0x112]
21-03-09 09:58:02.392 [3663.635192 HC 0x117]
21-03-09 09:58:02.898 [3664.139503 HC 0x112]
21-03-09 09:58:03.290 Port 80 writes:
21-03-09 09:58:03.290   0d 13 15 7f 01 16 22 02 32 14 15 17 18 19 20 21 22 25 3f 43
21-03-09 09:58:03.297   44 4f 23 37 50 5f 40 41 42 47 80 81 82 83 61 63 03 04 05 06
21-03-09 09:58:03.300   07 0f 65 64 0f 6a 71 7f 99 72 24 25 55 73 94 94 74 75 75 75
21-03-09 09:58:03.307   75 75 75 75 75 75 75 75 75 75 75 75 75 75 75 75 75 75 75 75
21-03-09 09:58:03.313   75 75 75 75 75 75 75 75 75 75 75 75 75 75 75 75 75 75 75 75
21-03-09 09:58:03.316   75 75 75 75 75 75 75 76 77 79 9c 93 7a 95 05 25 95 88 01 02
21-03-09 09:58:03.323   03 04 89 fe 7b f8 aa ab <--new
21-03-09 09:58:04.108 [3665.349156 HC 0x08]
21-03-09 09:58:04.114 +++[3668.561841 HC 0x08]
21-03-09 09:58:07.321 [3668.563744 HC 0x0d]
21-03-09 09:58:07.324 +[3668.568341 HC 0x102]
21-03-09 09:58:07.327 [3668.569246 HC 0x101]
21-03-09 09:58:07.330 [3668.571160 HC 0x133]
21-03-09 09:58:07.339 [3668.579817 HC 0x131]
21-03-09 09:58:07.343 [3668.584345 HC 0x11a]
21-03-09 09:58:08.980 [3670.219839 HC 0x02]
21-03-09 09:58:08.987 [3670.226664 HC 0x0b]
21-03-09 09:58:09.019 [3670.259261 HC 0x05]
21-03-09 09:58:09.234 [3670.474521 HC 0x121]
21-03-09 09:58:09.234 +[3670.569194 HC 0x05]
21-03-09 09:58:09.331 +[3670.575877 HC 0x02]
21-03-09 09:58:09.461 [3670.701800 HC 0x11b]
21-03-09 09:58:09.503 +[3670.744168 HC 0x11b err 3]
21-03-09 09:58:10.789 [3672.028683 HC 0x121]
21-03-09 09:58:10.789 +[3673.460379 HC 0x01]
21-03-09 09:58:12.224 [3673.462399 HC 0x0b]
21-03-09 09:58:12.226 [3673.463139 HC 0x02]
21-03-09 09:58:12.226 [3673.465097 HC 0x08]
21-03-09 09:58:12.232 [3673.470349 HC 0x10]
21-03-09 09:58:12.232 +[3673.471913 HC 0x05]
21-03-09 09:58:12.236 [3673.473266 HC 0x18]
21-03-09 09:58:12.236 [3673.473747 HC 0x18 err 1]
21-03-09 09:58:12.239 +[3673.474874 HC 0x18 err 1]
21-03-09 09:58:12.242 +[3673.475719 HC 0x18 err 1]
21-03-09 09:58:12.245 [3673.476441 HC 0x16]
21-03-09 09:58:12.245 +[3673.478045 HC 0x15]
21-03-09 09:58:12.514 [3673.751965 HC 0x02]
21-03-09 09:58:12.520 [3673.757541 HC 0x0b]
21-03-09 09:58:12.520 [3673.758490 HC 0x96]
21-03-09 09:58:12.682 [3673.920590 charge_request(12984mV, 0mA)]
21-03-09 09:58:13.261 [3674.498147 Battery 97% (Display 100.0 %) / 0h:30 to full]
21-03-09 09:58:13.838 [3675.074370 charge_request(12752mV, 0mA)]
21-03-09 09:58:14.410 [3675.646162 charge_request(12736mV, 0mA)]
21-03-09 09:58:14.698 [3675.933868 HC 0x02]
21-03-09 09:58:14.698 [3675.935504 HC 0x0b]
21-03-09 09:58:14.711 [3675.947467 HC 0x70]
21-03-09 09:58:14.711 +[3675.962166 HC 0x02]
21-03-09 09:58:14.726 [3675.964481 HC 0x0b]
21-03-09 09:58:14.987 [3676.222131 charge_request(12728mV, 0mA)]
21-03-09 09:58:15.560 [3676.795693 charge_request(12720mV, 0mA)]
21-03-09 09:58:16.707 [3677.939770 charge_request(12712mV, 0mA)]
21-03-09 09:58:16.909 [3678.142959 HC 0x05]
21-03-09 09:58:16.909 +[3678.146528 HC 0x02]
21-03-09 09:58:17.166 [3678.400328 HC 0x02]
21-03-09 09:58:17.167 [3678.401939 HC 0x0b]
21-03-09 09:58:17.170 [3678.403134 HC 0x0d]
21-03-09 09:58:17.193 [3678.427065 HC 0x02]
21-03-09 09:58:17.196 [3678.431073 HC 0x0b]
21-03-09 09:58:17.196 [3678.432133 HC 0x70]
21-03-09 09:58:17.200 +[3681.379433 charge_request(12720mV, 0mA)]
21-03-09 09:58:20.723 [3681.954465 charge_request(12696mV, 0mA)]
21-03-09 09:58:21.027 [3682.257278 HC 0x121]
21-03-09 09:58:21.027 +[3682.494620 HC 0x02]
21-03-09 09:58:21.265 [3682.496998 HC 0x0b]
21-03-09 09:58:21.268 [3682.497921 HC 0x0d]
21-03-09 09:58:21.296 [3682.526514 charge_request(12704mV, 0mA)]
21-03-09 09:58:21.873 [3683.102790 charge_request(12712mV, 0mA)]
21-03-09 09:58:22.446 [3683.675552 charge_request(12704mV, 0mA)]
21-03-09 09:58:23.597 [3684.824840 charge_request(12696mV, 0mA)]
21-03-09 09:58:24.169 [3685.397426 charge_request(12688mV, 0mA)]
21-03-09 09:58:25.320 [3686.546748 charge_request(12696mV, 0mA)]
21-03-09 09:58:25.894 [3687.120422 charge_request(12744mV, 0mA)]
21-03-09 09:58:26.260 [3687.486076 HC 0x02]
21-03-09 09:58:26.260 [3687.487904 HC 0x0b]
21-03-09 09:58:26.264 [3687.488617 HC 0x0d]
21-03-09 09:58:26.468 [3687.694673 charge_request(12712mV, 0mA)]
21-03-09 09:58:27.043 [3688.268279 charge_request(12744mV, 0mA)]
21-03-09 09:58:28.765 [3689.989072 charge_request(12728mV, 0mA)]
21-03-09 09:58:29.340 [3690.564083 charge_request(12744mV, 0mA)]
21-03-09 09:58:30.108 [3691.330455 HC 0x02]
21-03-09 09:58:30.113 [3691.336076 HC 0x0b]
21-03-09 09:58:30.113 [3691.337011 HC 0x96]
21-03-09 09:58:30.489 [3691.711680 charge_request(12728mV, 0mA)]
21-03-09 09:58:31.067 [3692.289872 Battery 97% (Display 100.0 %) / 4h:43 to empty]
21-03-09 09:58:31.071 [3692.293207 charge_request(13048mV, 3568mA)]
21-03-09 09:58:33.671 [3694.890899 KB Clear Buffer]
21-03-09 09:58:33.671 [3694.891825 KB disable]
21-03-09 09:58:33.673 [3694.892257 KB IRQ disable]
21-03-09 09:58:34.354 [3695.574069 HC 0x0d]
21-03-09 09:58:34.357 [3695.577578 HC 0xa4]
21-03-09 09:58:34.494 [3695.714358 HC 0x0d]
21-03-09 09:58:34.498 [3695.717903 HC 0xa4]
21-03-09 09:58:34.520 [3695.740258 HC 0x11f]
21-03-09 09:58:38.969 [3700.184431 MKBP not cleared within threshold, toggling.]
21-03-09 09:58:39.970 [3701.185254 MKBP not cleared within threshold, toggling.]
21-03-09 09:58:42.002 [3703.216602 MKBP not cleared within threshold, toggling.]
21-03-09 09:58:43.003 [3704.217432 MKBP not cleared within threshold, toggling.]
21-03-09 09:58:45.036 [3706.250728 MKBP not cleared within threshold, toggling.]
21-03-09 09:58:46.036 [3707.251576 MKBP not cleared within threshold, toggling.]
21-03-09 09:58:48.047 [3709.262647 MKBP not cleared within threshold, toggling.]
21-03-09 09:58:49.048 [3710.263598 MKBP not cleared within threshold, toggling.]
21-03-09 09:58:51.055 [3712.270923 MKBP not cleared within threshold, toggling.]
21-03-09 09:58:52.056 [3713.271748 MKBP not cleared within threshold, toggling.]
21-03-09 09:58:54.059 [3715.274764 MKBP not cleared within threshold, toggling.]
21-03-09 09:58:55.060 [3716.275606 MKBP not cleared within threshold, toggling.]
21-03-09 09:58:57.072 [3718.287079 MKBP not cleared within threshold, toggling.]
21-03-09 09:58:58.072 [3719.287929 MKBP not cleared within threshold, toggling.]
21-03-09 09:59:00.081 [3721.294613 MKBP not cleared within threshold, toggling.]
21-03-09 09:59:01.082 [3722.295611 MKBP not cleared within threshold, toggling.]
21-03-09 09:59:02.599 [3723.811773 HC 0x0d]
21-03-09 09:59:02.602 [3723.815240 HC 0xa4]
21-03-09 09:59:03.089 [3724.302601 MKBP not cleared within threshold, toggling.]
21-03-09 09:59:04.091 [3725.303449 MKBP not cleared within threshold, toggling.]
21-03-09 09:59:04.695 [3725.907195 HC 0xa4]
21-03-09 09:59:04.695 +++(++)[3726.072769 HC 0x0d]
21-03-09 09:59:04.861 [3726.073496 HC 0xa4]
21-03-09 09:59:04.866 [3726.075010 HC 0x67 err 9]
21-03-09 09:59:04.866 +[3726.088959 HC 0x121]
21-03-09 09:59:05.287 [3726.496501 HC 0x02]
21-03-09 09:59:05.368 [3726.578358 HC 0x102]
21-03-09 09:59:05.368 [3726.579038 HC 0x128]
21-03-09 09:59:05.371 [3726.579679 HC 0x12a]
21-03-09 09:59:05.488 [3726.698510 HC 0x11f]
21-03-09 09:59:05.488 [3726.699052 HC 0x11f err 3]
21-03-09 09:59:05.496 +[3726.706939 HC 0x06]
21-03-09 09:59:05.633 [3726.843726 HC 0x11f]
21-03-09 09:59:05.875 [3727.085092 MKBP not cleared within threshold, toggling.]
21-03-09 09:59:06.877 [3728.086264 MKBP not cleared within threshold, toggling.]
21-03-09 09:59:07.934 [3729.141833 HC 0x0b]
21-03-09 09:59:07.938 [3729.147211 HC 0x2d]
21-03-09 09:59:08.034 [3729.241964 HC 0x2d]
21-03-09 09:59:08.151 [3729.359241 power state 3 = S0, in 0x0039]
21-03-09 09:59:08.154 RTC: 0x00000e9f (3743.00 s)
21-03-09 09:59:08.154 [3729.360383 power state 8 = S0->S3, in 0x0039]
21-03-09 09:59:08.161 [3729.361304 PD:S0->S3]
21-03-09 09:59:08.161 RTC: 0x00000e9f (3743.00 s)
21-03-09 09:59:08.164 [3729.361929 power state 2 = S3, in 0x0039]
21-03-09 09:59:08.168 RTC: 0x00000e9f (3743.00 s)
21-03-09 09:59:08.171 [3729.362796 power state 9 = S3->S5, in 0x0039]
21-03-09 09:59:08.174 [3729.363364 HC Suppressed: 0x97=4 0x98=22 0x113=14 0x103=18 0x115=0 0x2b=157 0x67=165]
21-03-09 09:59:08.184 [3729.392967 USB charge p0 m0 i0]
21-03-09 09:59:08.187 [3729.393480 USB charge p1 m0 i0]
21-03-09 09:59:08.191 [3729.394406 PD:S3->S5]
21-03-09 09:59:08.191 [3729.394806 VB hook_shutdown]
21-03-09 09:59:08.193 RTC: 0x00000e9f (3743.00 s)
21-03-09 09:59:08.196 [3729.395444 power state 1 = S5, in 0x0039]
21-03-09 09:59:08.286 [3729.494983 Pen charge disable]
21-03-09 09:59:08.908 [3730.115555 MKBP not cleared within threshold, toggling.]
21-03-09 09:59:09.190 [3730.398098 power state 1 = S5, in 0x003f]
21-03-09 09:59:09.195 RTC: 0x00000ea0 (3744.00 s)
21-03-09 09:59:09.195 [3730.399326 power state 6 = S5->S3, in 0x003f]
21-03-09 09:59:09.201 [3730.401057 PD:S5->S3]
21-03-09 09:59:09.201 RTC: 0x00000ea0 (3744.00 s)
21-03-09 09:59:09.203 [3730.401796 power state 2 = S3, in 0x003f]
21-03-09 09:59:09.207 RTC: 0x00000ea0 (3744.00 s)
21-03-09 09:59:09.210 [3730.402601 power state 7 = S3->S0, in 0x003f]
21-03-09 09:59:09.216 [3730.408008 USB charge p0 m2 i0]
21-03-09 09:59:09.216 [3730.408447 USB charge p1 m2 i0]
21-03-09 09:59:09.220 [3730.411534 PD:S3->S0]
21-03-09 09:59:09.223 RTC: 0x00000ea0 (3744.00 s)
21-03-09 09:59:09.226 [3730.412197 power state 3 = S0, in 0x003f]
21-03-09 09:59:09.230 [3730.412827 Lid Accel: MS Done Init type:0x0 range:2]
21-03-09 09:59:09.236 [3730.433940 Base Accel: MS Done Init type:0x0 range:4]
21-03-09 09:59:09.239 [3730.436492 Base Gyro: MS Done Init type:0x1 range:1000]
21-03-09 09:59:09.246 [3730.437678 Lid Accel ODR: 10000 - roundup 1 from config 1 [AP 0]]
21-03-09 09:59:09.249 [3730.446847 C0: PE_VDM_Identity_Request_Cbl]
21-03-09 09:59:09.256 [3730.447424 C0: PE_SNK_Ready]
21-03-09 09:59:09.259 [3730.448129 C0: PE_INIT_PORT_VDM_Identity_Request]
21-03-09 09:59:09.262 [3730.449889 Base Accel ODR: 13000 - roundup 1 from config 1 [AP 0]]
21-03-09 09:59:09.269 [3730.456139 C0: PE_SNK_Ready]
21-03-09 09:59:09.272 [3730.464297 Base Gyro ODR: 0 - roundup 0 from config 0 [AP 0]]
21-03-09 09:59:09.294 [3730.502295 Pen charge disable]
21-03-09 09:59:09.400 [3730.608060 disable_adc_irqs_deferred]
21-03-09 09:59:09.404 [3730.608669 power state 3 = S0, in 0x007f]
21-03-09 09:59:09.758 [3730.964267 HC 0x0d]
21-03-09 09:59:09.761 [3730.967774 HC 0xa4]
21-03-09 09:59:09.909 [3731.116400 MKBP not cleared within threshold, toggling.]
21-03-09 09:59:10.089 [3731.295292 HC 0x4b]
21-03-09 09:59:10.089 [3731.295783 HC 0x4b err 4]
21-03-09 09:59:10.192 [3731.398283 HC 0xa0]
21-03-09 09:59:10.262 [3731.467789 HC 0x11f]
21-03-09 09:59:11.924 [3733.128187 MKBP not cleared within threshold, toggling.]
21-03-09 09:59:12.926 [3734.129031 MKBP not cleared within threshold, toggling.]
21-03-09 09:59:14.957 [3736.157811 MKBP not cleared within threshold, toggling.]
21-03-09 09:59:15.959 [3737.158647 MKBP not cleared within threshold, toggling.]
21-03-09 09:59:17.985 [3739.182456 MKBP not cleared within threshold, toggling.]
21-03-09 09:59:18.988 [3740.183904 MKBP not cleared within threshold, toggling.]
21-03-09 09:59:20.996 [3742.190459 MKBP not cleared within threshold, toggling.]
21-03-09 09:59:21.998 [3743.191282 MKBP not cleared within threshold, toggling.]
21-03-09 09:59:24.008 [3745.198434 MKBP not cleared within threshold, toggling.]
21-03-09 09:59:25.010 [3746.199259 MKBP not cleared within threshold, toggling.]
21-03-09 09:59:27.019 [3748.206493 MKBP not cleared within threshold, toggling.]
21-03-09 09:59:28.020 [3749.207507 MKBP not cleared within threshold, toggling.]
21-03-09 09:59:30.028 [3751.214404 MKBP not cleared within threshold, toggling.]
21-03-09 09:59:31.030 [3752.215229 MKBP not cleared within threshold, toggling.]
21-03-09 09:59:33.033 [3754.216932 MKBP not cleared within threshold, toggling.]
21-03-09 09:59:34.035 [3755.217769 MKBP not cleared within threshold, toggling.]
21-03-09 09:59:36.049 [3757.230928 MKBP not cleared within threshold, toggling.]
21-03-09 09:59:37.050 [3758.231942 MKBP not cleared within threshold, toggling.]
21-03-09 09:59:39.058 [3760.239904 MKBP not cleared within threshold, toggling.]
21-03-09 09:59:40.059 [3761.240752 MKBP not cleared within threshold, toggling.]
21-03-09 09:59:40.524 [3761.704834 HC 0x0d]
21-03-09 09:59:40.527 [3761.708297 HC 0xa4]
21-03-09 09:59:40.528 +++(++)[3761.873820 HC 0x0d]
21-03-09 09:59:40.693 [3761.874547 HC 0xa4]
21-03-09 09:59:40.698 [3761.875743 HC 0x67 err 9]
21-03-09 09:59:40.698 +[3761.890033 HC 0x121]
21-03-09 09:59:41.103 [3762.283689 HC 0x02]
21-03-09 09:59:41.185 [3762.365554 HC 0x102]
21-03-09 09:59:41.185 [3762.366235 HC 0x128]
21-03-09 09:59:41.188 [3762.367210 HC 0x12a]
21-03-09 09:59:41.306 [3762.485854 HC 0x11f]
21-03-09 09:59:41.307 [3762.486396 HC 0x11f err 3]
21-03-09 09:59:41.313 +[3762.493994 HC 0x06]
21-03-09 09:59:41.451 [3762.630969 HC 0x11f]
21-03-09 09:59:41.731 [3762.911003 MKBP not cleared within threshold, toggling.]
21-03-09 09:59:42.732 [3763.911862 MKBP not cleared within threshold, toggling.]
21-03-09 09:59:43.765 [3764.943455 HC 0x0b]
21-03-09 09:59:43.769 [3764.948832 HC 0x2d]
21-03-09 09:59:43.813 [3764.992771 HC 0x102]
21-03-09 09:59:43.813 [3764.993457 HC 0x11b]
21-03-09 09:59:43.817 [3764.994157 HC 0xb7]
21-03-09 09:59:43.817 [3764.994586 System unlocked, TCPC I2C tunnels may be unprotected]
21-03-09 09:59:44.062 [3765.241685 KB Clear Buffer]
21-03-09 09:59:44.062 [3765.242784 KB enable]
21-03-09 09:59:44.065 [3765.243134 KB Clear Buffer]
21-03-09 09:59:44.068 [3765.244080 KB scancode set to 1]
21-03-09 09:59:44.072 [3765.244646 KB Clear Buffer]
21-03-09 09:59:44.075 [3765.245225 KB Clear Buffer]
21-03-09 09:59:44.755 [3765.934423 MKBP not cleared within threshold, toggling.]
21-03-09 09:59:45.756 [3766.935479 MKBP not cleared within threshold, toggling.]
21-03-09 09:59:45.971 Port 80 writes:
21-03-09 09:59:45.972   0c 0d 13 15 7f 01 16 22 02 32 14 15 17 18 19 20 21 22 25 3f
21-03-09 09:59:45.978   43 44 4f 23 37 50 5f 40 41 42 47 80 81 82 83 61 63 03 04 05
21-03-09 09:59:45.981   06 07 0f 65 64 0f 6a 71 7f 99 72 24 25 55 73 94 94 74 75 75
21-03-09 09:59:45.988   75 75 75 75 75 75 75 75 75 75 75 75 75 75 75 75 75 75 75 75
21-03-09 09:59:45.994   75 75 75 75 75 75 75 75 75 75 75 75 75 75 75 75 75 75 75 75
21-03-09 09:59:46.001   75 75 75 75 75 75 75 75 76 77 79 9c 93 7a 95 05 25 95 88 01
21-03-09 09:59:46.008   02 03 04 89 fe 7b f8 aa <--new
21-03-09 09:59:46.353 [3767.532314 HC 0x2d]
21-03-09 09:59:46.357 [3767.536398 KS disable]
21-03-09 09:59:46.357 [3767.536821 KB Clear Buffer]
21-03-09 09:59:46.362 [3767.537428 KB disable]
21-03-09 09:59:46.362 [3767.537761 KB Clear Buffer]
21-03-09 09:59:46.626 [3767.804823 HC 0xa4]
21-03-09 09:59:46.626 [3767.806107 HC 0x67 err 9]
21-03-09 09:59:46.629 +[3768.562155 KB Clear Buffer]
21-03-09 09:59:47.384 [3768.562924 KB Clear Buffer]
21-03-09 09:59:47.387 [3768.563794 KB IRQ enable]
21-03-09 09:59:47.391 [3768.564210 KB enable]
21-03-09 09:59:47.394 [3768.565069 KB Clear Buffer]
21-03-09 09:59:47.394 [3768.566610 KS enable]
21-03-09 09:59:47.396 [3768.566994 KB Clear Buffer]
21-03-09 09:59:47.400 [3768.577558 HC 0x0b]
21-03-09 09:59:47.403 [3768.578542 HC 0x400b]
21-03-09 09:59:47.403 [3768.579003 HC 0x400b err 1]
21-03-09 09:59:47.406 [3768.579769 HC 0x08]
21-03-09 09:59:47.409 +[3768.581047 HC 0x8d]
21-03-09 09:59:47.409 [3768.582479 HC 0x0d]
21-03-09 09:59:47.415 [3768.584767 HC 0x102]
21-03-09 09:59:47.415 [3768.585447 HC 0x105]
21-03-09 09:59:47.415 [3768.586950 HC 0xa9]
21-03-09 09:59:47.418 [3768.588494 HC 0x112]
21-03-09 09:59:47.422 [3768.590027 HC 0x28]
21-03-09 09:59:47.422 [3768.590520 HC 0x28 err 1]
21-03-09 09:59:47.427 [3768.591461 HC 0xd3]
21-03-09 09:59:47.428 [3768.592268 HC 0x08]
21-03-09 09:59:47.428 [3768.596201 HC 0x121]
21-03-09 09:59:47.431 [3768.611297 HC 0x102]
21-03-09 09:59:47.431 [3768.612369 HC 0x111]
21-03-09 09:59:47.435 +++(++)[3770.649404 HC 0x112]
21-03-09 09:59:49.471 [3770.650605 HC 0x117]
21-03-09 09:59:49.977 [3771.155118 HC 0x112]
21-03-09 09:59:50.371 Port 80 writes:
21-03-09 09:59:50.371   0d 13 15 7f 01 16 22 02 32 14 15 17 18 19 20 21 22 25 3f 43
21-03-09 09:59:50.376   44 4f 23 37 50 5f 40 41 42 47 80 81 82 83 61 63 03 04 05 06
21-03-09 09:59:50.380   07 0f 65 64 0f 6a 71 7f 99 72 24 25 55 73 94 94 74 75 75 75
21-03-09 09:59:50.386   75 75 75 75 75 75 75 75 75 75 75 75 75 75 75 75 75 75 75 75
21-03-09 09:59:50.392   75 75 75 75 75 75 75 75 75 75 75 75 75 75 75 75 75 75 75 75
21-03-09 09:59:50.395   75 75 75 75 75 75 75 76 77 79 9c 93 7a 95 05 25 95 88 01 02
21-03-09 09:59:50.402   03 04 89 fe 7b f8 aa ab <--new
21-03-09 09:59:51.260 [3772.437744 HC 0x08]
21-03-09 09:59:51.267 +++[3775.534964 HC 0x08]
21-03-09 09:59:54.358 [3775.535859 HC 0x0d]
21-03-09 09:59:54.362 +[3775.537185 HC 0x102]
21-03-09 09:59:54.362 [3775.538015 HC 0x101]
21-03-09 09:59:54.365 [3775.539915 HC 0x133]
21-03-09 09:59:54.368 [3775.541782 HC 0x131]
21-03-09 09:59:54.368 [3775.542671 HC 0x11a]
21-03-09 09:59:56.320 [3777.497174 HC 0x02]
21-03-09 09:59:56.324 [3777.500818 HC 0x0b]
21-03-09 09:59:56.351 [3777.523136 HC 0x05]
21-03-09 09:59:56.400 [3777.577381 HC 0x121]
21-03-09 09:59:56.400 +[3777.814919 HC 0x05]
21-03-09 09:59:56.638 +[3777.818837 HC 0x02]
21-03-09 09:59:56.728 [3777.905401 HC 0x11b]
21-03-09 09:59:56.766 +[3777.944194 HC 0x11b err 3]
21-03-09 09:59:57.866 [3779.042503 HC 0x121]
21-03-09 09:59:57.866 +[3781.003413 HC 0x02]
21-03-09 09:59:59.834 [3781.011087 HC 0x0b]
21-03-09 09:59:59.834 [3781.012606 HC 0x96]
21-03-09 10:00:00.340 [3781.517939 Battery 97% (Display 100.0 %) / 0h:29 to full]
21-03-09 10:00:00.344 [3781.520991 charge_request(12984mV, 0mA)]
21-03-09 10:00:00.919 [3782.096603 charge_request(12808mV, 0mA)]
21-03-09 10:00:01.493 [3782.670778 charge_request(12744mV, 0mA)]
21-03-09 10:00:02.223 [3783.401253 HC 0x02]
21-03-09 10:00:02.223 [3783.402660 HC 0x0b]
21-03-09 10:00:02.227 [3783.403541 HC 0x70]
21-03-09 10:00:02.227 +[3783.416888 HC 0x02]
21-03-09 10:00:02.239 [3783.418305 HC 0x0b]
21-03-09 10:00:02.640 [3783.818208 charge_request(12736mV, 0mA)]
21-03-09 10:00:03.211 [3784.389778 charge_request(12728mV, 0mA)]
21-03-09 10:00:03.524 [3784.702139 HC 0x01]
21-03-09 10:00:03.524 [3784.703031 HC 0x0b]
21-03-09 10:00:03.527 [3784.703720 HC 0x02]
21-03-09 10:00:03.527 [3784.705222 HC 0x08]
21-03-09 10:00:03.531 [3784.705986 HC 0x10]
21-03-09 10:00:03.533 +[3784.710816 HC 0x05]
21-03-09 10:00:03.533 [3784.711894 HC 0x18]
21-03-09 10:00:03.536 [3784.712359 HC 0x18 err 1]
21-03-09 10:00:03.540 +[3784.713327 HC 0x18 err 1]
21-03-09 10:00:03.540 +[3784.714220 HC 0x18 err 1]
21-03-09 10:00:03.543 [3784.714960 HC 0x16]
21-03-09 10:00:03.547 +[3784.716666 HC 0x15]
21-03-09 10:00:03.707 [3784.885459 HC 0x05]
21-03-09 10:00:03.707 +[3784.887740 HC 0x02]
21-03-09 10:00:03.808 [3784.987088 HC 0x02]
21-03-09 10:00:03.808 [3784.988537 HC 0x0b]
21-03-09 10:00:03.812 [3784.989241 HC 0x0d]
21-03-09 10:00:03.828 [3785.006363 HC 0x02]
21-03-09 10:00:03.832 [3785.011242 HC 0x0b]
21-03-09 10:00:03.839 [3785.017759 HC 0x70]
21-03-09 10:00:03.839 +[3785.539661 charge_request(12720mV, 0mA)]
21-03-09 10:00:05.509 [3786.687954 charge_request(12728mV, 0mA)]
21-03-09 10:00:06.080 [3787.259832 charge_request(12720mV, 0mA)]
21-03-09 10:00:06.654 [3787.833518 charge_request(12728mV, 0mA)]
21-03-09 10:00:07.228 [3788.408049 charge_request(12720mV, 0mA)]
21-03-09 10:00:07.800 [3788.980666 charge_request(12712mV, 0mA)]
21-03-09 10:00:08.106 [3789.285835 HC 0x121]
21-03-09 10:00:08.106 +[3789.429499 HC 0x02]
21-03-09 10:00:08.249 [3789.431060 HC 0x0b]
21-03-09 10:00:08.258 [3789.438785 HC 0x0d]
21-03-09 10:00:09.518 [3790.699430 charge_request(12720mV, 0mA)]
21-03-09 10:00:10.663 [3791.844668 charge_request(12704mV, 0mA)]
21-03-09 10:00:11.236 [3792.418124 charge_request(12696mV, 0mA)]
21-03-09 10:00:11.808 [3792.990688 charge_request(12704mV, 0mA)]
21-03-09 10:00:12.952 [3794.134616 charge_request(12752mV, 0mA)]
21-03-09 10:00:13.270 [3794.452544 HC 0x02]
21-03-09 10:00:13.270 [3794.454050 HC 0x0b]
21-03-09 10:00:13.273 [3794.455336 HC 0x0d]
21-03-09 10:00:13.524 [3794.707346 charge_request(12760mV, 0mA)]
21-03-09 10:00:14.097 [3795.280240 charge_request(12744mV, 0mA)]
21-03-09 10:00:14.670 [3795.852716 charge_request(12760mV, 0mA)]
21-03-09 10:00:15.817 [3796.999787 charge_request(12752mV, 0mA)]
21-03-09 10:00:16.388 [3797.571981 charge_request(12760mV, 0mA)]
21-03-09 10:00:17.146 [3798.329457 HC 0x02]
21-03-09 10:00:17.146 [3798.332014 HC 0x0b]
21-03-09 10:00:17.149 [3798.332957 HC 0x96]
21-03-09 10:00:17.534 [3798.717803 charge_request(12728mV, 0mA)]
21-03-09 10:00:18.110 [3799.294475 Battery 97% (Display 100.0 %) / 4h:49 to empty]
21-03-09 10:00:18.114 [3799.296683 charge_request(13048mV, 3568mA)]
21-03-09 10:00:20.764 [3801.948934 KB Clear Buffer]
21-03-09 10:00:20.765 [3801.949819 KB disable]
21-03-09 10:00:20.768 [3801.950253 KB IRQ disable]
21-03-09 10:00:21.440 [3802.625128 HC 0x0d]
21-03-09 10:00:21.443 [3802.628639 HC 0xa4]
21-03-09 10:00:21.580 [3802.765886 HC 0x0d]
21-03-09 10:00:21.585 [3802.769492 HC 0xa4]
21-03-09 10:00:21.606 [3802.791896 HC 0x11f]
21-03-09 10:00:21.865 [3803.050085 MKBP not cleared within threshold, toggling.]
21-03-09 10:00:22.866 [3804.050924 MKBP not cleared within threshold, toggling.]
21-03-09 10:00:24.877 [3806.062651 MKBP not cleared within threshold, toggling.]
21-03-09 10:00:25.878 [3807.063694 MKBP not cleared within threshold, toggling.]
21-03-09 10:00:27.886 [3809.070736 MKBP not cleared within threshold, toggling.]
21-03-09 10:00:28.889 [3810.072977 MKBP not cleared within threshold, toggling.]
21-03-09 10:00:30.895 [3812.078716 MKBP not cleared within threshold, toggling.]
21-03-09 10:00:31.896 [3813.079549 MKBP not cleared within threshold, toggling.]
21-03-09 10:00:33.904 [3815.086639 MKBP not cleared within threshold, toggling.]
21-03-09 10:00:34.905 [3816.087490 MKBP not cleared within threshold, toggling.]
21-03-09 10:00:36.909 [3818.090985 MKBP not cleared within threshold, toggling.]
21-03-09 10:00:37.910 [3819.091820 MKBP not cleared within threshold, toggling.]
21-03-09 10:00:39.922 [3821.102443 MKBP not cleared within threshold, toggling.]
21-03-09 10:00:40.923 [3822.103302 MKBP not cleared within threshold, toggling.]
21-03-09 10:00:42.932 [3824.110448 MKBP not cleared within threshold, toggling.]
21-03-09 10:00:43.933 [3825.111673 MKBP not cleared within threshold, toggling.]
21-03-09 10:00:45.941 [3827.118447 MKBP not cleared within threshold, toggling.]
21-03-09 10:00:46.942 [3828.119288 MKBP not cleared within threshold, toggling.]
21-03-09 10:00:48.949 [3830.126420 MKBP not cleared within threshold, toggling.]
21-03-09 10:00:49.950 [3831.127245 MKBP not cleared within threshold, toggling.]
21-03-09 10:00:50.145 [3831.322668 HC 0x0d]
21-03-09 10:00:50.148 [3831.326160 HC 0xa4]
21-03-09 10:00:51.954 [3833.131349 MKBP not cleared within threshold, toggling.]
21-03-09 10:00:52.243 [3833.420430 HC 0xa4]
21-03-09 10:00:52.243 +++(++)[3833.586444 HC 0x0d]
21-03-09 10:00:52.409 [3833.587170 HC 0xa4]
21-03-09 10:00:52.413 [3833.588368 HC 0x67 err 9]
21-03-09 10:00:52.413 +[3833.602376 HC 0x121]
21-03-09 10:00:52.834 [3834.010634 HC 0x02]
21-03-09 10:00:52.915 [3834.092576 HC 0x102]
21-03-09 10:00:52.915 [3834.093259 HC 0x128]
21-03-09 10:00:52.919 [3834.093901 HC 0x12a]
21-03-09 10:00:53.035 [3834.212646 HC 0x11f]
21-03-09 10:00:53.035 [3834.213190 HC 0x11f err 3]
21-03-09 10:00:53.042 +[3834.220788 HC 0x06]
21-03-09 10:00:53.180 [3834.357833 HC 0x11f]
21-03-09 10:00:53.430 [3834.606880 MKBP not cleared within threshold, toggling.]
21-03-09 10:00:54.430 [3835.608049 MKBP not cleared within threshold, toggling.]
21-03-09 10:00:55.495 [3836.670340 HC 0x0b]
21-03-09 10:00:55.498 [3836.675723 HC 0x2d]
21-03-09 10:00:55.593 [3836.770665 HC 0x2d]
21-03-09 10:00:55.710 [3836.887715 power state 3 = S0, in 0x0039]
21-03-09 10:00:55.713 RTC: 0x00000f0b (3851.00 s)
21-03-09 10:00:55.713 [3836.888605 power state 8 = S0->S3, in 0x0039]
21-03-09 10:00:55.719 [3836.889841 PD:S0->S3]
21-03-09 10:00:55.719 RTC: 0x00000f0b (3851.00 s)
21-03-09 10:00:55.722 [3836.890482 power state 2 = S3, in 0x0039]
21-03-09 10:00:55.726 RTC: 0x00000f0b (3851.00 s)
21-03-09 10:00:55.729 [3836.891269 power state 9 = S3->S5, in 0x0039]
21-03-09 10:00:55.733 [3836.891831 HC Suppressed: 0x97=4 0x98=22 0x113=14 0x103=18 0x115=0 0x2b=151 0x67=168]
21-03-09 10:00:55.743 [3836.921464 USB charge p0 m0 i0]
21-03-09 10:00:55.746 [3836.921976 USB charge p1 m0 i0]
21-03-09 10:00:55.750 [3836.922903 PD:S3->S5]
21-03-09 10:00:55.750 [3836.923300 VB hook_shutdown]
21-03-09 10:00:55.752 RTC: 0x00000f0b (3851.00 s)
21-03-09 10:00:55.755 [3836.923937 power state 1 = S5, in 0x0039]
21-03-09 10:00:55.845 [3837.023470 Pen charge disable]
21-03-09 10:00:56.436 [3837.614440 MKBP not cleared within threshold, toggling.]
21-03-09 10:00:56.748 [3837.925831 power state 1 = S5, in 0x003f]
21-03-09 10:00:56.752 RTC: 0x00000f0c (3852.00 s)
21-03-09 10:00:56.752 [3837.926723 power state 6 = S5->S3, in 0x003f]
21-03-09 10:00:56.758 [3837.928305 PD:S5->S3]
21-03-09 10:00:56.758 RTC: 0x00000f0c (3852.00 s)
21-03-09 10:00:56.761 [3837.929061 power state 2 = S3, in 0x003f]
21-03-09 10:00:56.764 RTC: 0x00000f0c (3852.00 s)
21-03-09 10:00:56.767 [3837.929866 power state 7 = S3->S0, in 0x003f]
21-03-09 10:00:56.774 [3837.935334 USB charge p0 m2 i0]
21-03-09 10:00:56.774 [3837.935773 USB charge p1 m2 i0]
21-03-09 10:00:56.777 [3837.938874 PD:S3->S0]
21-03-09 10:00:56.780 RTC: 0x00000f0c (3852.00 s)
21-03-09 10:00:56.784 [3837.939568 power state 3 = S0, in 0x003f]
21-03-09 10:00:56.786 [3837.940194 Lid Accel: MS Done Init type:0x0 range:2]
21-03-09 10:00:56.795 [3837.961252 Base Accel: MS Done Init type:0x0 range:4]
21-03-09 10:00:56.796 [3837.963838 Base Gyro: MS Done Init type:0x1 range:1000]
21-03-09 10:00:56.803 [3837.965024 Lid Accel ODR: 10000 - roundup 1 from config 1 [AP 0]]
21-03-09 10:00:56.806 [3837.975046 Base Accel ODR: 13000 - roundup 1 from config 1 [AP 0]]
21-03-09 10:00:56.813 [3837.979474 C0: PE_VDM_Identity_Request_Cbl]
21-03-09 10:00:56.816 [3837.980040 C0: PE_SNK_Ready]
21-03-09 10:00:56.819 [3837.980600 C0: PE_INIT_PORT_VDM_Identity_Request]
21-03-09 10:00:56.828 [3837.982606 Base Gyro ODR: 0 - roundup 0 from config 0 [AP 0]]
21-03-09 10:00:56.829 [3837.988419 C0: PE_SNK_Ready]
21-03-09 10:00:56.850 [3838.028916 Pen charge disable]
21-03-09 10:00:56.957 [3838.135374 disable_adc_irqs_deferred]
21-03-09 10:00:56.960 [3838.135983 power state 3 = S0, in 0x007f]
21-03-09 10:00:57.314 [3838.492645 HC 0x0d]
21-03-09 10:00:57.317 [3838.496159 HC 0xa4]
21-03-09 10:00:57.436 [3838.615286 MKBP not cleared within threshold, toggling.]
21-03-09 10:00:57.645 [3838.824132 HC 0x4b]
21-03-09 10:00:57.645 [3838.824622 HC 0x4b err 4]
21-03-09 10:00:57.749 [3838.927426 HC 0xa0]
21-03-09 10:00:57.819 [3838.996816 HC 0x11f]
21-03-09 10:00:59.438 [3840.617578 MKBP not cleared within threshold, toggling.]
21-03-09 10:01:00.439 [3841.618411 MKBP not cleared within threshold, toggling.]
21-03-09 10:01:02.457 [3843.637903 MKBP not cleared within threshold, toggling.]
21-03-09 10:01:03.458 [3844.638942 MKBP not cleared within threshold, toggling.]
21-03-09 10:01:05.463 [3846.646367 MKBP not cleared within threshold, toggling.]
21-03-09 10:01:06.464 [3847.647213 MKBP not cleared within threshold, toggling.]
21-03-09 10:01:08.469 [3849.653779 MKBP not cleared within threshold, toggling.]
21-03-09 10:01:09.469 [3850.654615 MKBP not cleared within threshold, toggling.]
21-03-09 10:01:11.474 [3852.662004 MKBP not cleared within threshold, toggling.]
21-03-09 10:01:12.476 [3853.663168 MKBP not cleared within threshold, toggling.]
21-03-09 10:01:14.477 [3855.666910 MKBP not cleared within threshold, toggling.]
21-03-09 10:01:15.477 [3856.667745 MKBP not cleared within threshold, toggling.]
21-03-09 10:01:17.486 [3858.677997 MKBP not cleared within threshold, toggling.]
21-03-09 10:01:18.486 [3859.678835 MKBP not cleared within threshold, toggling.]
21-03-09 10:01:20.492 [3861.685793 MKBP not cleared within threshold, toggling.]
21-03-09 10:01:21.492 [3862.686869 MKBP not cleared within threshold, toggling.]
21-03-09 10:01:23.500 [3864.693798 MKBP not cleared within threshold, toggling.]
21-03-09 10:01:24.497 [3865.694643 MKBP not cleared within threshold, toggling.]
21-03-09 10:01:26.503 [3867.701771 MKBP not cleared within threshold, toggling.]
21-03-09 10:01:27.502 [3868.702947 MKBP not cleared within threshold, toggling.]
21-03-09 10:01:28.532 [3869.734068 HC 0x0d]
21-03-09 10:01:28.535 [3869.737536 HC 0xa4]
21-03-09 10:01:28.535 +++(++)[3869.903685 HC 0x0d]
21-03-09 10:01:28.703 [3869.904407 HC 0xa4]
21-03-09 10:01:28.703 [3869.905604 HC 0x67 err 9]
21-03-09 10:01:28.705 +[3869.919598 HC 0x121]
21-03-09 10:01:29.111 [3870.313968 HC 0x02]
21-03-09 10:01:29.193 [3870.396025 HC 0x102]
21-03-09 10:01:29.193 [3870.396706 HC 0x128]
21-03-09 10:01:29.197 [3870.397663 HC 0x12a]
21-03-09 10:01:29.314 [3870.516491 HC 0x11f]
21-03-09 10:01:29.314 [3870.517033 HC 0x11f err 3]
21-03-09 10:01:29.321 +[3870.524747 HC 0x06]
21-03-09 10:01:29.459 [3870.661969 HC 0x11f]
21-03-09 10:01:29.713 [3870.915126 MKBP not cleared within threshold, toggling.]
21-03-09 10:01:30.713 [3871.915963 MKBP not cleared within threshold, toggling.]
21-03-09 10:01:31.790 [3872.991832 HC 0x0b]
21-03-09 10:01:31.794 [3872.997282 HC 0x2d]
21-03-09 10:01:31.839 [3873.041379 HC 0x102]
21-03-09 10:01:31.839 [3873.042064 HC 0x11b]
21-03-09 10:01:31.840 [3873.042763 HC 0xb7]
21-03-09 10:01:31.840 [3873.043186 System unlocked, TCPC I2C tunnels may be unprotected]
21-03-09 10:01:32.086 [3873.290495 KB Clear Buffer]
21-03-09 10:01:32.086 [3873.291532 KB enable]
21-03-09 10:01:32.089 [3873.292191 KB Clear Buffer]
21-03-09 10:01:32.093 [3873.292880 KB scancode set to 1]
21-03-09 10:01:32.096 [3873.293450 KB Clear Buffer]
21-03-09 10:01:32.100 [3873.294028 KB Clear Buffer]
21-03-09 10:01:32.744 [3873.947537 MKBP not cleared within threshold, toggling.]
21-03-09 10:01:33.744 [3874.948389 MKBP not cleared within threshold, toggling.]
21-03-09 10:01:33.980 Port 80 writes:
21-03-09 10:01:33.980   0c 0d 13 15 7f 01 16 22 02 32 14 15 17 18 19 20 21 22 25 3f
21-03-09 10:01:33.986   43 44 4f 23 37 50 5f 40 41 42 47 80 81 82 83 61 63 03 04 05
21-03-09 10:01:33.990   06 07 0f 65 64 0f 6a 71 7f 99 72 24 25 55 73 94 94 74 75 75
21-03-09 10:01:33.996   75 75 75 75 75 75 75 75 75 75 75 75 75 75 75 75 75 75 75 75
21-03-09 10:01:34.003   75 75 75 75 75 75 75 75 75 75 75 75 75 75 75 75 75 75 75 75
21-03-09 10:01:34.006   75 75 75 75 75 75 75 75 76 77 79 9c 93 7a 95 05 25 95 88 01
21-03-09 10:01:34.013   02 03 04 89 fe 7b f8 aa <--new
21-03-09 10:01:34.377 [3875.582580 HC 0x2d]
21-03-09 10:01:34.382 [3875.586668 KS disable]
21-03-09 10:01:34.382 [3875.587093 KB Clear Buffer]
21-03-09 10:01:34.386 [3875.587697 KB disable]
21-03-09 10:01:34.386 [3875.588029 KB Clear Buffer]
21-03-09 10:01:34.655 [3875.859112 HC 0xa4]
21-03-09 10:01:34.655 [3875.860393 HC 0x67 err 9]
21-03-09 10:01:34.658 +[3876.623076 KB Clear Buffer]
21-03-09 10:01:35.419 [3876.624174 KB Clear Buffer]
21-03-09 10:01:35.422 [3876.625064 KB IRQ enable]
21-03-09 10:01:35.426 [3876.625478 KB enable]
21-03-09 10:01:35.428 [3876.626336 KB Clear Buffer]
21-03-09 10:01:35.428 [3876.627906 KS enable]
21-03-09 10:01:35.431 [3876.628294 KB Clear Buffer]
21-03-09 10:01:35.435 [3876.638829 HC 0x0b]
21-03-09 10:01:35.438 [3876.640060 HC 0x400b]
21-03-09 10:01:35.438 [3876.640530 HC 0x400b err 1]
21-03-09 10:01:35.442 [3876.641371 HC 0x08]
21-03-09 10:01:35.442 +[3876.642493 HC 0x8d]
21-03-09 10:01:35.446 [3876.643913 HC 0x0d]
21-03-09 10:01:35.456 [3876.645789 HC 0x102]
21-03-09 10:01:35.456 [3876.646494 HC 0x105]
21-03-09 10:01:35.456 [3876.648093 HC 0xa9]
21-03-09 10:01:35.456 [3876.649232 HC 0x112]
21-03-09 10:01:35.456 [3876.650905 HC 0x28]
21-03-09 10:01:35.458 [3876.651387 HC 0x28 err 1]
21-03-09 10:01:35.462 [3876.652142 HC 0xd3]
21-03-09 10:01:35.462 [3876.652854 HC 0x08]
21-03-09 10:01:35.465 [3876.656781 HC 0x121]
21-03-09 10:01:35.465 [3876.670481 HC 0x102]
21-03-09 10:01:35.468 [3876.671917 HC 0x111]
21-03-09 10:01:35.468 +++(++)[3878.706252 HC 0x112]
21-03-09 10:01:37.502 [3878.707351 HC 0x117]
21-03-09 10:01:38.008 [3879.212183 HC 0x112]
21-03-09 10:01:38.394 Port 80 writes:
21-03-09 10:01:38.394   0d 13 15 7f 01 16 22 02 32 14 15 17 18 19 20 21 22 25 3f 43
21-03-09 10:01:38.400   44 4f 23 37 50 5f 40 41 42 47 80 81 82 83 61 63 03 04 05 06
21-03-09 10:01:38.404   07 0f 65 64 0f 6a 71 7f 99 72 24 25 55 73 94 94 74 75 75 75
21-03-09 10:01:38.409   75 75 75 75 75 75 75 75 75 75 75 75 75 75 75 75 75 75 75 75
21-03-09 10:01:38.416   75 75 75 75 75 75 75 75 75 75 75 75 75 75 75 75 75 75 75 75
21-03-09 10:01:38.419   75 75 75 75 75 75 75 76 77 79 9c 93 7a 95 05 25 95 88 01 02
21-03-09 10:01:38.426   03 04 89 fe 7b f8 aa ab <--new
21-03-09 10:01:39.376 [3880.580572 HC 0x08]
21-03-09 10:01:39.382 +++[3884.325840 HC 0x08]
21-03-09 10:01:43.122 [3884.328094 HC 0x0d]
21-03-09 10:01:43.125 +[3884.331417 HC 0x102]
21-03-09 10:01:43.128 [3884.334573 HC 0x101]
21-03-09 10:01:43.132 [3884.336226 HC 0x133]
21-03-09 10:01:43.132 [3884.338650 HC 0x131]
21-03-09 10:01:43.134 [3884.340402 HC 0x11a]
21-03-09 10:01:44.786 [3885.989191 HC 0x02]
21-03-09 10:01:44.786 [3885.991604 HC 0x0b]
21-03-09 10:01:44.798 [3886.001307 HC 0x05]
21-03-09 10:01:44.985 [3886.189080 HC 0x121]
21-03-09 10:01:45.000 +[3886.369399 HC 0x05]
21-03-09 10:01:45.174 +[3886.383389 HC 0x02]
21-03-09 10:01:45.393 [3886.595867 HC 0x11b]
21-03-09 10:01:45.438 +[3886.642188 HC 0x11b err 3]
21-03-09 10:01:45.897 [3887.100186 HC 0x121]
21-03-09 10:01:45.897 +[3888.911051 HC 0x01]
21-03-09 10:01:47.709 [3888.911720 HC 0x0b]
21-03-09 10:01:47.713 [3888.912395 HC 0x02]
21-03-09 10:01:47.713 [3888.914227 HC 0x08]
21-03-09 10:01:47.716 [3888.915114 HC 0x10]
21-03-09 10:01:47.719 +[3888.916449 HC 0x05]
21-03-09 10:01:47.719 [3888.918842 HC 0x18]
21-03-09 10:01:47.722 [3888.919292 HC 0x18 err 1]
21-03-09 10:01:47.725 +[3888.920103 HC 0x18 err 1]
21-03-09 10:01:47.725 +[3888.920990 HC 0x18 err 1]
21-03-09 10:01:47.728 [3888.923507 HC 0x16]
21-03-09 10:01:47.731 +[3888.929713 HC 0x15]
21-03-09 10:01:48.195 [3889.398023 HC 0x02]
21-03-09 10:01:48.199 [3889.401328 HC 0x0b]
21-03-09 10:01:48.199 [3889.402172 HC 0x96]
21-03-09 10:01:48.430 [3889.631970 charge_request(12992mV, 0mA)]
21-03-09 10:01:49.004 [3890.205892 Battery 97% (Display 100.0 %) / 0h:27 to full]
21-03-09 10:01:49.581 [3890.782275 charge_request(12760mV, 0mA)]
21-03-09 10:01:50.655 [3891.855852 HC 0x02]
21-03-09 10:01:50.659 [3891.859542 HC 0x0b]
21-03-09 10:01:50.659 [3891.861776 HC 0x70]
21-03-09 10:01:50.662 +[3891.878780 HC 0x02]
21-03-09 10:01:50.684 [3891.885178 HC 0x0b]
21-03-09 10:01:50.729 [3891.930325 charge_request(12744mV, 0mA)]
21-03-09 10:01:51.975 [3893.172908 HC 0x05]
21-03-09 10:01:51.975 +[3893.175097 HC 0x02]
21-03-09 10:01:52.121 [3893.321262 HC 0x02]
21-03-09 10:01:52.121 [3893.324353 HC 0x0b]
21-03-09 10:01:52.124 [3893.325577 HC 0x0d]
21-03-09 10:01:52.145 [3893.344914 HC 0x02]
21-03-09 10:01:52.145 [3893.347435 HC 0x0b]
21-03-09 10:01:52.153 [3893.353853 HC 0x70]
21-03-09 10:01:52.153 +[3893.651885 charge_request(12736mV, 0mA)]
21-03-09 10:01:55.898 [3897.096368 charge_request(12728mV, 0mA)]
21-03-09 10:01:56.136 [3897.333368 HC 0x121]
21-03-09 10:01:56.137 +[3897.650382 HC 0x02]
21-03-09 10:01:56.453 [3897.652111 HC 0x0b]
21-03-09 10:01:56.457 [3897.652853 HC 0x0d]
21-03-09 10:01:56.472 [3897.670003 charge_request(12720mV, 0mA)]
21-03-09 10:01:57.045 [3898.241908 charge_request(12728mV, 0mA)]
21-03-09 10:01:57.617 [3898.814541 charge_request(12736mV, 0mA)]
21-03-09 10:01:58.194 [3899.389266 charge_request(12728mV, 0mA)]
21-03-09 10:01:58.765 [3899.961563 charge_request(12720mV, 0mA)]
21-03-09 10:01:59.912 [3901.106013 charge_request(12712mV, 0mA)]
21-03-09 10:02:01.058 [3902.253690 charge_request(12720mV, 0mA)]
21-03-09 10:02:01.465 [3902.658915 HC 0x02]
21-03-09 10:02:01.465 [3902.661936 HC 0x0b]
21-03-09 10:02:01.468 [3902.663335 HC 0x0d]
21-03-09 10:02:01.632 [3902.826529 charge_request(12744mV, 0mA)]
21-03-09 10:02:02.205 [3903.399701 charge_request(12768mV, 0mA)]
21-03-09 10:02:05.078 [3906.270408 charge_request(12760mV, 0mA)]
21-03-09 10:02:05.650 [3906.842084 charge_request(12768mV, 0mA)]
21-03-09 10:02:05.702 [3906.895260 HC 0x02]
21-03-09 10:02:05.702 [3906.897621 HC 0x0b]
21-03-09 10:02:05.706 [3906.898512 HC 0x96]
21-03-09 10:02:06.226 [3907.418065 Battery 97% (Display 100.0 %) / 5h:18 to empty]
21-03-09 10:02:06.230 [3907.421272 charge_request(13048mV, 3568mA)]
21-03-09 10:02:06.375 [3907.566569 HC 0x121]
21-03-09 10:02:06.375 +[3911.564691 KB Clear Buffer]
21-03-09 10:02:10.376 [3911.565561 KB disable]
21-03-09 10:02:10.379 [3911.565987 KB IRQ disable]
21-03-09 10:02:11.055 [3912.242702 HC 0x0d]
21-03-09 10:02:11.057 [3912.246206 HC 0xa4]
21-03-09 10:02:11.615 [3912.383197 HC 0x0d]
21-03-09 10:02:11.616 [3912.386742 HC 0xa4]
21-03-09 10:02:11.616 [3912.409150 HC 0x11f]
21-03-09 10:02:14.195 [3915.381760 MKBP not cleared within threshold, toggling.]
21-03-09 10:02:15.196 [3916.382594 MKBP not cleared within threshold, toggling.]
21-03-09 10:02:17.204 [3918.389781 MKBP not cleared within threshold, toggling.]
21-03-09 10:02:18.205 [3919.390657 MKBP not cleared within threshold, toggling.]
21-03-09 10:02:20.211 [3921.397789 MKBP not cleared within threshold, toggling.]
21-03-09 10:02:21.212 [3922.398630 MKBP not cleared within threshold, toggling.]
21-03-09 10:02:23.219 [3924.405979 MKBP not cleared within threshold, toggling.]
21-03-09 10:02:24.219 [3925.406829 MKBP not cleared within threshold, toggling.]
21-03-09 10:02:26.223 [3927.413793 MKBP not cleared within threshold, toggling.]
21-03-09 10:02:27.224 [3928.414930 MKBP not cleared within threshold, toggling.]
21-03-09 10:02:29.229 [3930.421773 MKBP not cleared within threshold, toggling.]
21-03-09 10:02:30.229 [3931.422626 MKBP not cleared within threshold, toggling.]
21-03-09 10:02:32.234 [3933.429784 MKBP not cleared within threshold, toggling.]
21-03-09 10:02:33.235 [3934.430967 MKBP not cleared within threshold, toggling.]
21-03-09 10:02:34.422 [3935.619420 Battery 98% (Display 100.0 %) / 0h:26 to full]
21-03-09 10:02:35.241 [3936.439484 MKBP not cleared within threshold, toggling.]
21-03-09 10:02:36.241 [3937.440341 MKBP not cleared within threshold, toggling.]
21-03-09 10:02:38.245 [3939.446028 MKBP not cleared within threshold, toggling.]
21-03-09 10:02:39.245 [3940.446858 MKBP not cleared within threshold, toggling.]
21-03-09 10:02:39.780 [3940.982097 HC 0x0d]
21-03-09 10:02:39.784 [3940.985961 HC 0xa4]
21-03-09 10:02:41.251 [3942.453786 MKBP not cleared within threshold, toggling.]
21-03-09 10:02:41.878 [3943.081620 HC 0xa4]
21-03-09 10:02:41.878 +++(++)[3943.247467 HC 0x0d]
21-03-09 10:02:42.044 [3943.248193 HC 0xa4]
21-03-09 10:02:42.048 [3943.249390 HC 0x67 err 9]
21-03-09 10:02:42.048 +[3943.263662 HC 0x121]
21-03-09 10:02:42.469 [3943.672155 HC 0x02]
21-03-09 10:02:42.551 [3943.754140 HC 0x102]
21-03-09 10:02:42.551 [3943.754819 HC 0x128]
21-03-09 10:02:42.554 [3943.755459 HC 0x12a]
21-03-09 10:02:42.670 [3943.874498 HC 0x11f]
21-03-09 10:02:42.670 [3943.875042 HC 0x11f err 3]
21-03-09 10:02:42.678 +[3943.882909 HC 0x06]
21-03-09 10:02:42.816 [3944.020056 HC 0x11f]
21-03-09 10:02:43.059 [3944.262821 MKBP not cleared within threshold, toggling.]
21-03-09 10:02:44.059 [3945.263659 MKBP not cleared within threshold, toggling.]
21-03-09 10:02:45.143 [3946.346362 HC 0x0b]
21-03-09 10:02:45.147 [3946.351745 HC 0x2d]
21-03-09 10:02:45.242 [3946.446718 HC 0x2d]
21-03-09 10:02:45.359 [3946.564078 power state 3 = S0, in 0x0039]
21-03-09 10:02:45.363 RTC: 0x00000f79 (3961.00 s)
21-03-09 10:02:45.363 [3946.564967 power state 8 = S0->S3, in 0x0039]
21-03-09 10:02:45.369 [3946.566217 PD:S0->S3]
21-03-09 10:02:45.369 RTC: 0x00000f79 (3961.00 s)
21-03-09 10:02:45.372 [3946.566836 power state 2 = S3, in 0x0039]
21-03-09 10:02:45.376 RTC: 0x00000f79 (3961.00 s)
21-03-09 10:02:45.379 [3946.567618 power state 9 = S3->S5, in 0x0039]
21-03-09 10:02:45.382 [3946.568184 HC Suppressed: 0x97=4 0x98=21 0x113=16 0x103=21 0x115=0 0x2b=157 0x67=170]
21-03-09 10:02:45.392 [3946.597830 USB charge p0 m0 i0]
21-03-09 10:02:45.396 [3946.598342 USB charge p1 m0 i0]
21-03-09 10:02:45.399 [3946.599266 PD:S3->S5]
21-03-09 10:02:45.399 [3946.599665 VB hook_shutdown]
21-03-09 10:02:45.401 RTC: 0x00000f79 (3961.00 s)
21-03-09 10:02:45.405 [3946.600301 power state 1 = S5, in 0x0039]
21-03-09 10:02:45.495 [3946.699841 Pen charge disable]
21-03-09 10:02:46.089 [3947.294628 MKBP not cleared within threshold, toggling.]
21-03-09 10:02:46.426 [3947.630597 power state 1 = S5, in 0x003f]
21-03-09 10:02:46.430 RTC: 0x00000f7a (3962.00 s)
21-03-09 10:02:46.430 [3947.631824 power state 6 = S5->S3, in 0x003f]
21-03-09 10:02:46.437 [3947.633405 PD:S5->S3]
21-03-09 10:02:46.437 RTC: 0x00000f7a (3962.00 s)
21-03-09 10:02:46.439 [3947.634105 power state 2 = S3, in 0x003f]
21-03-09 10:02:46.444 RTC: 0x00000f7a (3962.00 s)
21-03-09 10:02:46.445 [3947.634915 power state 7 = S3->S0, in 0x003f]
21-03-09 10:02:46.448 [3947.640368 USB charge p0 m2 i0]
21-03-09 10:02:46.452 [3947.640817 USB charge p1 m2 i0]
21-03-09 10:02:46.455 [3947.643931 PD:S3->S0]
21-03-09 10:02:46.459 RTC: 0x00000f7a (3962.00 s)
21-03-09 10:02:46.462 [3947.644595 power state 3 = S0, in 0x003f]
21-03-09 10:02:46.465 [3947.645218 Lid Accel: MS Done Init type:0x0 range:2]
21-03-09 10:02:46.468 [3947.666314 Base Accel: MS Done Init type:0x0 range:4]
21-03-09 10:02:46.477 [3947.668870 Base Gyro: MS Done Init type:0x1 range:1000]
21-03-09 10:02:46.481 [3947.670054 Lid Accel ODR: 10000 - roundup 1 from config 1 [AP 0]]
21-03-09 10:02:46.485 [3947.680070 Base Accel ODR: 13000 - roundup 1 from config 1 [AP 0]]
21-03-09 10:02:46.491 [3947.684489 C0: PE_VDM_Identity_Request_Cbl]
21-03-09 10:02:46.494 [3947.685055 C0: PE_SNK_Ready]
21-03-09 10:02:46.498 [3947.685615 C0: PE_INIT_PORT_VDM_Identity_Request]
21-03-09 10:02:46.504 [3947.687617 Base Gyro ODR: 0 - roundup 0 from config 0 [AP 0]]
21-03-09 10:02:46.507 [3947.693574 C0: PE_SNK_Ready]
21-03-09 10:02:46.530 [3947.734006 Pen charge disable]
21-03-09 10:02:46.635 [3947.840421 disable_adc_irqs_deferred]
21-03-09 10:02:46.639 [3947.841034 power state 3 = S0, in 0x007f]
21-03-09 10:02:46.991 [3948.194616 HC 0x0d]
21-03-09 10:02:46.994 [3948.198441 HC 0xa4]
21-03-09 10:02:47.091 [3948.295474 MKBP not cleared within threshold, toggling.]
21-03-09 10:02:47.323 [3948.526261 HC 0x4b]
21-03-09 10:02:47.323 [3948.527091 HC 0x4b err 4]
21-03-09 10:02:47.426 [3948.629868 HC 0xa0]
21-03-09 10:02:47.495 [3948.699301 HC 0x11f]
21-03-09 10:02:49.116 [3950.321442 MKBP not cleared within threshold, toggling.]
21-03-09 10:02:50.117 [3951.322285 MKBP not cleared within threshold, toggling.]
21-03-09 10:02:52.138 [3953.342823 MKBP not cleared within threshold, toggling.]
21-03-09 10:02:53.138 [3954.343657 MKBP not cleared within threshold, toggling.]
21-03-09 10:02:55.146 [3956.350818 MKBP not cleared within threshold, toggling.]
21-03-09 10:02:56.148 [3957.351886 MKBP not cleared within threshold, toggling.]
21-03-09 10:02:58.156 [3959.358782 MKBP not cleared within threshold, toggling.]
21-03-09 10:02:59.157 [3960.359608 MKBP not cleared within threshold, toggling.]
21-03-09 10:03:01.161 [3962.362518 MKBP not cleared within threshold, toggling.]
21-03-09 10:03:02.163 [3963.363367 MKBP not cleared within threshold, toggling.]
21-03-09 10:03:04.176 [3965.375119 MKBP not cleared within threshold, toggling.]
21-03-09 10:03:05.178 [3966.375974 MKBP not cleared within threshold, toggling.]
21-03-09 10:03:07.182 [3968.379502 MKBP not cleared within threshold, toggling.]
21-03-09 10:03:08.184 [3969.380337 MKBP not cleared within threshold, toggling.]
21-03-09 10:03:10.196 [3971.390803 MKBP not cleared within threshold, toggling.]
21-03-09 10:03:11.198 [3972.391651 MKBP not cleared within threshold, toggling.]
21-03-09 10:03:13.203 [3974.395887 MKBP not cleared within threshold, toggling.]
21-03-09 10:03:14.219 [3975.396744 MKBP not cleared within threshold, toggling.]
21-03-09 10:03:16.217 [3977.407254 MKBP not cleared within threshold, toggling.]
21-03-09 10:03:17.218 [3978.408228 MKBP not cleared within threshold, toggling.]
21-03-09 10:03:18.337 [3979.526737 HC 0x0d]
21-03-09 10:03:18.340 [3979.530353 HC 0xa4]
21-03-09 10:03:18.340 +++(++)[3979.696074 HC 0x0d]
21-03-09 10:03:18.506 [3979.696804 HC 0xa4]
21-03-09 10:03:18.510 [3979.698001 HC 0x67 err 9]
21-03-09 10:03:18.510 +[3979.712309 HC 0x121]
21-03-09 10:03:18.916 [3980.105890 HC 0x02]
21-03-09 10:03:18.998 [3980.187769 HC 0x102]
21-03-09 10:03:18.998 [3980.188711 HC 0x128]
21-03-09 10:03:19.002 [3980.189377 HC 0x12a]
21-03-09 10:03:19.118 [3980.307921 HC 0x11f]
21-03-09 10:03:19.118 [3980.308464 HC 0x11f err 3]
21-03-09 10:03:19.125 +[3980.316051 HC 0x06]
21-03-09 10:03:19.263 [3980.452929 HC 0x11f]
21-03-09 10:03:19.543 [3980.732426 MKBP not cleared within threshold, toggling.]
21-03-09 10:03:20.543 [3981.733271 MKBP not cleared within threshold, toggling.]
21-03-09 10:03:21.606 [3982.790207 HC 0x0b]
21-03-09 10:03:21.609 [3982.795581 HC 0x2d]
21-03-09 10:03:21.650 [3982.839541 HC 0x102]
21-03-09 10:03:21.650 [3982.840227 HC 0x11b]
21-03-09 10:03:21.654 [3982.840954 HC 0xb7]
21-03-09 10:03:21.654 [3982.841421 System unlocked, TCPC I2C tunnels may be unprotected]
21-03-09 10:03:21.899 [3983.087851 KB Clear Buffer]
21-03-09 10:03:21.899 [3983.088894 KB enable]
21-03-09 10:03:21.902 [3983.089286 KB Clear Buffer]
21-03-09 10:03:21.905 [3983.089864 KB scancode set to 1]
21-03-09 10:03:21.909 [3983.090437 KB Clear Buffer]
21-03-09 10:03:21.912 [3983.091017 KB Clear Buffer]
21-03-09 10:03:22.554 [3983.742792 MKBP not cleared within threshold, toggling.]
21-03-09 10:03:23.555 [3984.743634 MKBP not cleared within threshold, toggling.]
21-03-09 10:03:23.787 Port 80 writes:
21-03-09 10:03:23.787   0c 0d 13 15 7f 01 16 22 02 32 14 15 17 18 19 20 21 22 25 3f
21-03-09 10:03:23.794   43 44 4f 23 37 50 5f 40 41 42 47 80 81 82 83 61 63 03 04 05
21-03-09 10:03:23.797   06 07 0f 65 64 0f 6a 71 7f 99 72 24 25 55 73 94 94 74 75 75
21-03-09 10:03:23.803   75 75 75 75 75 75 75 75 75 75 75 75 75 75 75 75 75 75 75 75
21-03-09 10:03:23.810   75 75 75 75 75 75 75 75 75 75 75 75 75 75 75 75 75 75 75 75
21-03-09 10:03:23.813   75 75 75 75 75 75 75 75 76 77 79 9c 93 7a 95 05 25 95 88 01
21-03-09 10:03:23.820   02 03 04 89 fe 7b f8 aa <--new
21-03-09 10:03:24.190 [3985.378657 HC 0x2d]
21-03-09 10:03:24.194 [3985.382740 KS disable]
21-03-09 10:03:24.194 [3985.383480 KB Clear Buffer]
21-03-09 10:03:24.198 [3985.384078 KB disable]
21-03-09 10:03:24.198 [3985.384410 KB Clear Buffer]
21-03-09 10:03:24.467 [3985.655190 HC 0xa4]
21-03-09 10:03:24.467 [3985.656475 HC 0x67 err 9]
21-03-09 10:03:24.472 +[3986.409259 KB Clear Buffer]
21-03-09 10:03:25.221 [3986.409977 KB Clear Buffer]
21-03-09 10:03:25.224 [3986.411188 KB IRQ enable]
21-03-09 10:03:25.228 [3986.411578 KB enable]
21-03-09 10:03:25.230 [3986.412420 KB Clear Buffer]
21-03-09 10:03:25.230 [3986.414091 KS enable]
21-03-09 10:03:25.234 [3986.414508 KB Clear Buffer]
21-03-09 10:03:25.237 [3986.424404 HC 0x0b]
21-03-09 10:03:25.237 [3986.425145 HC 0x400b]
21-03-09 10:03:25.240 [3986.425610 HC 0x400b err 1]
21-03-09 10:03:25.244 [3986.426347 HC 0x08]
21-03-09 10:03:25.244 +[3986.427895 HC 0x8d]
21-03-09 10:03:25.261 [3986.429470 HC 0x0d]
21-03-09 10:03:25.261 [3986.432159 HC 0x102]
21-03-09 10:03:25.261 [3986.432951 HC 0x105]
21-03-09 10:03:25.261 [3986.434541 HC 0xa9]
21-03-09 10:03:25.261 [3986.435454 HC 0x112]
21-03-09 10:03:25.261 [3986.436770 HC 0x28]
21-03-09 10:03:25.261 [3986.437572 HC 0x28 err 1]
21-03-09 10:03:25.262 [3986.438178 HC 0xd3]
21-03-09 10:03:25.266 [3986.438903 HC 0x08]
21-03-09 10:03:25.266 [3986.442323 HC 0x121]
21-03-09 10:03:25.269 [3986.454111 HC 0x102]
21-03-09 10:03:25.269 [3986.455039 HC 0x111]
21-03-09 10:03:25.275 +++(++)[3988.500637 HC 0x112]
21-03-09 10:03:27.313 [3988.501697 HC 0x117]
21-03-09 10:03:27.819 [3989.007061 HC 0x112]
21-03-09 10:03:28.206 Port 80 writes:
21-03-09 10:03:28.206   0d 13 15 7f 01 16 22 02 32 14 15 17 18 19 20 21 22 25 3f 43
21-03-09 10:03:28.213   44 4f 23 37 50 5f 40 41 42 47 80 81 82 83 61 63 03 04 05 06
21-03-09 10:03:28.216   07 0f 65 64 0f 6a 71 7f 99 72 24 25 55 73 94 94 74 75 75 75
21-03-09 10:03:28.222   75 75 75 75 75 75 75 75 75 75 75 75 75 75 75 75 75 75 75 75
21-03-09 10:03:28.229   75 75 75 75 75 75 75 75 75 75 75 75 75 75 75 75 75 75 75 75
21-03-09 10:03:28.236   75 75 75 75 75 75 75 76 77 79 9c 93 7a 95 05 25 95 88 01 02
21-03-09 10:03:28.238   03 04 89 fe 7b f8 aa ab <--new
21-03-09 10:03:29.183 [3990.370358 HC 0x08]
21-03-09 10:03:29.183 +++[3993.729258 HC 0x08]
21-03-09 10:03:32.550 [3993.736690 HC 0x0d]
21-03-09 10:03:32.556 +[3993.743139 HC 0x102]
21-03-09 10:03:32.556 [3993.744090 HC 0x101]
21-03-09 10:03:32.558 [3993.746978 HC 0x133]
21-03-09 10:03:32.561 [3993.750471 HC 0x131]
21-03-09 10:03:32.564 [3993.752885 HC 0x11a]
21-03-09 10:03:34.200 [3995.388379 HC 0x02]
21-03-09 10:03:34.204 [3995.392068 HC 0x0b]
21-03-09 10:03:34.211 [3995.398911 HC 0x05]
21-03-09 10:03:34.282 [3995.469839 HC 0x121]
21-03-09 10:03:34.287 +[3995.762199 HC 0x05]
21-03-09 10:03:34.575 +[3995.765771 HC 0x02]
21-03-09 10:03:34.687 [3995.875511 HC 0x11b]
21-03-09 10:03:34.718 +[3995.906374 HC 0x11b err 3]
21-03-09 10:03:35.710 [3996.897179 HC 0x121]
21-03-09 10:03:35.710 +[3998.281409 HC 0x01]
21-03-09 10:03:37.094 [3998.282095 HC 0x0b]
21-03-09 10:03:37.097 [3998.282837 HC 0x02]
21-03-09 10:03:37.097 [3998.284161 HC 0x08]
21-03-09 10:03:37.101 [3998.285052 HC 0x10]
21-03-09 10:03:37.104 +[3998.287112 HC 0x05]
21-03-09 10:03:37.104 [3998.288181 HC 0x18]
21-03-09 10:03:37.107 [3998.288646 HC 0x18 err 1]
21-03-09 10:03:37.110 +[3998.289386 HC 0x18 err 1]
21-03-09 10:03:37.110 +[3998.290466 HC 0x18 err 1]
21-03-09 10:03:37.113 [3998.291261 HC 0x16]
21-03-09 10:03:37.117 +[3998.292661 HC 0x15]
21-03-09 10:03:37.740 [3998.926914 HC 0x02]
21-03-09 10:03:37.740 [3998.929873 HC 0x0b]
21-03-09 10:03:37.744 [3998.931392 HC 0x96]
21-03-09 10:03:38.084 [3999.272213 charge_request(13000mV, 0mA)]
21-03-09 10:03:38.660 [3999.847788 Battery 98% (Display 100.0 %) / 0h:26 to full]
21-03-09 10:03:38.663 [3999.850840 charge_request(12824mV, 0mA)]
21-03-09 10:03:39.237 [4000.424919 charge_request(12768mV, 0mA)]
21-03-09 10:03:39.811 [4000.999124 charge_request(12752mV, 0mA)]
21-03-09 10:03:40.112 [4001.299664 HC 0x02]
21-03-09 10:03:40.112 [4001.301087 HC 0x0b]
21-03-09 10:03:40.116 [4001.304368 HC 0x70]
21-03-09 10:03:40.118 +[4001.323274 HC 0x02]
21-03-09 10:03:40.135 [4001.324846 HC 0x0b]
21-03-09 10:03:40.383 [4001.571507 charge_request(12760mV, 0mA)]
21-03-09 10:03:40.958 [4002.145909 charge_request(12752mV, 0mA)]
21-03-09 10:03:42.102 [4003.289815 charge_request(12744mV, 0mA)]
21-03-09 10:03:42.176 [4003.364121 HC 0x05]
21-03-09 10:03:42.176 +[4003.366315 HC 0x02]
21-03-09 10:03:42.411 [4003.599688 HC 0x02]
21-03-09 10:03:42.424 [4003.612609 HC 0x0b]
21-03-09 10:03:42.424 [4003.615149 HC 0x0d]
21-03-09 10:03:42.455 [4003.644136 HC 0x02]
21-03-09 10:03:42.455 [4003.645595 HC 0x0b]
21-03-09 10:03:42.458 [4003.647064 HC 0x70]
21-03-09 10:03:42.458 +[4006.156935 charge_request(12736mV, 0mA)]
21-03-09 10:03:45.542 [4006.731036 charge_request(12744mV, 0mA)]
21-03-09 10:03:45.950 [4007.137335 HC 0x121]
21-03-09 10:03:45.951 +[4007.304040 charge_request(12736mV, 0mA)]
21-03-09 10:03:46.564 [4007.753753 HC 0x02]
21-03-09 10:03:46.564 [4007.755139 HC 0x0b]
21-03-09 10:03:46.567 [4007.755831 HC 0x0d]
21-03-09 10:03:47.259 [4008.449119 charge_request(12744mV, 0mA)]
21-03-09 10:03:48.406 [4009.596097 charge_request(12728mV, 0mA)]
21-03-09 10:03:48.981 [4010.171501 charge_request(12736mV, 0mA)]
21-03-09 10:03:49.557 [4010.747295 charge_request(12720mV, 0mA)]
21-03-09 10:03:50.703 [4011.893612 charge_request(12728mV, 0mA)]
21-03-09 10:03:51.276 [4012.466336 charge_request(12752mV, 0mA)]
21-03-09 10:03:51.587 [4012.777470 HC 0x02]
21-03-09 10:03:51.587 [4012.778991 HC 0x0b]
21-03-09 10:03:51.591 [4012.779851 HC 0x0d]
21-03-09 10:03:51.850 [4013.040367 charge_request(12784mV, 0mA)]
21-03-09 10:03:52.423 [4013.613870 charge_request(12776mV, 0mA)]
21-03-09 10:03:52.997 [4014.188418 charge_request(12784mV, 0mA)]
21-03-09 10:03:53.569 [4014.760619 charge_request(12768mV, 0mA)]
21-03-09 10:03:54.141 [4015.332741 charge_request(12776mV, 0mA)]
21-03-09 10:03:55.419 [4016.610430 HC 0x02]
21-03-09 10:03:55.419 [4016.612893 HC 0x0b]
21-03-09 10:03:55.423 [4016.613905 HC 0x96]
21-03-09 10:03:55.866 [4017.054780 charge_request(12760mV, 0mA)]
21-03-09 10:03:56.439 [4017.630304 Battery 98% (Display 100.0 %) / 4h:31 to empty]
21-03-09 10:03:56.442 [4017.633344 charge_request(13048mV, 3568mA)]
21-03-09 10:03:59.438 [4020.630428 KB Clear Buffer]
21-03-09 10:03:59.439 [4020.631356 KB disable]
21-03-09 10:03:59.442 [4020.631788 KB IRQ disable]
21-03-09 10:04:00.116 [4021.307920 HC 0x0d]
21-03-09 10:04:00.119 [4021.311417 HC 0xa4]
21-03-09 10:04:00.256 [4021.448391 HC 0x0d]
21-03-09 10:04:00.259 [4021.451936 HC 0xa4]
21-03-09 10:04:00.282 [4021.474353 HC 0x11f]
21-03-09 10:04:03.999 [4025.190833 MKBP not cleared within threshold, toggling.]
21-03-09 10:04:05.000 [4026.191664 MKBP not cleared within threshold, toggling.]
21-03-09 10:04:07.031 [4028.222647 MKBP not cleared within threshold, toggling.]
21-03-09 10:04:08.033 [4029.223484 MKBP not cleared within threshold, toggling.]
21-03-09 10:04:10.041 [4031.230828 MKBP not cleared within threshold, toggling.]
21-03-09 10:04:11.042 [4032.231669 MKBP not cleared within threshold, toggling.]
21-03-09 10:04:13.050 [4034.239059 MKBP not cleared within threshold, toggling.]
21-03-09 10:04:14.052 [4035.239891 MKBP not cleared within threshold, toggling.]
21-03-09 10:04:16.060 [4037.246807 MKBP not cleared within threshold, toggling.]
21-03-09 10:04:17.061 [4038.247953 MKBP not cleared within threshold, toggling.]
21-03-09 10:04:19.070 [4040.254795 MKBP not cleared within threshold, toggling.]
21-03-09 10:04:20.072 [4041.257131 MKBP not cleared within threshold, toggling.]
21-03-09 10:04:22.080 [4043.263131 MKBP not cleared within threshold, toggling.]
21-03-09 10:04:23.081 [4044.264295 MKBP not cleared within threshold, toggling.]
21-03-09 10:04:25.089 [4046.271096 MKBP not cleared within threshold, toggling.]
21-03-09 10:04:26.091 [4047.271952 MKBP not cleared within threshold, toggling.]
21-03-09 10:04:28.098 [4049.278830 MKBP not cleared within threshold, toggling.]
21-03-09 10:04:29.099 [4050.279690 MKBP not cleared within threshold, toggling.]
21-03-09 10:04:29.125 [4050.305369 HC 0x0d]
21-03-09 10:04:29.128 [4050.308832 HC 0xa4]
21-03-09 10:04:31.106 [4052.286808 MKBP not cleared within threshold, toggling.]
21-03-09 10:04:31.222 [4052.402749 HC 0xa4]
21-03-09 10:04:31.222 +++(++)[4052.568418 HC 0x0d]
21-03-09 10:04:31.388 [4052.569144 HC 0xa4]
21-03-09 10:04:31.392 [4052.570343 HC 0x67 err 9]
21-03-09 10:04:31.392 +[4052.584665 HC 0x121]
21-03-09 10:04:31.815 [4052.993070 HC 0x02]
21-03-09 10:04:31.895 [4053.075029 HC 0x102]
21-03-09 10:04:31.895 [4053.075710 HC 0x128]
21-03-09 10:04:31.898 [4053.076349 HC 0x12a]
21-03-09 10:04:32.015 [4053.195265 HC 0x11f]
21-03-09 10:04:32.015 [4053.195807 HC 0x11f err 3]
21-03-09 10:04:32.022 +[4053.203666 HC 0x06]
21-03-09 10:04:32.160 [4053.340572 HC 0x11f]
21-03-09 10:04:32.395 [4053.575171 MKBP not cleared within threshold, toggling.]
21-03-09 10:04:33.395 [4054.576004 MKBP not cleared within threshold, toggling.]
21-03-09 10:04:34.500 [4055.679896 HC 0x0b]
21-03-09 10:04:34.505 [4055.685601 HC 0x2d]
21-03-09 10:04:34.600 [4055.780794 HC 0x2d]
21-03-09 10:04:34.718 [4055.898033 power state 3 = S0, in 0x0039]
21-03-09 10:04:34.721 RTC: 0x00000fe7 (4071.00 s)
21-03-09 10:04:34.721 [4055.898922 power state 8 = S0->S3, in 0x0039]
21-03-09 10:04:34.728 [4055.899844 PD:S0->S3]
21-03-09 10:04:34.728 RTC: 0x00000fe7 (4071.00 s)
21-03-09 10:04:34.731 [4055.900464 power state 2 = S3, in 0x0039]
21-03-09 10:04:34.735 RTC: 0x00000fe7 (4071.00 s)
21-03-09 10:04:34.738 [4055.901251 power state 9 = S3->S5, in 0x0039]
21-03-09 10:04:34.741 [4055.901867 HC Suppressed: 0x97=4 0x98=22 0x113=15 0x103=19 0x115=0 0x2b=157 0x67=173]
21-03-09 10:04:34.750 [4055.931497 USB charge p0 m0 i0]
21-03-09 10:04:34.754 [4055.932010 USB charge p1 m0 i0]
21-03-09 10:04:34.754 [4055.932936 PD:S3->S5]
21-03-09 10:04:34.757 [4055.933336 VB hook_shutdown]
21-03-09 10:04:34.760 RTC: 0x00000fe7 (4071.00 s)
21-03-09 10:04:34.764 [4055.933974 power state 1 = S5, in 0x0039]
21-03-09 10:04:34.853 [4056.033513 Pen charge disable]
21-03-09 10:04:35.426 [4056.606231 MKBP not cleared within threshold, toggling.]
21-03-09 10:04:35.775 [4056.955684 power state 1 = S5, in 0x003f]
21-03-09 10:04:35.779 RTC: 0x00000fe8 (4072.00 s)
21-03-09 10:04:35.779 [4056.956577 power state 6 = S5->S3, in 0x003f]
21-03-09 10:04:35.785 [4056.958307 PD:S5->S3]
21-03-09 10:04:35.785 RTC: 0x00000fe8 (4072.00 s)
21-03-09 10:04:35.788 [4056.959047 power state 2 = S3, in 0x003f]
21-03-09 10:04:35.791 RTC: 0x00000fe8 (4072.00 s)
21-03-09 10:04:35.795 [4056.959894 power state 7 = S3->S0, in 0x003f]
21-03-09 10:04:35.798 [4056.965358 USB charge p0 m2 i0]
21-03-09 10:04:35.802 [4056.965797 USB charge p1 m2 i0]
21-03-09 10:04:35.804 [4056.968870 PD:S3->S0]
21-03-09 10:04:35.807 RTC: 0x00000fe8 (4072.00 s)
21-03-09 10:04:35.811 [4056.969533 power state 3 = S0, in 0x003f]
21-03-09 10:04:35.814 [4056.970179 Lid Accel: MS Done Init type:0x0 range:2]
21-03-09 10:04:35.817 [4056.991201 Base Accel: MS Done Init type:0x0 range:4]
21-03-09 10:04:35.824 [4056.993757 Base Gyro: MS Done Init type:0x1 range:1000]
21-03-09 10:04:35.830 [4056.994943 Lid Accel ODR: 10000 - roundup 1 from config 1 [AP 0]]
21-03-09 10:04:35.835 [4057.004127 C0: PE_VDM_Identity_Request_Cbl]
21-03-09 10:04:35.840 [4057.004703 C0: PE_SNK_Ready]
21-03-09 10:04:35.840 [4057.005411 C0: PE_INIT_PORT_VDM_Identity_Request]
21-03-09 10:04:35.847 [4057.007171 Base Accel ODR: 13000 - roundup 1 from config 1 [AP 0]]
21-03-09 10:04:35.853 [4057.013401 C0: PE_SNK_Ready]
21-03-09 10:04:35.857 [4057.021570 Base Gyro ODR: 0 - roundup 0 from config 0 [AP 0]]
21-03-09 10:04:35.879 [4057.059542 Pen charge disable]
21-03-09 10:04:35.984 [4057.165400 disable_adc_irqs_deferred]
21-03-09 10:04:35.988 [4057.166013 power state 3 = S0, in 0x007f]
21-03-09 10:04:36.341 [4057.522101 HC 0x0d]
21-03-09 10:04:36.345 [4057.525872 HC 0xa4]
21-03-09 10:04:36.427 [4057.607634 MKBP not cleared within threshold, toggling.]
21-03-09 10:04:36.673 [4057.853718 HC 0x4b]
21-03-09 10:04:36.673 [4057.854209 HC 0x4b err 4]
21-03-09 10:04:36.779 [4057.956985 HC 0xa0]
21-03-09 10:04:36.846 [4058.026464 HC 0x11f]
21-03-09 10:04:38.465 [4059.646350 MKBP not cleared within threshold, toggling.]
21-03-09 10:04:39.466 [4060.647459 MKBP not cleared within threshold, toggling.]
21-03-09 10:04:41.486 [4062.667759 MKBP not cleared within threshold, toggling.]
21-03-09 10:04:42.486 [4063.668752 MKBP not cleared within threshold, toggling.]
21-03-09 10:04:44.493 [4065.675704 MKBP not cleared within threshold, toggling.]
21-03-09 10:04:45.493 [4066.676634 MKBP not cleared within threshold, toggling.]
21-03-09 10:04:47.500 [4068.684019 MKBP not cleared within threshold, toggling.]
21-03-09 10:04:48.501 [4069.684869 MKBP not cleared within threshold, toggling.]
21-03-09 10:04:50.507 [4071.691464 MKBP not cleared within threshold, toggling.]
21-03-09 10:04:51.507 [4072.692305 MKBP not cleared within threshold, toggling.]
21-03-09 10:04:53.515 [4074.699825 MKBP not cleared within threshold, toggling.]
21-03-09 10:04:54.515 [4075.700979 MKBP not cleared within threshold, toggling.]
21-03-09 10:04:56.522 [4077.707851 MKBP not cleared within threshold, toggling.]
21-03-09 10:04:57.522 [4078.708771 MKBP not cleared within threshold, toggling.]
21-03-09 10:04:59.530 [4080.715691 MKBP not cleared within threshold, toggling.]
21-03-09 10:05:00.529 [4081.716544 MKBP not cleared within threshold, toggling.]
21-03-09 10:05:02.536 [4083.723999 MKBP not cleared within threshold, toggling.]
21-03-09 10:05:03.537 [4084.725092 MKBP not cleared within threshold, toggling.]
21-03-09 10:05:05.543 [4086.731700 MKBP not cleared within threshold, toggling.]
21-03-09 10:05:06.543 [4087.732548 MKBP not cleared within threshold, toggling.]
21-03-09 10:05:08.238 [4089.427652 HC 0x0d]
21-03-09 10:05:08.242 [4089.431115 HC 0xa4]
21-03-09 10:05:08.242 +++(++)[4089.596881 HC 0x0d]
21-03-09 10:05:08.408 [4089.597605 HC 0xa4]
21-03-09 10:05:08.412 [4089.598805 HC 0x67 err 9]
21-03-09 10:05:08.412 +[4089.612936 HC 0x121]
21-03-09 10:05:08.817 [4090.006545 HC 0x02]
21-03-09 10:05:08.900 [4090.088794 HC 0x102]
21-03-09 10:05:08.900 [4090.089474 HC 0x128]
21-03-09 10:05:08.903 [4090.090114 HC 0x12a]
21-03-09 10:05:09.020 [4090.208768 HC 0x11f]
21-03-09 10:05:09.020 [4090.209310 HC 0x11f err 3]
21-03-09 10:05:09.027 +[4090.216902 HC 0x06]
21-03-09 10:05:09.165 [4090.353838 HC 0x11f]
21-03-09 10:05:09.441 [4090.629970 MKBP not cleared within threshold, toggling.]
21-03-09 10:05:10.442 [4091.630815 MKBP not cleared within threshold, toggling.]
21-03-09 10:05:11.515 [4092.700909 HC 0x0b]
21-03-09 10:05:11.518 [4092.706282 HC 0x2d]
21-03-09 10:05:11.562 [4092.750341 HC 0x102]
21-03-09 10:05:11.562 [4092.751027 HC 0x11b]
21-03-09 10:05:11.565 [4092.751728 HC 0xb7]
21-03-09 10:05:11.565 [4092.752491 System unlocked, TCPC I2C tunnels may be unprotected]
21-03-09 10:05:11.812 [4093.000008 KB Clear Buffer]
21-03-09 10:05:11.812 [4093.001114 KB enable]
21-03-09 10:05:11.815 [4093.001469 KB Clear Buffer]
21-03-09 10:05:11.818 [4093.002101 KB scancode set to 1]
21-03-09 10:05:11.821 [4093.002680 KB Clear Buffer]
21-03-09 10:05:11.825 [4093.003258 KB Clear Buffer]
21-03-09 10:05:12.456 [4093.643705 MKBP not cleared within threshold, toggling.]
21-03-09 10:05:13.458 [4094.644557 MKBP not cleared within threshold, toggling.]
21-03-09 10:05:13.689 Port 80 writes:
21-03-09 10:05:13.689   0c 0d 13 15 7f 01 16 22 02 32 14 15 17 18 19 20 21 22 25 3f
21-03-09 10:05:13.692   43 44 4f 23 37 50 5f 40 41 42 47 80 81 82 83 61 63 03 04 05
21-03-09 10:05:13.701   06 07 0f 65 64 0f 6a 71 7f 99 72 24 25 55 73 94 94 74 75 75
21-03-09 10:05:13.707   75 75 75 75 75 75 75 75 75 75 75 75 75 75 75 75 75 75 75 75
21-03-09 10:05:13.710   75 75 75 75 75 75 75 75 75 75 75 75 75 75 75 75 75 75 75 75
21-03-09 10:05:13.717   75 75 75 75 75 75 75 75 76 77 79 9c 93 7a 95 05 25 95 88 01
21-03-09 10:05:13.723   02 03 04 89 fe 7b f8 aa <--new
21-03-09 10:05:14.102 [4095.289126 HC 0x2d]
21-03-09 10:05:14.106 [4095.293204 KS disable]
21-03-09 10:05:14.106 [4095.293627 KB Clear Buffer]
21-03-09 10:05:14.110 [4095.294229 KB disable]
21-03-09 10:05:14.110 [4095.294561 KB Clear Buffer]
21-03-09 10:05:14.384 [4095.570186 HC 0xa4]
21-03-09 10:05:14.385 [4095.571473 HC 0x67 err 9]
21-03-09 10:05:14.388 +[4096.318620 KB Clear Buffer]
21-03-09 10:05:15.134 [4096.319335 KB Clear Buffer]
21-03-09 10:05:15.137 [4096.320228 KB IRQ enable]
21-03-09 10:05:15.140 [4096.320642 KB enable]
21-03-09 10:05:15.145 [4096.321675 KB Clear Buffer]
21-03-09 10:05:15.145 [4096.323608 KS enable]
21-03-09 10:05:15.146 [4096.324023 KB Clear Buffer]
21-03-09 10:05:15.149 [4096.332279 HC 0x0b]
21-03-09 10:05:15.153 [4096.333264 HC 0x400b]
21-03-09 10:05:15.153 [4096.333723 HC 0x400b err 1]
21-03-09 10:05:15.156 [4096.334506 HC 0x08]
21-03-09 10:05:15.156 +[4096.335666 HC 0x8d]
21-03-09 10:05:15.160 [4096.336732 HC 0x0d]
21-03-09 10:05:15.165 [4096.338669 HC 0x102]
21-03-09 10:05:15.165 [4096.339338 HC 0x105]
21-03-09 10:05:15.165 [4096.340865 HC 0xa9]
21-03-09 10:05:15.168 [4096.341835 HC 0x112]
21-03-09 10:05:15.172 [4096.343031 HC 0x28]
21-03-09 10:05:15.172 [4096.343838 HC 0x28 err 1]
21-03-09 10:05:15.175 [4096.344661 HC 0xd3]
21-03-09 10:05:15.175 [4096.345485 HC 0x08]
21-03-09 10:05:15.178 [4096.350177 HC 0x121]
21-03-09 10:05:15.182 [4096.366477 HC 0x102]
21-03-09 10:05:15.182 [4096.367460 HC 0x111]
21-03-09 10:05:15.185 +++(++)[4098.414855 HC 0x112]
21-03-09 10:05:17.231 [4098.416054 HC 0x117]
21-03-09 10:05:17.737 [4098.919997 HC 0x112]
21-03-09 10:05:18.121 Port 80 writes:
21-03-09 10:05:18.121   0d 13 15 7f 01 16 22 02 32 14 15 17 18 19 20 21 22 25 3f 43
21-03-09 10:05:18.128   44 4f 23 37 50 5f 40 41 42 47 80 81 82 83 61 63 03 04 05 06
21-03-09 10:05:18.131   07 0f 65 64 0f 6a 71 7f 99 72 24 25 55 73 94 94 74 75 75 75
21-03-09 10:05:18.138   75 75 75 75 75 75 75 75 75 75 75 75 75 75 75 75 75 75 75 75
21-03-09 10:05:18.144   75 75 75 75 75 75 75 75 75 75 75 75 75 75 75 75 75 75 75 75
21-03-09 10:05:18.147   75 75 75 75 75 75 75 76 77 79 9c 93 7a 95 05 25 95 88 01 02
21-03-09 10:05:18.153   03 04 89 fe 7b f8 aa ab <--new
21-03-09 10:05:19.239 [4100.422035 HC 0x08]
21-03-09 10:05:19.239 +++[4103.689775 HC 0x08]
21-03-09 10:05:22.511 [4103.692975 HC 0x0d]
21-03-09 10:05:22.514 +[4103.698694 HC 0x102]
21-03-09 10:05:22.519 [4103.699998 HC 0x101]
21-03-09 10:05:22.523 [4103.702251 HC 0x133]
21-03-09 10:05:22.539 [4103.719225 HC 0x131]
21-03-09 10:05:22.545 [4103.724652 HC 0x11a]
21-03-09 10:05:24.298 [4105.473647 HC 0x02]
21-03-09 10:05:24.299 [4105.477823 HC 0x0b]
21-03-09 10:05:24.322 [4105.500577 HC 0x05]
21-03-09 10:05:24.381 [4105.559982 HC 0x121]
21-03-09 10:05:24.381 +[4105.905490 HC 0x05]
21-03-09 10:05:24.730 +[4105.918595 HC 0x02]
21-03-09 10:05:24.853 [4106.030000 HC 0x11b]
21-03-09 10:05:24.879 +[4106.058028 HC 0x11b err 3]
21-03-09 10:05:25.126 [4106.303131 HC 0x01]
21-03-09 10:05:25.126 [4106.304444 HC 0x0b]
21-03-09 10:05:25.129 [4106.306786 HC 0x02]
21-03-09 10:05:25.129 [4106.308126 HC 0x08]
21-03-09 10:05:25.132 [4106.308876 HC 0x10]
21-03-09 10:05:25.132 +[4106.311039 HC 0x05]
21-03-09 10:05:25.136 [4106.312425 HC 0x18]
21-03-09 10:05:25.155 [4106.312907 HC 0x18 err 1]
21-03-09 10:05:25.155 +[4106.313644 HC 0x18 err 1]
21-03-09 10:05:25.155 +[4106.314754 HC 0x18 err 1]
21-03-09 10:05:25.155 [4106.315427 HC 0x16]
21-03-09 10:05:25.155 +[4106.316606 HC 0x15]
21-03-09 10:05:25.626 [4106.803151 HC 0x121]
21-03-09 10:05:25.626 +[4109.601555 HC 0x02]
21-03-09 10:05:28.426 [4109.604372 HC 0x0b]
21-03-09 10:05:28.430 [4109.605250 HC 0x96]
21-03-09 10:05:28.606 [4109.781944 charge_request(12992mV, 0mA)]
21-03-09 10:05:29.184 [4110.359325 Battery 98% (Display 100.0 %) / 0h:25 to full]
21-03-09 10:05:29.187 [4110.361653 charge_request(13000mV, 0mA)]
21-03-09 10:05:29.764 [4110.935102 charge_request(12784mV, 0mA)]
21-03-09 10:05:30.335 [4111.509595 charge_request(12776mV, 0mA)]
21-03-09 10:05:30.891 [4112.064398 HC 0x02]
21-03-09 10:05:30.895 [4112.068102 HC 0x0b]
21-03-09 10:05:30.895 [4112.068927 HC 0x70]
21-03-09 10:05:30.898 +[4112.084837 charge_request(12768mV, 0mA)]
21-03-09 10:05:30.929 [4112.103276 HC 0x02]
21-03-09 10:05:30.930 [4112.106470 HC 0x0b]
21-03-09 10:05:31.483 [4112.656839 charge_request(12760mV, 0mA)]
21-03-09 10:05:32.283 [4113.455822 HC 0x05]
21-03-09 10:05:32.284 +[4113.458271 HC 0x02]
21-03-09 10:05:32.404 [4113.577239 HC 0x02]
21-03-09 10:05:32.404 [4113.578639 HC 0x0b]
21-03-09 10:05:32.408 [4113.579342 HC 0x0d]
21-03-09 10:05:32.419 [4113.591092 HC 0x02]
21-03-09 10:05:32.419 [4113.592480 HC 0x0b]
21-03-09 10:05:32.422 [4113.593372 HC 0x70]
21-03-09 10:05:32.422 +[4114.375822 charge_request(12752mV, 0mA)]
21-03-09 10:05:34.350 [4115.521682 charge_request(12760mV, 0mA)]
21-03-09 10:05:34.922 [4116.093634 charge_request(12768mV, 0mA)]
21-03-09 10:05:35.495 [4116.665408 charge_request(12752mV, 0mA)]
21-03-09 10:05:35.865 [4117.034412 HC 0x121]
21-03-09 10:05:35.865 +[4117.238255 charge_request(12744mV, 0mA)]
21-03-09 10:05:36.854 [4118.022833 HC 0x02]
21-03-09 10:05:36.854 [4118.024356 HC 0x0b]
21-03-09 10:05:36.857 [4118.025049 HC 0x0d]
21-03-09 10:05:37.791 [4118.960296 charge_request(12752mV, 0mA)]
21-03-09 10:05:38.364 [4119.532451 charge_request(12744mV, 0mA)]
21-03-09 10:05:40.087 [4121.254173 charge_request(12736mV, 0mA)]
21-03-09 10:05:41.810 [4122.975840 charge_request(12784mV, 0mA)]
21-03-09 10:05:41.873 [4123.036444 HC 0x02]
21-03-09 10:05:41.873 [4123.038452 HC 0x0b]
21-03-09 10:05:41.874 [4123.039295 HC 0x0d]
21-03-09 10:05:42.383 [4123.547917 charge_request(12792mV, 0mA)]
21-03-09 10:05:44.103 [4125.267187 charge_request(12784mV, 0mA)]
21-03-09 10:05:44.675 [4125.839058 charge_request(12792mV, 0mA)]
21-03-09 10:05:45.249 [4126.412998 charge_request(12784mV, 0mA)]
21-03-09 10:05:45.822 [4126.985381 charge_request(12768mV, 0mA)]
21-03-09 10:05:45.901 [4127.064384 HC 0x02]
21-03-09 10:05:45.901 [4127.066114 HC 0x0b]
21-03-09 10:05:45.905 [4127.067161 HC 0x96]
21-03-09 10:05:46.101 [4127.264496 HC 0x121]
21-03-09 10:05:46.101 +[4127.557454 charge_request(12760mV, 0mA)]
21-03-09 10:05:46.974 [4128.135966 Battery 98% (Display 100.0 %) / 4h:46 to empty]
21-03-09 10:05:46.978 [4128.139304 charge_request(13048mV, 3568mA)]
21-03-09 10:05:49.701 [4130.860866 KB Clear Buffer]
21-03-09 10:05:49.702 [4130.861802 KB disable]
21-03-09 10:05:49.704 [4130.862236 KB IRQ disable]
21-03-09 10:05:50.381 [4131.539797 HC 0x0d]
21-03-09 10:05:50.383 [4131.543618 HC 0xa4]
21-03-09 10:05:50.521 [4131.680779 HC 0x0d]
21-03-09 10:05:50.524 [4131.684331 HC 0xa4]
21-03-09 10:05:50.547 [4131.707038 HC 0x11f]
21-03-09 10:05:54.047 [4135.204330 MKBP not cleared within threshold, toggling.]
21-03-09 10:05:55.049 [4136.205171 MKBP not cleared within threshold, toggling.]
21-03-09 10:05:57.077 [4138.232907 MKBP not cleared within threshold, toggling.]
21-03-09 10:05:58.078 [4139.233757 MKBP not cleared within threshold, toggling.]
21-03-09 10:06:00.104 [4141.259686 MKBP not cleared within threshold, toggling.]
21-03-09 10:06:01.105 [4142.260526 MKBP not cleared within threshold, toggling.]
21-03-09 10:06:03.113 [4144.267704 MKBP not cleared within threshold, toggling.]
21-03-09 10:06:04.114 [4145.268558 MKBP not cleared within threshold, toggling.]
21-03-09 10:06:06.121 [4147.275694 MKBP not cleared within threshold, toggling.]
21-03-09 10:06:07.122 [4148.276827 MKBP not cleared within threshold, toggling.]
21-03-09 10:06:09.128 [4150.283711 MKBP not cleared within threshold, toggling.]
21-03-09 10:06:10.130 [4151.284849 MKBP not cleared within threshold, toggling.]
21-03-09 10:06:12.136 [4153.292004 MKBP not cleared within threshold, toggling.]
21-03-09 10:06:13.137 [4154.292874 MKBP not cleared within threshold, toggling.]
21-03-09 10:06:15.139 [4156.295369 MKBP not cleared within threshold, toggling.]
21-03-09 10:06:16.140 [4157.296202 MKBP not cleared within threshold, toggling.]
21-03-09 10:06:18.151 [4159.308222 MKBP not cleared within threshold, toggling.]
21-03-09 10:06:19.151 [4160.309071 MKBP not cleared within threshold, toggling.]
21-03-09 10:06:19.762 [4160.919852 HC 0x0d]
21-03-09 10:06:19.765 [4160.923319 HC 0xa4]
21-03-09 10:06:21.160 [4162.317683 MKBP not cleared within threshold, toggling.]
21-03-09 10:06:21.859 [4163.017065 HC 0xa4]
21-03-09 10:06:21.859 +++(++)[4163.182862 HC 0x0d]
21-03-09 10:06:22.026 [4163.183589 HC 0xa4]
21-03-09 10:06:22.030 [4163.184783 HC 0x67 err 9]
21-03-09 10:06:22.030 +[4163.199161 HC 0x121]
21-03-09 10:06:22.451 [4163.607504 HC 0x02]
21-03-09 10:06:22.532 [4163.689492 HC 0x102]
21-03-09 10:06:22.532 [4163.690175 HC 0x128]
21-03-09 10:06:22.536 [4163.690815 HC 0x12a]
21-03-09 10:06:22.652 [4163.809437 HC 0x11f]
21-03-09 10:06:22.652 [4163.809979 HC 0x11f err 3]
21-03-09 10:06:22.659 +[4163.817571 HC 0x06]
21-03-09 10:06:22.798 [4163.954815 HC 0x11f]
21-03-09 10:06:23.033 [4164.190407 MKBP not cleared within threshold, toggling.]
21-03-09 10:06:24.033 [4165.191244 MKBP not cleared within threshold, toggling.]
21-03-09 10:06:25.140 [4166.296792 HC 0x0b]
21-03-09 10:06:25.145 [4166.302162 HC 0x2d]
21-03-09 10:06:25.240 [4166.397009 HC 0x2d]
21-03-09 10:06:25.357 [4166.514267 power state 3 = S0, in 0x0039]
21-03-09 10:06:25.360 RTC: 0x00001056 (4182.00 s)
21-03-09 10:06:25.360 [4166.515160 power state 8 = S0->S3, in 0x0039]
21-03-09 10:06:25.367 [4166.516187 PD:S0->S3]
21-03-09 10:06:25.367 RTC: 0x00001056 (4182.00 s)
21-03-09 10:06:25.370 [4166.516822 power state 2 = S3, in 0x0039]
21-03-09 10:06:25.374 RTC: 0x00001056 (4182.00 s)
21-03-09 10:06:25.377 [4166.517607 power state 9 = S3->S5, in 0x0039]
21-03-09 10:06:25.380 [4166.518174 HC Suppressed: 0x97=4 0x98=21 0x113=16 0x103=20 0x115=0 0x2b=157 0x67=175]
21-03-09 10:06:25.390 [4166.547814 USB charge p0 m0 i0]
21-03-09 10:06:25.394 [4166.548326 USB charge p1 m0 i0]
21-03-09 10:06:25.398 [4166.549250 PD:S3->S5]
21-03-09 10:06:25.398 [4166.549649 VB hook_shutdown]
21-03-09 10:06:25.400 RTC: 0x00001056 (4182.00 s)
21-03-09 10:06:25.403 [4166.550290 power state 1 = S5, in 0x0039]
21-03-09 10:06:25.493 [4166.649831 Pen charge disable]
21-03-09 10:06:26.066 [4167.220105 MKBP not cleared within threshold, toggling.]
21-03-09 10:06:26.417 [4167.573444 power state 1 = S5, in 0x003f]
21-03-09 10:06:26.421 RTC: 0x00001057 (4183.00 s)
21-03-09 10:06:26.421 [4167.574341 power state 6 = S5->S3, in 0x003f]
21-03-09 10:06:26.427 [4167.576324 PD:S5->S3]
21-03-09 10:06:26.427 RTC: 0x00001057 (4183.00 s)
21-03-09 10:06:26.430 [4167.576960 power state 2 = S3, in 0x003f]
21-03-09 10:06:26.433 RTC: 0x00001057 (4183.00 s)
21-03-09 10:06:26.437 [4167.577768 power state 7 = S3->S0, in 0x003f]
21-03-09 10:06:26.440 [4167.583228 USB charge p0 m2 i0]
21-03-09 10:06:26.443 [4167.583667 USB charge p1 m2 i0]
21-03-09 10:06:26.446 [4167.586735 PD:S3->S0]
21-03-09 10:06:26.449 RTC: 0x00001057 (4183.00 s)
21-03-09 10:06:26.453 [4167.587403 power state 3 = S0, in 0x003f]
21-03-09 10:06:26.456 [4167.588050 Lid Accel: MS Done Init type:0x0 range:2]
21-03-09 10:06:26.459 [4167.609215 Base Accel: MS Done Init type:0x0 range:4]
21-03-09 10:06:26.465 [4167.611802 Base Gyro: MS Done Init type:0x1 range:1000]
21-03-09 10:06:26.472 [4167.612992 Lid Accel ODR: 10000 - roundup 1 from config 1 [AP 0]]
21-03-09 10:06:26.475 [4167.622160 C0: PE_VDM_Identity_Request_Cbl]
21-03-09 10:06:26.482 [4167.622735 C0: PE_SNK_Ready]
21-03-09 10:06:26.485 [4167.623443 C0: PE_INIT_PORT_VDM_Identity_Request]
21-03-09 10:06:26.488 [4167.625203 Base Accel ODR: 13000 - roundup 1 from config 1 [AP 0]]
21-03-09 10:06:26.495 [4167.631454 C0: PE_SNK_Ready]
21-03-09 10:06:26.498 [4167.639615 Base Gyro ODR: 0 - roundup 0 from config 0 [AP 0]]
21-03-09 10:06:26.521 [4167.676866 Pen charge disable]
21-03-09 10:06:26.626 [4167.783279 disable_adc_irqs_deferred]
21-03-09 10:06:26.630 [4167.783891 power state 3 = S0, in 0x007f]
21-03-09 10:06:26.984 [4168.139729 HC 0x0d]
21-03-09 10:06:26.987 [4168.143377 HC 0xa4]
21-03-09 10:06:27.064 [4168.220941 MKBP not cleared within threshold, toggling.]
21-03-09 10:06:27.315 [4168.470995 HC 0x4b]
21-03-09 10:06:27.315 [4168.471485 HC 0x4b err 4]
21-03-09 10:06:27.419 [4168.574085 HC 0xa0]
21-03-09 10:06:27.488 [4168.643634 HC 0x11f]
21-03-09 10:06:29.067 [4170.222628 MKBP not cleared within threshold, toggling.]
21-03-09 10:06:30.068 [4171.223454 MKBP not cleared within threshold, toggling.]
21-03-09 10:06:32.097 [4173.251475 MKBP not cleared within threshold, toggling.]
21-03-09 10:06:33.099 [4174.252298 MKBP not cleared within threshold, toggling.]
21-03-09 10:06:35.127 [4176.279145 MKBP not cleared within threshold, toggling.]
21-03-09 10:06:36.129 [4177.279979 MKBP not cleared within threshold, toggling.]
21-03-09 10:06:38.151 [4179.301868 MKBP not cleared within threshold, toggling.]
21-03-09 10:06:39.152 [4180.303319 MKBP not cleared within threshold, toggling.]
21-03-09 10:06:41.160 [4182.309754 MKBP not cleared within threshold, toggling.]
21-03-09 10:06:42.161 [4183.310605 MKBP not cleared within threshold, toggling.]
21-03-09 10:06:44.170 [4185.317843 MKBP not cleared within threshold, toggling.]
21-03-09 10:06:45.172 [4186.319267 MKBP not cleared within threshold, toggling.]
21-03-09 10:06:47.180 [4188.325740 MKBP not cleared within threshold, toggling.]
21-03-09 10:06:48.182 [4189.326584 MKBP not cleared within threshold, toggling.]
21-03-09 10:06:50.191 [4191.334265 MKBP not cleared within threshold, toggling.]
21-03-09 10:06:51.193 [4192.335124 MKBP not cleared within threshold, toggling.]
21-03-09 10:06:53.201 [4194.341756 MKBP not cleared within threshold, toggling.]
21-03-09 10:06:54.204 [4195.343481 MKBP not cleared within threshold, toggling.]
21-03-09 10:06:56.212 [4197.349764 MKBP not cleared within threshold, toggling.]
21-03-09 10:06:57.212 [4198.350608 MKBP not cleared within threshold, toggling.]
21-03-09 10:06:59.053 [4200.190431 HC 0x0d]
21-03-09 10:06:59.053 [4200.193917 HC 0xa4]
21-03-09 10:06:59.056 +++(++)[4200.357749 MKBP not cleared within threshold, toggling.]
21-03-09 10:06:59.223 [4200.359852 HC 0x0d]
21-03-09 10:06:59.228 [4200.360468 HC 0xa4]
21-03-09 10:06:59.228 [4200.361672 HC 0x67 err 9]
21-03-09 10:06:59.231 +[4200.376061 HC 0x121]
21-03-09 10:06:59.632 [4200.770122 HC 0x02]
21-03-09 10:06:59.715 [4200.852285 HC 0x102]
21-03-09 10:06:59.715 [4200.853038 HC 0x128]
21-03-09 10:06:59.718 [4200.853729 HC 0x12a]
21-03-09 10:06:59.835 [4200.972403 HC 0x11f]
21-03-09 10:06:59.835 [4200.972945 HC 0x11f err 3]
21-03-09 10:06:59.845 +[4200.980900 HC 0x06]
21-03-09 10:06:59.980 [4201.117870 HC 0x11f]
21-03-09 10:07:00.238 [4201.375047 MKBP not cleared within threshold, toggling.]
21-03-09 10:07:01.239 [4202.375905 MKBP not cleared within threshold, toggling.]
21-03-09 10:07:02.339 [4203.473859 HC 0x0b]
21-03-09 10:07:02.343 [4203.479234 HC 0x2d]
21-03-09 10:07:02.387 [4203.523457 HC 0x102]
21-03-09 10:07:02.387 [4203.524142 HC 0x11b]
21-03-09 10:07:02.390 [4203.524843 HC 0xb7]
21-03-09 10:07:02.390 [4203.525264 System unlocked, TCPC I2C tunnels may be unprotected]
21-03-09 10:07:02.638 [4203.774208 KB Clear Buffer]
21-03-09 10:07:02.638 [4203.775324 KB enable]
21-03-09 10:07:02.641 [4203.775722 KB Clear Buffer]
21-03-09 10:07:02.644 [4203.776671 KB scancode set to 1]
21-03-09 10:07:02.647 [4203.777250 KB Clear Buffer]
21-03-09 10:07:02.650 [4203.777830 KB Clear Buffer]
21-03-09 10:07:03.253 [4204.389832 MKBP not cleared within threshold, toggling.]
21-03-09 10:07:04.254 [4205.390674 MKBP not cleared within threshold, toggling.]
21-03-09 10:07:04.505 Port 80 writes:
21-03-09 10:07:04.505   0c 0d 13 15 7f 01 16 22 02 32 14 15 17 18 19 20 21 22 25 3f
21-03-09 10:07:04.509   43 44 4f 23 37 50 5f 40 41 42 47 80 81 82 83 61 63 03 04 05
21-03-09 10:07:04.516   06 07 0f 65 64 0f 6a 71 7f 99 72 24 25 55 73 94 94 74 75 75
21-03-09 10:07:04.519   75 75 75 75 75 75 75 75 75 75 75 75 75 75 75 75 75 75 75 75
21-03-09 10:07:04.527   75 75 75 75 75 75 75 75 75 75 75 75 75 75 75 75 75 75 75 75
21-03-09 10:07:04.533   75 75 75 75 75 75 75 75 76 77 79 9c 93 7a 95 05 25 95 88 01
21-03-09 10:07:04.536   02 03 04 89 fe 7b f8 aa <--new
21-03-09 10:07:04.929 [4206.065173 HC 0x2d]
21-03-09 10:07:04.933 [4206.069252 KS disable]
21-03-09 10:07:04.933 [4206.069735 KB Clear Buffer]
21-03-09 10:07:04.937 [4206.070273 KB disable]
21-03-09 10:07:04.937 [4206.070675 KB Clear Buffer]
21-03-09 10:07:05.224 [4206.359589 HC 0xa4]
21-03-09 10:07:05.224 [4206.360876 HC 0x67 err 9]
21-03-09 10:07:05.227 +[4207.109446 KB Clear Buffer]
21-03-09 10:07:05.974 [4207.110165 KB Clear Buffer]
21-03-09 10:07:05.978 [4207.111360 KB IRQ enable]
21-03-09 10:07:05.981 [4207.111796 KB enable]
21-03-09 10:07:05.985 [4207.112645 KB Clear Buffer]
21-03-09 10:07:05.985 [4207.114125 KS enable]
21-03-09 10:07:05.987 [4207.114509 KB Clear Buffer]
21-03-09 10:07:05.990 [4207.125046 HC 0x0b]
21-03-09 10:07:05.990 [4207.125948 HC 0x400b]
21-03-09 10:07:05.994 [4207.126733 HC 0x400b err 1]
21-03-09 10:07:05.997 [4207.127419 HC 0x08]
21-03-09 10:07:05.997 +[4207.128569 HC 0x8d]
21-03-09 10:07:06.000 [4207.129912 HC 0x0d]
21-03-09 10:07:06.017 [4207.131307 HC 0x102]
21-03-09 10:07:06.017 [4207.132585 HC 0x105]
21-03-09 10:07:06.017 [4207.133891 HC 0xa9]
21-03-09 10:07:06.017 [4207.134704 HC 0x112]
21-03-09 10:07:06.017 [4207.135738 HC 0x28]
21-03-09 10:07:06.018 [4207.136199 HC 0x28 err 1]
21-03-09 10:07:06.018 [4207.136903 HC 0xd3]
21-03-09 10:07:06.018 [4207.138090 HC 0x08]
21-03-09 10:07:06.018 [4207.141861 HC 0x121]
21-03-09 10:07:06.021 [4207.159045 HC 0x102]
21-03-09 10:07:06.025 [4207.160173 HC 0x111]
21-03-09 10:07:06.025 +++(++)[4209.204717 HC 0x112]
21-03-09 10:07:08.070 [4209.205772 HC 0x117]
21-03-09 10:07:08.576 [4209.710063 HC 0x112]
21-03-09 10:07:08.947 Port 80 writes:
21-03-09 10:07:08.947   0d 13 15 7f 01 16 22 02 32 14 15 17 18 19 20 21 22 25 3f 43
21-03-09 10:07:08.953   44 4f 23 37 50 5f 40 41 42 47 80 81 82 83 61 63 03 04 05 06
21-03-09 10:07:08.957   07 0f 65 64 0f 6a 71 7f 99 72 24 25 55 73 94 94 74 75 75 75
21-03-09 10:07:08.962   75 75 75 75 75 75 75 75 75 75 75 75 75 75 75 75 75 75 75 75
21-03-09 10:07:08.969   75 75 75 75 75 75 75 75 75 75 75 75 75 75 75 75 75 75 75 75
21-03-09 10:07:08.976   75 75 75 75 75 75 75 76 77 79 9c 93 7a 95 05 25 95 88 01 02
21-03-09 10:07:08.979   03 04 89 fe 7b f8 aa ab <--new
21-03-09 10:07:10.091 [4211.224424 HC 0x08]
21-03-09 10:07:10.091 +++[4214.901360 HC 0x08]
21-03-09 10:07:13.771 [4214.902151 HC 0x0d]
21-03-09 10:07:13.775 +[4214.903169 HC 0x102]
21-03-09 10:07:13.775 [4214.903949 HC 0x101]
21-03-09 10:07:13.777 [4214.905481 HC 0x133]
21-03-09 10:07:13.780 [4214.908131 HC 0x131]
21-03-09 10:07:13.780 [4214.910183 HC 0x11a]
21-03-09 10:07:15.376 [4216.505608 HC 0x02]
21-03-09 10:07:15.376 [4216.507215 HC 0x0b]
21-03-09 10:07:15.380 [4216.508283 HC 0x05]
21-03-09 10:07:15.637 [4216.766521 HC 0x121]
21-03-09 10:07:15.637 +[4216.947197 HC 0x05]
21-03-09 10:07:15.818 +[4216.953571 HC 0x02]
21-03-09 10:07:15.983 [4217.111096 HC 0x11b]
21-03-09 10:07:16.034 [4217.164173 HC 0x11b]
21-03-09 10:07:16.034 [4217.164705 HC 0x11b err 3]
21-03-09 10:07:16.467 [4217.596461 HC 0x121]
21-03-09 10:07:16.468 +[4220.080214 HC 0x01]
21-03-09 10:07:18.952 [4220.080881 HC 0x0b]
21-03-09 10:07:18.955 [4220.081603 HC 0x02]
21-03-09 10:07:18.955 [4220.082848 HC 0x08]
21-03-09 10:07:18.959 [4220.083986 HC 0x10]
21-03-09 10:07:18.961 +[4220.085227 HC 0x05]
21-03-09 10:07:18.961 [4220.086524 HC 0x18]
21-03-09 10:07:18.965 [4220.087007 HC 0x18 err 1]
21-03-09 10:07:18.968 +[4220.087817 HC 0x18 err 1]
21-03-09 10:07:18.968 +[4220.089086 HC 0x18 err 1]
21-03-09 10:07:18.971 [4220.089908 HC 0x16]
21-03-09 10:07:18.975 +[4220.091126 HC 0x15]
21-03-09 10:07:19.150 [4220.278508 HC 0x02]
21-03-09 10:07:19.154 [4220.282637 HC 0x0b]
21-03-09 10:07:19.157 [4220.285896 HC 0x96]
21-03-09 10:07:19.281 [4220.410081 charge_request(13000mV, 0mA)]
21-03-09 10:07:19.860 [4220.988218 Battery 98% (Display 100.0 %) / 0h:24 to full]
21-03-09 10:07:19.864 [4220.990625 charge_request(12992mV, 0mA)]
21-03-09 10:07:20.436 [4221.563802 charge_request(12800mV, 0mA)]
21-03-09 10:07:21.012 [4222.139706 charge_request(12776mV, 0mA)]
21-03-09 10:07:21.405 [4222.532284 HC 0x02]
21-03-09 10:07:21.406 [4222.535575 HC 0x0b]
21-03-09 10:07:21.409 [4222.537301 HC 0x70]
21-03-09 10:07:21.412 +[4222.562409 HC 0x02]
21-03-09 10:07:21.440 [4222.567661 HC 0x0b]
21-03-09 10:07:22.732 [4223.858763 charge_request(12768mV, 0mA)]
21-03-09 10:07:22.852 [4223.979277 HC 0x05]
21-03-09 10:07:22.852 +[4223.981444 HC 0x02]
21-03-09 10:07:22.995 [4224.122025 HC 0x02]
21-03-09 10:07:22.995 [4224.123709 HC 0x0b]
21-03-09 10:07:22.998 [4224.128047 HC 0x0d]
21-03-09 10:07:23.019 [4224.146055 HC 0x02]
21-03-09 10:07:23.030 [4224.157479 HC 0x0b]
21-03-09 10:07:23.030 [4224.158454 HC 0x70]
21-03-09 10:07:23.033 +[4225.007127 charge_request(12760mV, 0mA)]
21-03-09 10:07:26.176 [4227.301373 charge_request(12768mV, 0mA)]
21-03-09 10:07:26.707 [4227.828951 HC 0x121]
21-03-09 10:07:26.707 +[4227.875270 charge_request(12760mV, 0mA)]
21-03-09 10:07:27.412 [4228.535361 HC 0x02]
21-03-09 10:07:27.412 [4228.537011 HC 0x0b]
21-03-09 10:07:27.416 [4228.537758 HC 0x0d]
21-03-09 10:07:27.900 [4229.023112 charge_request(12752mV, 0mA)]
21-03-09 10:07:28.472 [4229.595074 charge_request(12768mV, 0mA)]
21-03-09 10:07:29.048 [4230.170811 charge_request(12760mV, 0mA)]
21-03-09 10:07:29.621 [4230.743563 charge_request(12752mV, 0mA)]
21-03-09 10:07:30.194 [4231.316602 charge_request(12744mV, 0mA)]
21-03-09 10:07:30.769 [4231.890446 charge_request(12736mV, 0mA)]
21-03-09 10:07:31.343 [4232.463654 charge_request(12744mV, 0mA)]
21-03-09 10:07:32.405 [4233.525196 HC 0x02]
21-03-09 10:07:32.405 [4233.526689 HC 0x0b]
21-03-09 10:07:32.409 [4233.527483 HC 0x0d]
21-03-09 10:07:32.488 [4233.608598 charge_request(12800mV, 0mA)]
21-03-09 10:07:34.783 [4235.902657 charge_request(12792mV, 0mA)]
21-03-09 10:07:35.358 [4236.477183 charge_request(12800mV, 0mA)]
21-03-09 10:07:36.506 [4237.624512 charge_request(12768mV, 0mA)]
21-03-09 10:07:36.516 [4237.634603 HC 0x02]
21-03-09 10:07:36.516 [4237.637443 HC 0x0b]
21-03-09 10:07:36.519 [4237.639381 HC 0x96]
21-03-09 10:07:36.947 [4238.065228 HC 0x121]
21-03-09 10:07:36.947 +[4238.201138 Battery 98% (Display 100.0 %) / 4h:10 to empty]
21-03-09 10:07:37.085 [4238.204480 charge_request(13048mV, 3568mA)]
21-03-09 10:07:40.943 [4242.060768 KB Clear Buffer]
21-03-09 10:07:40.943 [4242.061682 KB disable]
21-03-09 10:07:40.946 [4242.062116 KB IRQ disable]
21-03-09 10:07:41.622 [4242.740002 HC 0x0d]
21-03-09 10:07:41.625 [4242.743508 HC 0xa4]
21-03-09 10:07:41.762 [4242.880520 HC 0x0d]
21-03-09 10:07:41.766 [4242.884112 HC 0xa4]
21-03-09 10:07:41.789 [4242.906514 HC 0x11f]
21-03-09 10:07:44.910 [4246.026788 MKBP not cleared within threshold, toggling.]
21-03-09 10:07:45.914 [4247.027937 MKBP not cleared within threshold, toggling.]
21-03-09 10:07:47.940 [4249.056030 MKBP not cleared within threshold, toggling.]
21-03-09 10:07:48.941 [4250.057167 MKBP not cleared within threshold, toggling.]
21-03-09 10:07:50.955 [4252.070196 MKBP not cleared within threshold, toggling.]
21-03-09 10:07:51.956 [4253.071039 MKBP not cleared within threshold, toggling.]
21-03-09 10:07:53.959 [4255.073496 MKBP not cleared within threshold, toggling.]
21-03-09 10:07:54.961 [4256.074344 MKBP not cleared within threshold, toggling.]
21-03-09 10:07:56.974 [4258.085761 MKBP not cleared within threshold, toggling.]
21-03-09 10:07:57.975 [4259.086610 MKBP not cleared within threshold, toggling.]
21-03-09 10:07:59.979 [4261.089131 MKBP not cleared within threshold, toggling.]
21-03-09 10:08:00.981 [4262.089974 MKBP not cleared within threshold, toggling.]
21-03-09 10:08:02.993 [4264.101745 MKBP not cleared within threshold, toggling.]
21-03-09 10:08:03.995 [4265.102595 MKBP not cleared within threshold, toggling.]
21-03-09 10:08:05.998 [4267.104893 MKBP not cleared within threshold, toggling.]
21-03-09 10:08:06.999 [4268.105740 MKBP not cleared within threshold, toggling.]
21-03-09 10:08:09.017 [4270.117756 MKBP not cleared within threshold, toggling.]
21-03-09 10:08:10.013 [4271.118596 MKBP not cleared within threshold, toggling.]
21-03-09 10:08:10.972 [4272.076353 HC 0x0d]
21-03-09 10:08:10.975 [4272.079874 HC 0xa4]
21-03-09 10:08:12.016 [4273.121229 MKBP not cleared within threshold, toggling.]
21-03-09 10:08:13.018 [4274.122059 MKBP not cleared within threshold, toggling.]
21-03-09 10:08:13.069 [4274.173919 HC 0xa4]
21-03-09 10:08:13.069 +++(++)[4274.340246 HC 0x0d]
21-03-09 10:08:13.236 [4274.341288 HC 0xa4]
21-03-09 10:08:13.239 [4274.342487 HC 0x67 err 9]
21-03-09 10:08:13.239 +[4274.356582 HC 0x121]
21-03-09 10:08:13.663 [4274.764844 HC 0x02]
21-03-09 10:08:13.742 [4274.846719 HC 0x102]
21-03-09 10:08:13.742 [4274.847399 HC 0x128]
21-03-09 10:08:13.746 [4274.848038 HC 0x12a]
21-03-09 10:08:13.862 [4274.966702 HC 0x11f]
21-03-09 10:08:13.862 [4274.967246 HC 0x11f err 3]
21-03-09 10:08:13.870 +[4274.975168 HC 0x06]
21-03-09 10:08:14.008 [4275.112076 HC 0x11f]
21-03-09 10:08:14.249 [4275.353098 MKBP not cleared within threshold, toggling.]
21-03-09 10:08:15.250 [4276.353942 MKBP not cleared within threshold, toggling.]
21-03-09 10:08:16.359 [4277.461077 HC 0x0b]
21-03-09 10:08:16.363 [4277.466454 HC 0x2d]
21-03-09 10:08:16.458 [4277.561250 HC 0x2d]
21-03-09 10:08:16.575 [4277.678371 power state 3 = S0, in 0x0039]
21-03-09 10:08:16.579 RTC: 0x000010c6 (4294.00 s)
21-03-09 10:08:16.579 [4277.679265 power state 8 = S0->S3, in 0x0039]
21-03-09 10:08:16.586 [4277.680186 PD:S0->S3]
21-03-09 10:08:16.586 RTC: 0x000010c6 (4294.00 s)
21-03-09 10:08:16.588 [4277.680816 power state 2 = S3, in 0x0039]
21-03-09 10:08:16.592 RTC: 0x000010c6 (4294.00 s)
21-03-09 10:08:16.595 [4277.681640 power state 9 = S3->S5, in 0x0039]
21-03-09 10:08:16.598 [4277.682206 HC Suppressed: 0x97=4 0x98=23 0x113=16 0x103=21 0x115=0 0x2b=157 0x67=178]
21-03-09 10:08:16.608 [4277.711828 USB charge p0 m0 i0]
21-03-09 10:08:16.612 [4277.712341 USB charge p1 m0 i0]
21-03-09 10:08:16.612 [4277.713268 PD:S3->S5]
21-03-09 10:08:16.615 [4277.713667 VB hook_shutdown]
21-03-09 10:08:16.618 RTC: 0x000010c6 (4294.00 s)
21-03-09 10:08:16.621 [4277.714307 power state 1 = S5, in 0x0039]
21-03-09 10:08:16.710 [4277.813833 Pen charge disable]
21-03-09 10:08:17.270 [4278.373761 MKBP not cleared within threshold, toggling.]
21-03-09 10:08:17.664 [4278.767091 power state 1 = S5, in 0x003f]
21-03-09 10:08:17.668 RTC: 0x000010c7 (4295.00 s)
21-03-09 10:08:17.668 [4278.767987 power state 6 = S5->S3, in 0x003f]
21-03-09 10:08:17.675 [4278.769570 PD:S5->S3]
21-03-09 10:08:17.675 RTC: 0x000010c7 (4295.00 s)
21-03-09 10:08:17.678 [4278.770275 power state 2 = S3, in 0x003f]
21-03-09 10:08:17.680 RTC: 0x000010c7 (4295.00 s)
21-03-09 10:08:17.684 [4278.771089 power state 7 = S3->S0, in 0x003f]
21-03-09 10:08:17.693 [4278.776535 USB charge p0 m2 i0]
21-03-09 10:08:17.693 [4278.776973 USB charge p1 m2 i0]
21-03-09 10:08:17.694 [4278.780068 PD:S3->S0]
21-03-09 10:08:17.697 RTC: 0x000010c7 (4295.00 s)
21-03-09 10:08:17.700 [4278.780736 power state 3 = S0, in 0x003f]
21-03-09 10:08:17.704 [4278.781356 Lid Accel: MS Done Init type:0x0 range:2]
21-03-09 10:08:17.709 [4278.802423 Base Accel: MS Done Init type:0x0 range:4]
21-03-09 10:08:17.713 [4278.804979 Base Gyro: MS Done Init type:0x1 range:1000]
21-03-09 10:08:17.719 [4278.806170 Lid Accel ODR: 10000 - roundup 1 from config 1 [AP 0]]
21-03-09 10:08:17.726 [4278.816238 Base Accel ODR: 13000 - roundup 1 from config 1 [AP 0]]
21-03-09 10:08:17.729 [4278.820597 C0: PE_VDM_Identity_Request_Cbl]
21-03-09 10:08:17.735 [4278.821158 C0: PE_SNK_Ready]
21-03-09 10:08:17.739 [4278.821718 C0: PE_INIT_PORT_VDM_Identity_Request]
21-03-09 10:08:17.742 [4278.823725 Base Gyro ODR: 0 - roundup 0 from config 0 [AP 0]]
21-03-09 10:08:17.748 [4278.829530 C0: PE_SNK_Ready]
21-03-09 10:08:17.768 [4278.870780 Pen charge disable]
21-03-09 10:08:17.873 [4278.976587 disable_adc_irqs_deferred]
21-03-09 10:08:17.877 [4278.977198 power state 3 = S0, in 0x007f]
21-03-09 10:08:18.231 [4279.333306 HC 0x0d]
21-03-09 10:08:18.234 [4279.336815 HC 0xa4]
21-03-09 10:08:18.272 [4279.374593 MKBP not cleared within threshold, toggling.]
21-03-09 10:08:18.562 [4279.664590 HC 0x4b]
21-03-09 10:08:18.563 [4279.665080 HC 0x4b err 4]
21-03-09 10:08:18.666 [4279.768060 HC 0xa0]
21-03-09 10:08:18.735 [4279.837496 HC 0x11f]
21-03-09 10:08:20.274 [4281.376270 MKBP not cleared within threshold, toggling.]
21-03-09 10:08:21.275 [4282.377132 MKBP not cleared within threshold, toggling.]
21-03-09 10:08:23.303 [4284.404441 MKBP not cleared within threshold, toggling.]
21-03-09 10:08:24.305 [4285.405601 MKBP not cleared within threshold, toggling.]
21-03-09 10:08:26.322 [4287.422906 MKBP not cleared within threshold, toggling.]
21-03-09 10:08:27.325 [4288.423979 MKBP not cleared within threshold, toggling.]
21-03-09 10:08:29.332 [4290.430914 MKBP not cleared within threshold, toggling.]
21-03-09 10:08:30.334 [4291.431760 MKBP not cleared within threshold, toggling.]
21-03-09 10:08:32.345 [4293.439401 MKBP not cleared within threshold, toggling.]
21-03-09 10:08:33.084 [4294.181092 Battery 99% (Display 100.0 %) / 0h:21 to full]
21-03-09 10:08:33.344 [4294.440515 MKBP not cleared within threshold, toggling.]
21-03-09 10:08:35.352 [4296.447243 MKBP not cleared within threshold, toggling.]
21-03-09 10:08:36.354 [4297.448170 MKBP not cleared within threshold, toggling.]
21-03-09 10:08:38.362 [4299.454936 MKBP not cleared within threshold, toggling.]
21-03-09 10:08:39.364 [4300.455847 MKBP not cleared within threshold, toggling.]
21-03-09 10:08:41.373 [4302.462940 MKBP not cleared within threshold, toggling.]
21-03-09 10:08:42.375 [4303.463845 MKBP not cleared within threshold, toggling.]
21-03-09 10:08:44.385 [4305.472044 MKBP not cleared within threshold, toggling.]
21-03-09 10:08:45.387 [4306.472951 MKBP not cleared within threshold, toggling.]
21-03-09 10:08:47.395 [4308.479370 MKBP not cleared within threshold, toggling.]
21-03-09 10:08:48.398 [4309.480296 MKBP not cleared within threshold, toggling.]
21-03-09 10:08:50.406 [4311.486917 MKBP not cleared within threshold, toggling.]
21-03-09 10:08:50.932 Port 80 writes:
21-03-09 10:08:50.932   42 5a 20 21 22 11 15 09 1a 12 23 13 24 26 27 29 4c 28 74 2b
21-03-09 10:08:50.938   4c 2c 4e 31 2e 4b 34 57 2f 3e 3a 3b 3c 38 39 49 6d 30 32 37
21-03-09 10:08:50.940   29 35 41 3b 3c 38 39 47 3f 76 49 53 48 51 50 71 42 72 75 5c
21-03-09 10:08:50.947   5a 66 60 5d 01 21 55 7f 98 13 79 39 80 70 71 93 00 00 09 02
21-03-09 10:08:50.954   22 00 04 05 06 08 0a 0b 0c 0d 13 15 7f 01 16 22 02 32 14 15
21-03-09 10:08:50.957   17 18 19 20 21 22 25 3f 43 44 4f 23 37 50 5f 40 41 42 47 80
21-03-09 10:08:50.963   81 82 83 61 63 01 10 20 <--new
21-03-09 10:08:51.408 [4312.487824 MKBP not cleared within threshold, toggling.]
21-03-09 10:08:53.418 [4314.495196 MKBP not cleared within threshold, toggling.]
21-03-09 10:08:54.419 [4315.496094 MKBP not cleared within threshold, toggling.]
21-03-09 10:08:56.428 [4317.502926 MKBP not cleared within threshold, toggling.]
21-03-09 10:08:57.430 [4318.503831 MKBP not cleared within threshold, toggling.]
21-03-09 10:08:59.439 [4320.510922 MKBP not cleared within threshold, toggling.]
21-03-09 10:09:00.440 [4321.511828 MKBP not cleared within threshold, toggling.]
21-03-09 10:09:02.448 [4323.518914 MKBP not cleared within threshold, toggling.]
21-03-09 10:09:03.063 [4324.131356 power state 3 = S0, in 0x0039]
21-03-09 10:09:03.065 RTC: 0x000010f4 (4340.00 s)
21-03-09 10:09:03.065 [4324.132547 power state 8 = S0->S3, in 0x0039]
21-03-09 10:09:03.072 [4324.133547 PD:S0->S3]
21-03-09 10:09:03.072 RTC: 0x000010f4 (4340.00 s)
21-03-09 10:09:03.075 [4324.134250 power state 2 = S3, in 0x0039]
21-03-09 10:09:03.078 RTC: 0x000010f4 (4340.00 s)
21-03-09 10:09:03.082 [4324.135183 power state 9 = S3->S5, in 0x0039]
21-03-09 10:09:03.085 [4324.135826 HC Suppressed: 0x97=0 0x98=0 0x113=0 0x103=0 0x115=0 0x2b=0 0x67=0]
21-03-09 10:09:03.091 [4324.164487 USB charge p0 m0 i0]
21-03-09 10:09:03.094 [4324.165405 USB charge p1 m0 i0]
21-03-09 10:09:03.098 [4324.166411 PD:S3->S5]
21-03-09 10:09:03.101 [4324.166886 VB hook_shutdown]
21-03-09 10:09:03.104 RTC: 0x000010f4 (4340.00 s)
21-03-09 10:09:03.107 [4324.167604 power state 1 = S5, in 0x0039]
21-03-09 10:09:03.197 [4324.267054 Pen charge disable]
21-03-09 10:09:03.450 [4324.519821 MKBP not cleared within threshold, toggling.]
21-03-09 10:09:04.127 [4325.197593 power state 1 = S5, in 0x003f]
21-03-09 10:09:04.130 RTC: 0x000010f5 (4341.00 s)
21-03-09 10:09:04.130 [4325.198922 power state 6 = S5->S3, in 0x003f]
21-03-09 10:09:04.137 [4325.200724 PD:S5->S3]
21-03-09 10:09:04.137 RTC: 0x000010f5 (4341.00 s)
21-03-09 10:09:04.140 [4325.201544 power state 2 = S3, in 0x003f]
21-03-09 10:09:04.143 RTC: 0x000010f5 (4341.00 s)
21-03-09 10:09:04.147 [4325.202408 power state 7 = S3->S0, in 0x003f]
21-03-09 10:09:04.153 [4325.206806 USB charge p0 m2 i0]
21-03-09 10:09:04.153 [4325.207348 USB charge p1 m2 i0]
21-03-09 10:09:04.156 [4325.210562 PD:S3->S0]
21-03-09 10:09:04.160 RTC: 0x000010f5 (4341.00 s)
21-03-09 10:09:04.163 [4325.211359 power state 3 = S0, in 0x003f]
21-03-09 10:09:04.166 [4325.212060 Lid Accel: MS Done Init type:0x0 range:2]
21-03-09 10:09:04.173 [4325.233104 Base Accel: MS Done Init type:0x0 range:4]
21-03-09 10:09:04.176 [4325.235690 Base Gyro: MS Done Init type:0x1 range:1000]
21-03-09 10:09:04.183 [4325.236948 Lid Accel ODR: 10000 - roundup 1 from config 1 [AP 0]]
21-03-09 10:09:04.186 [4325.246149 C0: PE_VDM_Identity_Request_Cbl]
21-03-09 10:09:04.193 [4325.246791 C0: PE_SNK_Ready]
21-03-09 10:09:04.196 [4325.247555 C0: PE_INIT_PORT_VDM_Identity_Request]
21-03-09 10:09:04.199 [4325.249387 Base Accel ODR: 13000 - roundup 1 from config 1 [AP 0]]
21-03-09 10:09:04.206 [4325.255452 C0: PE_SNK_Ready]
21-03-09 10:09:04.209 [4325.263684 Base Gyro ODR: 0 - roundup 0 from config 0 [AP 0]]
21-03-09 10:09:04.232 [4325.301837 Pen charge disable]
21-03-09 10:09:04.337 [4325.406853 disable_adc_irqs_deferred]
21-03-09 10:09:04.340 [4325.407537 power state 3 = S0, in 0x007f]
21-03-09 10:09:04.639 [4325.708834 HC 0x0d]
21-03-09 10:09:04.643 [4325.712715 HC 0xa4]
21-03-09 10:09:05.025 [4326.093465 HC 0x4b]
21-03-09 10:09:05.025 [4326.094342 HC 0x4b err 4]
21-03-09 10:09:05.131 [4326.197956 HC 0xa0]
21-03-09 10:09:05.242 [4326.312122 HC 0x11f]
21-03-09 10:09:05.462 [4326.531962 MKBP not cleared within threshold, toggling.]
21-03-09 10:09:06.463 [4327.532873 MKBP not cleared within threshold, toggling.]
21-03-09 10:09:08.489 [4329.557848 MKBP not cleared within threshold, toggling.]
21-03-09 10:09:09.452 [4330.520841 HC 0x0d]
21-03-09 10:09:09.455 [4330.524366 HC 0xa4]
21-03-09 10:09:09.455 +++(++)[4330.558688 MKBP not cleared within threshold, toggling.]
21-03-09 10:09:09.621 [4330.689843 HC 0x0d]
21-03-09 10:09:09.621 [4330.690641 HC 0xa4]
21-03-09 10:09:09.626 [4330.691921 HC 0x67 err 9]
21-03-09 10:09:09.626 +[4330.706045 HC 0x121]
21-03-09 10:09:10.049 [4331.117972 HC 0x02]
21-03-09 10:09:10.132 [4331.199691 HC 0x102]
21-03-09 10:09:10.132 [4331.200447 HC 0x128]
21-03-09 10:09:10.135 [4331.201166 HC 0x12a]
21-03-09 10:09:10.251 [4331.319460 HC 0x11f]
21-03-09 10:09:10.251 [4331.320075 HC 0x11f err 3]
21-03-09 10:09:10.260 +[4331.328055 HC 0x06]
21-03-09 10:09:10.396 [4331.464521 HC 0x11f]
21-03-09 10:09:10.640 [4331.708929 MKBP not cleared within threshold, toggling.]
21-03-09 10:09:11.642 [4332.709830 MKBP not cleared within threshold, toggling.]
21-03-09 10:09:12.756 [4333.821846 HC 0x0b]
21-03-09 10:09:12.760 [4333.827279 HC 0x2d]
21-03-09 10:09:12.804 [4333.871200 HC 0x102]
21-03-09 10:09:12.804 [4333.871956 HC 0x11b]
21-03-09 10:09:12.808 [4333.872733 HC 0xb7]
21-03-09 10:09:12.808 [4333.873232 System unlocked, TCPC I2C tunnels may be unprotected]
21-03-09 10:09:13.056 [4334.123127 KB Clear Buffer]
21-03-09 10:09:13.056 [4334.124675 KB enable]
21-03-09 10:09:13.059 [4334.125102 KB Clear Buffer]
21-03-09 10:09:13.062 [4334.125818 KB scancode set to 1]
21-03-09 10:09:13.066 [4334.126472 KB Clear Buffer]
21-03-09 10:09:13.069 [4334.127128 KB Clear Buffer]
21-03-09 10:09:13.668 [4334.734771 MKBP not cleared within threshold, toggling.]
21-03-09 10:09:14.669 [4335.735860 MKBP not cleared within threshold, toggling.]
21-03-09 10:09:14.916 Port 80 writes:
21-03-09 10:09:14.916   0c 0d 13 15 7f 01 16 22 02 32 14 15 17 18 19 20 21 22 25 3f
21-03-09 10:09:14.919   43 44 4f 23 37 50 5f 40 41 42 47 80 81 82 83 61 63 03 04 05
21-03-09 10:09:14.926   06 07 0f 65 64 0f 6a 71 7f 99 72 24 25 55 73 94 94 74 75 75
21-03-09 10:09:14.933   75 75 75 75 75 75 75 75 75 75 75 75 75 75 75 75 75 75 75 75
21-03-09 10:09:14.937   75 75 75 75 75 75 75 75 75 75 75 75 75 75 75 75 75 75 75 75
21-03-09 10:09:14.944   75 75 75 75 75 75 75 75 76 77 79 9c 93 7a 95 05 25 95 88 01
21-03-09 10:09:14.947   02 03 04 89 fe 7b f8 aa <--new
21-03-09 10:09:15.351 [4336.417929 HC 0x2d]
21-03-09 10:09:15.356 [4336.422069 KS disable]
21-03-09 10:09:15.356 [4336.422566 KB Clear Buffer]
21-03-09 10:09:15.359 [4336.423248 KB disable]
21-03-09 10:09:15.359 [4336.423659 KB Clear Buffer]
21-03-09 10:09:15.656 [4336.722051 HC 0xa4]
21-03-09 10:09:15.656 [4336.723411 HC 0x67 err 9]
21-03-09 10:09:15.660 +[4337.473282 KB Clear Buffer]
21-03-09 10:09:16.408 [4337.474064 KB Clear Buffer]
21-03-09 10:09:16.411 [4337.475412 KB IRQ enable]
21-03-09 10:09:16.414 [4337.475905 KB enable]
21-03-09 10:09:16.418 [4337.476826 KB Clear Buffer]
21-03-09 10:09:16.418 [4337.478532 KS enable]
21-03-09 10:09:16.420 [4337.479024 KB Clear Buffer]
21-03-09 10:09:16.423 [4337.486685 HC 0x0b]
21-03-09 10:09:16.423 [4337.487670 HC 0x400b]
21-03-09 10:09:16.427 [4337.488219 HC 0x400b err 1]
21-03-09 10:09:16.431 [4337.489144 HC 0x08]
21-03-09 10:09:16.431 +[4337.490519 HC 0x8d]
21-03-09 10:09:16.442 [4337.491566 HC 0x0d]
21-03-09 10:09:16.442 [4337.493498 HC 0x102]
21-03-09 10:09:16.442 [4337.494401 HC 0x105]
21-03-09 10:09:16.442 [4337.495824 HC 0xa9]
21-03-09 10:09:16.442 [4337.497044 HC 0x112]
21-03-09 10:09:16.444 [4337.498513 HC 0x28]
21-03-09 10:09:16.444 [4337.499079 HC 0x28 err 1]
21-03-09 10:09:16.447 [4337.500088 HC 0xd3]
21-03-09 10:09:16.451 [4337.501071 HC 0x08]
21-03-09 10:09:16.451 [4337.505103 HC 0x121]
21-03-09 10:09:16.454 [4337.515991 HC 0x102]
21-03-09 10:09:16.458 [4337.517070 HC 0x111]
21-03-09 10:09:16.458 +++(++)[4339.569015 HC 0x112]
21-03-09 10:09:18.504 [4339.570175 HC 0x117]
21-03-09 10:09:19.009 [4340.074509 HC 0x112]
21-03-09 10:09:19.368 Port 80 writes:
21-03-09 10:09:19.368   0d 13 15 7f 01 16 22 02 32 14 15 17 18 19 20 21 22 25 3f 43
21-03-09 10:09:19.374   44 4f 23 37 50 5f 40 41 42 47 80 81 82 83 61 63 03 04 05 06
21-03-09 10:09:19.378   07 0f 65 64 0f 6a 71 7f 99 72 24 25 55 73 94 94 74 75 75 75
21-03-09 10:09:19.384   75 75 75 75 75 75 75 75 75 75 75 75 75 75 75 75 75 75 75 75
21-03-09 10:09:19.390   75 75 75 75 75 75 75 75 75 75 75 75 75 75 75 75 75 75 75 75
21-03-09 10:09:19.393   75 75 75 75 75 75 75 76 77 79 9c 93 7a 95 05 25 95 88 01 02
21-03-09 10:09:19.400   03 04 89 fe 7b f8 aa ab <--new
21-03-09 10:09:20.583 [4341.649577 HC 0x08]
21-03-09 10:09:20.587 +++[4345.342703 HC 0x08]
21-03-09 10:09:24.278 [4345.343643 HC 0x0d]
21-03-09 10:09:24.281 +[4345.345714 HC 0x102]
21-03-09 10:09:24.281 [4345.346627 HC 0x101]
21-03-09 10:09:24.285 [4345.348619 HC 0x133]
21-03-09 10:09:24.288 [4345.351127 HC 0x131]
21-03-09 10:09:24.288 [4345.352189 HC 0x11a]
21-03-09 10:09:25.791 [4346.855321 HC 0x02]
21-03-09 10:09:25.791 [4346.857231 HC 0x0b]
21-03-09 10:09:25.795 [4346.858976 HC 0x05]
21-03-09 10:09:25.937 [4347.002240 HC 0x121]
21-03-09 10:09:25.937 +[4347.259242 HC 0x05]
21-03-09 10:09:26.200 +[4347.268395 HC 0x02]
21-03-09 10:09:26.356 [4347.421081 HC 0x11b]
21-03-09 10:09:26.391 +[4347.456743 HC 0x11b err 3]
21-03-09 10:09:26.899 [4347.963329 HC 0x121]
21-03-09 10:09:26.899 +[4350.245690 HC 0x01]
21-03-09 10:09:29.182 [4350.247268 HC 0x0b]
21-03-09 10:09:29.186 [4350.248610 HC 0x02]
21-03-09 10:09:29.186 [4350.250269 HC 0x08]
21-03-09 10:09:29.189 [4350.251752 HC 0x10]
21-03-09 10:09:29.189 +[4350.255994 HC 0x05]
21-03-09 10:09:29.197 [4350.260594 HC 0x18]
21-03-09 10:09:29.197 [4350.261193 HC 0x18 err 1]
21-03-09 10:09:29.200 +[4350.263654 HC 0x18 err 1]
21-03-09 10:09:29.211 +[4350.264699 HC 0x18 err 1]
21-03-09 10:09:29.211 [4350.267173 HC 0x16]
21-03-09 10:09:29.211 +[4350.268984 HC 0x15]
21-03-09 10:09:29.500 [4350.564009 HC 0x02]
21-03-09 10:09:29.506 [4350.569608 HC 0x0b]
21-03-09 10:09:29.506 [4350.570555 HC 0x96]
21-03-09 10:09:29.899 [4350.962772 charge_request(13000mV, 0mA)]
21-03-09 10:09:30.478 [4351.541599 Battery 99% (Display 100.0 %) / 0h:22 to full]
21-03-09 10:09:30.482 [4351.544711 charge_request(12856mV, 0mA)]
21-03-09 10:09:31.056 [4352.117792 charge_request(12792mV, 0mA)]
21-03-09 10:09:31.630 [4352.693607 charge_request(12784mV, 0mA)]
21-03-09 10:09:31.877 [4352.940283 HC 0x02]
21-03-09 10:09:31.884 [4352.947057 HC 0x0b]
21-03-09 10:09:31.884 [4352.947992 HC 0x70]
21-03-09 10:09:31.887 +[4352.979390 HC 0x02]
21-03-09 10:09:31.916 [4352.981171 HC 0x0b]
21-03-09 10:09:32.203 [4353.265653 charge_request(12792mV, 0mA)]
21-03-09 10:09:32.776 [4353.839809 charge_request(12776mV, 0mA)]
21-03-09 10:09:33.169 [4354.232458 HC 0x05]
21-03-09 10:09:33.169 +[4354.240635 HC 0x02]
21-03-09 10:09:33.389 [4354.451879 HC 0x02]
21-03-09 10:09:33.394 [4354.456630 HC 0x0b]
21-03-09 10:09:33.394 [4354.458699 HC 0x0d]
21-03-09 10:09:33.430 [4354.493353 HC 0x02]
21-03-09 10:09:33.442 [4354.505216 HC 0x0b]
21-03-09 10:09:33.442 [4354.508184 HC 0x70]
21-03-09 10:09:33.445 +[4355.557263 charge_request(12768mV, 0mA)]
21-03-09 10:09:35.067 [4356.129755 charge_request(12776mV, 0mA)]
21-03-09 10:09:37.139 [4358.201774 HC 0x121]
21-03-09 10:09:37.139 +[4358.418125 charge_request(12768mV, 0mA)]
21-03-09 10:09:37.756 [4358.818728 HC 0x02]
21-03-09 10:09:37.756 [4358.820366 HC 0x0b]
21-03-09 10:09:37.760 [4358.821272 HC 0x0d]
21-03-09 10:09:40.218 [4361.280429 charge_request(12760mV, 0mA)]
21-03-09 10:09:41.364 [4362.425053 charge_request(12752mV, 0mA)]
21-03-09 10:09:41.936 [4362.998001 charge_request(12760mV, 0mA)]
21-03-09 10:09:42.699 [4363.755968 HC 0x02]
21-03-09 10:09:42.699 [4363.757740 HC 0x0b]
21-03-09 10:09:42.700 [4363.758823 HC 0x0d]
21-03-09 10:09:43.659 [4364.720195 charge_request(12784mV, 0mA)]
21-03-09 10:09:44.231 [4365.292305 charge_request(12808mV, 0mA)]
21-03-09 10:09:47.097 [4368.156298 charge_request(12784mV, 0mA)]
21-03-09 10:09:47.348 [4368.406616 HC 0x02]
21-03-09 10:09:47.348 [4368.408240 HC 0x0b]
21-03-09 10:09:47.351 [4368.409371 HC 0x96]
21-03-09 10:09:47.376 [4368.434722 HC 0x121]
21-03-09 10:09:47.376 +[4368.729297 charge_request(12808mV, 0mA)]
21-03-09 10:09:48.248 [4369.306672 Battery 99% (Display 100.0 %) / 5h:4 to empty]
21-03-09 10:09:48.251 [4369.309801 charge_request(13048mV, 3568mA)]
21-03-09 10:09:49.988 [4371.045752 KB Clear Buffer]
21-03-09 10:09:49.988 [4371.046709 KB disable]
21-03-09 10:09:49.992 [4371.047549 KB IRQ disable]
21-03-09 10:09:50.665 [4371.722921 HC 0x0d]
21-03-09 10:09:50.668 [4371.726493 HC 0xa4]
21-03-09 10:09:50.806 [4371.863634 HC 0x0d]
21-03-09 10:09:50.809 [4371.867563 HC 0xa4]
21-03-09 10:09:50.832 [4371.889951 HC 0x11f]
21-03-09 10:09:51.148 [4372.205354 MKBP not cleared within threshold, toggling.]
21-03-09 10:09:52.149 [4373.206264 MKBP not cleared within threshold, toggling.]
21-03-09 10:09:54.176 [4375.231807 MKBP not cleared within threshold, toggling.]
21-03-09 10:09:55.177 [4376.232700 MKBP not cleared within threshold, toggling.]
21-03-09 10:09:57.205 [4378.258234 MKBP not cleared within threshold, toggling.]
21-03-09 10:09:58.207 [4379.259150 MKBP not cleared within threshold, toggling.]
21-03-09 10:10:00.228 [4381.277913 MKBP not cleared within threshold, toggling.]
21-03-09 10:10:01.230 [4382.278423 MKBP not cleared within threshold, toggling.]
21-03-09 10:10:03.239 [4384.285998 MKBP not cleared within threshold, toggling.]
21-03-09 10:10:04.241 [4385.286909 MKBP not cleared within threshold, toggling.]
21-03-09 10:10:06.251 [4387.294354 MKBP not cleared within threshold, toggling.]
21-03-09 10:10:07.253 [4388.295250 MKBP not cleared within threshold, toggling.]
21-03-09 10:10:09.262 [4390.301678 MKBP not cleared within threshold, toggling.]
21-03-09 10:10:10.263 [4391.302623 MKBP not cleared within threshold, toggling.]
21-03-09 10:10:12.273 [4393.309918 MKBP not cleared within threshold, toggling.]
21-03-09 10:10:13.275 [4394.310838 MKBP not cleared within threshold, toggling.]
21-03-09 10:10:15.285 [4396.317723 MKBP not cleared within threshold, toggling.]
21-03-09 10:10:16.289 [4397.318629 MKBP not cleared within threshold, toggling.]
21-03-09 10:10:16.333 [4397.365069 power state 3 = S0, in 0x0039]
21-03-09 10:10:16.337 RTC: 0x0000113e (4414.00 s)
21-03-09 10:10:16.337 [4397.366258 power state 8 = S0->S3, in 0x0039]
21-03-09 10:10:16.343 [4397.367257 PD:S0->S3]
21-03-09 10:10:16.343 RTC: 0x0000113e (4414.00 s)
21-03-09 10:10:16.346 [4397.368040 power state 2 = S3, in 0x0039]
21-03-09 10:10:16.350 RTC: 0x0000113e (4414.00 s)
21-03-09 10:10:16.353 [4397.368973 power state 9 = S3->S5, in 0x0039]
21-03-09 10:10:16.356 [4397.369616 HC Suppressed: 0x97=4 0x98=21 0x113=16 0x103=21 0x115=0 0x2b=151 0x67=176]
21-03-09 10:10:16.367 [4397.398957 USB charge p0 m0 i0]
21-03-09 10:10:16.367 [4397.399540 USB charge p1 m0 i0]
21-03-09 10:10:16.370 [4397.400543 PD:S3->S5]
21-03-09 10:10:16.373 [4397.401018 VB hook_shutdown]
21-03-09 10:10:16.376 RTC: 0x0000113e (4414.00 s)
21-03-09 10:10:16.379 [4397.401736 power state 1 = S5, in 0x0039]
21-03-09 10:10:16.469 [4397.501183 Pen charge disable]
21-03-09 10:10:20.158 Port 80 writes:
21-03-09 10:10:20.158   4e 31 2e 4b 34 57 2f 3e 3a 3b 3c 38 39 49 6d 30 32 37 29 35
21-03-09 10:10:20.164   41 3b 3c 38 39 47 3f 76 49 53 48 51 50 42 5a 20 21 22 11 15
21-03-09 10:10:20.167   09 1a 12 23 13 26 27 29 4c 28 2b 4c 2c 4e 31 2e 4b 34 57 2f
21-03-09 10:10:20.173   3e 3a 3b 3c 38 39 49 6d 30 32 37 29 35 41 3b 3c 38 39 47 3f
21-03-09 10:10:20.180   76 49 53 48 51 50 42 5a 20 21 22 11 15 09 1a 12 23 13 24 26
21-03-09 10:10:20.183   27 29 4c 28 74 2b 4c 2c 4e 31 2e 4b 34 57 2f 3e 3a 3b 3c 38
21-03-09 10:10:20.190   39 49 6d 30 32 37 29 35 <--new
21-03-09 10:10:26.381 RTC: 0x00001148 (4424.00 s)
21-03-09 10:10:26.381 [4407.402847 power state 10 = S5->G3, in 0x0039]
21-03-09 10:10:26.385 [4407.403448 chipset_force_shutdown() 32775]
21-03-09 10:10:26.442 RTC: 0x00001148 (4424.00 s)
21-03-09 10:10:26.442 [4407.465116 power state 0 = G3, in 0x0020]
21-03-09 10:10:26.445 [4407.465646 Pass thru GPIO_DSW_PWROK: 1]
21-03-09 10:10:26.571 [4407.592927 Pen charge disable]
21-03-09 10:10:31.350 [4412.369776 disable_adc_irqs_deferred]
21-03-09 10:10:31.354 [4412.370450 power state 0 = G3, in 0x0000]
21-03-09 10:10:31.357 [4412.370976 Pass thru GPIO_DSW_PWROK: 0]
21-03-09 10:14:58.707 [4679.736541 Battery 100% (Display 100.0 %) / 0h:16 to full, not accepting current]
21-03-09 10:14:58.714 [4679.737515 charge_request(13050mV, 0mA)]
