uint8_t image1[] = {
// row 0
0x00,0x40,0x00,0x20,0xFD,0x08,0x00,0x00,0x21,0x5E,0x00,0x00,0x21,0x5E,0x00,0x00,
0x00,0x00,0x00,0x00,0x00,0x00,0x00,0x00,0x00,0x00,0x00,0x00,0x00,0x00,0x00,0x00,
0x00,0x00,0x00,0x00,0x00,0x00,0x00,0x00,0x00,0x00,0x00,0x00,0x00,0x00,0x00,0x00,
0x00,0x00,0x00,0x00,0x00,0x00,0x00,0x00,0x00,0x00,0x00,0x00,0x00,0x00,0x00,0x00,
0x00,0x00,0x00,0x00,0x00,0x00,0x00,0x00,0x00,0x00,0x00,0x00,0x00,0x00,0x00,0x00,
0x00,0x00,0x00,0x00,0x00,0x00,0x00,0x00,0x00,0x00,0x00,0x00,0x00,0x00,0x00,0x00,
0x00,0x00,0x00,0x00,0x00,0x00,0x00,0x00,0x00,0x00,0x00,0x00,0x00,0x00,0x00,0x00,
0x00,0x00,0x00,0x00,0x00,0x00,0x00,0x00,0x00,0x00,0x00,0x00,0x00,0x00,0x00,0x00,
// row 1
0x00,0x00,0x00,0x00,0x00,0x00,0x00,0x00,0x00,0x00,0x00,0x00,0x00,0x00,0x00,0x00,
0x00,0x00,0x00,0x00,0x00,0x00,0x00,0x00,0x00,0x00,0x00,0x00,0x00,0x00,0x00,0x00,
0x00,0x00,0x00,0x00,0x00,0x00,0x00,0x00,0x00,0x00,0x00,0x00,0x00,0x00,0x00,0x00,
0x00,0x00,0x00,0x00,0x00,0x00,0x00,0x00,0x00,0x00,0x00,0x00,0x00,0x00,0x00,0x00,
0x00,0x00,0x00,0x00,0x00,0x00,0x00,0x00,0x00,0x00,0x00,0x00,0x00,0x00,0x00,0x00,
0x00,0x00,0x00,0x00,0x00,0x00,0x00,0x00,0x00,0x00,0x00,0x00,0x00,0x00,0x00,0x00,
0x79,0x00,0x01,0x00,0xC0,0x11,0x01,0x33,0x00,0x00,0x00,0x00,0x00,0x00,0x00,0x00,
0x00,0x00,0x00,0x00,0x00,0x00,0x00,0x00,0x00,0x00,0x00,0x00,0x10,0xB5,0x03,0x4B,
// row 2
0x83,0xF3,0x08,0x88,0x05,0xF0,0x30,0xFC,0x05,0xF0,0x92,0xFA,0x00,0x40,0x00,0x20,
0x10,0xB5,0x72,0xB6,0xFF,0x22,0x25,0x4B,0x80,0x24,0x1A,0x60,0x00,0x22,0x24,0x4B,
0x64,0x00,0x1A,0x60,0x23,0x4B,0x04,0x32,0x1A,0x60,0x23,0x4B,0x01,0x3A,0x1C,0x60,
0x22,0x4B,0x30,0x20,0x1A,0x60,0x22,0x4B,0x21,0x32,0x1A,0x60,0x21,0x4B,0x12,0x3A,
0x1A,0x60,0x05,0xF0,0x7D,0xFB,0xBE,0x22,0x9E,0x21,0x1F,0x4B,0xD2,0x01,0x1A,0x60,
0x1E,0x4B,0x1F,0x4A,0xC9,0x01,0x1A,0x60,0x1E,0x4A,0x11,0x60,0xBC,0x21,0x1E,0x4A,
0x89,0x01,0x1A,0x60,0x1D,0x4A,0x11,0x60,0x1D,0x4A,0x1E,0x49,0x1A,0x60,0xE0,0x22,
0xD2,0x00,0x0A,0x60,0x1C,0x49,0x19,0x60,0x1C,0x49,0x0A,0x60,0xC0,0x21,0x1C,0x4A,
// row 3
0x89,0x00,0x1A,0x60,0x1B,0x4A,0x11,0x60,0x1B,0x4A,0x1A,0x60,0x1B,0x4A,0x14,0x60,
0x1B,0x4A,0x1A,0x60,0x1B,0x4A,0x14,0x60,0x1B,0x4A,0x1A,0x60,0x40,0x22,0x1B,0x4B,
0x1A,0x60,0x1B,0x4B,0x01,0x32,0x1A,0x60,0x10,0xBD,0xC0,0x46,0x00,0x04,0x02,0x40,
0x00,0x01,0x02,0x40,0x00,0x01,0x04,0x40,0x08,0x01,0x04,0x40,0x00,0x04,0x04,0x40,
0x08,0x04,0x04,0x40,0x30,0x00,0x10,0x40,0x0C,0x02,0x01,0x40,0x00,0x00,0x01,0x40,
0x03,0xFF,0x00,0x80,0x08,0x02,0x01,0x40,0x02,0xFF,0x00,0x80,0x04,0x02,0x01,0x40,
0x01,0xFF,0x00,0x80,0x00,0x02,0x01,0x40,0x00,0xFF,0x00,0x80,0x0C,0x03,0x01,0x40,
0x43,0xFF,0x00,0x80,0x08,0x03,0x01,0x40,0x42,0xFF,0x00,0x80,0x00,0x03,0x01,0x40,
// row 4
0x40,0xFF,0x00,0x80,0x04,0x03,0x01,0x40,0x41,0xFF,0x00,0x80,0x28,0x00,0x03,0x40,
0x00,0x01,0x01,0x40,0x10,0xB5,0x06,0x4C,0x23,0x78,0x00,0x2B,0x07,0xD1,0x05,0x4B,
0x00,0x2B,0x02,0xD0,0x04,0x48,0x00,0xE0,0x00,0xBF,0x01,0x23,0x23,0x70,0x10,0xBD,
0x30,0x01,0x00,0x20,0x00,0x00,0x00,0x00,0x28,0x65,0x00,0x00,0x08,0x4B,0x10,0xB5,
0x00,0x2B,0x03,0xD0,0x07,0x49,0x08,0x48,0x00,0xE0,0x00,0xBF,0x07,0x48,0x03,0x68,
0x00,0x2B,0x00,0xD1,0x10,0xBD,0x06,0x4B,0x00,0x2B,0xFB,0xD0,0x98,0x47,0xF9,0xE7,
0x00,0x00,0x00,0x00,0x34,0x01,0x00,0x20,0x28,0x65,0x00,0x00,0x98,0x00,0x00,0x20,
0x00,0x00,0x00,0x00,0x10,0xB5,0x00,0xF0,0x0B,0xF9,0x00,0xF0,0x51,0xFD,0x01,0x20,
// row 5
0x10,0xBD,0x00,0x00,0xF7,0xB5,0x0C,0x00,0x05,0x00,0x01,0x92,0x02,0xF0,0x1E,0xFE,
0x12,0x2C,0x3D,0xD0,0x0F,0xD8,0x05,0x2C,0x07,0xD8,0x04,0x2C,0x5F,0xD2,0x02,0x2C,
0x2C,0xD0,0x40,0xD8,0x01,0x2C,0x3E,0xD0,0x74,0xE0,0x0A,0x2C,0x3B,0xD0,0x01,0x21,
0x0B,0x2C,0x2E,0xD0,0x6E,0xE0,0x1A,0x2C,0x35,0xD0,0x0C,0xD8,0x15,0x2C,0x27,0xD0,
0x16,0x2C,0x5A,0xD0,0x14,0x2C,0x65,0xD1,0x70,0x23,0x6B,0x43,0x34,0x4A,0xD3,0x18,
0x49,0x33,0x01,0x22,0x5D,0xE0,0x2F,0x2C,0x55,0xD0,0x39,0x2C,0x18,0xD0,0x23,0x2C,
0x58,0xD1,0x30,0x4F,0x6F,0x30,0x02,0x78,0x7B,0x5D,0x06,0x00,0x9A,0x42,0x02,0xD0,
0x28,0x00,0x00,0xF0,0xCA,0xF8,0x33,0x78,0x7B,0x55,0x4B,0xE0,0x70,0x23,0x6B,0x43,
// row 6
0x27,0x4A,0xD3,0x18,0x19,0x00,0x00,0x22,0x3A,0x31,0x0A,0x70,0x39,0x33,0x40,0xE0,
0x00,0x21,0x76,0x30,0x02,0x78,0x01,0x23,0x00,0x2A,0x06,0xD0,0x23,0x00,0x15,0x3B,
0x5A,0x42,0x53,0x41,0x01,0xE0,0x00,0x23,0x19,0x00,0x70,0x22,0x6A,0x43,0x1C,0x48,
0x82,0x18,0x16,0x00,0x00,0x20,0x3A,0x36,0x39,0x32,0x30,0x70,0x10,0x70,0x81,0x42,
0x05,0xD1,0x83,0x42,0x03,0xD1,0x29,0x21,0x28,0x00,0x02,0xF0,0xC7,0xFC,0x03,0x2C,
0x01,0xD0,0x1A,0x2C,0x1E,0xD1,0x28,0x00,0x00,0xF0,0x0E,0xFD,0x1A,0xE0,0x70,0x23,
0x6B,0x43,0x0F,0x4A,0x01,0x21,0xD3,0x18,0x1A,0x00,0x3A,0x32,0x11,0x70,0x19,0x00,
0x00,0x22,0x39,0x31,0x0A,0x70,0x44,0x33,0x0B,0xE0,0x70,0x23,0x6B,0x43,0x08,0x4A,
// row 7
0xD3,0x18,0x3B,0x33,0x04,0xE0,0x70,0x23,0x6B,0x43,0x05,0x4A,0xD3,0x18,0x3A,0x33,
0x00,0x22,0x1A,0x70,0x28,0x00,0x01,0x9A,0x21,0x00,0x00,0xF0,0x77,0xF8,0xF7,0xBD,
0x8C,0x07,0x00,0x20,0x4C,0x01,0x00,0x20,0x4B,0x1E,0x99,0x41,0x10,0xB5,0x24,0x31,
0x00,0x22,0xFF,0xF7,0x67,0xFF,0x10,0xBD,0x70,0x23,0x58,0x43,0x01,0x4B,0xC0,0x18,
0x70,0x47,0xC0,0x46,0x8C,0x07,0x00,0x20,0x10,0xB5,0x03,0x48,0x00,0xF0,0xDC,0xFC,
0x02,0x48,0x00,0xF0,0xD3,0xFC,0x10,0xBD,0xA9,0x0B,0x00,0x00,0xFD,0x0B,0x00,0x00,
0x10,0xB5,0x01,0xF0,0x0D,0xFC,0x10,0xBD,0x10,0xB5,0x04,0x00,0x02,0xF0,0x66,0xFD,
0x70,0x30,0x01,0x78,0x20,0x00,0x01,0xF0,0xC5,0xFB,0x10,0xBD,0x70,0xB5,0x04,0x00,
// row 8
0x15,0x00,0x01,0x29,0x1C,0xD1,0x70,0x22,0x0E,0x4B,0x42,0x43,0x00,0x2D,0x0B,0xD1,
0x9A,0x18,0x42,0x32,0x13,0x78,0x0F,0x31,0x0B,0x43,0x13,0x70,0xFF,0xF7,0xE4,0xFF,
0x29,0x00,0x00,0x28,0x0C,0xD0,0x08,0xE0,0x10,0x20,0x9B,0x18,0x42,0x33,0x1A,0x78,
0x02,0x42,0x05,0xD0,0x1A,0x78,0x82,0x43,0x1A,0x70,0x20,0x00,0x00,0xF0,0x18,0xF8,
0x70,0xBD,0xC0,0x46,0x8C,0x07,0x00,0x20,0x70,0xB5,0x16,0x00,0x04,0x00,0x0D,0x00,
0x00,0x21,0x01,0xF0,0xCD,0xFC,0x33,0x00,0x2A,0x00,0x00,0x21,0x20,0x00,0x01,0xF0,
0x17,0xFC,0x01,0x22,0x03,0x00,0x00,0x21,0x20,0x00,0x01,0xF0,0x29,0xFC,0x70,0xBD,
0x70,0xB5,0x0D,0x00,0x04,0x00,0x02,0xF0,0x21,0xFD,0x00,0x2D,0x04,0xD1,0x70,0x30,
// row 9
0x01,0x78,0x20,0x00,0xFF,0xF7,0xAC,0xFF,0x70,0xBD,0x70,0x47,0x00,0x20,0x70,0x47,
0x70,0x47,0x00,0x00,0x70,0xB5,0x04,0x00,0x0D,0x00,0xFF,0xF7,0x8D,0xFF,0x06,0x00,
0x26,0x2D,0x02,0xD0,0x27,0x2D,0x08,0xD0,0x1F,0xE0,0x20,0x00,0x27,0x21,0x02,0xF0,
0x15,0xFC,0x20,0x00,0x00,0xF0,0xAA,0xF8,0x17,0xE0,0x00,0x22,0x0B,0x49,0x20,0x00,
0xFF,0xF7,0xC2,0xFF,0x00,0x28,0x0A,0xD1,0x26,0x21,0x20,0x00,0x02,0xF0,0x06,0xFC,
0x20,0x00,0x00,0xF0,0x9B,0xF8,0x73,0x68,0x20,0x00,0x98,0x47,0x05,0xE0,0x04,0x4B,
0x01,0x22,0x29,0x00,0x20,0x00,0x02,0xF0,0x5B,0xFB,0x70,0xBD,0x88,0x13,0x00,0x00,
0x95,0x0C,0x00,0x00,0x10,0xB5,0x01,0x1E,0x02,0xD0,0x01,0x28,0x02,0xD1,0x00,0x21,
// row 10
0x01,0xF0,0x12,0xFF,0x10,0xBD,0x10,0xB5,0x01,0x1E,0x02,0xD0,0x01,0x28,0x02,0xD1,
0x00,0x21,0x01,0xF0,0xD3,0xFE,0x10,0xBD,0x70,0xB5,0x05,0x00,0x02,0xF0,0xCE,0xFC,
0x04,0x00,0x05,0xF0,0x32,0xFA,0x06,0x00,0x28,0x00,0x00,0xF0,0x6F,0xF8,0x23,0x00,
0x87,0x33,0x1B,0x78,0x00,0x2B,0x06,0xD0,0xA1,0x34,0x23,0x78,0x00,0x2B,0x02,0xD1,
0x28,0x00,0xFF,0xF7,0xE0,0xFF,0x30,0x00,0x05,0xF0,0x23,0xFA,0x70,0xBD,0x00,0x00,
0xF8,0xB5,0x0E,0x00,0x04,0x00,0xFF,0xF7,0x2F,0xFF,0x05,0x00,0x05,0xF0,0x15,0xFA,
0x07,0x00,0x20,0x00,0xFF,0xF7,0xC6,0xFF,0x20,0x00,0x00,0xF0,0x4F,0xF8,0x27,0x22,
0x26,0x21,0x20,0x00,0x02,0xF0,0xD6,0xFB,0x00,0x2E,0x17,0xD0,0x20,0x00,0x02,0xF0,
// row 11
0x9D,0xFC,0x87,0x30,0x03,0x78,0x00,0x2B,0x10,0xD0,0x20,0x00,0x00,0xF0,0x36,0xF8,
0x6E,0x60,0x09,0x4E,0xFA,0x22,0x33,0x00,0x26,0x21,0x20,0x00,0x02,0xF0,0x00,0xFB,
0x33,0x00,0x01,0x22,0x27,0x21,0x20,0x00,0x02,0xF0,0xFA,0xFA,0x03,0x4B,0x38,0x00,
0xAB,0x86,0x05,0xF0,0xEE,0xF9,0xF8,0xBD,0x95,0x0C,0x00,0x00,0x88,0x13,0x00,0x00,
0x70,0xB5,0x05,0x00,0xFF,0xF7,0xF8,0xFE,0x03,0x68,0x04,0x00,0x00,0x2B,0x03,0xD0,
0x28,0x00,0x98,0x47,0x00,0x23,0x23,0x60,0x70,0xBD,0x10,0xB5,0x04,0x00,0xFF,0xF7,
0xEB,0xFE,0x00,0x21,0x45,0x30,0x01,0x70,0x8C,0x42,0x01,0xD1,0x21,0x00,0x01,0xE0,
0x01,0x2C,0x02,0xD1,0x20,0x00,0x01,0xF0,0x1B,0xFE,0x10,0xBD,0x10,0xB5,0x00,0x28,
// row 12
0x01,0xD0,0x01,0x28,0x01,0xD1,0x01,0xF0,0xFF,0xFE,0x10,0xBD,0x10,0xB5,0x00,0x28,
0x01,0xD0,0x01,0x28,0x01,0xD1,0x01,0xF0,0x05,0xFF,0x10,0xBD,0xF8,0xB5,0x0E,0x00,
0x04,0x00,0xFF,0xF7,0xC9,0xFE,0x05,0x00,0x30,0x00,0x1E,0x38,0x06,0x28,0x68,0xD8,
0x05,0xF0,0xB2,0xF9,0x04,0x0D,0x2E,0x35,0x40,0x67,0x5D,0x00,0x20,0x22,0x1F,0x21,
0x20,0x00,0x02,0xF0,0x6F,0xFB,0xC8,0x23,0x9B,0x00,0x6B,0x86,0x2B,0xE0,0x2F,0x00,
0x48,0x37,0x3B,0x78,0x2B,0x4E,0x00,0x2B,0x03,0xD1,0x3B,0x78,0x00,0x2B,0x0C,0xD0,
0x12,0xE0,0x14,0x22,0x29,0x8E,0x52,0x42,0x20,0x00,0xFF,0xF7,0xED,0xFE,0x00,0x28,
0xF3,0xD0,0x33,0x00,0x05,0x22,0x20,0x21,0x35,0xE0,0x29,0x8E,0x0A,0x22,0x20,0x00,
// row 13
0xFF,0xF7,0xE2,0xFE,0x00,0x28,0xF4,0xD0,0x33,0x00,0x01,0x22,0x1F,0x21,0x2A,0xE0,
0x1E,0x21,0x20,0x00,0x02,0xF0,0x22,0xFB,0x2B,0x8E,0x6B,0x86,0x2B,0xE0,0x22,0x21,
0x20,0x00,0x02,0xF0,0x1B,0xFB,0x20,0x00,0xFF,0xF7,0x97,0xFF,0x20,0x00,0xFF,0xF7,
0xAD,0xFF,0x26,0xE0,0x0A,0x22,0x14,0x49,0x20,0x00,0xFF,0xF7,0xC5,0xFE,0x00,0x28,
0x02,0xD1,0x20,0x00,0xFF,0xF7,0x89,0xFF,0x14,0x22,0xC8,0x21,0x52,0x42,0x89,0x00,
0x20,0x00,0xFF,0xF7,0xB9,0xFE,0x0B,0x4B,0x00,0x28,0x02,0xD1,0x0A,0x22,0x24,0x21,
0x01,0xE0,0x01,0x22,0x22,0x21,0x20,0x00,0x02,0xF0,0x5A,0xFA,0x09,0xE0,0x21,0x21,
0x20,0x00,0x02,0xF0,0xF3,0xFA,0x20,0x00,0xFF,0xF7,0x88,0xFF,0x20,0x00,0xFF,0xF7,
// row 14
0x5F,0xFF,0xF8,0xBD,0x1D,0x0E,0x00,0x00,0x88,0x13,0x00,0x00,0x10,0xB5,0xFF,0xF7,
0x53,0xFE,0xC8,0x23,0x02,0x8E,0x9B,0x00,0x9A,0x42,0x01,0xD1,0x01,0x4B,0x03,0x86,
0xC0,0x46,0x10,0xBD,0x88,0x13,0x00,0x00,0x70,0xB5,0x0D,0x00,0x04,0x00,0xFF,0xF7,
0x43,0xFE,0x06,0x00,0x20,0x00,0x02,0xF0,0xC1,0xFB,0x73,0x8E,0x35,0x86,0xAB,0x42,
0x05,0xD9,0xC8,0x23,0x9B,0x00,0x9D,0x42,0x01,0xD0,0x72,0x30,0x03,0x78,0x20,0x00,
0xFF,0xF7,0xDC,0xFF,0x70,0xBD,0x00,0x00,0xF7,0xB5,0x0F,0x00,0x04,0x00,0xFF,0xF7,
0x2B,0xFE,0x05,0x00,0x20,0x00,0x02,0xF0,0xA9,0xFB,0x06,0x00,0x05,0xF0,0x0D,0xF9,
0x24,0x22,0x01,0x90,0x1E,0x21,0x20,0x00,0x02,0xF0,0xD4,0xFA,0x33,0x00,0x87,0x33,
// row 15
0x1B,0x78,0x00,0x2B,0x48,0xD0,0xA1,0x36,0x33,0x78,0x00,0x2B,0x44,0xD1,0x20,0x00,
0xFF,0xF7,0x3C,0xFF,0x20,0x00,0xFF,0xF7,0x0F,0xFE,0x45,0x30,0x06,0x78,0x00,0x2E,
0x1D,0xD1,0x20,0x00,0xFF,0xF7,0x08,0xFE,0x01,0x23,0x45,0x30,0x03,0x70,0x00,0x2C,
0x08,0xD1,0x21,0x00,0x20,0x00,0x01,0xF0,0xB7,0xFD,0x0A,0x20,0x05,0xF0,0xCA,0xF8,
0x21,0x00,0x09,0xE0,0x01,0x2C,0x0A,0xD1,0x31,0x00,0x20,0x00,0x01,0xF0,0xAC,0xFD,
0x0A,0x20,0x05,0xF0,0xBF,0xF8,0x31,0x00,0x20,0x00,0x01,0xF0,0xC9,0xFD,0x00,0x2F,
0x1A,0xD0,0x2B,0x00,0x01,0x22,0x48,0x33,0x1A,0x70,0x69,0x8E,0x2A,0x8E,0x91,0x42,
0x04,0xD9,0x00,0x22,0x20,0x00,0x1A,0x70,0xFF,0xF7,0x00,0xFF,0x2F,0x60,0x08,0x4D,
// row 16
0xFA,0x22,0x2B,0x00,0x1E,0x21,0x20,0x00,0x02,0xF0,0xCA,0xF9,0x2B,0x00,0x01,0x22,
0x1F,0x21,0x20,0x00,0x02,0xF0,0xC4,0xF9,0x01,0x98,0x05,0xF0,0xBA,0xF8,0xF7,0xBD,
0x1D,0x0E,0x00,0x00,0xF8,0xB5,0x04,0x00,0x0E,0x00,0xFF,0xF7,0xC5,0xFD,0x05,0x00,
0x05,0xF0,0xAB,0xF8,0x1E,0x21,0x07,0x00,0x24,0x22,0x20,0x00,0x02,0xF0,0x72,0xFA,
0x1A,0x49,0x6B,0x8E,0x20,0x00,0x8B,0x42,0x05,0xD8,0xFF,0xF7,0xC6,0xFE,0x14,0x20,
0x05,0xF0,0x80,0xF8,0x01,0xE0,0xFF,0xF7,0x67,0xFF,0xC8,0x23,0x9B,0x00,0x6B,0x86,
0x00,0x2E,0x19,0xD0,0x20,0x00,0x02,0xF0,0x29,0xFB,0x87,0x30,0x03,0x78,0x00,0x2B,
0x12,0xD0,0x20,0x00,0xFF,0xF7,0xC2,0xFE,0x96,0x22,0x2E,0x60,0x0C,0x4D,0x92,0x00,
// row 17
0x2B,0x00,0x21,0x21,0x20,0x00,0x02,0xF0,0x8B,0xF9,0x2B,0x00,0x01,0x22,0x22,0x21,
0x20,0x00,0x02,0xF0,0x85,0xF9,0x05,0xE0,0x20,0x00,0xFF,0xF7,0x9E,0xFE,0x20,0x00,
0xFF,0xF7,0xB4,0xFE,0x38,0x00,0x05,0xF0,0x74,0xF8,0xF8,0xBD,0x88,0x13,0x00,0x00,
0x1D,0x0E,0x00,0x00,0xF0,0xB5,0x03,0x88,0xA1,0xB0,0x04,0x00,0x44,0x2B,0x51,0xD0,
0x07,0xD8,0x22,0x2B,0x30,0xD0,0x33,0x2B,0x40,0xD0,0x11,0x2B,0x00,0xD0,0x9D,0xE0,
0x08,0xE0,0x77,0x2B,0x00,0xD1,0x89,0xE0,0x88,0x2B,0x3A,0xD0,0x66,0x2B,0x00,0xD0,
0x94,0xE0,0x44,0xE0,0xEF,0x20,0x01,0xF0,0x2B,0xFF,0x4B,0x4D,0x02,0x00,0x0C,0x23,
0x00,0x28,0x16,0xD1,0x04,0x21,0x01,0x20,0x01,0xF0,0x14,0xFF,0x01,0xF0,0xC2,0xFF,
// row 18
0x01,0x28,0x04,0xD1,0x08,0x23,0xFF,0x33,0x2B,0x80,0xF7,0x33,0x04,0xE0,0x02,0x28,
0x03,0xD1,0x10,0x23,0x2B,0x80,0x41,0x4B,0x6B,0x80,0x68,0x88,0x01,0xF0,0x24,0xFF,
0x00,0x23,0x01,0x22,0x2A,0x71,0x67,0xE0,0x10,0x20,0x01,0xF0,0x09,0xFF,0x00,0x28,
0x06,0xD0,0x01,0x22,0x04,0x21,0x00,0x20,0x01,0xF0,0xF4,0xFE,0x00,0x23,0x01,0xE0,
0x02,0x23,0x5B,0x42,0x00,0x21,0x34,0x4A,0x11,0x71,0x55,0xE0,0x01,0xF0,0x9A,0xFF,
0x58,0xE0,0x33,0x4B,0x1A,0x78,0x10,0x07,0xC0,0x0F,0x03,0x01,0x50,0x07,0xC0,0x0F,
0x18,0x43,0x4F,0xE0,0x02,0x22,0x2C,0x4B,0x00,0x20,0x1A,0x71,0x4A,0xE0,0x80,0x22,
0x00,0x21,0x68,0x46,0x05,0xF0,0xCF,0xF9,0x01,0xF0,0x84,0xFF,0x01,0x28,0x05,0xD1,
// row 19
0xFF,0x25,0x28,0x4B,0x02,0x21,0x1F,0x68,0x6D,0x00,0x03,0xE0,0x01,0x21,0x26,0x4B,
0x22,0x4D,0x1F,0x68,0x25,0x4E,0x30,0x00,0x01,0xF0,0xE6,0xFD,0x00,0x28,0x28,0xD1,
0x7A,0x7F,0x3B,0x7F,0x12,0x02,0x1A,0x43,0xBB,0x7F,0x21,0x48,0x1B,0x04,0x13,0x43,
0x1A,0x00,0xFB,0x7F,0x1B,0x06,0x13,0x43,0x02,0x00,0x01,0x33,0x5C,0x32,0x13,0x70,
0x02,0x00,0x19,0x0A,0x5D,0x32,0x11,0x70,0x02,0x00,0x19,0x0C,0x5E,0x32,0x1B,0x0E,
0x5F,0x30,0x11,0x70,0x03,0x70,0x40,0x22,0x31,0x00,0x10,0xA8,0x05,0xF0,0x92,0xF9,
0x69,0x46,0x28,0x00,0x04,0xF0,0x7C,0xFE,0x43,0xB2,0x05,0xE0,0x72,0xB6,0x04,0xF0,
0x8F,0xFF,0x02,0x23,0x5B,0x42,0x02,0xE0,0x00,0x20,0x83,0x42,0x02,0xD0,0xFF,0x22,
// row 20
0x22,0x80,0x05,0xE0,0x00,0x02,0x20,0x80,0x00,0x23,0x01,0xE0,0x0C,0x23,0xF6,0xE7,
0x18,0x00,0x21,0xB0,0xF0,0xBD,0xC0,0x46,0x50,0x01,0x00,0x20,0xFF,0x01,0x00,0x00,
0x74,0x08,0x00,0x20,0xA4,0x00,0x00,0x20,0xA8,0x00,0x00,0x20,0x11,0x1B,0x00,0x20,
0xD1,0x1A,0x00,0x20,0x10,0xB5,0x07,0x4C,0x01,0x00,0x00,0x22,0x20,0x88,0x01,0xF0,
0xA1,0xFE,0x23,0x00,0x00,0x28,0x02,0xD1,0x22,0x88,0x01,0x32,0x22,0x80,0x01,0x22,
0x1A,0x71,0x10,0xBD,0x50,0x01,0x00,0x20,0x01,0x4B,0x18,0x79,0x70,0x47,0xC0,0x46,
0x50,0x01,0x00,0x20,0x10,0xB5,0x01,0xF0,0x0D,0xFF,0x01,0x28,0x02,0xD1,0x01,0xF0,
0x0F,0xFF,0x01,0xE0,0x01,0xF0,0x22,0xFF,0x00,0x68,0x10,0xBD,0x70,0xB5,0x01,0x20,
// row 21
0x42,0x25,0x02,0x24,0x00,0x22,0x03,0x21,0x0E,0x4B,0xDD,0x61,0x1C,0x62,0x58,0x62,
0x5A,0x63,0x40,0x32,0xD9,0x62,0x1A,0x65,0x9D,0x63,0xDC,0x63,0x18,0x64,0x99,0x64,
0x5A,0x65,0x01,0xF0,0x21,0xFF,0x08,0x4B,0x11,0x38,0x18,0x70,0x20,0x20,0x07,0x4B,
0x07,0x4A,0xD1,0x58,0x01,0x43,0xD1,0x50,0x06,0x49,0xCA,0x58,0x02,0x43,0xCA,0x50,
0x70,0xBD,0xC0,0x46,0xFC,0x00,0x01,0x40,0x56,0x01,0x00,0x20,0x68,0x08,0x00,0x00,
0x00,0x00,0x0A,0x40,0x00,0x00,0x0B,0x40,0x0C,0x4B,0x80,0x00,0xC3,0x58,0x0C,0x49,
0x82,0xB0,0x5A,0x58,0x01,0x92,0x01,0x98,0x0A,0x4A,0x02,0x40,0xE0,0x20,0x01,0x92,
0x01,0x9A,0x00,0x03,0x02,0x43,0x01,0x92,0x01,0x9A,0x5A,0x50,0x06,0x49,0x07,0x4A,
// row 22
0x58,0x58,0x02,0x40,0x5A,0x50,0x02,0xB0,0x70,0x47,0xC0,0x46,0x2C,0x65,0x00,0x00,
0xC8,0x20,0x00,0x00,0xFF,0xFF,0x81,0xFF,0xCC,0x20,0x00,0x00,0xFF,0xFD,0xFF,0xFF,
0xF8,0xB5,0x20,0x27,0x0A,0x4B,0x80,0x00,0xC4,0x58,0x89,0x00,0x09,0x4D,0x64,0x18,
0x63,0x59,0x3B,0x42,0x0A,0xD1,0x28,0x26,0x0A,0x20,0x66,0x51,0x04,0xF0,0x0A,0xFF,
0x67,0x51,0x30,0x00,0x04,0xF0,0x06,0xFF,0xA0,0x23,0x63,0x51,0xF8,0xBD,0xC0,0x46,
0x2C,0x65,0x00,0x00,0x6C,0x08,0x00,0x00,0x70,0xB5,0x08,0x26,0x06,0x4B,0x80,0x00,
0xC4,0x58,0x06,0x4D,0x89,0x00,0x64,0x18,0x63,0x59,0x0A,0x20,0x33,0x43,0x63,0x51,
0x04,0xF0,0xF0,0xFE,0x66,0x51,0x70,0xBD,0x2C,0x65,0x00,0x00,0x6C,0x08,0x00,0x00,
// row 23
0x70,0xB5,0x04,0x00,0x0D,0x00,0x04,0xF0,0xB9,0xFE,0x29,0x00,0x20,0x00,0x04,0xF0,
0xA3,0xFE,0x20,0x00,0x04,0xF0,0xA8,0xFE,0x70,0xBD,0x00,0x00,0xF8,0xB5,0x05,0x00,
0x17,0x00,0x0C,0x00,0x02,0xF0,0x92,0xF9,0x03,0x00,0x67,0x33,0x28,0x4A,0x1B,0x78,
0xAD,0x00,0xAE,0x58,0x01,0x2B,0x35,0xD0,0x00,0x21,0x01,0x2C,0x01,0xD1,0x88,0x21,
0x49,0x00,0x3C,0x00,0x00,0x25,0xD2,0x19,0x53,0x7D,0x12,0x7D,0x5B,0x02,0x52,0x01,
0x13,0x43,0x0B,0x43,0xC0,0x22,0xFF,0x21,0xD2,0x00,0xB0,0x58,0x09,0x01,0x01,0x40,
0x8B,0x42,0x09,0xD0,0xB0,0x58,0x1B,0x49,0x01,0x40,0xB1,0x50,0xB1,0x58,0x32,0x20,
0x0B,0x43,0xB3,0x50,0x04,0xF0,0xAE,0xFE,0xAD,0x23,0x9B,0x00,0xF3,0x58,0x5A,0x05,
// row 24
0x03,0xD5,0x02,0x37,0x00,0x2D,0x06,0xD0,0x1F,0xE0,0xDB,0x04,0x05,0xD5,0x01,0x24,
0x00,0x2D,0x1A,0xD1,0x3F,0x19,0xFC,0xB2,0x17,0xE0,0x6B,0x42,0x5D,0x41,0x6D,0x42,
0x2C,0x40,0x12,0xE0,0x01,0x2C,0x0E,0xD1,0x88,0x24,0x64,0x00,0x8B,0x30,0x01,0x78,
0x01,0x25,0x89,0x00,0x52,0x18,0x13,0x7A,0x52,0x7A,0x5B,0x01,0x52,0x02,0x13,0x43,
0x23,0x43,0x02,0x24,0xC6,0xE7,0x00,0x24,0xF0,0xE7,0x20,0x00,0xF8,0xBD,0xC0,0x46,
0x2C,0x65,0x00,0x00,0x0F,0xF0,0xFF,0xFF,0x70,0xB5,0xD0,0x25,0x13,0x4B,0x80,0x00,
0xC4,0x58,0xED,0x00,0x61,0x51,0x0A,0x20,0x0E,0x00,0x04,0xF0,0x73,0xFE,0xD2,0x22,
0x02,0x23,0x92,0x00,0xA3,0x50,0x08,0x32,0xA2,0x58,0x1A,0x42,0x14,0xD0,0x00,0x2E,
// row 25
0x12,0xDB,0xC1,0x23,0x9B,0x00,0xE3,0x58,0x62,0x59,0x5B,0x07,0x9B,0x0F,0x12,0x04,
0x08,0xD5,0x02,0x2B,0x08,0xD1,0xD3,0x22,0x02,0x21,0x92,0x00,0xA3,0x58,0x0B,0x43,
0xA3,0x50,0x01,0xE0,0x01,0x2B,0xF6,0xD0,0x70,0xBD,0xC0,0x46,0x2C,0x65,0x00,0x00,
0x12,0x4B,0x82,0x00,0x70,0xB5,0xD5,0x58,0xAD,0x22,0x80,0x23,0x10,0x4C,0x92,0x00,
0x26,0x5C,0xAA,0x58,0xDB,0x01,0x1A,0x40,0x00,0x2E,0x08,0xD0,0x00,0x2A,0x04,0xD0,
0x01,0x22,0x0C,0x4B,0x11,0x00,0x1B,0x68,0x06,0xE0,0x22,0x54,0x08,0xE0,0x00,0x2A,
0x04,0xD1,0x01,0x21,0x07,0x4B,0x1B,0x68,0x98,0x47,0x06,0xE0,0x01,0x23,0x23,0x54,
0xFA,0x22,0x05,0x4B,0x52,0x00,0x01,0xF0,0x53,0xFF,0x70,0xBD,0x2C,0x65,0x00,0x00,
// row 26
0x9C,0x00,0x00,0x20,0x58,0x01,0x00,0x20,0xB1,0x14,0x00,0x00,0x02,0x4B,0x99,0x70,
0x02,0x4B,0x6C,0x33,0x18,0x70,0x70,0x47,0x9C,0x00,0x00,0x20,0x58,0x03,0x00,0x20,
0xF8,0xB5,0x12,0x4B,0x1B,0x79,0x00,0x2B,0x1F,0xD0,0x80,0x26,0x10,0x4C,0x11,0x4F,
0x76,0x02,0xE3,0x59,0x33,0x42,0x18,0xD1,0xFB,0x25,0x01,0x22,0xED,0x00,0x63,0x59,
0xC8,0x20,0x13,0x43,0x63,0x51,0x63,0x59,0x93,0x40,0xD3,0x40,0x63,0x51,0x04,0xF0,
0x01,0xFE,0x04,0xF0,0x1A,0xFE,0xE3,0x59,0x33,0x42,0x04,0xD1,0x80,0x22,0x63,0x59,
0x12,0x06,0x13,0x43,0x63,0x51,0x04,0xF0,0x14,0xFE,0xF8,0xBD,0x9C,0x00,0x00,0x20,
0x00,0x00,0x0A,0x40,0x1C,0x06,0x00,0x00,0x70,0x47,0x00,0x00,0x01,0x4B,0x18,0x60,
// row 27
0x70,0x47,0xC0,0x46,0x58,0x01,0x00,0x20,0x01,0x4B,0x18,0x67,0x70,0x47,0xC0,0x46,
0x58,0x03,0x00,0x20,0x13,0x4B,0x82,0x00,0xD3,0x58,0x9A,0x22,0x52,0x00,0x50,0x43,
0x11,0x4A,0x10,0xB5,0x10,0x18,0x1A,0x00,0x41,0x60,0x00,0x20,0x0F,0x49,0xA8,0x32,
0x10,0x60,0xD1,0x60,0x0F,0x21,0x51,0x61,0x1E,0x31,0xFF,0x31,0x91,0x62,0x0C,0x49,
0xD1,0x62,0xA1,0x21,0xC9,0x00,0x5C,0x58,0x0A,0x4A,0x22,0x40,0x5A,0x50,0x19,0x00,
0xE8,0x31,0x0A,0x68,0x08,0x4C,0x92,0xB2,0x22,0x43,0x0A,0x60,0x07,0x4A,0xC0,0x33,
0x1A,0x60,0x10,0xBD,0x2C,0x65,0x00,0x00,0x58,0x01,0x00,0x20,0x0F,0x02,0x00,0x00,
0x0A,0x40,0x41,0x01,0x00,0x04,0x08,0xC0,0x02,0x00,0x0F,0x7E,0x41,0x00,0x41,0x00,
// row 28
0x14,0x4B,0x82,0x00,0x70,0xB5,0xD4,0x58,0x0D,0x00,0x02,0xF0,0x5F,0xF8,0x22,0x00,
0xBC,0x32,0x11,0x68,0x10,0x4B,0x0B,0x40,0xA9,0x07,0x01,0xD4,0x82,0x21,0x00,0xE0,
0x86,0x21,0xC9,0x01,0x0B,0x43,0x69,0x07,0x02,0xD5,0x80,0x21,0xC9,0x00,0x0B,0x43,
0x41,0x21,0x13,0x60,0xC4,0x34,0x23,0x68,0x1B,0x0C,0x1B,0x04,0x19,0x43,0x03,0x00,
0x66,0x30,0x67,0x33,0x1B,0x78,0x02,0x78,0x1B,0x02,0x52,0x01,0x13,0x43,0x0B,0x43,
0x23,0x60,0x70,0xBD,0x2C,0x65,0x00,0x00,0xFF,0x80,0xFF,0xFF,0x02,0x21,0x03,0x4B,
0x80,0x00,0xC2,0x58,0x53,0x68,0x8B,0x43,0x53,0x60,0x70,0x47,0x2C,0x65,0x00,0x00,
0x22,0x4B,0xF7,0xB5,0x82,0x00,0xD4,0x58,0x21,0x4D,0x23,0x00,0xA0,0x33,0x1A,0x68,
// row 29
0x9A,0x23,0x5B,0x00,0x43,0x43,0xEB,0x18,0x29,0x33,0xFF,0x33,0x1E,0x78,0x00,0x2E,
0x01,0xD1,0x00,0x20,0x30,0xE0,0x00,0x29,0x06,0xD1,0x1F,0x23,0x08,0x25,0x13,0x40,
0x07,0x2B,0x03,0xD8,0x29,0x00,0x01,0xE0,0x10,0x25,0x00,0x21,0x9A,0x22,0x0B,0x00,
0x52,0x00,0x50,0x43,0x12,0x4A,0x12,0x18,0x01,0x92,0x4A,0x19,0x93,0x42,0x1A,0xDA,
0xFC,0x20,0x84,0x46,0x01,0x98,0x01,0x9F,0x84,0x44,0x60,0x46,0x2A,0x37,0xFF,0x37,
0x3A,0x78,0x80,0x69,0x92,0x00,0x12,0x58,0x94,0x46,0x60,0x46,0x1A,0x1D,0x92,0x00,
0x10,0x51,0x3A,0x78,0x01,0x32,0xD2,0xB2,0x3A,0x70,0x3A,0x78,0x96,0x42,0xD0,0xD9,
0x01,0x33,0xDB,0xB2,0xE1,0xE7,0x01,0x20,0xFE,0xBD,0xC0,0x46,0x2C,0x65,0x00,0x00,
// row 30
0x58,0x01,0x00,0x20,0xF0,0xB5,0x85,0xB0,0x9C,0x46,0x0A,0xAB,0x02,0x92,0x04,0xCB,
0x06,0x00,0x01,0x92,0x9A,0x22,0x52,0x00,0x72,0x43,0x1B,0x78,0x1C,0x4C,0x1D,0x48,
0x03,0x93,0xA2,0x18,0xB3,0x00,0x1D,0x58,0x13,0x00,0x0C,0x9F,0xFC,0x33,0x9F,0x61,
0x67,0x46,0x2C,0x33,0x1F,0x70,0x6B,0x46,0x2B,0x32,0x1B,0x7B,0xFF,0x32,0x13,0x70,
0x02,0x29,0x06,0xD1,0x2A,0x00,0x80,0x27,0xBC,0x32,0x13,0x68,0xFF,0x00,0x3B,0x43,
0x13,0x60,0x8B,0x00,0xC0,0x18,0x2B,0x00,0x82,0x69,0xC8,0x33,0x1A,0x60,0xE0,0x23,
0x01,0x20,0x01,0x9A,0x1B,0x01,0x13,0x40,0x01,0x31,0x03,0x43,0x09,0x04,0x19,0x43,
0x2B,0x00,0xAC,0x33,0x19,0x60,0xEA,0x60,0x6B,0x46,0x08,0x22,0x9A,0x56,0x9A,0x23,
// row 31
0x5B,0x00,0x5E,0x43,0xA4,0x19,0x2C,0x34,0xFF,0x34,0x22,0x70,0x05,0xB0,0xF0,0xBD,
0x58,0x01,0x00,0x20,0x2C,0x65,0x00,0x00,0x02,0x22,0x08,0x4B,0x80,0x00,0x10,0xB5,
0xC4,0x58,0xFF,0x32,0xDC,0x34,0x23,0x68,0x05,0x20,0x13,0x43,0x23,0x60,0x04,0xF0,
0xD1,0xFC,0x22,0x68,0x02,0x4B,0x13,0x40,0x23,0x60,0x10,0xBD,0x2C,0x65,0x00,0x00,
0xFE,0xFE,0xFF,0xFF,0xF8,0xB5,0xA1,0x27,0x3E,0x4B,0x82,0x00,0xD4,0x58,0xFF,0x00,
0xE2,0x59,0x3D,0x4B,0x06,0x00,0x13,0x40,0xE3,0x51,0xA0,0x23,0x3B,0x4A,0xDB,0x00,
0xE2,0x50,0x9A,0x23,0x5B,0x00,0x73,0x43,0x39,0x48,0xC3,0x18,0x19,0x00,0x2C,0x31,
0xFF,0x31,0x0A,0x78,0x05,0x00,0x52,0xB2,0x00,0x2A,0x06,0xDA,0x80,0x21,0x35,0x4A,
// row 32
0x89,0x01,0xA3,0x58,0x0B,0x43,0xA3,0x50,0x5A,0xE0,0x22,0x00,0xA4,0x32,0x10,0x68,
0x31,0x4A,0x02,0x40,0x0D,0xD0,0x0A,0x78,0x5B,0x68,0x01,0x3A,0x52,0xB2,0x0A,0x70,
0x80,0x21,0xE2,0x59,0x49,0x01,0x0A,0x43,0xE2,0x51,0x00,0x21,0x30,0x00,0x98,0x47,
0x46,0xE0,0x2A,0x33,0xFF,0x33,0x1A,0x70,0x01,0x21,0x30,0x00,0xFF,0xF7,0x18,0xFF,
0x00,0x28,0x04,0xD0,0x80,0x22,0xE3,0x59,0xD2,0x02,0x13,0x43,0xE3,0x51,0xA1,0x22,
0xD2,0x00,0xA3,0x58,0x21,0x49,0x0B,0x43,0xA3,0x50,0x9A,0x23,0x5B,0x00,0x1A,0x00,
0x72,0x43,0xAA,0x18,0x2B,0x32,0xFF,0x32,0x12,0x78,0x02,0x21,0x01,0x2A,0x02,0xD1,
0x62,0x68,0x0A,0x43,0x01,0xE0,0x62,0x68,0x8A,0x43,0x73,0x43,0xEB,0x18,0x2C,0x33,
// row 33
0x62,0x60,0xFF,0x33,0xC4,0x34,0x22,0x68,0x1B,0x78,0x00,0x2B,0x03,0xD0,0x80,0x23,
0x1B,0x03,0x13,0x43,0x01,0xE0,0x12,0x4B,0x13,0x40,0x9A,0x20,0x80,0x22,0x40,0x00,
0x70,0x43,0x92,0x02,0x28,0x18,0x13,0x43,0x02,0x00,0x00,0x21,0x2D,0x32,0xFF,0x32,
0x2C,0x30,0x11,0x70,0xFF,0x30,0x02,0x78,0x01,0x3A,0x52,0xB2,0x02,0x70,0x23,0x60,
0x01,0x20,0xF8,0xBD,0x2C,0x65,0x00,0x00,0xFF,0xEF,0xFF,0xFF,0x98,0xF0,0x14,0x00,
0x58,0x01,0x00,0x20,0x04,0x05,0x00,0x00,0x01,0x20,0x00,0x00,0x88,0xE0,0x00,0x00,
0xFF,0xFF,0xF7,0xFF,0x0B,0x4B,0x82,0x00,0xD2,0x58,0x9A,0x23,0x5B,0x00,0x58,0x43,
0x09,0x4B,0x10,0xB5,0x1B,0x18,0x00,0x20,0x2E,0x33,0xFF,0x33,0x18,0x70,0xA0,0x23,
// row 34
0x06,0x49,0xDB,0x00,0xD1,0x50,0xA1,0x21,0xC9,0x00,0x53,0x58,0x04,0x4C,0x23,0x43,
0x53,0x50,0x10,0xBD,0x2C,0x65,0x00,0x00,0x58,0x01,0x00,0x20,0x7F,0x06,0x09,0x04,
0x00,0x06,0x01,0x04,0x10,0x4B,0x80,0x00,0xC3,0x58,0x30,0xB5,0x18,0x00,0xBC,0x30,
0x04,0x68,0x0E,0x4A,0x22,0x40,0x02,0x60,0xA1,0x22,0xD2,0x00,0x9D,0x58,0x0C,0x4C,
0x2C,0x40,0x9C,0x50,0x00,0x29,0x09,0xD0,0x80,0x24,0x01,0x68,0xE4,0x01,0x21,0x43,
0x01,0x60,0x80,0x20,0x99,0x58,0x80,0x00,0x01,0x43,0x99,0x50,0xA0,0x22,0x05,0x49,
0xD2,0x00,0x00,0x20,0x99,0x50,0x30,0xBD,0x2C,0x65,0x00,0x00,0xFF,0x80,0xFF,0xFF,
0xFF,0xF9,0xFE,0xFB,0x00,0x06,0x01,0x04,0x80,0x22,0x09,0x4B,0x80,0x00,0x10,0xB5,
// row 35
0xC4,0x58,0x52,0x03,0xC4,0x34,0x23,0x68,0x32,0x20,0x13,0x43,0x23,0x60,0x04,0xF0,
0xE1,0xFB,0x80,0x22,0x23,0x68,0x52,0x02,0x13,0x43,0x00,0x20,0x23,0x60,0x10,0xBD,
0x2C,0x65,0x00,0x00,0x06,0x4B,0x80,0x00,0xC3,0x58,0x06,0x4A,0xC4,0x33,0x19,0x68,
0x00,0x20,0x0A,0x40,0x1A,0x60,0x19,0x68,0x03,0x4A,0x0A,0x40,0x1A,0x60,0x70,0x47,
0x2C,0x65,0x00,0x00,0xFF,0xFF,0xFE,0xFF,0xFF,0xFF,0xEF,0xFF,0x0B,0x4B,0x82,0x00,
0xD2,0x58,0x9A,0x23,0x5B,0x00,0x58,0x43,0x09,0x4B,0xA1,0x21,0x1B,0x18,0x00,0x20,
0x2D,0x33,0xFF,0x33,0x10,0xB5,0xC9,0x00,0x18,0x70,0x54,0x58,0x05,0x4B,0x23,0x40,
0x53,0x50,0xA0,0x23,0x04,0x49,0xDB,0x00,0xD1,0x50,0x10,0xBD,0x2C,0x65,0x00,0x00,
// row 36
0x58,0x01,0x00,0x20,0x77,0x0F,0xEB,0xFF,0x88,0xF0,0x14,0x00,0xF8,0xB5,0x1A,0x4D,
0x83,0x00,0x0E,0x00,0x5C,0x59,0x05,0x29,0x01,0xD1,0xFF,0xF7,0xBD,0xFE,0xA0,0x23,
0xA1,0x22,0x16,0x49,0xDB,0x00,0xE1,0x50,0xD2,0x00,0xA3,0x58,0x0B,0x43,0xA3,0x50,
0xB3,0x00,0xED,0x18,0x23,0x00,0xAA,0x69,0xCC,0x33,0x1A,0x60,0x05,0x2E,0x07,0xD0,
0x80,0x22,0xC4,0x34,0x23,0x68,0xD2,0x02,0x13,0x43,0x23,0x60,0x00,0x20,0x11,0xE0,
0x0A,0x25,0x27,0x00,0xA4,0x37,0x3B,0x68,0x09,0x4E,0x33,0x42,0x06,0xD0,0x01,0x3D,
0x0A,0x20,0xED,0xB2,0x04,0xF0,0x76,0xFB,0x00,0x2D,0xF2,0xD1,0x3B,0x68,0x0F,0x20,
0x33,0x42,0xE5,0xD0,0xF8,0xBD,0xC0,0x46,0x2C,0x65,0x00,0x00,0x00,0x01,0x02,0x00,
// row 37
0x07,0x20,0x00,0x00,0x9A,0x23,0x5B,0x00,0x58,0x43,0x02,0x4B,0x18,0x18,0x08,0x30,
0x70,0x47,0xC0,0x46,0x58,0x01,0x00,0x20,0xF0,0xB5,0x83,0x00,0x85,0xB0,0x02,0x93,
0x99,0x4B,0x82,0x00,0xD6,0x58,0x99,0x4B,0x07,0x00,0xF2,0x58,0x01,0x93,0x00,0x2A,
0x00,0xD1,0xC8,0xE1,0xF3,0x58,0x9B,0x05,0x11,0xD5,0x9A,0x23,0x5B,0x00,0x43,0x43,
0x93,0x4A,0x00,0x21,0xD3,0x18,0x1A,0x00,0x2D,0x32,0xFF,0x32,0x11,0x70,0x5B,0x68,
0x08,0x31,0x98,0x47,0x88,0x22,0xA0,0x23,0x92,0x00,0xDB,0x00,0xF2,0x50,0x01,0x9B,
0xF2,0x58,0x80,0x23,0x1A,0x42,0x0A,0xD0,0xA0,0x22,0xD2,0x00,0xB3,0x50,0xB4,0x33,
0x7B,0x43,0x87,0x4A,0xD3,0x18,0x01,0x22,0x2D,0x33,0xFF,0x33,0x1A,0x70,0x01,0x9B,
// row 38
0xF3,0x58,0x5B,0x01,0x74,0xD5,0xA0,0x21,0xC9,0x00,0x74,0x58,0x23,0x07,0x23,0xD5,
0x30,0x23,0x23,0x40,0x10,0x2B,0x1F,0xD1,0x25,0x33,0xFF,0x33,0x7B,0x43,0x7C,0x4A,
0xD3,0x18,0x1A,0x00,0x2D,0x32,0xFF,0x32,0x10,0x78,0x01,0x28,0x14,0xD1,0x00,0x20,
0x10,0x70,0x30,0x00,0x80,0x25,0xAC,0x30,0x02,0x68,0x2D,0x03,0x2A,0x43,0x02,0x60,
0xA1,0x20,0xC0,0x00,0x35,0x58,0x73,0x4A,0x5B,0x68,0x2A,0x40,0x32,0x50,0x72,0x4A,
0x38,0x00,0x72,0x50,0x03,0x21,0x98,0x47,0xE3,0x07,0x45,0xD5,0x20,0x23,0x23,0x40,
0x42,0xD1,0x9A,0x22,0x52,0x00,0x7A,0x43,0x69,0x4C,0x94,0x46,0xA2,0x18,0x11,0x00,
0xA1,0x20,0x2D,0x31,0xFF,0x31,0x0B,0x70,0xC0,0x00,0x35,0x58,0x67,0x49,0x29,0x40,
// row 39
0x31,0x50,0x80,0x20,0xA0,0x21,0x40,0x01,0xC9,0x00,0x70,0x50,0x31,0x00,0xA4,0x31,
0x09,0x68,0xF0,0x6D,0x89,0x06,0x49,0x0F,0x01,0x39,0x11,0x72,0x60,0x49,0x01,0x40,
0xD1,0x60,0x51,0x7B,0x49,0x06,0x49,0x0F,0x51,0x72,0xC8,0xB2,0x11,0x7B,0xC9,0x06,
0xC9,0x0E,0x91,0x72,0x11,0x7B,0x89,0x06,0xC9,0x0F,0xD1,0x72,0x22,0x00,0x04,0x34,
0x83,0x42,0x09,0xD2,0x19,0x00,0x18,0x31,0x89,0x00,0x8D,0x59,0x99,0x00,0x61,0x44,
0x61,0x18,0xCD,0x60,0x01,0x33,0xF3,0xE7,0x9A,0x23,0x5B,0x00,0x7B,0x43,0xD2,0x18,
0x53,0x68,0x06,0x21,0x38,0x00,0x98,0x47,0xA0,0x23,0x4E,0x4A,0xDB,0x00,0xF2,0x50,
0x80,0x24,0x01,0x9B,0xE4,0x00,0xF3,0x58,0x23,0x42,0x0B,0xD0,0x9A,0x23,0x5B,0x00,
// row 40
0x7B,0x43,0x43,0x4A,0x07,0x21,0xD3,0x18,0x5B,0x68,0x38,0x00,0x98,0x47,0xA0,0x23,
0xDB,0x00,0xF4,0x50,0x80,0x24,0x01,0x9B,0x64,0x02,0xF3,0x58,0x23,0x42,0x0B,0xD0,
0x9A,0x23,0x5B,0x00,0x7B,0x43,0x3A,0x4A,0x07,0x21,0xD3,0x18,0x5B,0x68,0x38,0x00,
0x98,0x47,0xA0,0x23,0xDB,0x00,0xF4,0x50,0x80,0x22,0x01,0x9B,0x52,0x01,0xF3,0x58,
0x13,0x42,0x11,0xD0,0xA1,0x21,0xC9,0x00,0x70,0x58,0x34,0x4B,0x03,0x40,0x73,0x50,
0xA0,0x23,0xDB,0x00,0xF2,0x50,0x9A,0x23,0x5B,0x00,0x7B,0x43,0x2C,0x4A,0x01,0x21,
0xD3,0x18,0x5B,0x68,0x38,0x00,0x98,0x47,0x80,0x24,0x01,0x9B,0xE4,0x02,0xF3,0x58,
0x23,0x42,0x0E,0xD0,0x00,0x21,0x38,0x00,0xFF,0xF7,0xFA,0xFC,0x00,0x28,0x05,0xD1,
// row 41
0xA1,0x22,0xD2,0x00,0xB1,0x58,0x28,0x4B,0x0B,0x40,0xB3,0x50,0xA0,0x23,0xDB,0x00,
0xF4,0x50,0x01,0x9B,0xF3,0x58,0x9B,0x04,0x5E,0xD5,0x9A,0x23,0x5B,0x00,0x7B,0x43,
0x1B,0x4C,0x00,0x21,0xE3,0x18,0x1A,0x00,0x2D,0x32,0xFF,0x32,0x11,0x70,0x19,0x00,
0x2C,0x31,0xFF,0x31,0x0A,0x78,0x03,0x94,0x52,0xB2,0x00,0x2A,0x0A,0xDA,0xA1,0x21,
0xC9,0x00,0x70,0x58,0x13,0x4A,0x5B,0x68,0x02,0x40,0x72,0x50,0x38,0x00,0x02,0x21,
0x98,0x47,0x3C,0xE0,0x0B,0x78,0x00,0x2B,0x2E,0xD0,0xA0,0x23,0x80,0x22,0x35,0x00,
0x80,0x24,0xDB,0x00,0x52,0x03,0xF2,0x50,0x05,0x20,0xC4,0x35,0x04,0xF0,0x32,0xFA,
0x2B,0x68,0x24,0x03,0x23,0x42,0x19,0xD0,0xA1,0x22,0x80,0x21,0xD2,0x00,0xB3,0x58,
// row 42
0x49,0x03,0x0B,0x43,0xB3,0x50,0x17,0xE0,0x2C,0x65,0x00,0x00,0x0C,0x05,0x00,0x00,
0x58,0x01,0x00,0x20,0x77,0x1F,0xFF,0xFF,0x88,0xE0,0x00,0x00,0xFF,0xEF,0xFF,0xFF,
0xEF,0x7F,0xFF,0xFF,0x7F,0x00,0x08,0x04,0xFF,0xFF,0xFB,0xFF,0x05,0x20,0x04,0xF0,
0x11,0xFA,0x2B,0x68,0x23,0x43,0x2B,0x60,0x9A,0x23,0x5B,0x00,0x7B,0x43,0x03,0x9A,
0xD4,0x18,0x2C,0x34,0xFF,0x34,0x23,0x78,0x01,0x3B,0x5B,0xB2,0x23,0x70,0x80,0x22,
0xA0,0x23,0x92,0x01,0xDB,0x00,0xF2,0x50,0x80,0x24,0x01,0x9B,0x64,0x03,0xF3,0x58,
0x23,0x42,0x12,0xD0,0x05,0x20,0x04,0xF0,0xF5,0xF9,0x32,0x00,0x80,0x21,0xC4,0x32,
0x13,0x68,0x09,0x03,0x0B,0x43,0x13,0x60,0xA1,0x22,0xD2,0x00,0xB1,0x58,0x40,0x4B,
// row 43
0x0B,0x40,0xB3,0x50,0xA0,0x23,0xDB,0x00,0xF4,0x50,0x01,0x9B,0xF2,0x58,0xC0,0x23,
0x1B,0x02,0x1A,0x42,0x1F,0xD0,0xD0,0x22,0xA0,0x23,0x12,0x02,0xDB,0x00,0xF2,0x50,
0xA1,0x22,0x80,0x24,0xD2,0x00,0xB3,0x58,0x64,0x01,0x23,0x43,0xB3,0x50,0x0A,0x20,
0x04,0xF0,0xD0,0xF9,0x33,0x00,0xA4,0x33,0x1A,0x68,0x32,0x4B,0x1A,0x42,0x01,0xD1,
0x31,0x4B,0xF4,0x50,0x9A,0x23,0x5B,0x00,0x7B,0x43,0x30,0x4A,0x00,0x21,0xD3,0x18,
0x5B,0x68,0x38,0x00,0x98,0x47,0x01,0x9B,0xF3,0x58,0xDB,0x05,0x17,0xD5,0x9A,0x23,
0x5B,0x00,0x7B,0x43,0x29,0x4A,0x00,0x21,0xD3,0x18,0x1A,0x00,0x2D,0x32,0xFF,0x32,
0x11,0x70,0x5B,0x68,0x05,0x31,0x38,0x00,0x98,0x47,0xA1,0x22,0xD2,0x00,0xB1,0x58,
// row 44
0x23,0x4B,0x0B,0x40,0xB3,0x50,0xA0,0x23,0x22,0x4A,0xDB,0x00,0xF2,0x50,0x01,0x9B,
0xF3,0x58,0x9B,0x03,0x17,0xD5,0x9A,0x23,0x5B,0x00,0x7B,0x43,0x1B,0x4A,0x00,0x21,
0xD3,0x18,0x1A,0x00,0x2D,0x32,0xFF,0x32,0x11,0x70,0xA1,0x21,0xC9,0x00,0x70,0x58,
0x17,0x4A,0x5B,0x68,0x02,0x40,0x72,0x50,0xA0,0x22,0x16,0x49,0xD2,0x00,0xB1,0x50,
0x38,0x00,0x04,0x21,0x98,0x47,0x14,0x4B,0xF2,0x58,0x00,0x2A,0x16,0xD0,0x20,0x22,
0xF1,0x58,0x11,0x42,0x02,0xD0,0xA2,0x21,0xC9,0x00,0x72,0x50,0xF2,0x58,0x40,0x23,
0x1A,0x42,0x0B,0xD0,0xA2,0x22,0xD2,0x00,0xB3,0x50,0x0C,0x4B,0x02,0x9A,0x9B,0x18,
0x5B,0x6F,0x00,0x2B,0x02,0xD0,0x04,0x21,0x38,0x00,0x98,0x47,0x05,0xB0,0xF0,0xBD,
// row 45
0xFF,0xFF,0xEF,0xFF,0x07,0x20,0x00,0x00,0x04,0x05,0x00,0x00,0x58,0x01,0x00,0x20,
0xFF,0xFE,0xFD,0xFF,0x00,0x01,0x02,0x00,0x1C,0x05,0x00,0x00,0x58,0x03,0x00,0x20,
0x10,0xB5,0x00,0x20,0xFF,0xF7,0xF8,0xFD,0x10,0xBD,0x10,0xB5,0x01,0x20,0xFF,0xF7,
0xF3,0xFD,0x10,0xBD,0xC0,0x22,0x12,0x4B,0x80,0x00,0xC3,0x58,0xD2,0x00,0x98,0x58,
0x10,0x49,0x10,0xB5,0x01,0x40,0xE0,0x20,0x99,0x50,0x99,0x58,0x00,0x03,0x01,0x43,
0x99,0x50,0xAA,0x21,0x89,0x00,0x58,0x58,0x0B,0x4A,0x02,0x40,0x5A,0x50,0xC1,0x22,
0x01,0x20,0x92,0x00,0x99,0x58,0x81,0x43,0x99,0x50,0x99,0x58,0x0F,0x30,0x01,0x43,
0x99,0x50,0x00,0x21,0x08,0x00,0xFF,0xF7,0x13,0xFA,0x00,0x20,0x10,0xBD,0xC0,0x46,
// row 46
0x2C,0x65,0x00,0x00,0xFF,0xFF,0xF1,0xCF,0xFE,0xFB,0xFF,0xFF,0xF8,0xB5,0x4D,0x4B,
0x82,0x00,0xD4,0x58,0xC1,0x23,0x06,0x00,0x08,0x20,0xDB,0x00,0xE2,0x58,0x82,0x43,
0xE2,0x50,0x01,0x2E,0x03,0xD1,0x48,0x49,0xCA,0x58,0x82,0x43,0xCA,0x50,0xC0,0x25,
0x00,0x21,0xED,0x00,0x63,0x59,0x08,0x00,0x5B,0x00,0x5B,0x08,0x63,0x51,0xFF,0xF7,
0xEF,0xF9,0x32,0x20,0x04,0xF0,0x06,0xF9,0x0A,0x22,0x80,0x21,0xA9,0x20,0x63,0x59,
0x09,0x02,0x13,0x43,0x3D,0x4A,0x63,0x51,0xA3,0x58,0x80,0x00,0x0B,0x43,0xA3,0x50,
0x22,0x58,0x3B,0x4B,0x3B,0x49,0x1A,0x40,0x0A,0x43,0x22,0x50,0xAA,0x22,0x92,0x00,
0xA0,0x58,0xC0,0x25,0x03,0x40,0x0B,0x43,0xC0,0x21,0xA3,0x50,0x08,0x3A,0xA3,0x58,
// row 47
0x89,0x03,0x0B,0x43,0xAC,0x21,0xA3,0x50,0x33,0x4A,0x89,0x00,0x62,0x50,0x60,0x58,
0x32,0x4B,0x6D,0x01,0x18,0x43,0x60,0x50,0xB0,0x20,0x08,0x31,0x65,0x50,0x80,0x00,
0x21,0x58,0x29,0x43,0x21,0x50,0xAD,0x21,0x89,0x00,0x60,0x58,0x0D,0x00,0x01,0x02,
0x06,0xD5,0xAF,0x20,0x80,0x27,0x80,0x00,0x21,0x58,0x3F,0x01,0x39,0x43,0x21,0x50,
0x61,0x59,0x89,0x01,0x06,0xD5,0xAF,0x20,0x80,0x25,0x80,0x00,0x21,0x58,0x6D,0x01,
0x29,0x43,0x21,0x50,0xC9,0x21,0x89,0x00,0x62,0x50,0x62,0x58,0x01,0x27,0x13,0x43,
0x63,0x50,0xC0,0x21,0xD2,0x23,0xD4,0x22,0xA8,0x25,0xC9,0x03,0x9B,0x00,0xE1,0x50,
0x92,0x00,0xA3,0x58,0xAD,0x00,0x0B,0x43,0xA3,0x50,0x19,0x4A,0x0A,0x20,0xA3,0x58,
// row 48
0x3B,0x43,0xA3,0x50,0x62,0x59,0x17,0x4B,0xB7,0x40,0x13,0x40,0xC0,0x22,0x63,0x51,
0x63,0x59,0x52,0x01,0x13,0x43,0x63,0x51,0x04,0xF0,0x9C,0xF8,0x80,0x22,0x63,0x59,
0xD2,0x00,0x13,0x43,0x63,0x51,0xAE,0x23,0x80,0x21,0x9B,0x00,0x41,0x3A,0xE1,0x50,
0xFF,0x3A,0xA3,0x58,0x00,0x20,0x0B,0x43,0xA3,0x50,0x0B,0x4B,0xDA,0x6F,0x17,0x43,
0xDF,0x67,0xF8,0xBD,0x2C,0x65,0x00,0x00,0x00,0x00,0x0A,0x40,0x04,0x06,0x00,0x00,
0xFE,0xFB,0xFF,0xFF,0x10,0x40,0x00,0x00,0x84,0x24,0x24,0x00,0x01,0x08,0x00,0x00,
0x68,0x08,0x00,0x00,0xFF,0xA3,0xFF,0xFF,0x58,0x03,0x00,0x20,0xF7,0xB5,0xAE,0x26,
0x80,0x27,0xB0,0x25,0x25,0x4B,0x82,0x00,0xD4,0x58,0xA8,0x22,0xB6,0x00,0xA7,0x51,
// row 49
0xAD,0x00,0x63,0x59,0x92,0x00,0xBB,0x43,0x63,0x51,0xA1,0x58,0x20,0x4B,0x01,0x90,
0x0B,0x40,0xA3,0x50,0x0A,0x20,0x04,0xF0,0x5D,0xF8,0xD4,0x22,0xA7,0x51,0x92,0x00,
0xA1,0x58,0x1C,0x4B,0x0B,0x40,0xA3,0x50,0xC0,0x22,0xD2,0x23,0xC9,0x21,0xD2,0x03,
0x9B,0x00,0xE2,0x50,0x89,0x00,0x62,0x58,0x17,0x4B,0x1A,0x40,0x62,0x50,0xC0,0x22,
0x52,0x01,0xA2,0x51,0x61,0x59,0x15,0x4A,0x0A,0x40,0x62,0x51,0xAC,0x22,0x92,0x00,
0xA1,0x58,0x0B,0x40,0xA3,0x50,0xC0,0x22,0x80,0x21,0xD2,0x00,0xA3,0x58,0x09,0x06,
0x0B,0x43,0xA3,0x50,0x01,0x23,0x01,0x9A,0x93,0x40,0x0D,0x4A,0xD0,0x6F,0x98,0x43,
0xD0,0x67,0x08,0xD1,0x01,0x00,0xFF,0xF7,0x2F,0xF9,0xC1,0x22,0x08,0x21,0xD2,0x00,
// row 50
0xA3,0x58,0x0B,0x43,0xA3,0x50,0x00,0x20,0xFE,0xBD,0xC0,0x46,0x2C,0x65,0x00,0x00,
0xFF,0xA3,0xFF,0xFF,0xFF,0xFF,0x9F,0xFF,0xFE,0xF7,0xFF,0xFF,0xFF,0xE7,0xFF,0xFF,
0x58,0x03,0x00,0x20,0x10,0xB5,0x04,0x00,0x01,0xF0,0xD0,0xFA,0x00,0x2C,0x01,0xD1,
0x0A,0x4B,0x00,0xE0,0x0A,0x4B,0x02,0x00,0x67,0x32,0x12,0x78,0x00,0x2A,0x0B,0xD1,
0x18,0x21,0x1A,0x68,0x68,0x30,0x8A,0x43,0x1A,0x60,0x02,0x78,0x03,0x2A,0x03,0xD1,
0x1A,0x68,0x08,0x39,0x0A,0x43,0x1A,0x60,0x10,0xBD,0xC0,0x46,0x00,0xFF,0x0A,0x40,
0x00,0xFF,0x0B,0x40,0xF8,0xB5,0x07,0x00,0x0E,0x00,0x14,0x00,0x01,0x28,0x2D,0xD8,
0x00,0x21,0x17,0x4B,0x82,0x00,0x08,0x00,0xD5,0x58,0xFF,0xF7,0xD1,0xF8,0x00,0x2F,
// row 51
0x03,0xD1,0x14,0x4B,0xE2,0x5C,0x14,0x4B,0x02,0xE0,0x14,0x4B,0xE2,0x5C,0x14,0x4B,
0x00,0x2E,0x01,0xD1,0x5A,0x60,0x00,0xE0,0x9A,0x60,0x18,0x21,0x1A,0x68,0x8A,0x43,
0x1A,0x60,0x02,0x2C,0x04,0xD1,0x1A,0x68,0x08,0x39,0x0A,0x43,0x1A,0x60,0x01,0x34,
0xC0,0x23,0xDB,0x00,0xE9,0x58,0x0B,0x4A,0xA4,0x06,0x0A,0x40,0x14,0x43,0x82,0x22,
0x00,0x2E,0x00,0xD0,0x84,0x22,0xD2,0x05,0x14,0x43,0xEC,0x50,0xF8,0xBD,0xC0,0x46,
0x2C,0x65,0x00,0x00,0x10,0xF2,0xFF,0x0F,0x00,0xFF,0x0A,0x40,0x90,0xF2,0xFF,0x0F,
0x00,0xFF,0x0B,0x40,0xFF,0xFF,0xFF,0xF3,0x06,0x4B,0x80,0x00,0xC2,0x58,0xC0,0x23,
0xDB,0x00,0xD0,0x58,0x00,0x29,0x01,0xD1,0x03,0x49,0x00,0xE0,0x03,0x49,0x01,0x40,
// row 52
0xD1,0x50,0x70,0x47,0x2C,0x65,0x00,0x00,0xFF,0xFF,0xFF,0xFE,0xFF,0xFF,0xFF,0xFD,
0x04,0x4B,0x80,0x00,0xC1,0x58,0x04,0x4A,0x04,0x4B,0x88,0x58,0x03,0x40,0x8B,0x50,
0x70,0x47,0xC0,0x46,0x2C,0x65,0x00,0x00,0x04,0x06,0x00,0x00,0xFF,0xFB,0xFF,0xFF,
0xC0,0x22,0x08,0x4B,0x80,0x00,0xC0,0x58,0xD2,0x00,0x83,0x58,0x00,0x29,0x02,0xD1,
0xA0,0x21,0xC9,0x03,0x01,0xE0,0xA0,0x21,0x09,0x04,0x0B,0x43,0x02,0x49,0x0B,0x40,
0x83,0x50,0x70,0x47,0x2C,0x65,0x00,0x00,0xFF,0xFF,0xFF,0xBF,0xC0,0x22,0x0A,0x4B,
0x80,0x00,0x10,0xB5,0xC4,0x58,0xD2,0x00,0xA3,0x58,0x10,0x00,0x00,0x29,0x04,0xD1,
0x06,0x4A,0x13,0x40,0x80,0x22,0x52,0x03,0x03,0xE0,0x05,0x4A,0x13,0x40,0x80,0x22,
// row 53
0x92,0x03,0x13,0x43,0x23,0x50,0x10,0xBD,0x2C,0x65,0x00,0x00,0xFF,0xFF,0xBF,0xFF,
0xFF,0xFF,0x7F,0xFF,0xF7,0xB5,0x07,0x00,0x01,0xF0,0x18,0xFA,0x2F,0x4B,0xBA,0x00,
0xD2,0x58,0x03,0x00,0x6F,0x33,0x1D,0x78,0x21,0x33,0x1B,0x88,0x01,0xAC,0x23,0x80,
0x03,0x00,0x72,0x33,0x19,0x78,0x06,0x00,0x00,0x29,0x04,0xD0,0xA4,0x32,0x11,0x68,
0x06,0x22,0x11,0x42,0x48,0xD1,0x32,0x00,0x67,0x32,0x11,0x78,0x01,0x29,0x15,0xD1,
0x1A,0x78,0xD2,0xB2,0x00,0x2A,0x04,0xD0,0x00,0x22,0x70,0x36,0x33,0x78,0xE2,0x54,
0x05,0xE0,0x4E,0x1B,0xF1,0xB2,0x38,0x00,0xFF,0xF7,0x58,0xF8,0xA0,0x55,0x00,0x22,
0x29,0x00,0x38,0x00,0xFF,0xF7,0x52,0xF8,0x60,0x55,0x2D,0xE0,0x1B,0x78,0xDB,0xB2,
// row 54
0x00,0x2B,0x16,0xD0,0x63,0x5D,0x01,0x2B,0x05,0xD9,0x01,0x22,0x29,0x00,0x38,0x00,
0xFF,0xF7,0x44,0xF8,0x60,0x55,0x63,0x5D,0x01,0x2B,0x05,0xD8,0x00,0x22,0x29,0x00,
0x38,0x00,0xFF,0xF7,0x3B,0xF8,0x60,0x55,0x00,0x22,0x70,0x36,0x33,0x78,0xE2,0x54,
0x12,0xE0,0x1D,0x00,0xEE,0xB2,0x00,0x22,0x31,0x00,0x38,0x00,0xFF,0xF7,0x2E,0xF8,
0x60,0x55,0x00,0x28,0x05,0xD0,0x01,0x22,0x31,0x00,0x38,0x00,0xFF,0xF7,0x26,0xF8,
0x60,0x55,0x01,0x35,0x02,0x2D,0xED,0xD1,0x20,0x88,0xFE,0xBD,0x2C,0x65,0x00,0x00,
0x07,0x4B,0x80,0x00,0xC2,0x58,0xC0,0x23,0x04,0x20,0xDB,0x00,0x00,0x29,0x02,0xD1,
0xD1,0x58,0x81,0x43,0x01,0xE0,0xD1,0x58,0x01,0x43,0xD1,0x50,0x70,0x47,0xC0,0x46,
// row 55
0x2C,0x65,0x00,0x00,0x06,0x4B,0x80,0x00,0xC2,0x58,0x01,0x23,0x00,0x29,0x01,0xD1,
0x8C,0x21,0x00,0xE0,0x8E,0x21,0x89,0x00,0x50,0x58,0x40,0x09,0x18,0x40,0x70,0x47,
0x2C,0x65,0x00,0x00,0x14,0x4B,0x82,0x00,0x70,0xB5,0xD4,0x58,0xAD,0x23,0x9B,0x00,
0xE2,0x58,0x0D,0x00,0x0C,0x23,0x52,0x04,0x1B,0xD5,0xFF,0xF7,0xE3,0xFF,0x00,0x23,
0x98,0x42,0x16,0xD1,0x0D,0x4A,0x9D,0x42,0x01,0xD1,0x8C,0x23,0x00,0xE0,0x8E,0x23,
0x02,0x20,0x9B,0x00,0xE1,0x58,0x11,0x43,0xE1,0x50,0xE1,0x58,0x01,0x43,0xE1,0x50,
0xE1,0x58,0x81,0x43,0xE1,0x50,0x90,0x21,0x89,0x00,0x63,0x58,0x13,0x43,0x63,0x50,
0x00,0x23,0x18,0x00,0x70,0xBD,0xC0,0x46,0x2C,0x65,0x00,0x00,0x20,0x0C,0x20,0x00,
// row 56
0x13,0x4B,0x70,0xB5,0x82,0x00,0x0D,0x00,0xD4,0x58,0xFF,0xF7,0xBB,0xFF,0x00,0x28,
0x1C,0xD0,0x90,0x22,0x92,0x00,0xA1,0x58,0x0E,0x4B,0x0A,0x20,0x0B,0x40,0xA3,0x50,
0x03,0xF0,0x98,0xFE,0x00,0x2D,0x04,0xD1,0x8C,0x23,0x9B,0x00,0xE1,0x58,0x0A,0x4A,
0x03,0xE0,0x8E,0x23,0x9B,0x00,0xE1,0x58,0x08,0x4A,0x0A,0x40,0x02,0x21,0xE2,0x50,
0xE2,0x58,0x0A,0x43,0xE2,0x50,0xE2,0x58,0x8A,0x43,0xE2,0x50,0x00,0x20,0x70,0xBD,
0x2C,0x65,0x00,0x00,0xDF,0xF3,0xDF,0xFF,0xDF,0xFB,0xDF,0xFF,0xDF,0xF7,0xDF,0xFF,
0x9A,0x23,0x58,0x43,0x10,0xB5,0x41,0x18,0x88,0x31,0x08,0x48,0x49,0x00,0x41,0x18,
0x49,0x89,0x10,0x02,0x89,0xB2,0x03,0xF0,0xA3,0xFE,0x03,0x28,0x03,0xD9,0xFE,0x28,
// row 57
0x02,0xD9,0xFE,0x20,0x00,0xE0,0x04,0x20,0xC0,0xB2,0x10,0xBD,0x58,0x01,0x00,0x20,
0x70,0xB5,0x0D,0x00,0x04,0x00,0x19,0x00,0x10,0x00,0x01,0xF0,0xA2,0xF8,0xC3,0x43,
0xDB,0x17,0x18,0x40,0x05,0x4B,0x40,0x00,0xD9,0x78,0x03,0xF0,0x13,0xFF,0x29,0x00,
0x82,0xB2,0x20,0x00,0xFF,0xF7,0xD4,0xFF,0x70,0xBD,0xC0,0x46,0x9C,0x00,0x00,0x20,
0xF0,0xB5,0x85,0xB0,0x02,0x92,0x1A,0x4A,0x0E,0x00,0x81,0x00,0x05,0x00,0x8F,0x58,
0x1C,0x00,0x03,0xF0,0x5A,0xFE,0x9A,0x23,0x5B,0x00,0x6B,0x43,0x15,0x4A,0x03,0x90,
0xD3,0x18,0x9E,0x19,0xFF,0x36,0x73,0x7E,0x00,0x2B,0x02,0xD0,0x80,0x23,0x1B,0x03,
0x1C,0x43,0xD0,0x26,0xF6,0x00,0xBB,0x59,0x0A,0x20,0x01,0x93,0x02,0x9B,0x5A,0x04,
// row 58
0xC0,0x23,0xDB,0x02,0x13,0x40,0x80,0x22,0x92,0x00,0x13,0x43,0x1C,0x43,0xBC,0x51,
0x03,0xF0,0x20,0xFE,0x01,0x99,0x28,0x00,0xBC,0x59,0xFE,0xF7,0x9D,0xFF,0x03,0x98,
0x03,0xF0,0x37,0xFE,0x01,0x20,0xE4,0x0B,0xA0,0x43,0x05,0xB0,0xF0,0xBD,0xC0,0x46,
0x2C,0x65,0x00,0x00,0x58,0x01,0x00,0x20,0xF0,0xB5,0x2A,0x4B,0x85,0xB0,0x01,0x92,
0x82,0x00,0xD4,0x58,0x00,0x23,0x0D,0x00,0x06,0x00,0x03,0x93,0x03,0xF0,0x1D,0xFE,
0xD0,0x22,0xD2,0x00,0xA3,0x58,0x80,0x21,0x00,0x93,0xA0,0x23,0x09,0x05,0xDB,0x00,
0xE1,0x50,0x9A,0x23,0x5B,0x00,0x73,0x43,0x1F,0x49,0x07,0x00,0xCB,0x18,0x5D,0x19,
0x01,0x9B,0xFF,0x35,0x59,0x04,0xC0,0x23,0x68,0x7E,0xDB,0x02,0x0B,0x40,0x00,0x28,
// row 59
0x01,0xD0,0x1A,0x49,0x01,0xE0,0x80,0x21,0x89,0x00,0x0B,0x43,0xA3,0x50,0xE0,0x22,
0x01,0x21,0x52,0x00,0xA3,0x58,0x0B,0x43,0xA3,0x50,0x80,0x21,0xA0,0x22,0x09,0x05,
0xD2,0x00,0xA3,0x58,0x0B,0x42,0x06,0xD1,0x03,0x9B,0xC7,0x2B,0x03,0xD8,0x03,0x9B,
0x01,0x33,0x03,0x93,0xF5,0xE7,0x02,0x20,0x03,0xF0,0xCC,0xFD,0xE0,0x23,0x5B,0x00,
0xE5,0x58,0x80,0x22,0xA0,0x23,0x12,0x05,0xDB,0x00,0xE2,0x50,0x00,0x99,0x30,0x00,
0xFE,0xF7,0x42,0xFF,0x38,0x00,0x03,0xF0,0xDC,0xFD,0x2D,0x0C,0xE8,0xB2,0x05,0xB0,
0xF0,0xBD,0xC0,0x46,0x2C,0x65,0x00,0x00,0x58,0x01,0x00,0x20,0x00,0x02,0x08,0x00,
0x9A,0x23,0x5B,0x00,0x43,0x43,0x70,0xB5,0x11,0x4D,0x06,0x00,0xEB,0x18,0x5B,0x18,
// row 60
0xFF,0x33,0x5B,0x7E,0x0C,0x00,0x00,0x2B,0x10,0xD0,0x02,0x22,0xFF,0xF7,0x94,0xFF,
0x01,0x1E,0x0B,0xD0,0x96,0x20,0xC0,0x02,0x03,0xF0,0xD2,0xFD,0x9A,0x23,0x73,0x43,
0x1B,0x19,0x88,0x33,0x5B,0x00,0x80,0xB2,0xEB,0x18,0x58,0x81,0x9A,0x23,0x5E,0x43,
0x34,0x19,0x88,0x34,0x64,0x00,0x2C,0x19,0x60,0x89,0x80,0xB2,0x70,0xBD,0xC0,0x46,
0x58,0x01,0x00,0x20,0x10,0xB5,0x04,0x00,0x00,0x21,0xFF,0xF7,0xD1,0xFF,0x01,0x22,
0x00,0x21,0x20,0x00,0xFF,0xF7,0x70,0xFF,0x9A,0x23,0x5B,0x00,0x63,0x43,0x05,0x4A,
0xD3,0x18,0xFE,0x33,0x9B,0x8B,0x58,0x43,0x03,0x4B,0xDB,0x78,0x58,0x43,0x40,0x0A,
0x80,0xB2,0x10,0xBD,0x58,0x01,0x00,0x20,0x9C,0x00,0x00,0x20,0x0D,0x4B,0x82,0x00,
// row 61
0xD2,0x58,0xD0,0x23,0x10,0xB5,0x04,0x00,0x0B,0x48,0xDB,0x00,0xD0,0x50,0x9A,0x23,
0x00,0x20,0x5B,0x00,0x63,0x43,0x09,0x4A,0xD3,0x18,0x5B,0x18,0xFF,0x33,0x58,0x76,
0x9A,0x23,0x5C,0x43,0xFA,0x23,0x61,0x18,0x88,0x31,0x49,0x00,0x51,0x18,0xDB,0x00,
0x4B,0x81,0x10,0xBD,0x2C,0x65,0x00,0x00,0x00,0x02,0x00,0x80,0x58,0x01,0x00,0x20,
0xF8,0xB5,0x05,0x00,0x02,0x20,0x01,0x2D,0x00,0xD9,0x9D,0xE0,0x4F,0x4B,0xAA,0x00,
0xD4,0x58,0x00,0x2D,0x00,0xD1,0x8D,0xE0,0x4D,0x49,0x0F,0x20,0xFE,0xF7,0x50,0xFE,
0x4C,0x49,0x07,0x20,0xFE,0xF7,0x4C,0xFE,0x4B,0x4F,0x80,0x22,0x23,0x68,0x12,0x06,
0x13,0x43,0xC0,0x22,0x23,0x60,0xD2,0x00,0xA3,0x58,0x08,0x21,0x5B,0x00,0x5B,0x08,
// row 62
0xA3,0x50,0xC1,0x23,0x01,0x26,0xDB,0x00,0xE2,0x58,0x64,0x20,0x8A,0x43,0xE2,0x50,
0xE2,0x58,0x32,0x43,0xE2,0x50,0x03,0xF0,0x1D,0xFD,0xD2,0x22,0xD2,0x00,0xA3,0x58,
0x32,0x20,0xB3,0x40,0xF3,0x40,0xA3,0x50,0xD4,0x23,0x3C,0x4A,0xDB,0x00,0xE2,0x50,
0x3B,0x4A,0x10,0x33,0xE2,0x50,0x3B,0x4A,0x10,0x33,0xE2,0x50,0xC0,0x22,0x10,0x33,
0x92,0x00,0xE2,0x50,0x03,0xF0,0x06,0xFD,0x3C,0x21,0x37,0x4A,0xA3,0x58,0x8B,0x43,
0x34,0x39,0x0B,0x43,0xA3,0x50,0x00,0x23,0x3B,0x66,0x9D,0x42,0x3B,0xD1,0xFB,0x21,
0xC9,0x00,0x63,0x58,0x30,0x00,0x33,0x43,0x63,0x50,0x63,0x58,0xB3,0x40,0xF3,0x40,
0x63,0x50,0x84,0x23,0x1E,0x21,0xDB,0x00,0xE1,0x50,0xA3,0x58,0x22,0x31,0x0B,0x43,
// row 63
0xA3,0x50,0x03,0xF0,0xD1,0xFC,0x88,0x23,0xDB,0x00,0xE2,0x58,0x27,0x4B,0x1B,0x68,
0xD2,0x05,0x15,0xD4,0x00,0x2B,0x03,0xD0,0x2A,0x00,0x29,0x00,0x28,0x00,0x98,0x47,
0x01,0x20,0x03,0xF0,0xC1,0xFC,0x22,0x4A,0x22,0x4B,0xA1,0x58,0x0B,0x40,0x80,0x21,
0xA3,0x50,0xBD,0x32,0xFF,0x32,0xA3,0x58,0x09,0x06,0x0B,0x43,0xA3,0x50,0x05,0xE0,
0x00,0x2B,0x03,0xD0,0x32,0x00,0x29,0x00,0x28,0x00,0x98,0x47,0x01,0x21,0x1A,0x4A,
0xA3,0x58,0x0B,0x43,0xA3,0x50,0x10,0x22,0x0C,0x21,0x23,0x68,0x28,0x00,0x13,0x43,
0x16,0x4A,0x23,0x60,0xA3,0x58,0x0B,0x43,0xA3,0x50,0x00,0x21,0xFF,0xF7,0x46,0xFF,
0x00,0x20,0x09,0xE0,0x12,0x49,0x0E,0x20,0xFE,0xF7,0xC2,0xFD,0x11,0x49,0x06,0x20,
// row 64
0xFE,0xF7,0xBE,0xFD,0x10,0x4F,0x70,0xE7,0xF8,0xBD,0xC0,0x46,0x2C,0x65,0x00,0x00,
0xAB,0x1E,0x00,0x00,0xBB,0x29,0x00,0x00,0x00,0xFF,0x0B,0x40,0x64,0x36,0x14,0x28,
0x67,0x46,0x3D,0x2F,0x14,0x3D,0x5F,0x00,0x64,0x08,0x00,0x00,0x58,0x01,0x00,0x20,
0x1C,0x06,0x00,0x00,0xFF,0xFF,0xFE,0xFF,0x4C,0x04,0x00,0x00,0x2C,0x06,0x00,0x00,
0xA1,0x1E,0x00,0x00,0xB1,0x29,0x00,0x00,0x00,0xFF,0x0A,0x40,0x4F,0x4B,0xF7,0xB5,
0x82,0x00,0xD4,0x58,0xB1,0x23,0x9B,0x00,0xE6,0x58,0x04,0x3B,0xE2,0x58,0x05,0x00,
0xB2,0x43,0xE2,0x50,0xAE,0x22,0x92,0x00,0xA6,0x50,0x01,0x93,0x00,0x2E,0x2B,0xD0,
0xC0,0x27,0x7F,0x01,0x3E,0x42,0x0A,0xD0,0x45,0x4B,0x1B,0x6F,0x00,0x2B,0x01,0xD0,
// row 65
0x00,0x21,0x98,0x47,0x01,0x9B,0xE3,0x58,0x1F,0x43,0x01,0x9B,0xE7,0x50,0x33,0x06,
0x1A,0xD5,0x40,0x4B,0x1B,0x68,0x00,0x2B,0x10,0xD0,0xAD,0x23,0x9B,0x00,0xE2,0x58,
0x80,0x23,0xDB,0x01,0x13,0x40,0x3C,0x4A,0x00,0xD0,0x01,0x23,0x53,0x55,0xFA,0x22,
0x3A,0x4B,0x52,0x00,0x33,0x21,0x28,0x00,0x00,0xF0,0x72,0xFD,0xB0,0x22,0x80,0x21,
0x92,0x00,0xA3,0x58,0x0B,0x43,0xA3,0x50,0x8A,0x23,0xDB,0x00,0xE3,0x58,0x00,0x2B,
0x2A,0xD0,0x33,0x4B,0x2F,0x4F,0xE2,0x58,0x32,0x4E,0xE2,0x50,0x04,0x3B,0xE1,0x58,
0x80,0x23,0x5B,0x00,0x19,0x40,0x15,0xD0,0x80,0x22,0xA3,0x59,0x52,0x02,0x13,0x43,
0xA3,0x51,0x64,0x20,0x03,0xF0,0x2E,0xFC,0x10,0x21,0xA3,0x59,0x2A,0x4A,0x8B,0x43,
// row 66
0xA3,0x51,0x93,0x59,0x8B,0x43,0x93,0x51,0x3B,0x68,0x00,0x2B,0x0C,0xD0,0x01,0x22,
0x00,0x21,0x07,0xE0,0xA2,0x59,0x25,0x4B,0x13,0x40,0xA3,0x51,0x3B,0x68,0x00,0x2B,
0x02,0xD0,0x0A,0x00,0x28,0x00,0x98,0x47,0xD5,0x23,0x9B,0x00,0xE2,0x58,0xC0,0x23,
0xDB,0x03,0x1A,0x42,0x09,0xD0,0xD2,0x22,0x92,0x00,0xA3,0x50,0x14,0x4B,0x1B,0x6F,
0x00,0x2B,0x02,0xD0,0x01,0x21,0x28,0x00,0x98,0x47,0xD5,0x23,0x9B,0x00,0xE2,0x58,
0x02,0x23,0x1A,0x42,0x18,0xD0,0xD4,0x21,0x89,0x00,0x62,0x58,0x9A,0x43,0x62,0x50,
0xD2,0x22,0x92,0x00,0xA3,0x50,0xD0,0x23,0x01,0x21,0xDB,0x00,0xE3,0x58,0x09,0x4A,
0xDB,0x0B,0x99,0x43,0x9A,0x23,0x5B,0x00,0x6B,0x43,0xD3,0x18,0xFC,0x33,0x5B,0x6A,
// row 67
0x00,0x2B,0x01,0xD0,0x28,0x00,0x98,0x47,0xF7,0xBD,0xC0,0x46,0x2C,0x65,0x00,0x00,
0x58,0x03,0x00,0x20,0x58,0x01,0x00,0x20,0x9C,0x00,0x00,0x20,0xB1,0x14,0x00,0x00,
0x44,0x04,0x00,0x00,0x1C,0x06,0x00,0x00,0x00,0x00,0x0B,0x40,0xFF,0xFF,0xFE,0xFF,
0x10,0xB5,0x00,0x20,0xFF,0xF7,0x4A,0xFF,0x10,0xBD,0x10,0xB5,0x01,0x20,0xFF,0xF7,
0x45,0xFF,0x10,0xBD,0x14,0x4B,0x80,0x00,0x70,0xB5,0xC3,0x58,0x02,0x22,0x00,0x29,
0x19,0xD0,0x12,0x4D,0x12,0x4C,0x59,0x59,0x12,0x48,0x11,0x43,0x59,0x51,0x19,0x59,
0x11,0x43,0x19,0x51,0x19,0x58,0x11,0x43,0x19,0x50,0x0F,0x49,0x5E,0x58,0x16,0x43,
0x5E,0x50,0x5E,0x59,0x96,0x43,0x5E,0x51,0x1D,0x59,0x95,0x43,0x1D,0x51,0x1C,0x58,
// row 68
0x94,0x43,0x1C,0x50,0x03,0xE0,0x09,0x49,0x58,0x58,0x10,0x43,0x58,0x50,0x58,0x58,
0x90,0x43,0x58,0x50,0x70,0xBD,0xC0,0x46,0x2C,0x65,0x00,0x00,0xD0,0x20,0x00,0x00,
0xD4,0x20,0x00,0x00,0xD8,0x20,0x00,0x00,0xE0,0x20,0x00,0x00,0xE8,0x20,0x00,0x00,
0xF8,0xB5,0x1A,0x4E,0x07,0x00,0x36,0x18,0x33,0x79,0x00,0x2B,0x2C,0xD0,0x80,0x21,
0x17,0x4B,0x82,0x00,0xD4,0x58,0x17,0x4A,0x89,0x00,0xA3,0x58,0x16,0x4D,0x0B,0x43,
0xA2,0x39,0xFF,0x39,0xA3,0x50,0x00,0xF0,0x41,0xFD,0x14,0x4A,0x14,0x20,0xA3,0x58,
0x2B,0x40,0xA3,0x50,0x03,0xF0,0x76,0xFB,0x11,0x4A,0x14,0x20,0xA3,0x58,0x2B,0x40,
0xA3,0x50,0x03,0xF0,0x6F,0xFB,0x0F,0x4A,0x14,0x20,0xA3,0x58,0x2B,0x40,0xA3,0x50,
// row 69
0x03,0xF0,0x68,0xFB,0x0C,0x4B,0x01,0x21,0xE2,0x58,0x38,0x00,0x15,0x40,0xE5,0x50,
0xFF,0xF7,0x98,0xFF,0x00,0x23,0x33,0x71,0xF8,0xBD,0xC0,0x46,0xD8,0x03,0x00,0x20,
0x2C,0x65,0x00,0x00,0xCC,0x20,0x00,0x00,0xDF,0xFF,0xDF,0xFF,0xE0,0x20,0x00,0x00,
0xD4,0x20,0x00,0x00,0xD8,0x20,0x00,0x00,0xD0,0x20,0x00,0x00,0x70,0xB5,0x04,0x00,
0x12,0x4B,0x82,0x00,0xD5,0x58,0xFF,0xF7,0xB3,0xFF,0x00,0x21,0x20,0x00,0xFF,0xF7,
0x79,0xFF,0x05,0x23,0x0E,0x49,0x0A,0x68,0x1A,0x42,0xFC,0xD1,0x05,0x23,0x0D,0x49,
0x0A,0x68,0x1A,0x42,0xFC,0xD1,0x90,0x22,0x12,0x01,0xAB,0x58,0x0A,0x49,0x14,0x20,
0x0B,0x43,0xAB,0x50,0x03,0xF0,0x2E,0xFB,0x08,0x4A,0x09,0x49,0xAB,0x58,0x0B,0x43,
// row 70
0xAB,0x50,0x01,0x22,0x07,0x4B,0x06,0x33,0x1A,0x55,0x70,0xBD,0x2C,0x65,0x00,0x00,
0xA4,0x00,0x0A,0x40,0xA4,0x00,0x0B,0x40,0x0B,0x00,0x3E,0x00,0xE8,0x20,0x00,0x00,
0x20,0x00,0x20,0x00,0xD8,0x03,0x00,0x20,0x0D,0x4B,0x70,0xB5,0x82,0x00,0x5B,0x21,
0xD4,0x58,0x05,0x00,0x00,0xF0,0xD2,0xFC,0x0A,0x4A,0x0B,0x4B,0xA1,0x58,0x14,0x20,
0x0B,0x40,0xA3,0x50,0x03,0xF0,0x06,0xFB,0x90,0x22,0x0B,0x21,0x12,0x01,0xA3,0x58,
0x8B,0x43,0xA3,0x50,0x00,0x22,0x05,0x4B,0x06,0x33,0x5A,0x55,0x70,0xBD,0xC0,0x46,
0x2C,0x65,0x00,0x00,0xE8,0x20,0x00,0x00,0xDF,0xFF,0xDF,0xFF,0xD8,0x03,0x00,0x20,
0xF8,0xB5,0x1C,0x4E,0x05,0x00,0x36,0x18,0x31,0x79,0x00,0x29,0x31,0xD1,0x1A,0x4B,
// row 71
0x82,0x00,0xD4,0x58,0xFF,0xF7,0xD0,0xFF,0x01,0x21,0x28,0x00,0xFF,0xF7,0x1A,0xFF,
0x16,0x4A,0x17,0x4F,0xA3,0x58,0x14,0x20,0x3B,0x43,0xA3,0x50,0x03,0xF0,0xDA,0xFA,
0x14,0x4A,0x14,0x20,0xA3,0x58,0x3B,0x43,0xA3,0x50,0x03,0xF0,0xD3,0xFA,0x12,0x4A,
0x14,0x20,0xA3,0x58,0x3B,0x43,0xA3,0x50,0x03,0xF0,0xCC,0xFA,0x0F,0x4A,0x80,0x21,
0xA3,0x58,0x89,0x00,0x1F,0x43,0x01,0x23,0xA7,0x50,0x0D,0x4A,0x33,0x71,0xA3,0x58,
0x28,0x00,0x0B,0x43,0xA2,0x39,0xA3,0x50,0xFF,0x39,0x0A,0x4B,0x0A,0x22,0x00,0xF0,
0xDF,0xFB,0xF8,0xBD,0xD8,0x03,0x00,0x20,0x2C,0x65,0x00,0x00,0xD0,0x20,0x00,0x00,
0x20,0x00,0x20,0x00,0xD8,0x20,0x00,0x00,0xD4,0x20,0x00,0x00,0xE0,0x20,0x00,0x00,
// row 72
0xCC,0x20,0x00,0x00,0xD9,0x12,0x00,0x00,0xF2,0x22,0x05,0x4B,0x80,0x00,0xC1,0x58,
0x7C,0x20,0xD2,0x00,0x8B,0x58,0x83,0x43,0x6D,0x38,0x03,0x43,0x8B,0x50,0x70,0x47,
0x2C,0x65,0x00,0x00,0xF2,0x22,0x04,0x4B,0x80,0x00,0xC1,0x58,0x7F,0x20,0xD2,0x00,
0x8B,0x58,0x83,0x43,0x8B,0x50,0x70,0x47,0x2C,0x65,0x00,0x00,0xFA,0x22,0x10,0xB5,
0x03,0x4B,0x52,0x00,0xC0,0x21,0x00,0x20,0x00,0xF0,0xAA,0xFB,0x10,0xBD,0xC0,0x46,
0x3D,0x2C,0x00,0x00,0x22,0x4A,0x23,0x4B,0x10,0xB5,0x9A,0x42,0x0A,0xD8,0x01,0x20,
0x00,0xF0,0x0A,0xFA,0xFF,0x22,0xFA,0x21,0x08,0x20,0x0F,0x23,0x52,0x00,0xFF,0x31,
0xFF,0x30,0x0B,0xE0,0x02,0x20,0x00,0xF0,0xFF,0xF9,0x1B,0x4B,0x10,0x20,0x1A,0x68,
// row 73
0x91,0x79,0x53,0x79,0x09,0x02,0x19,0x43,0x0F,0x23,0x18,0x4A,0x00,0xF0,0x62,0xF9,
0xFE,0xF7,0xF4,0xFA,0x00,0xF0,0x0E,0xFB,0x02,0xF0,0xF8,0xFC,0x01,0x21,0x00,0x20,
0xFE,0xF7,0x34,0xFC,0xFD,0xF7,0x90,0xFF,0x00,0x20,0x00,0xF0,0xBD,0xFC,0x00,0x20,
0x02,0xF0,0xF4,0xFC,0x62,0xB6,0xFA,0x22,0x0D,0x4B,0x52,0x00,0xC0,0x21,0x00,0x20,
0x00,0xF0,0x6E,0xFB,0x00,0x20,0x00,0xF0,0xDF,0xFC,0x00,0x20,0xFD,0xF7,0xD2,0xFE,
0x00,0x21,0x08,0x00,0x02,0xF0,0x1E,0xFA,0x00,0xF0,0xCC,0xF9,0xF2,0xE7,0xC0,0x46,
0xE0,0x08,0x00,0x00,0xFF,0x7F,0x00,0x00,0xA8,0x00,0x00,0x20,0xFF,0x01,0x00,0x00,
0x3D,0x2C,0x00,0x00,0x01,0x4B,0x18,0x78,0x70,0x47,0xC0,0x46,0x74,0x08,0x00,0x20,
// row 74
0xF8,0xB5,0x03,0x00,0x82,0x7A,0x44,0x7A,0xD9,0x7A,0x12,0x02,0x22,0x43,0x09,0x04,
0x10,0x00,0x0A,0x00,0x19,0x7B,0x02,0x43,0x09,0x06,0x11,0x43,0x1E,0xD0,0x98,0x79,
0x5A,0x79,0x00,0x02,0x10,0x43,0xC0,0x01,0x80,0x30,0x0E,0x4A,0x47,0x18,0x97,0x42,
0x14,0xD8,0x9C,0x78,0x5E,0x78,0xDA,0x78,0x24,0x02,0x34,0x43,0x12,0x04,0x22,0x43,
0x14,0x00,0x1A,0x79,0x12,0x06,0x22,0x43,0x90,0x42,0x07,0xD8,0x97,0x42,0x05,0xD9,
0x1C,0x78,0x00,0xF0,0x2B,0xFC,0x00,0x23,0x84,0x42,0x00,0xD0,0x06,0x23,0x18,0x00,
0xF8,0xBD,0xC0,0x46,0xFF,0xFF,0x00,0x00,0x10,0xB5,0x0C,0x00,0x00,0x28,0x22,0xD0,
0xFF,0xF7,0xC6,0xFF,0x00,0x28,0x0C,0xD1,0x01,0x2C,0x03,0xD1,0x0F,0x4A,0x04,0x21,
// row 75
0x13,0x78,0x04,0xE0,0x02,0x2C,0x18,0xD1,0x08,0x21,0x0C,0x4A,0x13,0x78,0x8B,0x43,
0x0F,0xE0,0x01,0x2C,0x06,0xD1,0x04,0x21,0x08,0x4A,0x06,0x20,0x13,0x78,0x0B,0x43,
0x13,0x70,0x0A,0xE0,0x06,0x20,0x02,0x2C,0x07,0xD1,0x08,0x21,0x03,0x4A,0x13,0x78,
0x0B,0x43,0x13,0x70,0x01,0xE0,0x02,0x20,0x40,0x42,0x10,0xBD,0x74,0x08,0x00,0x20,
0x70,0xB5,0x05,0x00,0x02,0x28,0x01,0xD1,0x07,0x4C,0x00,0xE0,0x07,0x4C,0x00,0xF0,
0x59,0xF9,0x85,0x42,0x01,0xD1,0xE0,0x69,0x05,0xE0,0x20,0x00,0xFF,0xF7,0x90,0xFF,
0x00,0x28,0xF8,0xD0,0x00,0x20,0x70,0xBD,0x40,0xFF,0x00,0x00,0xC0,0xFF,0x00,0x00,
0x70,0xB5,0x16,0x00,0x30,0x22,0x1E,0x4C,0xA2,0xB0,0xA3,0x6A,0x05,0x00,0x93,0x43,
// row 76
0x20,0x3A,0x13,0x43,0xA3,0x62,0x70,0x32,0x02,0xA8,0x03,0xF0,0x7B,0xFB,0x19,0x4B,
0x6A,0x46,0x00,0x93,0x7F,0x23,0x01,0x93,0x17,0x4B,0x9A,0x60,0x17,0x4A,0x5A,0x60,
0xC0,0x46,0xC0,0x46,0xC0,0x46,0x9A,0x68,0x12,0x0F,0x0A,0x2A,0x18,0xD1,0x00,0x2E,
0x06,0xD0,0x13,0x4A,0x00,0x92,0x6A,0x46,0x01,0x95,0x9A,0x60,0x11,0x4A,0x06,0xE0,
0x11,0x4A,0x2D,0x04,0x15,0x43,0x6A,0x46,0x00,0x95,0x9A,0x60,0x0F,0x4A,0x5A,0x60,
0xC0,0x46,0xC0,0x46,0xC0,0x46,0x9B,0x68,0x00,0x20,0x1B,0x0F,0x0A,0x2B,0x00,0xD0,
0x0C,0x20,0x30,0x22,0xA3,0x6A,0x93,0x43,0xA3,0x62,0x22,0xB0,0x70,0xBD,0xC0,0x46,
0x00,0x00,0x03,0x40,0xB6,0xD7,0x00,0x00,0x00,0x00,0x10,0x40,0x04,0x00,0x00,0x80,
// row 77
0xB6,0xEB,0x00,0x00,0x18,0x00,0x00,0x80,0xB6,0xD8,0x00,0x00,0x05,0x00,0x00,0x80,
0x1D,0x4B,0x70,0xB5,0x1A,0x78,0xD2,0xB2,0x00,0x2A,0x2F,0xD0,0x30,0x24,0x1B,0x4B,
0x9A,0x6A,0xA2,0x43,0x20,0x3C,0x22,0x43,0x0C,0x00,0x9A,0x62,0x18,0x4A,0x08,0x3C,
0x22,0x60,0x7F,0x22,0x04,0x39,0x0A,0x60,0x16,0x4A,0x17,0x49,0x94,0x60,0x51,0x60,
0xC0,0x46,0xC0,0x46,0xC0,0x46,0x95,0x68,0x2D,0x0F,0x29,0x07,0x0A,0x2D,0x0F,0xD1,
0x12,0x4D,0x00,0x04,0x28,0x43,0x20,0x60,0x11,0x48,0x94,0x60,0x50,0x60,0xC0,0x46,
0xC0,0x46,0xC0,0x46,0x92,0x68,0x00,0x20,0x12,0x0F,0x12,0x07,0x8A,0x42,0x00,0xD0,
0x0C,0x20,0x30,0x21,0x9A,0x6A,0x8A,0x43,0x9A,0x62,0x01,0xE0,0xFF,0xF7,0x78,0xFF,
// row 78
0x00,0x28,0x00,0xD0,0x05,0x20,0x70,0xBD,0xE2,0x03,0x00,0x20,0x00,0x00,0x03,0x40,
0xB6,0xD7,0x00,0x00,0x00,0x00,0x10,0x40,0x04,0x00,0x00,0x80,0xB6,0xD8,0x00,0x00,
0x05,0x00,0x00,0x80,0x05,0x4B,0x00,0x28,0x04,0xD0,0x01,0x20,0x88,0x40,0x1A,0x70,
0x58,0x70,0x01,0xE0,0x58,0x70,0x18,0x70,0x70,0x47,0xC0,0x46,0xE2,0x03,0x00,0x20,
0x03,0x4B,0x5B,0x78,0x18,0x40,0x43,0x1E,0x98,0x41,0xC0,0xB2,0x70,0x47,0xC0,0x46,
0xE2,0x03,0x00,0x20,0x10,0xB5,0x03,0x4C,0x20,0x80,0x61,0x80,0xA2,0x80,0xE3,0x80,
0x10,0xBD,0xC0,0x46,0xAE,0x00,0x00,0x20,0x10,0xB5,0x04,0x00,0xA2,0xB0,0x88,0x22,
0x00,0x21,0x68,0x46,0x03,0xF0,0xCF,0xFA,0x02,0xA9,0x20,0x00,0xFF,0xF7,0x88,0xFF,
// row 79
0x22,0xB0,0x10,0xBD,0x70,0xB5,0x14,0x4B,0x04,0x00,0x5B,0x78,0x0D,0x00,0x0E,0x20,
0x00,0x2B,0x20,0xD0,0x07,0x38,0x00,0x29,0x1D,0xD0,0x10,0x4B,0x1A,0x88,0xA2,0x42,
0x19,0xD8,0x5A,0x88,0xA2,0x42,0x02,0xD2,0x9B,0x88,0xA3,0x42,0x13,0xD1,0x0C,0x4B,
0x07,0x20,0x9C,0x42,0x0F,0xD8,0x05,0x38,0x9C,0x42,0x04,0xD0,0xFF,0x23,0x5B,0x00,
0x9C,0x42,0x04,0xD1,0x01,0x20,0xFF,0xF7,0xFB,0xFE,0x01,0x30,0xE8,0x65,0x29,0x00,
0x20,0x00,0xFF,0xF7,0x5D,0xFF,0x70,0xBD,0xE2,0x03,0x00,0x20,0xAE,0x00,0x00,0x20,
0xFF,0x01,0x00,0x00,0x0F,0x22,0x03,0x09,0x9B,0x00,0x10,0x40,0x07,0x4A,0x00,0x29,
0x05,0xD0,0xD1,0x58,0x01,0x23,0x83,0x40,0x0A,0x68,0x13,0x43,0x04,0xE0,0xD1,0x58,
// row 80
0x01,0x22,0x82,0x40,0x0B,0x68,0x93,0x43,0x0B,0x60,0x70,0x47,0x64,0x65,0x00,0x00,
0x07,0x49,0x03,0x09,0x9B,0x00,0x5B,0x58,0x02,0x00,0x59,0x68,0x0F,0x23,0x1A,0x40,
0x0E,0x3B,0x93,0x40,0x18,0x00,0x08,0x40,0x43,0x1E,0x98,0x41,0xC0,0xB2,0x70,0x47,
0x64,0x65,0x00,0x00,0x08,0x4A,0x03,0x09,0x9B,0x00,0x10,0xB5,0x9C,0x58,0x0F,0x23,
0x18,0x40,0x0C,0x3B,0x58,0x43,0x04,0x33,0x83,0x40,0x81,0x40,0xA2,0x68,0x9A,0x43,
0x11,0x43,0xA1,0x60,0x10,0xBD,0xC0,0x46,0x64,0x65,0x00,0x00,0x80,0x21,0x04,0x4B,
0x80,0x00,0xC2,0x58,0x49,0x04,0x93,0x68,0x0B,0x43,0x93,0x60,0x70,0x47,0xC0,0x46,
0x64,0x65,0x00,0x00,0x70,0x47,0x00,0x00,0x01,0x4B,0x18,0x70,0x70,0x47,0xC0,0x46,
// row 81
0xB6,0x00,0x00,0x20,0x01,0x4B,0x18,0x78,0x70,0x47,0xC0,0x46,0xB6,0x00,0x00,0x20,
0x10,0xB5,0xFF,0xF7,0x2F,0xFE,0x03,0x1C,0x06,0x48,0x5B,0x07,0x08,0xD4,0x06,0x4B,
0x1A,0x68,0x90,0x79,0x53,0x79,0x00,0x02,0x18,0x43,0xC0,0x01,0x61,0x30,0xFF,0x30,
0x10,0xBD,0xC0,0x46,0xE4,0x03,0x00,0x20,0xA4,0x00,0x00,0x20,0x10,0xB5,0xFF,0xF7,
0x19,0xFE,0x03,0x1C,0x06,0x48,0x1B,0x07,0x08,0xD4,0x06,0x4B,0x1A,0x68,0x90,0x79,
0x53,0x79,0x00,0x02,0x18,0x43,0xC0,0x01,0x61,0x30,0xFF,0x30,0x10,0xBD,0xC0,0x46,
0xE4,0x03,0x00,0x20,0xA8,0x00,0x00,0x20,0x05,0x4B,0x06,0x49,0x18,0x68,0x0F,0x23,
0x98,0x43,0xC2,0xB2,0x08,0x68,0x00,0x09,0x03,0x40,0x1A,0x43,0x10,0x00,0x70,0x47,
// row 82
0xE8,0x0F,0x00,0xF0,0xEC,0x0F,0x00,0xF0,0x70,0xB5,0x07,0x4D,0x07,0x4A,0x2B,0x68,
0x11,0x88,0x9B,0xB2,0x04,0x00,0x16,0x00,0x8B,0x42,0x02,0xD0,0x64,0x20,0x03,0xF0,
0x19,0xF8,0x2C,0x60,0x34,0x80,0x70,0xBD,0x40,0x00,0x03,0x40,0xEC,0x03,0x00,0x20,
0x01,0x23,0xF7,0xB5,0x48,0x4E,0x49,0x4A,0x73,0x64,0x93,0x70,0x47,0x4A,0xF3,0x6B,
0x90,0x88,0x99,0xB2,0x80,0xB2,0x1B,0x04,0x17,0x00,0x1B,0x0C,0x81,0x42,0x02,0xD8,
0x80,0x24,0x64,0x02,0x1B,0x19,0x00,0x25,0x1B,0x1A,0x9B,0xB2,0x7D,0x37,0x00,0x93,
0x91,0x80,0xFF,0x37,0x3C,0x00,0xEB,0xB2,0x75,0x3C,0x01,0x93,0xFF,0x3C,0xA1,0x7A,
0xC9,0xB2,0xFF,0x29,0x21,0xD0,0x00,0x9B,0x22,0x68,0x05,0x33,0x9A,0x42,0x03,0xD9,
// row 83
0x23,0x68,0x00,0x9A,0x9B,0x1A,0x00,0xE0,0x00,0x23,0x23,0x60,0x23,0x68,0x00,0x2B,
0x13,0xD1,0xFF,0x33,0xA3,0x72,0x32,0x4B,0x18,0x00,0x70,0x30,0x42,0x5D,0x72,0x33,
0x01,0x3A,0xD2,0xB2,0x42,0x55,0x1A,0x78,0x01,0x3A,0xD2,0xB2,0x1A,0x70,0x63,0x68,
0x00,0x2B,0x02,0xD0,0x63,0x68,0x01,0x98,0x98,0x47,0x0C,0x34,0xBC,0x42,0xD6,0xD1,
0x75,0x34,0xFF,0x34,0x01,0x35,0x27,0x00,0x02,0x2D,0xCB,0xD1,0x24,0x4C,0x23,0x4D,
0x23,0x00,0x72,0x33,0x1B,0x78,0xDB,0xB2,0x00,0x2B,0x26,0xD0,0x29,0x00,0x00,0x23,
0x08,0x31,0x20,0x48,0x00,0x91,0x00,0x9A,0x00,0x99,0xD2,0x18,0x75,0x33,0xFF,0x33,
0xCF,0x18,0x91,0x7A,0xFF,0x29,0x03,0xD0,0x11,0x68,0x81,0x42,0x00,0xD2,0x10,0x68,
// row 84
0x0C,0x32,0x97,0x42,0xF5,0xD1,0xBA,0x22,0x92,0x00,0x93,0x42,0xEB,0xD1,0xAB,0x88,
0xF2,0x6B,0x9B,0xB2,0x91,0xB2,0x12,0x04,0x12,0x0C,0x8B,0x42,0x02,0xD3,0x80,0x21,
0x49,0x02,0x52,0x18,0xD3,0x1A,0x9B,0xB2,0x00,0xE0,0x0E,0x48,0x05,0x33,0x83,0x42,
0x84,0xD8,0x23,0x00,0x80,0xB2,0x74,0x33,0x18,0x80,0xAB,0x88,0x72,0x34,0xC0,0x18,
0x80,0xB2,0xFF,0xF7,0x61,0xFF,0x00,0x23,0xAB,0x70,0x23,0x78,0x00,0x2B,0x02,0xD1,
0x08,0x20,0x02,0xF0,0x53,0xFF,0xF7,0xBD,0x00,0x00,0x03,0x40,0xEC,0x03,0x00,0x20,
0x6C,0x06,0x00,0x20,0xC0,0xFF,0x00,0x00,0x0C,0x23,0x59,0x43,0x69,0x33,0xFF,0x33,
0x43,0x43,0xC9,0x18,0xFF,0x23,0x10,0xB5,0x0C,0x4C,0x61,0x18,0x8B,0x74,0x0C,0x4B,
// row 85
0x19,0x00,0x70,0x31,0x0A,0x5C,0x72,0x33,0x01,0x3A,0xD2,0xB2,0x0A,0x54,0x1A,0x78,
0x01,0x3A,0xD2,0xB2,0x1A,0x70,0x1B,0x78,0x00,0x2B,0x05,0xD1,0xA3,0x78,0x00,0x2B,
0x02,0xD1,0x08,0x20,0x02,0xF0,0x2A,0xFF,0x10,0xBD,0xC0,0x46,0xEC,0x03,0x00,0x20,
0x6C,0x06,0x00,0x20,0xF8,0xB5,0x00,0x23,0x0C,0x25,0xFF,0x24,0x2D,0x48,0x2A,0x00,
0x5A,0x43,0x01,0x33,0x82,0x18,0x94,0x74,0x01,0x00,0x1F,0x2B,0xF7,0xD1,0x2A,0x4C,
0x00,0x23,0x22,0x00,0x0C,0x25,0xFF,0x20,0x70,0x32,0x13,0x70,0x2A,0x00,0x5A,0x43,
0x8A,0x18,0x87,0x32,0xFF,0x32,0x01,0x33,0x10,0x70,0x1F,0x2B,0xF6,0xD1,0x23,0x00,
0x00,0x25,0x70,0x33,0x5D,0x70,0x23,0x00,0x08,0x20,0x72,0x33,0x1D,0x70,0x02,0xF0,
// row 86
0xFD,0xFE,0x01,0x21,0x80,0x20,0x1D,0x4B,0x1D,0x4A,0x00,0x06,0x9A,0x63,0xDA,0x6C,
0x0A,0x43,0xDA,0x64,0xDA,0x6A,0x02,0x43,0xDA,0x62,0x08,0x20,0x59,0x64,0x19,0x49,
0x02,0xF0,0xDA,0xFE,0x18,0x4B,0x19,0x4A,0x19,0x49,0x1A,0x48,0x5D,0x50,0x9D,0x50,
0x19,0x4A,0x98,0x50,0x18,0x00,0x19,0x4A,0x15,0x68,0xAD,0xB2,0x13,0x68,0x9B,0xB2,
0x9D,0x42,0xFB,0xD0,0x15,0x4B,0x1D,0x68,0x05,0x23,0x43,0x50,0x80,0x23,0xAE,0xB2,
0x5B,0x02,0x47,0x58,0x1F,0x42,0xFC,0xD0,0x12,0x68,0x93,0xB2,0x9E,0x42,0x02,0xD9,
0x80,0x22,0x52,0x02,0x13,0x43,0x5B,0x1B,0x76,0x34,0x23,0x80,0x00,0x23,0x43,0x50,
0xF8,0xBD,0xC0,0x46,0xEC,0x03,0x00,0x20,0x6C,0x06,0x00,0x20,0x00,0x00,0x03,0x40,
// row 87
0x65,0x88,0xED,0xAC,0x31,0x31,0x00,0x00,0x00,0x10,0x00,0xE0,0x18,0xD0,0x00,0x00,
0x10,0xD0,0x00,0x00,0xBF,0x5D,0x00,0x00,0x14,0xD0,0x00,0x00,0x3C,0x00,0x03,0x40,
0xF0,0xB5,0x85,0xB0,0x05,0x00,0x0F,0x00,0x16,0x00,0x02,0x93,0x00,0x20,0xFF,0x29,
0x00,0xD1,0x88,0xE0,0x82,0x42,0x00,0xD1,0x85,0xE0,0xBA,0x23,0x5B,0x00,0x6B,0x43,
0x42,0x4A,0x08,0x32,0xD3,0x18,0x01,0x93,0x02,0xF0,0xDF,0xFE,0xFF,0x23,0x1E,0x22,
0x01,0x99,0x03,0x90,0x69,0x31,0xFF,0x31,0x88,0x7A,0xFF,0x28,0x00,0xD1,0xD3,0xB2,
0x88,0x7A,0x87,0x42,0x0D,0xD1,0xD3,0xB2,0x39,0x4A,0x10,0x00,0x70,0x30,0x41,0x5D,
0x72,0x32,0x01,0x39,0xC9,0xB2,0x41,0x55,0x11,0x78,0x01,0x39,0xC9,0xB2,0x11,0x70,
// row 88
0x07,0xE0,0x01,0x3A,0x52,0xB2,0x0C,0x39,0x50,0x1C,0xE5,0xD1,0x00,0x24,0xFF,0x2B,
0x55,0xD0,0x0C,0x22,0x53,0x43,0x01,0x9A,0x2D,0x4C,0xD3,0x18,0x02,0x9A,0x1E,0x81,
0x5A,0x60,0x22,0x00,0x76,0x32,0x12,0x88,0x28,0x49,0x56,0x43,0x9F,0x72,0x1E,0x60,
0x8A,0x78,0x0E,0x00,0x00,0x2A,0x36,0xD1,0x20,0x00,0x26,0x4A,0x72,0x30,0xD2,0x6B,
0x00,0x78,0x97,0xB2,0x00,0x28,0x1D,0xD0,0x89,0x88,0x12,0x04,0x89,0xB2,0x12,0x0C,
0xB9,0x42,0x02,0xD3,0x80,0x20,0x40,0x02,0x12,0x18,0x52,0x1A,0x19,0x68,0x92,0xB2,
0x52,0x18,0x1A,0x60,0x22,0x00,0x74,0x32,0x18,0x68,0x11,0x88,0x88,0x42,0x1A,0xD2,
0x1B,0x68,0x9B,0xB2,0x13,0x80,0xB0,0x88,0x13,0x88,0xC0,0x18,0x80,0xB2,0xFF,0xF7,
// row 89
0x43,0xFE,0x10,0xE0,0x8F,0x80,0x18,0x68,0x13,0x4B,0x98,0x42,0x00,0xD9,0x18,0x00,
0x23,0x00,0x80,0xB2,0x74,0x33,0xC7,0x19,0x18,0x80,0xB8,0xB2,0xFF,0xF7,0x34,0xFE,
0x08,0x20,0x02,0xF0,0x21,0xFE,0x22,0x00,0x70,0x32,0x53,0x5D,0x72,0x34,0x01,0x33,
0xDB,0xB2,0x53,0x55,0x23,0x78,0x01,0x33,0xDB,0xB2,0x23,0x70,0x01,0x24,0x03,0x98,
0x02,0xF0,0x67,0xFE,0x20,0x00,0x05,0xB0,0xF0,0xBD,0xC0,0x46,0xEC,0x03,0x00,0x20,
0x6C,0x06,0x00,0x20,0x00,0x00,0x03,0x40,0xC0,0xFF,0x00,0x00,0xF8,0xB5,0x04,0x00,
0x0D,0x00,0x02,0xF0,0x52,0xFE,0x06,0x00,0xFF,0x2D,0x11,0xD0,0x0C,0x22,0xBA,0x20,
0x00,0x23,0x94,0x46,0x40,0x00,0x60,0x43,0x09,0x4F,0x62,0x46,0x5A,0x43,0x12,0x18,
// row 90
0xBA,0x18,0x92,0x7C,0xD9,0xB2,0x95,0x42,0x06,0xD0,0x01,0x33,0x1F,0x2B,0xF4,0xD1,
0x30,0x00,0x02,0xF0,0x3E,0xFE,0xF8,0xBD,0x20,0x00,0xFF,0xF7,0xA5,0xFE,0xF7,0xE7,
0xEC,0x03,0x00,0x20,0xF7,0xB5,0x06,0x00,0x0F,0x00,0x15,0x00,0x91,0x42,0x1F,0xD2,
0xFF,0x2A,0x1D,0xD0,0x02,0xF0,0x29,0xFE,0xBA,0x23,0x00,0x24,0x5B,0x00,0x73,0x43,
0x00,0x90,0x01,0x93,0x0C,0x23,0x63,0x43,0x01,0x9A,0xE1,0xB2,0x9B,0x18,0x09,0x4A,
0xD3,0x18,0x9B,0x7C,0xDB,0xB2,0x9F,0x42,0x04,0xD8,0x9D,0x42,0x02,0xD3,0x30,0x00,
0xFF,0xF7,0x82,0xFE,0x01,0x34,0x1F,0x2C,0xEC,0xD1,0x00,0x98,0x02,0xF0,0x11,0xFE,
0xF7,0xBD,0xC0,0x46,0xEC,0x03,0x00,0x20,0x30,0xB5,0x00,0x23,0xFF,0x29,0x11,0xD0,
// row 91
0xBA,0x22,0x0C,0x25,0x52,0x00,0x50,0x43,0x07,0x4C,0x2A,0x00,0x5A,0x43,0x12,0x18,
0xA2,0x18,0x92,0x7C,0x91,0x42,0x04,0xD0,0x01,0x33,0x1F,0x2B,0xF5,0xD1,0x00,0x23,
0x00,0xE0,0x01,0x23,0x18,0x00,0x30,0xBD,0xEC,0x03,0x00,0x20,0x03,0x1E,0x0C,0xD0,
0x00,0x23,0x99,0x42,0x09,0xD0,0x41,0x18,0x88,0x42,0x04,0xD0,0x02,0x78,0x01,0x30,
0x9B,0x18,0xDB,0xB2,0xF8,0xE7,0x5B,0x42,0xDB,0xB2,0x18,0x00,0x70,0x47,0x00,0x23,
0x10,0xB5,0x92,0x00,0x93,0x42,0x03,0xD0,0xCC,0x58,0xC4,0x50,0x04,0x33,0xF9,0xE7,
0x10,0xBD,0x41,0x43,0x10,0xB5,0x04,0x00,0x08,0x00,0x64,0x21,0x02,0xF0,0x72,0xFE,
0x00,0x19,0x10,0xBD,0x70,0xB5,0x04,0x00,0x0D,0x00,0x02,0xF0,0xC6,0xFD,0x00,0x2C,
// row 92
0x02,0xD0,0x23,0x68,0x1D,0x43,0x25,0x60,0x02,0xF0,0xC3,0xFD,0x70,0xBD,0x70,0xB5,
0x04,0x00,0x0D,0x00,0x02,0xF0,0xB9,0xFD,0x00,0x2C,0x02,0xD0,0x23,0x68,0xAB,0x43,
0x23,0x60,0x02,0xF0,0xB6,0xFD,0x70,0xBD,0x70,0xB5,0x04,0x00,0x02,0x20,0x01,0x2C,
0x22,0xD8,0xD8,0x23,0x5B,0x00,0x63,0x43,0x10,0x48,0xC1,0x18,0x0D,0x00,0x0A,0x00,
0xC8,0x35,0xCC,0x32,0x2A,0x60,0x1B,0x5C,0x05,0x00,0x02,0x2B,0x00,0xD0,0x4B,0x70,
0x20,0x00,0x00,0xF0,0xCF,0xFB,0x0A,0x49,0x20,0x00,0x00,0xF0,0x71,0xFA,0xD8,0x20,
0x40,0x00,0x60,0x43,0x28,0x18,0x03,0x00,0x01,0x22,0x88,0x33,0x1A,0x70,0xA5,0x30,
0x04,0x4B,0xFF,0x30,0x03,0x60,0x00,0x20,0x70,0xBD,0xC0,0x46,0x78,0x08,0x00,0x20,
// row 93
0xED,0x47,0x00,0x00,0x07,0x89,0x34,0x14,0x10,0xB5,0x02,0x24,0x01,0x28,0x11,0xD8,
0xD8,0x23,0x5B,0x00,0x43,0x43,0x08,0x4A,0x00,0x24,0xD3,0x18,0x1A,0x00,0x87,0x32,
0x12,0x78,0xA2,0x42,0x06,0xD1,0x89,0x33,0x1A,0x78,0x01,0x2A,0x02,0xD1,0x1C,0x70,
0x00,0xF0,0x57,0xFC,0x20,0x00,0x10,0xBD,0x78,0x08,0x00,0x20,0xD8,0x23,0x5B,0x00,
0x58,0x43,0x01,0x4B,0xC0,0x18,0x70,0x47,0x78,0x08,0x00,0x20,0xD8,0x23,0x5B,0x00,
0x58,0x43,0x01,0x4B,0xC0,0x18,0x70,0x47,0x78,0x08,0x00,0x20,0xD8,0x23,0x5B,0x00,
0x58,0x43,0x10,0xB5,0x02,0x4B,0x18,0x18,0xA4,0x30,0xFF,0xF7,0x83,0xFF,0x10,0xBD,
0x78,0x08,0x00,0x20,0xD8,0x23,0x5B,0x00,0x58,0x43,0x10,0xB5,0x02,0x4B,0x18,0x18,
// row 94
0xA4,0x30,0xFF,0xF7,0x84,0xFF,0x10,0xBD,0x78,0x08,0x00,0x20,0xAC,0x23,0x5B,0x00,
0x43,0x43,0xF7,0xB5,0x17,0x4C,0x1F,0x00,0xE3,0x18,0x1A,0x00,0x44,0x32,0xFF,0x32,
0x01,0x91,0x11,0x78,0x05,0x00,0x01,0x29,0x22,0xD1,0x45,0x33,0xFF,0x33,0x1E,0x78,
0x00,0x23,0x03,0x31,0x13,0x70,0x05,0x22,0xFF,0xF7,0xF4,0xFE,0x03,0x2E,0x08,0xD8,
0x03,0x23,0x07,0x21,0x73,0x43,0xDB,0x19,0xE3,0x18,0x1A,0x79,0x01,0x32,0x0A,0x40,
0x1A,0x71,0xAC,0x23,0x5B,0x00,0x6B,0x43,0x1F,0x00,0xE3,0x18,0x4A,0x33,0xFF,0x33,
0x1E,0x70,0x28,0x00,0xFE,0xF7,0x32,0xF9,0xE3,0x59,0x01,0x99,0x28,0x00,0x98,0x47,
0xF7,0xBD,0xC0,0x46,0xDC,0x0B,0x00,0x20,0x10,0xB5,0x04,0x00,0xFF,0xF7,0xA6,0xFF,
// row 95
0xA4,0x30,0x02,0x68,0x09,0x4B,0x1A,0x42,0x05,0xD0,0x20,0x00,0x10,0x21,0xFF,0xF7,
0xBD,0xFF,0x01,0x20,0x09,0xE0,0xAC,0x20,0x40,0x00,0x60,0x43,0x04,0x4B,0x18,0x18,
0xFC,0x30,0x40,0x6D,0x43,0x1E,0x98,0x41,0xC0,0xB2,0x10,0xBD,0x43,0xC0,0x00,0x00,
0xDC,0x0B,0x00,0x20,0x10,0xB5,0x04,0x00,0x08,0x1F,0x03,0x28,0x2F,0xD8,0x02,0xF0,
0xEB,0xFC,0x02,0x2A,0x1E,0x15,0xAC,0x23,0x5B,0x00,0x63,0x43,0x14,0x4A,0xD3,0x18,
0x44,0x33,0xFF,0x33,0x1B,0x78,0x01,0x2B,0x21,0xD1,0x20,0x00,0xFF,0xF7,0xCC,0xFF,
0x00,0x28,0x1C,0xD1,0x20,0x00,0xFD,0xF7,0xED,0xFF,0x18,0xE0,0xAC,0x23,0x5B,0x00,
0x63,0x43,0x0B,0x4A,0x20,0x21,0x9B,0x58,0x20,0x00,0x98,0x47,0x0F,0xE0,0xAC,0x23,
// row 96
0x5B,0x00,0x63,0x43,0x06,0x4A,0xD3,0x18,0x19,0x00,0x00,0x22,0x55,0x31,0xFF,0x31,
0xFC,0x33,0x0A,0x70,0x5A,0x65,0x20,0x21,0x20,0x00,0xFF,0xF7,0x77,0xFF,0x10,0xBD,
0xDC,0x0B,0x00,0x20,0x70,0xB5,0x04,0xAC,0x25,0x88,0x07,0x29,0x03,0xD0,0x06,0x78,
0x00,0x24,0x8E,0x42,0x2C,0xD1,0x01,0x2A,0x0E,0xD0,0x00,0x2A,0x02,0xD0,0x02,0x2A,
0x0F,0xD0,0x13,0xE0,0x41,0x78,0x14,0x00,0x00,0x29,0x21,0xD1,0x00,0x24,0x42,0x79,
0xD2,0x09,0xA2,0x42,0x1C,0xD1,0x09,0xE0,0x00,0x24,0x42,0x78,0xA2,0x42,0xF5,0xD1,
0x16,0xE0,0x00,0x24,0x42,0x79,0xD2,0x09,0xA2,0x42,0x11,0xD0,0x00,0x2B,0x06,0xD0,
0x02,0x79,0x00,0x24,0xD2,0x06,0xD2,0x0E,0xD3,0x40,0xDB,0x07,0x08,0xD5,0x05,0x4B,
// row 97
0x01,0x24,0x9D,0x42,0x04,0xD0,0x43,0x78,0x5C,0x1B,0x60,0x42,0x44,0x41,0xE4,0xB2,
0x20,0x00,0x70,0xBD,0xFF,0xFF,0x00,0x00,0xF0,0xB5,0x87,0xB0,0x05,0x92,0xAC,0x22,
0x02,0x90,0x02,0x9B,0x52,0x00,0x5A,0x43,0x30,0x48,0x0D,0x78,0x84,0x18,0x23,0x00,
0x0E,0x00,0x00,0x21,0xFC,0x33,0x59,0x65,0x02,0x2D,0x54,0xD8,0x50,0x33,0x1B,0x78,
0x01,0x2B,0x50,0xD0,0x03,0x23,0x6B,0x43,0x9A,0x18,0x83,0x18,0x20,0x00,0x9A,0x79,
0x41,0x30,0xD2,0xB2,0x03,0x92,0x5A,0x79,0xFF,0x30,0x04,0x92,0x72,0x79,0x24,0x4F,
0x12,0x07,0x52,0x0F,0x02,0x70,0x01,0x20,0x5A,0x71,0x98,0x71,0x0A,0x00,0x00,0x97,
0x20,0x23,0x30,0x00,0xFF,0xF7,0x96,0xFF,0x00,0x28,0x04,0xD0,0x44,0x34,0xFF,0x34,
// row 98
0x23,0x78,0x01,0x2B,0x2F,0xD0,0x6B,0x1E,0x01,0x2B,0x12,0xD8,0x00,0x97,0x19,0x4B,
0x00,0x22,0x07,0x21,0x30,0x00,0xFF,0xF7,0x85,0xFF,0x00,0x28,0x23,0xD1,0x14,0x4B,
0x01,0x22,0x00,0x93,0x07,0x21,0x14,0x4B,0x30,0x00,0xFF,0xF7,0x7B,0xFF,0x00,0x28,
0x19,0xD1,0xAC,0x22,0x02,0x9B,0x52,0x00,0x5A,0x43,0x0C,0x49,0x8B,0x18,0x18,0x00,
0x42,0x30,0xFF,0x30,0x05,0x70,0x40,0x20,0xFC,0x33,0x58,0x65,0x05,0x9B,0x00,0x2B,
0x09,0xD1,0x03,0x33,0x5D,0x43,0x6B,0x46,0xAD,0x18,0x1B,0x7B,0x4D,0x19,0xAB,0x71,
0x6B,0x46,0x1B,0x7C,0x6B,0x71,0x07,0xB0,0xF0,0xBD,0xC0,0x46,0xDC,0x0B,0x00,0x20,
0xFF,0xFF,0x00,0x00,0xF7,0xFF,0xFE,0xFF,0xFF,0x7F,0xFF,0xFF,0xF8,0xB5,0x04,0x00,
// row 99
0x0D,0x1E,0x05,0xD1,0xFD,0xF7,0x6A,0xFE,0x6B,0x4B,0x0F,0x22,0x05,0x21,0x5A,0xE0,
0x01,0x29,0x0C,0xD1,0x05,0x21,0xFF,0xF7,0xA1,0xFD,0x20,0x00,0xFF,0xF7,0xEC,0xFE,
0x00,0x28,0x00,0xD0,0xC7,0xE0,0x20,0x00,0xFD,0xF7,0x0C,0xFF,0xC3,0xE0,0x02,0x29,
0x03,0xD1,0xFD,0xF7,0x53,0xFE,0x20,0x21,0x04,0xE0,0x03,0x29,0x06,0xD1,0xFD,0xF7,
0x4D,0xFE,0x08,0x21,0x20,0x00,0xFF,0xF7,0xA1,0xFE,0xB4,0xE0,0x04,0x29,0x17,0xD1,
0xAC,0x23,0x5B,0x00,0x43,0x43,0x59,0x49,0xCA,0x18,0x45,0x32,0xFF,0x32,0x15,0x78,
0x05,0x2D,0x0A,0xD1,0x07,0x21,0xFF,0xF7,0xC7,0xFD,0x00,0x28,0x00,0xD1,0xA2,0xE0,
0x29,0x00,0x20,0x00,0xFE,0xF7,0x0A,0xF8,0x9D,0xE0,0x5B,0x58,0x10,0x21,0x98,0xE0,
// row 100
0x05,0x29,0x03,0xD1,0x07,0x21,0xFF,0xF7,0x69,0xFD,0xDA,0xE7,0x06,0x29,0x1E,0xD1,
0xFD,0xF7,0x24,0xFE,0xAC,0x23,0x5B,0x00,0x63,0x43,0x48,0x4A,0x04,0x21,0xD3,0x18,
0x01,0x22,0x55,0x33,0xFF,0x33,0x1A,0x70,0x20,0x00,0x04,0x32,0xFF,0xF7,0x7A,0xFD,
0x20,0x00,0xFE,0xF7,0x27,0xF8,0x00,0x22,0x01,0x00,0x20,0x00,0xFF,0xF7,0x2C,0xFF,
0x03,0x22,0x29,0x00,0x3C,0x4B,0x20,0x00,0xFF,0xF7,0xAA,0xFC,0x73,0xE0,0x07,0x29,
0x5C,0xD1,0x06,0x21,0xFF,0xF7,0x42,0xFD,0xAC,0x23,0x5B,0x00,0x63,0x43,0x37,0x4D,
0xEB,0x18,0x55,0x33,0xFF,0x33,0x1B,0x78,0x00,0x2B,0x07,0xD0,0x20,0x00,0xFE,0xF7,
0x09,0xF8,0x01,0x22,0x01,0x00,0x20,0x00,0xFF,0xF7,0x0E,0xFF,0xAC,0x23,0x5B,0x00,
// row 101
0x63,0x43,0xEB,0x18,0x1A,0x00,0x44,0x32,0xFF,0x32,0x12,0x78,0x01,0x2A,0x16,0xD1,
0x1A,0x00,0x45,0x32,0xFF,0x32,0x12,0x78,0x02,0x2A,0x10,0xD8,0xFC,0x33,0x5B,0x6D,
0x00,0x2B,0x04,0xD0,0x10,0x21,0x20,0x00,0xFF,0xF7,0x30,0xFE,0x07,0xE0,0x20,0x00,
0xFF,0xF7,0x62,0xFE,0x00,0x28,0x02,0xD1,0x20,0x00,0xFD,0xF7,0x83,0xFE,0xAC,0x27,
0x7F,0x00,0x67,0x43,0xEE,0x19,0x33,0x00,0x55,0x33,0xFF,0x33,0x1B,0x78,0x00,0x2B,
0x13,0xD0,0xFC,0x36,0x73,0x6D,0x00,0x2B,0x0F,0xD0,0x20,0x00,0xFD,0xF7,0xD2,0xFF,
0xEB,0x19,0x34,0x33,0x01,0x00,0x43,0x22,0x18,0x00,0xFF,0xF7,0x70,0xFD,0xEB,0x59,
0x71,0x6D,0x20,0x00,0x98,0x47,0x00,0x23,0x73,0x65,0xAC,0x23,0x5B,0x00,0x5C,0x43,
// row 102
0x00,0x23,0x2D,0x19,0x55,0x35,0xFF,0x35,0x2B,0x70,0x14,0xE0,0x08,0x29,0x12,0xD1,
0x10,0x21,0xFF,0xF7,0xFB,0xFD,0xAC,0x23,0x5B,0x00,0x63,0x43,0x07,0x49,0x00,0x20,
0xCA,0x18,0x15,0x00,0x5B,0x58,0x01,0x21,0x55,0x32,0xFC,0x35,0xFF,0x32,0x68,0x65,
0x10,0x70,0x20,0x00,0x98,0x47,0xF8,0xBD,0xB5,0x37,0x00,0x00,0xDC,0x0B,0x00,0x20,
0x10,0xB5,0x02,0x23,0x01,0x28,0x0A,0xD8,0x00,0x29,0x08,0xD0,0x57,0x33,0xFF,0x33,
0x43,0x43,0x04,0x4A,0x99,0x50,0x04,0x49,0xFD,0xF7,0x1C,0xFD,0x00,0x23,0x18,0x00,
0x10,0xBD,0xC0,0x46,0xDC,0x0B,0x00,0x20,0x7D,0x39,0x00,0x00,0x10,0xB5,0x02,0x23,
0x01,0x28,0x02,0xD8,0xFD,0xF7,0x44,0xFD,0x00,0x23,0x18,0x00,0x10,0xBD,0x00,0x00,
// row 103
0x03,0x00,0x10,0xB5,0x02,0x20,0x01,0x2B,0x0E,0xD8,0x03,0x22,0x00,0x20,0x51,0x43,
0x56,0x32,0xFF,0x32,0x53,0x43,0x05,0x4C,0xC9,0x18,0xE3,0x18,0x42,0x33,0x61,0x18,
0xFF,0x33,0x88,0x71,0x08,0x71,0x18,0x70,0x10,0xBD,0xC0,0x46,0xDC,0x0B,0x00,0x20,
0x70,0xB5,0x05,0x00,0x02,0x24,0x01,0x28,0x1C,0xD8,0x00,0x21,0xFF,0xF7,0xE0,0xFF,
0x01,0x21,0x28,0x00,0xFF,0xF7,0xDC,0xFF,0x21,0x00,0x28,0x00,0xFF,0xF7,0xD8,0xFF,
0xAC,0x23,0x5B,0x00,0x6B,0x43,0x18,0x00,0x00,0x21,0x07,0x4B,0x0C,0x00,0x1B,0x18,
0x1A,0x00,0xFC,0x32,0x51,0x65,0x44,0x33,0x58,0x32,0x11,0x70,0xFF,0x33,0x08,0x3A,
0x11,0x70,0x19,0x70,0x20,0x00,0x70,0xBD,0xDC,0x0B,0x00,0x20,0xF0,0xB5,0x8B,0xB0,
// row 104
0x1F,0x00,0x10,0xAB,0x1B,0x88,0x04,0x00,0x06,0x93,0x11,0xAB,0x0D,0x00,0x1B,0x78,
0x02,0x20,0x01,0x2C,0x79,0xD8,0xAC,0x21,0x49,0x00,0x61,0x43,0x3C,0x48,0x41,0x18,
0x0E,0x00,0x44,0x36,0xFF,0x36,0x36,0x78,0x05,0x90,0x0F,0x20,0x01,0x2E,0x6C,0xD0,
0x08,0x00,0x45,0x30,0xFF,0x30,0x82,0x71,0x07,0x22,0x13,0x40,0x0A,0x00,0x05,0x70,
0x68,0x46,0x4C,0x32,0xFF,0x32,0x00,0x8B,0x13,0x70,0x43,0x31,0x05,0x3A,0x10,0x80,
0x97,0x70,0xFF,0x31,0x08,0x78,0x03,0x22,0x01,0x28,0x01,0xD1,0x00,0x22,0x0A,0x70,
0xAC,0x20,0x40,0x00,0x07,0x00,0x67,0x43,0x05,0x99,0x09,0x90,0xC9,0x19,0x09,0x6B,
0x27,0x48,0x06,0x91,0x99,0x00,0x08,0x91,0x84,0x46,0x00,0x21,0x08,0x98,0x81,0x42,
// row 105
0x08,0xD0,0x12,0x98,0x40,0x58,0x07,0x90,0x07,0x9E,0xC8,0x19,0x60,0x44,0x06,0x61,
0x04,0x31,0xF3,0xE7,0x09,0x99,0x05,0x98,0x61,0x43,0x0E,0x00,0x10,0x31,0x41,0x18,
0x02,0x91,0x00,0x21,0x01,0x91,0x06,0x99,0x20,0x00,0x00,0x91,0x29,0x00,0xFD,0xF7,
0x29,0xFD,0x02,0xF0,0x6A,0xFA,0x05,0x9A,0x07,0x00,0x96,0x19,0x33,0x00,0x01,0x22,
0x44,0x33,0xFF,0x33,0x1A,0x70,0x20,0x00,0xFF,0xF7,0x56,0xFD,0x00,0x28,0x18,0xD1,
0x33,0x00,0x42,0x33,0xFF,0x33,0x1B,0x78,0x01,0x3B,0x01,0x2B,0x04,0xD9,0x4A,0x36,
0xFF,0x36,0x33,0x78,0x06,0x2B,0x09,0xD1,0x01,0x3D,0x01,0x2D,0x06,0xD8,0x09,0x4B,
0x02,0x22,0x04,0x21,0x20,0x00,0xFF,0xF7,0x53,0xFB,0x02,0xE0,0x20,0x00,0xFD,0xF7,
// row 106
0x61,0xFD,0x38,0x00,0x02,0xF0,0x45,0xFA,0x00,0x20,0x0B,0xB0,0xF0,0xBD,0xC0,0x46,
0xDC,0x0B,0x00,0x20,0xB5,0x37,0x00,0x00,0xF8,0xB5,0x05,0x00,0x02,0x20,0x01,0x2D,
0x33,0xD8,0x02,0xF0,0x32,0xFA,0xAC,0x24,0x07,0x00,0x05,0x21,0x28,0x00,0xFF,0xF7,
0xD5,0xFB,0x64,0x00,0x04,0x21,0x28,0x00,0xFF,0xF7,0xD0,0xFB,0x6C,0x43,0x07,0x21,
0x28,0x00,0xFF,0xF7,0xCB,0xFB,0x28,0x00,0xFD,0xF7,0x40,0xFE,0x0F,0x4B,0x38,0x00,
0x1C,0x19,0x26,0x00,0x22,0x00,0x00,0x23,0x05,0x27,0x44,0x36,0xFF,0x36,0xFC,0x32,
0x33,0x70,0x45,0x34,0x53,0x65,0x58,0x32,0x13,0x70,0xFF,0x34,0x02,0xF0,0x11,0xFA,
0x07,0x4B,0x07,0x21,0x27,0x70,0x14,0x22,0x28,0x00,0xFF,0xF7,0x11,0xFB,0x01,0x23,
// row 107
0x39,0x00,0x33,0x70,0x28,0x00,0xFD,0xF7,0x41,0xFE,0xF8,0xBD,0xDC,0x0B,0x00,0x20,
0xB5,0x37,0x00,0x00,0x10,0xB5,0xFD,0xF7,0xEF,0xFD,0x10,0xBD,0x10,0xB5,0xFD,0xF7,
0x01,0xFE,0x10,0xBD,0x02,0x23,0x01,0x28,0x09,0xD8,0x57,0x33,0xFF,0x33,0x58,0x43,
0x04,0x4B,0x18,0x18,0x01,0x23,0x43,0x30,0xFF,0x30,0x03,0x70,0x00,0x23,0x18,0x00,
0x70,0x47,0xC0,0x46,0xDC,0x0B,0x00,0x20,0xF8,0xB5,0x06,0x00,0x0F,0x00,0xFF,0xF7,
0x7D,0xFC,0x02,0x00,0x86,0x32,0x13,0x78,0x01,0x2B,0x0A,0xD1,0x00,0x25,0xC4,0x30,
0x03,0x68,0x04,0x00,0x15,0x70,0xAB,0x42,0x03,0xD0,0x39,0x00,0x30,0x00,0x98,0x47,
0x25,0x60,0xF8,0xBD,0x10,0xB5,0x04,0x00,0xFE,0xF7,0x62,0xFC,0x20,0x00,0xFE,0xF7,
// row 108
0x59,0xF8,0x04,0x48,0x24,0x01,0x00,0x19,0x10,0x22,0x00,0x21,0x02,0xF0,0x83,0xFB,
0x10,0xBD,0xC0,0x46,0xE4,0x06,0x00,0x20,0x70,0xB5,0x05,0x00,0xFF,0xF7,0x56,0xFC,
0x04,0x00,0x28,0x00,0xFE,0xF7,0x72,0xF8,0x01,0x23,0x6E,0x34,0x23,0x70,0x70,0xBD,
0x70,0xB5,0xFF,0xF7,0x4B,0xFC,0x03,0x00,0x4B,0x25,0x6B,0x33,0x1D,0x70,0x04,0x00,
0x00,0x20,0xFF,0xF7,0x43,0xFC,0xD2,0x22,0x52,0x00,0x81,0x58,0x07,0x4B,0x4B,0x43,
0x07,0x49,0x5B,0x18,0x83,0x50,0x22,0x00,0x5B,0x03,0x5B,0x0F,0x1F,0x33,0x6C,0x32,
0x13,0x70,0x6D,0x34,0xEB,0x1A,0x23,0x70,0x70,0xBD,0xC0,0x46,0x0D,0x66,0x19,0x00,
0x5F,0xF3,0x6E,0x3C,0xF8,0xB5,0x05,0x00,0x17,0x00,0x0C,0x00,0xFF,0xF7,0x26,0xFC,
// row 109
0x03,0x00,0x06,0x00,0x8B,0x33,0x1F,0x70,0x3A,0x00,0x28,0x00,0x21,0x00,0xFE,0xF7,
0x69,0xF9,0x21,0x00,0x28,0x00,0x34,0x19,0xFE,0xF7,0xE0,0xF9,0x22,0x00,0x02,0x23,
0x8E,0x32,0x90,0x34,0x13,0x70,0x23,0x70,0xF8,0xBD,0x70,0xB5,0x05,0x00,0x0C,0x00,
0xFF,0xF7,0x0C,0xFC,0x06,0x00,0x21,0x00,0x28,0x00,0xFE,0xF7,0x95,0xF9,0x21,0x00,
0x28,0x00,0x34,0x19,0xFE,0xF7,0xB4,0xF9,0x22,0x00,0x04,0x23,0x8E,0x32,0x90,0x34,
0x13,0x70,0x23,0x70,0x70,0xBD,0x70,0xB5,0x04,0x00,0x0D,0x00,0x02,0x20,0x01,0x2C,
0x07,0xD8,0x20,0x00,0xFE,0xF7,0x80,0xF9,0x20,0x00,0x29,0x00,0xFE,0xF7,0xB6,0xF9,
0x00,0x20,0x70,0xBD,0x70,0xB5,0x04,0x00,0x0E,0x00,0xFF,0xF7,0xE7,0xFB,0x00,0x21,
// row 110
0x05,0x00,0x20,0x00,0xFF,0xF7,0xE7,0xFF,0x01,0x21,0x20,0x00,0xFF,0xF7,0xE3,0xFF,
0x20,0x00,0xFE,0xF7,0x7D,0xF9,0x00,0x21,0x20,0x00,0xFC,0xF7,0x61,0xFE,0x01,0x21,
0x20,0x00,0xFC,0xF7,0x5D,0xFE,0x00,0x2E,0x1A,0xD1,0x31,0x00,0x20,0x00,0xFD,0xF7,
0x79,0xF8,0x31,0x00,0x20,0x00,0xFC,0xF7,0x0B,0xFF,0x18,0x22,0x0F,0x21,0x20,0x00,
0xFF,0xF7,0xF0,0xFA,0x2B,0x00,0x83,0x33,0x1E,0x70,0x25,0x33,0x1E,0x60,0x0E,0x3B,
0x1E,0x70,0x28,0x3B,0x1E,0x70,0x01,0x3B,0x1E,0x70,0x01,0x23,0x6E,0x35,0x2B,0x70,
0x70,0xBD,0x10,0xB5,0x04,0x00,0xFE,0xF7,0x81,0xF8,0x20,0x00,0x00,0x21,0xFF,0xF7,
0xC1,0xFF,0x00,0x21,0x20,0x00,0xFF,0xF7,0x27,0xFF,0x10,0xBD,0xF2,0x23,0x9B,0x00,
// row 111
0x58,0x43,0x03,0x4B,0x18,0x18,0x01,0x23,0x3B,0x30,0x03,0x70,0x70,0x47,0xC0,0x46,
0x40,0x13,0x00,0x20,0x10,0xB5,0xC0,0xB2,0x0C,0x00,0xFF,0xF7,0x97,0xFB,0x67,0x30,
0x03,0x78,0x01,0x2B,0x07,0xD1,0x00,0x20,0x02,0x2C,0x0E,0xD0,0x60,0x42,0x60,0x41,
0x01,0x33,0x18,0x1A,0x09,0xE0,0x07,0x20,0x03,0x2C,0x06,0xD0,0x01,0x38,0x02,0x2C,
0x03,0xD0,0x00,0x20,0x01,0x2C,0x00,0xD1,0x05,0x30,0x10,0xBD,0xF8,0xB5,0x05,0x00,
0x0C,0x00,0x02,0xF0,0xDA,0xF8,0x1A,0x4A,0x06,0x00,0x63,0x07,0x1A,0xD5,0xF2,0x23,
0x9B,0x00,0x19,0x00,0x69,0x43,0x51,0x18,0x08,0x00,0x95,0x31,0x99,0x30,0xFF,0x30,
0xFF,0x31,0x07,0x68,0x09,0x68,0xB9,0x42,0x0C,0xD0,0x00,0x20,0x08,0x2F,0x00,0xD0,
// row 112
0x78,0x1C,0x6B,0x43,0xD3,0x18,0x99,0x33,0xFF,0x33,0x18,0x60,0x81,0x42,0x01,0xD0,
0x04,0x23,0x9C,0x43,0xF2,0x23,0x9B,0x00,0x5D,0x43,0x53,0x5B,0x01,0x20,0xA3,0x43,
0x53,0x53,0x05,0xD0,0x01,0xF0,0x50,0xFF,0x32,0x20,0x02,0xF0,0x93,0xF8,0x00,0x20,
0x01,0xF0,0x4A,0xFF,0x30,0x00,0x02,0xF0,0xAC,0xF8,0x00,0x20,0xF8,0xBD,0xC0,0x46,
0x40,0x13,0x00,0x20,0xF2,0x23,0x9B,0x00,0x43,0x43,0x07,0x4A,0x10,0xB5,0xD3,0x18,
0x1A,0x00,0x95,0x33,0xFF,0x33,0x1B,0x68,0x99,0x32,0xFF,0x32,0x13,0x60,0x04,0x21,
0xFF,0xF7,0xB4,0xFF,0x10,0xBD,0xC0,0x46,0x40,0x13,0x00,0x20,0x70,0xB5,0x04,0x00,
0x0D,0x00,0x02,0xF0,0x8A,0xF8,0x21,0x78,0x29,0x43,0x21,0x70,0x02,0xF0,0x89,0xF8,
// row 113
0x70,0xBD,0x70,0xB5,0x04,0x00,0x0D,0x00,0x02,0xF0,0x7F,0xF8,0x23,0x78,0xAB,0x43,
0x23,0x70,0x02,0xF0,0x7E,0xF8,0x70,0xBD,0xF8,0xB5,0xF2,0x23,0x04,0x00,0x9B,0x00,
0x63,0x43,0x27,0x48,0x03,0x22,0xC3,0x18,0x43,0x33,0x19,0x70,0x0B,0x00,0x0E,0x00,
0x13,0x40,0x05,0x00,0x01,0x2B,0x06,0xD1,0x0B,0x09,0x1A,0x40,0xE0,0xB2,0x00,0x21,
0xFF,0xF7,0xD8,0xFE,0x11,0xE0,0x02,0x2B,0x04,0xD1,0xE0,0xB2,0x00,0x21,0xFF,0xF7,
0xEC,0xFE,0x0A,0xE0,0x03,0x2B,0x08,0xD1,0xE7,0xB2,0x00,0x21,0x38,0x00,0xFE,0xF7,
0xBD,0xF8,0x00,0x21,0x38,0x00,0xFE,0xF7,0x7F,0xF8,0x03,0x22,0xB1,0x08,0x11,0x40,
0x01,0x29,0x05,0xD1,0x36,0x09,0x32,0x40,0xE0,0xB2,0xFF,0xF7,0xBB,0xFE,0x11,0xE0,
// row 114
0x02,0x29,0x04,0xD1,0xE0,0xB2,0x01,0x39,0xFF,0xF7,0xCF,0xFE,0x0A,0xE0,0x03,0x29,
0x08,0xD1,0xE6,0xB2,0x02,0x39,0x30,0x00,0xFE,0xF7,0xA0,0xF8,0x01,0x21,0x30,0x00,
0xFE,0xF7,0x62,0xF8,0x64,0x20,0x02,0xF0,0x15,0xF8,0xF2,0x20,0x80,0x00,0x60,0x43,
0x28,0x18,0x0D,0x30,0x0F,0x21,0xFF,0xF7,0xA4,0xFF,0x00,0x20,0xF8,0xBD,0xC0,0x46,
0x40,0x13,0x00,0x20,0x10,0xB5,0x00,0x21,0x04,0x00,0xFC,0xF7,0x6B,0xFF,0xF2,0x20,
0x80,0x00,0x60,0x43,0x03,0x4B,0x10,0x21,0x18,0x18,0x0E,0x30,0xFF,0xF7,0x91,0xFF,
0x10,0xBD,0xC0,0x46,0x40,0x13,0x00,0x20,0x70,0xB5,0x04,0x00,0x0D,0x00,0x02,0xF0,
0x0C,0xF8,0x21,0x88,0x29,0x43,0x21,0x80,0x02,0xF0,0x0B,0xF8,0x70,0xBD,0x00,0x00,
// row 115
0xF2,0x23,0x9B,0x00,0x43,0x43,0x70,0xB5,0x1C,0x00,0x0D,0x00,0x06,0x4B,0x89,0xB2,
0xE4,0x18,0x20,0x00,0xFF,0xF7,0xE8,0xFF,0x63,0x88,0x1D,0x42,0x02,0xD0,0x00,0x20,
0x01,0xF0,0x92,0xFE,0x70,0xBD,0xC0,0x46,0x40,0x13,0x00,0x20,0x70,0xB5,0x05,0x00,
0xF2,0x20,0x80,0x00,0x68,0x43,0x10,0x4C,0x23,0x18,0x9E,0x7B,0x33,0x07,0x19,0xD5,
0x08,0x30,0x20,0x18,0x06,0x30,0x00,0x29,0x03,0xD0,0x04,0x21,0xFF,0xF7,0x4E,0xFF,
0x02,0xE0,0x04,0x21,0xFF,0xF7,0x55,0xFF,0xF2,0x23,0x9B,0x00,0x6B,0x43,0xE4,0x18,
0xA3,0x7B,0xB3,0x42,0x06,0xD0,0x23,0x79,0x5B,0x07,0x03,0xD5,0x02,0x21,0x28,0x00,
0xFF,0xF7,0xC6,0xFF,0x00,0x20,0x70,0xBD,0x40,0x13,0x00,0x20,0xF0,0xB5,0xBF,0x4B,
// row 116
0x05,0x00,0x1C,0x78,0x85,0xB0,0x20,0x00,0x16,0x00,0xFF,0xF7,0x5F,0xFA,0x04,0x2D,
0x00,0xD1,0xDC,0xE2,0x03,0x2D,0x09,0xD1,0x96,0x22,0x20,0x00,0x52,0x00,0x50,0x43,
0xB7,0x4B,0x00,0x21,0xC0,0x18,0x02,0xF0,0x76,0xF9,0xD0,0xE2,0x01,0x2D,0x00,0xD0,
0x81,0xE0,0x96,0x21,0xB2,0x4D,0x49,0x00,0x01,0x2E,0x03,0xD8,0x61,0x43,0xB1,0x4B,
0x6A,0x5C,0x74,0xE0,0x61,0x43,0x6B,0x5C,0x00,0x93,0x50,0x2B,0x23,0xD1,0x69,0x18,
0x4A,0x78,0x49,0x3B,0x13,0x40,0x05,0x2B,0x29,0xD1,0x67,0x30,0x03,0x78,0x01,0x2B,
0x05,0xD1,0xA9,0x4B,0x1B,0x22,0xC4,0x21,0x20,0x00,0xFF,0xF7,0x99,0xF8,0x20,0x00,
0xFF,0xF7,0x52,0xFD,0xF2,0x23,0x9B,0x00,0x63,0x43,0xA4,0x4A,0x50,0x21,0xD3,0x18,
// row 117
0xA3,0x4A,0x20,0x00,0x5A,0x80,0xFF,0x22,0x1A,0x71,0x5A,0x71,0xFE,0x3A,0x9A,0x71,
0xFF,0xF7,0x76,0xFF,0x46,0xE0,0x00,0x9B,0x98,0x2B,0x08,0xD1,0x02,0x2E,0x41,0xD0,
0x01,0x31,0x69,0x18,0x32,0x00,0x9B,0x48,0x02,0xF0,0x2C,0xF9,0x3A,0xE0,0xF2,0x23,
0x9D,0x21,0x9B,0x00,0x63,0x43,0x95,0x4A,0x89,0x00,0xD2,0x18,0x57,0x18,0x04,0x31,
0x52,0x18,0x38,0x68,0x12,0x68,0x12,0x1A,0x01,0x2A,0x2B,0xD0,0x08,0x32,0x29,0xD0,
0x96,0x21,0x8E,0x4A,0x80,0x01,0x49,0x00,0xC3,0x18,0x61,0x43,0xD3,0x18,0xB5,0x33,
0xFF,0x33,0x18,0x00,0x69,0x18,0x32,0x00,0x02,0xF0,0x0C,0xF9,0xF2,0x23,0x63,0x43,
0x3A,0x68,0x86,0x48,0x9B,0x18,0x19,0x00,0x66,0x31,0x89,0x00,0x41,0x18,0x00,0x98,
// row 118
0x6A,0x33,0x48,0x60,0x81,0x49,0x9B,0x00,0x5E,0x50,0x51,0x1C,0x02,0x2A,0x00,0xD1,
0x5B,0xE2,0xF2,0x23,0x9B,0x00,0x63,0x43,0x7C,0x4A,0xD3,0x18,0x9D,0x22,0x92,0x00,
0x9B,0x18,0x19,0x60,0x96,0x20,0x40,0x00,0x44,0x43,0x76,0x4B,0x2A,0x5D,0x1A,0x70,
0x00,0x22,0x5A,0x70,0x4B,0xE2,0x00,0x2D,0x01,0xD0,0x00,0x20,0x48,0xE2,0x71,0x4B,
0x5A,0x78,0x00,0x2A,0x00,0xD0,0x23,0xE2,0x2D,0x32,0xFF,0x32,0x10,0x00,0x60,0x43,
0x71,0x49,0x1D,0x78,0x46,0x18,0x0B,0x00,0x1F,0x2D,0x00,0xD1,0x6E,0xE1,0x5F,0xD8,
0x15,0x2D,0x00,0xD1,0x1B,0xE1,0x2D,0xD8,0x08,0x2D,0x00,0xD1,0x01,0xE1,0x10,0xD8,
0x02,0x2D,0x00,0xD1,0xF7,0xE0,0x04,0xD8,0x00,0x2D,0x00,0xD0,0x05,0xE2,0x67,0x4B,
// row 119
0xF5,0xE1,0x04,0x2D,0x00,0xD1,0xF1,0xE0,0x13,0x23,0x06,0x2D,0x00,0xD1,0xEE,0xE1,
0xFB,0xE1,0x10,0x2D,0x00,0xD1,0xEE,0xE0,0x04,0xD8,0x0A,0x2D,0x00,0xD0,0xF4,0xE1,
0x5F,0x4B,0xE4,0xE1,0x12,0x2D,0x00,0xD1,0xF0,0xE0,0x14,0x2D,0x00,0xD0,0xEC,0xE1,
0xF2,0x22,0x96,0x21,0x92,0x00,0x62,0x43,0x54,0x48,0x49,0x00,0x82,0x18,0x61,0x43,
0x12,0x79,0xCB,0xE1,0x1A,0x2D,0x00,0xD1,0x0E,0xE1,0x14,0xD8,0x17,0x2D,0x00,0xD1,
0xF6,0xE0,0x00,0xD2,0xEA,0xE0,0x18,0x2D,0x00,0xD1,0xFB,0xE0,0x19,0x2D,0x00,0xD0,
0xD3,0xE1,0xF2,0x22,0x96,0x21,0x92,0x00,0x62,0x43,0x48,0x48,0x49,0x00,0x82,0x18,
0x61,0x43,0x42,0x32,0xB1,0xE1,0x1C,0x2D,0x00,0xD1,0x07,0xE1,0x00,0xD2,0xFB,0xE0,
// row 120
0x1D,0x2D,0x00,0xD1,0x0C,0xE1,0x1E,0x2D,0x00,0xD0,0xBE,0xE1,0xF2,0x22,0x96,0x21,
0x92,0x00,0x62,0x43,0x3D,0x48,0x49,0x00,0x82,0x18,0x61,0x43,0x92,0x7B,0x9D,0xE1,
0x70,0x2D,0x00,0xD1,0x7D,0xE1,0x49,0xD8,0x29,0x2D,0x00,0xD1,0x1C,0xE1,0x23,0xD8,
0x24,0x2D,0x00,0xD1,0x0A,0xE1,0x0F,0xD8,0x20,0x2D,0x00,0xD0,0xA5,0xE1,0xF2,0x22,
0x96,0x21,0x01,0x25,0x92,0x00,0x62,0x43,0x30,0x48,0x49,0x00,0x61,0x43,0x82,0x18,
0x12,0x7C,0x2A,0x40,0x5A,0x54,0x99,0xE1,0x26,0x2D,0x00,0xD1,0xFD,0xE0,0x28,0x2D,
0x00,0xD0,0x92,0xE1,0xF2,0x22,0x96,0x21,0x92,0x00,0x62,0x43,0x27,0x48,0x49,0x00,
0x82,0x18,0x61,0x43,0x12,0x7E,0x71,0xE1,0x2F,0x2D,0x00,0xD1,0xFD,0xE0,0x16,0xD8,
// row 121
0x2E,0x2D,0x00,0xD0,0x81,0xE1,0xF2,0x22,0x92,0x00,0x62,0x43,0x1F,0x49,0x02,0x25,
0x8A,0x18,0x11,0x00,0x96,0x20,0x40,0x31,0x09,0x78,0x41,0x32,0x0D,0x43,0x11,0x78,
0x2A,0x00,0x40,0x00,0x60,0x43,0xC9,0x00,0x0A,0x43,0x1A,0x54,0x57,0xE1,0x30,0x2D,
0x00,0xD1,0xEC,0xE0,0x50,0x2D,0x00,0xD1,0x24,0xE1,0x66,0xE1,0x7A,0x2D,0x00,0xD1,
0x44,0xE1,0x2F,0xD8,0x74,0x2D,0x00,0xD1,0x32,0xE1,0x09,0xD8,0x72,0x2D,0x00,0xD0,
0x5B,0xE1,0xF2,0x23,0x9B,0x00,0x63,0x43,0x0C,0x4A,0xD3,0x18,0x5B,0x8C,0x46,0xE1,
0x76,0x2D,0x00,0xD1,0x2B,0xE1,0x78,0x2D,0x00,0xD0,0x4E,0xE1,0xF2,0x23,0x9B,0x00,
0x63,0x43,0x06,0x4A,0xD3,0x18,0x1B,0x8D,0x39,0xE1,0xC0,0x46,0xD0,0x1A,0x00,0x20,
// row 122
0x8C,0x0E,0x00,0x20,0x04,0x07,0x00,0x20,0x45,0x41,0x00,0x00,0x40,0x13,0x00,0x20,
0xFF,0x7F,0x00,0x00,0xD1,0x1A,0x00,0x20,0xE6,0x10,0x00,0x20,0xB4,0x04,0x00,0x00,
0x11,0x20,0x00,0x00,0x90,0x2D,0x00,0xD1,0x1B,0xE1,0x0C,0xD8,0x84,0x2D,0x00,0xD0,
0x2B,0xE1,0xF2,0x22,0x96,0x21,0x92,0x00,0x62,0x43,0xA6,0x48,0x49,0x00,0x82,0x18,
0x61,0x43,0x30,0x32,0x09,0xE1,0x94,0x2D,0x00,0xD1,0x12,0xE1,0x96,0x2D,0x00,0xD0,
0x1B,0xE1,0xFC,0xF7,0x87,0xFE,0xF2,0x23,0x9B,0x00,0x63,0x43,0x9D,0x4A,0x80,0xB2,
0xD3,0x18,0x18,0x87,0x0E,0xE1,0x9C,0x4B,0x33,0x80,0x0F,0xE1,0x80,0x23,0x5B,0x00,
0xFD,0xE0,0x9A,0x4B,0xFB,0xE0,0xF2,0x22,0x92,0x00,0x62,0x43,0x95,0x49,0x52,0x5A,
// row 123
0x96,0x21,0x49,0x00,0x61,0x43,0x5A,0x54,0x12,0x12,0xC8,0xE0,0xF2,0x22,0x92,0x00,
0x62,0x43,0x90,0x49,0x8A,0x18,0x96,0x21,0x52,0x88,0x49,0x00,0xBC,0xE0,0xF2,0x23,
0x9B,0x00,0x63,0x43,0x8B,0x4A,0xD3,0x18,0x5B,0x79,0x4D,0xE0,0xF2,0x22,0x96,0x21,
0x92,0x00,0x62,0x43,0x87,0x48,0x49,0x00,0x82,0x18,0x61,0x43,0x92,0x79,0xCD,0xE0,
0xF2,0x22,0x96,0x21,0x92,0x00,0x62,0x43,0x82,0x48,0x49,0x00,0x82,0x18,0x61,0x43,
0xD2,0x79,0xC3,0xE0,0xF2,0x22,0x96,0x21,0x92,0x00,0x62,0x43,0x7D,0x48,0x49,0x00,
0x82,0x18,0x61,0x43,0x12,0x7A,0xB9,0xE0,0xF2,0x21,0x89,0x00,0x61,0x43,0x79,0x48,
0x62,0x43,0x41,0x18,0x89,0x7A,0x3E,0xE0,0xF2,0x22,0x96,0x21,0x92,0x00,0x62,0x43,
// row 124
0x74,0x48,0x49,0x00,0x82,0x18,0x61,0x43,0xD2,0x7A,0xA7,0xE0,0xF2,0x22,0x96,0x21,
0x92,0x00,0x62,0x43,0x6F,0x48,0x49,0x00,0x82,0x18,0x61,0x43,0x12,0x7B,0x9D,0xE0,
0xF2,0x22,0x92,0x00,0x62,0x43,0x6B,0x49,0x8A,0x18,0x52,0x7B,0x91,0x06,0x01,0xD5,
0x0F,0x21,0x8A,0x43,0x96,0x21,0x49,0x00,0x61,0x43,0x8F,0xE0,0xF2,0x23,0x9B,0x00,
0x63,0x43,0x64,0x4A,0xD3,0x18,0xDB,0x7B,0x43,0x54,0x88,0xE0,0xF2,0x23,0x9B,0x00,
0x63,0x43,0x60,0x4A,0xD3,0x18,0x9B,0x8A,0x89,0xE0,0xF2,0x23,0x9B,0x00,0x63,0x43,
0x5C,0x4A,0xD3,0x18,0xDB,0x8A,0x82,0xE0,0xF2,0x21,0x89,0x00,0x61,0x43,0x59,0x48,
0x62,0x43,0x41,0x18,0x49,0x7E,0x99,0x54,0x71,0xE0,0xF2,0x22,0x96,0x21,0x92,0x00,
// row 125
0x62,0x43,0x54,0x48,0x49,0x00,0x82,0x18,0x61,0x43,0x3F,0x32,0x65,0xE0,0xF2,0x21,
0x89,0x00,0x61,0x43,0x4F,0x4F,0x8C,0x46,0x7A,0x18,0x11,0x00,0x10,0x00,0x99,0x31,
0x95,0x30,0xFF,0x31,0xFF,0x30,0x09,0x68,0x00,0x68,0x00,0x92,0x81,0x42,0x29,0xD0,
0xF2,0x23,0x63,0x43,0x5B,0x18,0x18,0x00,0x10,0x30,0x80,0x00,0x38,0x18,0x45,0x68,
0x96,0x20,0x40,0x00,0x60,0x43,0x02,0x00,0x68,0x04,0x40,0x0F,0x01,0x93,0x80,0x00,
0x43,0x4B,0x03,0x30,0xD0,0x54,0x00,0x9B,0xB5,0x70,0x5A,0x18,0x01,0x9B,0x2D,0x12,
0x1A,0x33,0x9B,0x00,0xF5,0x70,0xDD,0x59,0x1C,0x23,0x59,0x43,0x8C,0x32,0x12,0x78,
0x61,0x44,0x98,0x31,0x72,0x70,0x30,0x1D,0x2A,0x00,0xC9,0x19,0x01,0xF0,0x02,0xFF,
// row 126
0x04,0x35,0x43,0xE0,0xF2,0x22,0x92,0x00,0x62,0x43,0x32,0x49,0x8A,0x18,0x35,0x49,
0x52,0x18,0x12,0x88,0x53,0x39,0xFF,0x39,0x61,0x43,0x5A,0x54,0x12,0x0A,0x72,0x70,
0x31,0xE0,0xF2,0x23,0x9B,0x00,0x63,0x43,0x2A,0x4A,0xD3,0x18,0x1B,0x8C,0x1E,0xE0,
0xF2,0x23,0x9B,0x00,0x63,0x43,0x27,0x4A,0xD3,0x18,0x9B,0x8C,0x17,0xE0,0xF2,0x23,
0x9B,0x00,0x63,0x43,0x23,0x4A,0xD3,0x18,0xDB,0x8C,0x10,0xE0,0xF2,0x23,0x9B,0x00,
0x63,0x43,0x20,0x4A,0xD3,0x18,0x5B,0x8D,0x09,0xE0,0x12,0x78,0x5A,0x54,0x01,0x25,
0x14,0xE0,0xF2,0x23,0x9B,0x00,0x63,0x43,0x1A,0x4A,0xD3,0x18,0x5B,0x8E,0x33,0x80,
0x09,0xE0,0xFC,0xF7,0x77,0xFD,0xF2,0x23,0x9B,0x00,0x63,0x43,0x15,0x4A,0x00,0x0C,
// row 127
0xD3,0x18,0xD8,0x86,0x30,0x80,0x02,0x25,0x00,0xE0,0x00,0x25,0x16,0x4B,0x5D,0x80,
0x15,0x4D,0x6B,0x88,0x08,0x2B,0x01,0xD9,0x08,0x22,0x03,0xE0,0x9A,0xB2,0x00,0x2A,
0x00,0xD1,0xCA,0xE5,0x96,0x21,0x49,0x00,0x61,0x43,0x02,0xAB,0xDE,0x1D,0x0C,0x4B,
0xD2,0xB2,0xC9,0x18,0x6B,0x78,0x00,0x20,0xC9,0x18,0x33,0x00,0x01,0xF0,0x0C,0xFB,
0x6A,0x78,0x33,0x78,0xD3,0x18,0x6B,0x70,0x01,0xE0,0x00,0x21,0xA1,0xE5,0x01,0x20,
0x05,0xB0,0xF0,0xBD,0x40,0x13,0x00,0x20,0xEE,0xF6,0xFF,0xFF,0x12,0x30,0x00,0x00,
0xE6,0x10,0x00,0x20,0x7E,0x02,0x00,0x00,0x04,0x07,0x00,0x20,0x10,0xB5,0xFE,0xF7,
0x75,0xFF,0x10,0xBD,0x70,0xB5,0x04,0x00,0xFE,0xF7,0x68,0xFF,0x09,0x21,0x05,0x00,
// row 128
0x20,0x00,0xFE,0xF7,0x6B,0xFE,0x20,0x00,0xFF,0xF7,0xC8,0xFA,0xF2,0x20,0x00,0x23,
0x80,0x00,0x60,0x43,0x03,0x4A,0x7A,0x35,0x10,0x18,0x3C,0x30,0x2B,0x70,0x03,0x70,
0x70,0xBD,0xC0,0x46,0x40,0x13,0x00,0x20,0x10,0xB5,0x04,0x00,0xFF,0xF7,0xE2,0xFF,
0x40,0x21,0x20,0x00,0xFF,0xF7,0xA4,0xFC,0x10,0xBD,0x00,0x00,0xF8,0xB5,0xC5,0xB2,
0x04,0x00,0x28,0x00,0x0F,0x00,0xFE,0xF7,0x41,0xFF,0x06,0x00,0xF2,0x20,0x80,0x00,
0x60,0x43,0x0F,0x4C,0x24,0x18,0x3F,0x34,0x27,0x70,0x00,0x2F,0x0A,0xD0,0x28,0x00,
0xFF,0xF7,0xA6,0xF9,0x21,0x78,0x28,0x00,0xFF,0xF7,0x80,0xF9,0x28,0x00,0xFD,0xF7,
0x39,0xF8,0x0A,0xE0,0x39,0x00,0x28,0x00,0x7A,0x36,0xFD,0xF7,0x53,0xF8,0x33,0x78,
// row 129
0x00,0x2B,0x02,0xD0,0x28,0x00,0xFF,0xF7,0xB5,0xFF,0x00,0x20,0xF8,0xBD,0xC0,0x46,
0x40,0x13,0x00,0x20,0x7F,0xB5,0x04,0x00,0xFE,0xF7,0x18,0xFF,0xF2,0x23,0x9B,0x00,
0x1A,0x00,0x62,0x43,0x35,0x4E,0x01,0x00,0xB2,0x18,0x10,0x00,0x3F,0x30,0x00,0x78,
0x00,0x28,0x62,0xD0,0x9F,0x20,0x80,0x00,0x12,0x18,0x10,0x78,0x07,0x28,0x51,0xD8,
0x01,0xF0,0x6A,0xFC,0x04,0x04,0x04,0x50,0x50,0x50,0x04,0x37,0xF0,0x22,0x63,0x43,
0x92,0x00,0xF3,0x18,0x9B,0x18,0x1B,0x78,0x00,0x2B,0x02,0xD1,0x20,0x00,0xFF,0xF7,
0x61,0xFA,0xF2,0x25,0xAC,0x22,0xAD,0x00,0x65,0x43,0x52,0x00,0x24,0x4B,0x62,0x43,
0x75,0x19,0x24,0x49,0xEB,0x18,0x1B,0x88,0xF1,0x20,0x8A,0x18,0x13,0x63,0x9F,0x21,
// row 130
0x1F,0x22,0x80,0x00,0x28,0x18,0x00,0x68,0x1A,0x40,0x89,0x00,0x5B,0x04,0x5B,0x0F,
0x69,0x18,0x09,0x78,0x02,0x90,0x01,0x93,0x00,0x20,0x6B,0x46,0x18,0x80,0x03,0x00,
0x20,0x00,0xFF,0xF7,0x6B,0xF9,0x00,0x28,0x1A,0xD1,0x01,0x23,0x3C,0x35,0x2B,0x70,
0x23,0xE0,0xF2,0x23,0x01,0x22,0x9B,0x00,0x63,0x43,0xF6,0x18,0x7A,0x31,0x3C,0x36,
0x0A,0x70,0x20,0x00,0x32,0x70,0x00,0x21,0xFC,0xF7,0xEC,0xFF,0x20,0x00,0xFF,0xF7,
0x21,0xFA,0x0D,0x4B,0x37,0x22,0x09,0x21,0x20,0x00,0xFE,0xF7,0x21,0xFD,0x0C,0xE0,
0x0F,0x28,0x0A,0xD1,0x20,0x00,0x20,0x21,0xFF,0xF7,0x0A,0xFC,0xF2,0x23,0x9B,0x00,
0x5C,0x43,0x00,0x23,0x34,0x19,0x3C,0x34,0x23,0x70,0x7F,0xBD,0x40,0x13,0x00,0x20,
// row 131
0x7E,0x02,0x00,0x00,0xDC,0x0B,0x00,0x20,0x29,0x48,0x00,0x00,0xF0,0xB5,0xC5,0xB2,
0x85,0xB0,0x04,0x00,0x28,0x00,0xFE,0xF7,0x99,0xFE,0x07,0x00,0xA4,0x37,0x3B,0x68,
0x02,0x90,0x00,0x2B,0x00,0xD1,0xCE,0xE0,0x01,0x23,0x3A,0x68,0x1A,0x42,0x1F,0xD0,
0xF2,0x26,0xB6,0x00,0x66,0x43,0x65,0x4A,0x96,0x19,0x32,0x00,0x3F,0x32,0x12,0x78,
0x00,0x2A,0x15,0xD0,0x62,0x4A,0xB3,0x71,0x72,0x80,0xFF,0x22,0x00,0x21,0x32,0x71,
0x72,0x71,0x20,0x00,0xFF,0xF7,0x32,0xFF,0x20,0x00,0xFF,0xF7,0x33,0xFB,0x08,0x21,
0x20,0x00,0xFF,0xF7,0xCD,0xFB,0x00,0x23,0x3C,0x36,0x3B,0x60,0x33,0x70,0xAA,0xE0,
0x3B,0x68,0x5B,0x06,0x69,0xD5,0xAC,0x21,0x49,0x00,0x61,0x43,0x55,0x4B,0x5E,0x18,
// row 132
0x33,0x00,0x34,0x33,0x1B,0x78,0x01,0x93,0x04,0x2B,0x52,0xD8,0x01,0x27,0x9F,0x40,
0xF2,0x23,0x9B,0x00,0x63,0x43,0x4D,0x48,0xC0,0x18,0x00,0x90,0x3F,0x30,0x00,0x78,
0x38,0x42,0x46,0xD0,0x00,0x9F,0x95,0x37,0xFF,0x37,0x38,0x68,0x84,0x46,0x62,0x46,
0x00,0x98,0x99,0x30,0xFF,0x30,0x00,0x68,0x80,0x1A,0x01,0x28,0x39,0xD0,0x08,0x30,
0x37,0xD0,0x30,0x00,0x35,0x30,0x00,0x78,0x82,0x00,0x03,0x92,0x1C,0x20,0x62,0x46,
0x50,0x43,0xC3,0x18,0x98,0x33,0x18,0x00,0x3C,0x4B,0x03,0x9A,0xC0,0x18,0x3D,0x4B,
0x59,0x18,0x3C,0x31,0x01,0xF0,0x4E,0xFD,0xF2,0x23,0x63,0x43,0x3A,0x68,0x37,0x48,
0x9B,0x18,0x19,0x00,0x10,0x31,0x89,0x00,0x41,0x18,0xB0,0x6B,0x1A,0x33,0x48,0x60,
// row 133
0x32,0x49,0x03,0x98,0x9B,0x00,0x58,0x50,0x69,0x46,0x00,0x9B,0x09,0x79,0x9B,0x18,
0x8C,0x33,0x19,0x70,0x51,0x1C,0x08,0x2A,0x53,0xD0,0xF2,0x23,0x9B,0x00,0x63,0x43,
0x2A,0x4A,0x20,0x00,0xD3,0x18,0x95,0x33,0xFF,0x33,0x19,0x60,0x04,0x21,0xFF,0xF7,
0x67,0xFB,0x40,0x21,0x28,0x00,0xFE,0xF7,0x1D,0xFE,0xF2,0x23,0x9B,0x00,0x63,0x43,
0x22,0x4A,0xD3,0x18,0x00,0x22,0x3C,0x33,0x1A,0x70,0x02,0x9E,0xA4,0x36,0x33,0x68,
0x1B,0x07,0x0F,0xD5,0x40,0x21,0x20,0x00,0xFF,0xF7,0x52,0xFB,0xF2,0x23,0x9B,0x00,
0x63,0x43,0x1A,0x4A,0x38,0x21,0xD3,0x18,0x00,0x22,0x3C,0x33,0x1A,0x70,0x28,0x00,
0xFE,0xF7,0x00,0xFE,0x33,0x68,0xDB,0x06,0x0F,0xD5,0x20,0x21,0x20,0x00,0xFF,0xF7,
// row 134
0x3F,0xFB,0xF2,0x23,0x9B,0x00,0x63,0x43,0x10,0x4A,0x38,0x21,0xD3,0x18,0x00,0x22,
0x3C,0x33,0x1A,0x70,0x28,0x00,0xFE,0xF7,0xED,0xFD,0x33,0x68,0x9B,0x06,0x12,0xD5,
0x20,0x00,0x10,0x21,0xFF,0xF7,0x2C,0xFB,0xF2,0x23,0x9B,0x00,0x5C,0x43,0x07,0x4B,
0x38,0x21,0x1C,0x19,0x00,0x23,0x3C,0x34,0x23,0x70,0x28,0x00,0xFE,0xF7,0xDA,0xFD,
0x01,0xE0,0x00,0x21,0xA9,0xE7,0x00,0x20,0x05,0xB0,0xF0,0xBD,0x40,0x13,0x00,0x20,
0xFF,0x7F,0x00,0x00,0xDC,0x0B,0x00,0x20,0xF7,0xB5,0x04,0x00,0x01,0xF0,0x15,0xFB,
0x01,0x90,0x20,0x00,0xFE,0xF7,0xB2,0xFD,0x05,0x00,0x2E,0x00,0x20,0x00,0xFD,0xF7,
0x91,0xFB,0x90,0x36,0x33,0x88,0x87,0xB2,0xBB,0x42,0x05,0xD0,0x20,0x00,0xFD,0xF7,
// row 135
0x89,0xFB,0x83,0xB2,0xBB,0x42,0x38,0xD0,0xF2,0x23,0x01,0x22,0x9B,0x00,0x63,0x43,
0x1B,0x49,0xCB,0x18,0x18,0x7B,0x00,0x91,0x10,0x42,0x03,0xD0,0x5B,0x7A,0x00,0x27,
0x13,0x42,0x06,0xD1,0x31,0x78,0x20,0x00,0xFF,0xF7,0xF4,0xF9,0x03,0x23,0x18,0x40,
0x07,0x00,0xF2,0x23,0x9B,0x00,0x63,0x43,0x00,0x9A,0xD3,0x18,0x01,0x22,0x19,0x7B,
0x11,0x42,0x03,0xD0,0x5B,0x7A,0x00,0x20,0x13,0x42,0x06,0xD0,0x91,0x35,0x29,0x78,
0x20,0x00,0xFF,0xF7,0xDF,0xF9,0x03,0x23,0x18,0x40,0xF2,0x23,0x0F,0x22,0x9B,0x00,
0x5C,0x43,0x00,0x9B,0x80,0x00,0x1C,0x19,0x63,0x7B,0x93,0x43,0x3B,0x43,0x18,0x43,
0x60,0x73,0x01,0x98,0x01,0xF0,0xCD,0xFA,0xF7,0xBD,0x30,0x80,0xC4,0xE7,0xC0,0x46,
// row 136
0x40,0x13,0x00,0x20,0xF8,0xB5,0x04,0x00,0x01,0xF0,0xBF,0xFA,0x05,0x00,0x20,0x00,
0xFE,0xF7,0x5C,0xFD,0x03,0x00,0x02,0x27,0x90,0x33,0x91,0x30,0x1F,0x70,0x39,0x00,
0x07,0x70,0x20,0x00,0xFF,0xF7,0xB6,0xF9,0x39,0x00,0x06,0x00,0x20,0x00,0xFF,0xF7,
0xB1,0xF9,0xF2,0x22,0x92,0x00,0x62,0x43,0x09,0x4B,0x9A,0x18,0x0F,0x23,0x51,0x7B,
0x99,0x43,0x0C,0x3B,0x1E,0x40,0x03,0x40,0xBB,0x40,0x0E,0x43,0x33,0x43,0x53,0x73,
0x01,0x21,0x20,0x00,0xFF,0xF7,0x94,0xFA,0x28,0x00,0x01,0xF0,0x9A,0xFA,0xF8,0xBD,
0x40,0x13,0x00,0x20,0xF8,0xB5,0x05,0x00,0xFE,0xF7,0x30,0xFD,0xF2,0x21,0x89,0x00,
0x0A,0x00,0x6A,0x43,0x11,0x4B,0x04,0x00,0x9A,0x18,0x3D,0x32,0x12,0x78,0x1E,0x00,
// row 137
0x0F,0x00,0x00,0x2A,0x02,0xD1,0x28,0x00,0xFF,0xF7,0xD2,0xF8,0x3B,0x00,0x01,0x21,
0x6B,0x43,0xF3,0x18,0x3D,0x33,0x1A,0x78,0x4A,0x40,0x1A,0x70,0x23,0x00,0x67,0x33,
0x1B,0x78,0x8B,0x42,0x01,0xD1,0x6C,0x34,0x00,0xE0,0x6D,0x34,0x22,0x78,0x28,0x00,
0x92,0xB2,0x03,0x4B,0xC3,0x21,0xFE,0xF7,0x73,0xFB,0xF8,0xBD,0x40,0x13,0x00,0x20,
0x7D,0x3F,0x00,0x00,0xF8,0xB5,0xC7,0xB2,0x0D,0x00,0x04,0x00,0x38,0x00,0xFE,0xF7,
0xFD,0xFC,0xF2,0x23,0xE9,0xB2,0x01,0x25,0x06,0x00,0x9B,0x00,0x5C,0x43,0x09,0x4B,
0x38,0x00,0x1C,0x19,0x42,0x34,0x21,0x70,0x29,0x40,0xFD,0xF7,0x39,0xFB,0x32,0x00,
0x23,0x78,0x6F,0x32,0x2B,0x40,0x13,0x70,0x23,0x78,0x70,0x36,0x9D,0x43,0x35,0x70,
// row 138
0x00,0x20,0xF8,0xBD,0x40,0x13,0x00,0x20,0xF8,0xB5,0xC4,0xB2,0x06,0x00,0x20,0x00,
0x0F,0x00,0xFE,0xF7,0xDB,0xFC,0x70,0x30,0x01,0x78,0x0F,0x4D,0x20,0x00,0x00,0x2F,
0x0D,0xD0,0xFD,0xF7,0x3F,0xFB,0xF2,0x23,0x9B,0x00,0x73,0x43,0x04,0x00,0xE8,0x18,
0x0E,0x30,0x02,0x21,0x00,0x2C,0x0B,0xD1,0xFF,0xF7,0x98,0xF9,0x0A,0xE0,0xFD,0xF7,
0x5F,0xFB,0x04,0x00,0xF2,0x20,0x02,0x21,0x80,0x00,0x70,0x43,0x28,0x18,0x0E,0x30,
0xFF,0xF7,0x97,0xF9,0x20,0x00,0xF8,0xBD,0x40,0x13,0x00,0x20,0xF7,0xB5,0xC5,0xB2,
0x04,0x00,0x28,0x00,0x0F,0x00,0x16,0x00,0x01,0x93,0xFE,0xF7,0xAF,0xFC,0xF2,0x23,
0x9B,0x00,0x63,0x43,0x14,0x4A,0x01,0x99,0xD3,0x18,0x9F,0x22,0x92,0x00,0x9A,0x18,
// row 139
0x17,0x70,0x12,0x4A,0x9A,0x18,0x16,0x80,0xF1,0x22,0x92,0x00,0x9A,0x18,0x11,0x60,
0x02,0x00,0x7A,0x32,0x12,0x78,0x00,0x2A,0x0C,0xD1,0x1A,0x00,0x95,0x33,0x99,0x32,
0xFF,0x32,0xFF,0x33,0x12,0x68,0x1B,0x68,0x9A,0x42,0x03,0xD1,0xA4,0x30,0x03,0x68,
0x5B,0x06,0x04,0xD5,0x20,0x21,0x20,0x00,0xFF,0xF7,0xE2,0xF9,0x02,0xE0,0x28,0x00,
0xFF,0xF7,0x68,0xFD,0x00,0x20,0xFE,0xBD,0x40,0x13,0x00,0x20,0x7E,0x02,0x00,0x00,
0xF8,0xB5,0xC4,0xB2,0x07,0x00,0x20,0x00,0x0E,0x00,0x15,0x00,0xFE,0xF7,0x76,0xFC,
0xF2,0x23,0x9B,0x00,0x7B,0x43,0x0C,0x4A,0xF6,0xB2,0xD3,0x18,0x1A,0x00,0x19,0x00,
0x40,0x32,0x16,0x70,0x41,0x31,0xEA,0xB2,0x0A,0x70,0x01,0x00,0x67,0x30,0x66,0x31,
// row 140
0x0A,0x70,0x3F,0x33,0x06,0x70,0x19,0x78,0x00,0x29,0x02,0xD0,0x20,0x00,0xFE,0xF7,
0xAD,0xFE,0x00,0x20,0xF8,0xBD,0xC0,0x46,0x40,0x13,0x00,0x20,0xF7,0xB5,0x07,0x00,
0x1C,0x00,0xC3,0xB2,0xC0,0xB2,0x0D,0x00,0x01,0x92,0x00,0x93,0xFE,0xF7,0x4E,0xFC,
0xF2,0x22,0x92,0x00,0x7A,0x43,0xB5,0x4B,0x9E,0x18,0xB1,0x7B,0x49,0x06,0x00,0xD5,
0x63,0xE1,0x2F,0x2D,0x00,0xD1,0x0E,0xE1,0x33,0xDC,0x19,0x2D,0x00,0xD1,0x8A,0xE0,
0x16,0xDC,0x12,0x2D,0x00,0xD1,0x7D,0xE0,0x0A,0xDC,0x10,0x2D,0x00,0xD0,0x54,0xE1,
0xA1,0x78,0x63,0x78,0x09,0x02,0x19,0x43,0x38,0x00,0xFF,0xF7,0xAF,0xF8,0x4C,0xE1,
0x14,0x2D,0x75,0xD0,0x18,0x2D,0x00,0xD0,0x47,0xE1,0x63,0x78,0x33,0x72,0x44,0xE1,
// row 141
0x20,0x2D,0x00,0xD1,0xAB,0xE0,0x05,0xDC,0x1A,0x2D,0x76,0xD0,0x1C,0x2D,0x00,0xD1,
0x7F,0xE0,0x3A,0xE1,0x23,0x2D,0x00,0xD1,0xA6,0xE0,0x2E,0x2D,0x00,0xD0,0x34,0xE1,
0x01,0x23,0x61,0x78,0x38,0x00,0xCA,0x10,0x1A,0x40,0x19,0x40,0xFF,0xF7,0x90,0xFF,
0x2B,0xE1,0x76,0x2D,0x00,0xD1,0xF2,0xE0,0x27,0xDC,0x51,0x2D,0x00,0xD1,0xD7,0xE0,
0x17,0xDC,0x50,0x2D,0x00,0xD0,0x20,0xE1,0xF0,0x21,0x89,0x00,0x70,0x18,0x61,0x78,
0x89,0x06,0x89,0x0F,0x01,0x70,0xA0,0x21,0x89,0x00,0x52,0x18,0x07,0x21,0xD3,0x18,
0x8B,0x4A,0x60,0x78,0xB6,0x18,0x01,0x40,0x32,0x88,0x38,0x00,0xFF,0xF7,0x36,0xFF,
0x0B,0xE1,0x72,0x2D,0x00,0xD1,0xCC,0xE0,0x74,0x2D,0x00,0xD0,0x05,0xE1,0xA3,0x78,
// row 142
0x62,0x78,0x1B,0x02,0x13,0x43,0xB3,0x84,0xFF,0xE0,0x80,0x2D,0x00,0xD1,0xD2,0xE0,
0x0B,0xDC,0x78,0x2D,0x00,0xD1,0xC8,0xE0,0x7A,0x2D,0x00,0xD0,0xF5,0xE0,0xA3,0x78,
0x62,0x78,0x1B,0x02,0x13,0x43,0x73,0x85,0xEF,0xE0,0x82,0x2D,0x00,0xD1,0xCE,0xE0,
0x92,0x2D,0x00,0xD0,0xE9,0xE0,0xFF,0x21,0x71,0x86,0xA1,0x78,0x60,0x78,0x9A,0x18,
0x09,0x02,0x01,0x43,0x34,0x32,0xB1,0x86,0x10,0x00,0xFC,0xF7,0xB3,0xF8,0xB3,0x8E,
0x73,0x86,0xDA,0xE0,0xA3,0x78,0x62,0x78,0x1B,0x02,0x13,0x43,0x73,0x80,0xD4,0xE0,
0x63,0x78,0x33,0x71,0xD1,0xE0,0x63,0x78,0xF8,0xB2,0x73,0x72,0xFD,0xF7,0xDA,0xF8,
0x61,0x78,0x38,0x00,0xFF,0xF7,0xA6,0xFE,0xC7,0xE0,0xF2,0x21,0xFA,0xB2,0x89,0x00,
// row 143
0x4A,0x43,0x9A,0x18,0x13,0x00,0x01,0x21,0x64,0x78,0x3E,0x33,0x19,0x70,0x94,0x72,
0xBB,0xE0,0x62,0x78,0x33,0x7B,0x53,0x40,0xDB,0x06,0x07,0xD5,0xF2,0x23,0x9B,0x00,
0x7B,0x43,0x5A,0x4A,0xD3,0x18,0x01,0x22,0x3E,0x33,0x1A,0x70,0x10,0x23,0x62,0x78,
0x13,0x40,0x02,0x00,0x71,0x30,0x72,0x32,0x00,0x2B,0x00,0xD0,0x01,0x23,0x13,0x70,
0x03,0x70,0xF2,0x20,0x80,0x00,0x78,0x43,0x50,0x4A,0x63,0x78,0x10,0x18,0x03,0x73,
0x01,0x23,0x61,0x78,0x38,0x00,0x19,0x40,0xFF,0xF7,0x96,0xFE,0x95,0xE0,0x01,0x23,
0x62,0x78,0x13,0x40,0x33,0x74,0x90,0xE0,0x61,0x78,0x55,0x29,0x23,0xD0,0x10,0xD8,
0x44,0x29,0x00,0xD0,0x89,0xE0,0xF2,0x20,0x80,0x00,0x78,0x43,0x43,0x4B,0x01,0x21,
// row 144
0x18,0x18,0x0E,0x30,0xFF,0xF7,0x3D,0xF8,0x00,0x21,0x00,0x98,0xFB,0xF7,0xA0,0xFE,
0x7B,0xE0,0x66,0x29,0x19,0xD0,0x77,0x29,0x77,0xD1,0xF8,0xB2,0x00,0x21,0xFB,0xF7,
0x9B,0xFF,0xF2,0x20,0x80,0x00,0x78,0x43,0x38,0x4B,0x10,0x21,0x18,0x18,0x0E,0x30,
0xFF,0xF7,0x1C,0xF8,0x69,0xE0,0x9A,0x18,0x0E,0x32,0x10,0x00,0x01,0x21,0xFF,0xF7,
0x15,0xF8,0x00,0x98,0xFB,0xF7,0x68,0xFE,0x5F,0xE0,0xF8,0xB2,0x00,0x21,0xFB,0xF7,
0xE9,0xFF,0xF2,0x20,0x80,0x00,0x78,0x43,0x2C,0x4B,0x10,0x21,0x18,0x18,0x0E,0x30,
0xFF,0xF7,0x0F,0xF8,0x51,0xE0,0x61,0x78,0x38,0x00,0xFF,0xF7,0xE7,0xFB,0x4C,0xE0,
0xA0,0x21,0x89,0x00,0x50,0x18,0x01,0x9A,0xC0,0x18,0x03,0x3A,0x21,0x1D,0x01,0xF0,
// row 145
0x41,0xFA,0x23,0x4B,0xA2,0x78,0xF6,0x18,0xE3,0x78,0x1B,0x02,0x13,0x43,0x33,0x80,
0x3B,0xE0,0xA3,0x78,0x62,0x78,0x1B,0x02,0x13,0x43,0x73,0x84,0x35,0xE0,0xA3,0x78,
0x62,0x78,0x1B,0x02,0x13,0x43,0xF3,0x84,0x2F,0xE0,0xA3,0x78,0x62,0x78,0x1B,0x02,
0x13,0x43,0x33,0x85,0x29,0xE0,0xA3,0x78,0x62,0x78,0x1B,0x02,0x13,0x43,0xB3,0x85,
0xA1,0x78,0x07,0x29,0x21,0xD8,0x60,0x78,0xFD,0xF7,0xB4,0xFF,0x1D,0xE0,0xA3,0x78,
0x62,0x78,0x1B,0x02,0x13,0x43,0xF3,0x85,0xA3,0x78,0x09,0x2B,0x06,0xD0,0x0A,0x2B,
0x09,0xD0,0x08,0x2B,0x11,0xD1,0x60,0x78,0x00,0x21,0x01,0xE0,0x01,0x21,0x60,0x78,
0xFD,0xF7,0x78,0xFF,0x09,0xE0,0x60,0x78,0xFD,0xF7,0x8A,0xFF,0xF2,0x23,0x9B,0x00,
// row 146
0x5F,0x43,0x02,0x4B,0xDF,0x19,0x30,0x37,0x38,0x70,0xF7,0xBD,0x40,0x13,0x00,0x20,
0x7E,0x02,0x00,0x00,0xF7,0xB5,0x05,0x00,0xFE,0xF7,0xD8,0xFA,0x01,0x90,0xFC,0xF7,
0x9B,0xF8,0x01,0x28,0x36,0xD1,0xF2,0x23,0x9B,0x00,0x6B,0x43,0xB5,0x4E,0x1C,0x00,
0xF7,0x18,0x9E,0x22,0x9D,0x23,0x92,0x00,0x9B,0x00,0xFB,0x18,0xBF,0x18,0x1B,0x68,
0x3A,0x68,0x93,0x42,0x00,0xD1,0xA0,0xE2,0x01,0xF0,0x1F,0xF8,0xF2,0x21,0x69,0x43,
0x3A,0x68,0x00,0x90,0x93,0x01,0x8A,0x18,0x10,0x00,0x1B,0x19,0x66,0x32,0x91,0x00,
0xF3,0x18,0x6A,0x30,0x80,0x00,0xB5,0x33,0x71,0x18,0x82,0x59,0xFF,0x33,0x49,0x68,
0x28,0x00,0xFF,0xF7,0x53,0xFE,0x3B,0x68,0x00,0x22,0x02,0x2B,0x00,0xD0,0x5A,0x1C,
// row 147
0xF2,0x23,0x9B,0x00,0x5D,0x43,0x51,0x3B,0x76,0x19,0xFF,0x3B,0xF6,0x18,0x32,0x60,
0x00,0x98,0x0A,0xE0,0xFC,0xF7,0x60,0xF8,0x02,0x28,0x09,0xD1,0x00,0xF0,0xF5,0xFF,
0x04,0x00,0x99,0x48,0xFC,0xF7,0x46,0xF8,0x20,0x00,0x00,0xF0,0xF2,0xFF,0x6C,0xE2,
0x28,0x00,0xFF,0xF7,0xEB,0xFB,0xF2,0x22,0x92,0x00,0x13,0x00,0x6B,0x43,0x91,0x4E,
0xF3,0x18,0x19,0x00,0x3B,0x31,0x08,0x78,0x11,0x00,0x00,0x28,0x0F,0xD0,0x3E,0x33,
0x1A,0x78,0x04,0x2A,0x01,0xD1,0x01,0x32,0x02,0xE0,0x05,0x2A,0x01,0xD1,0x01,0x3A,
0x1A,0x70,0x0B,0x00,0x00,0x22,0x6B,0x43,0xF3,0x18,0x3B,0x33,0x1A,0x70,0xF2,0x27,
0x9E,0x22,0xBF,0x00,0x6F,0x43,0x92,0x00,0xF3,0x19,0x9C,0x18,0x04,0x3A,0x9B,0x18,
// row 148
0x1B,0x68,0x22,0x68,0x9A,0x42,0x27,0xD0,0x00,0xF0,0xBF,0xFF,0xF2,0x21,0x69,0x43,
0x22,0x68,0x00,0x90,0x93,0x01,0xDF,0x19,0x8A,0x18,0x10,0x00,0xF7,0x19,0x3B,0x00,
0x66,0x32,0x91,0x00,0x6A,0x30,0x80,0x00,0xB5,0x33,0x71,0x18,0x32,0x58,0xFF,0x33,
0x49,0x68,0x28,0x00,0xFF,0xF7,0xF2,0xFD,0x23,0x68,0x00,0x22,0x02,0x2B,0x00,0xD0,
0x5A,0x1C,0xF2,0x23,0x9E,0x21,0x9B,0x00,0x6B,0x43,0x89,0x00,0xF3,0x18,0x5B,0x18,
0x1A,0x60,0x00,0x98,0x00,0xF0,0x9D,0xFF,0xF2,0x23,0x00,0x21,0x9B,0x00,0x6B,0x43,
0x6A,0x4F,0xF3,0x18,0x3E,0x33,0x1B,0x78,0x3A,0x79,0x00,0x91,0x9A,0x42,0x02,0xD0,
0x3B,0x71,0x01,0x23,0x00,0x93,0x7B,0x79,0x00,0x2B,0x0C,0xD1,0xF2,0x24,0x28,0x00,
// row 149
0xFD,0xF7,0xE0,0xF9,0x19,0x21,0x00,0xF0,0x9B,0xFF,0xA4,0x00,0x6C,0x43,0x34,0x19,
0x20,0x84,0x0A,0x23,0x00,0xE0,0x01,0x3B,0xF2,0x24,0xA4,0x00,0x20,0x00,0x68,0x43,
0x7B,0x71,0x33,0x18,0x1B,0x8C,0xA0,0x2B,0x0C,0xD9,0x10,0x30,0x30,0x18,0x01,0x21,
0xFE,0xF7,0xE7,0xFE,0x01,0x21,0x28,0x00,0xFE,0xF7,0x78,0xFF,0x01,0x22,0x54,0x4B,
0x1A,0x70,0x36,0xE0,0x77,0x2B,0x03,0xD8,0x00,0x21,0x28,0x00,0xFE,0xF7,0x6E,0xFF,
0x20,0x00,0x68,0x43,0x33,0x18,0x1A,0x8C,0x15,0x2A,0x2A,0xD8,0x9A,0x7B,0x12,0x07,
0x1A,0xD5,0x01,0x21,0x1B,0x7C,0x4A,0x4C,0x0B,0x42,0x0B,0xD1,0x23,0x78,0x00,0x2B,
0x08,0xD0,0x10,0x30,0x30,0x18,0xFE,0xF7,0xB9,0xFE,0x80,0x21,0x28,0x00,0x89,0x01,
// row 150
0xFE,0xF7,0x3E,0xFF,0xF2,0x20,0x80,0x00,0x68,0x43,0x10,0x30,0x30,0x18,0x01,0x21,
0xFE,0xF7,0xAC,0xFE,0x00,0x23,0x23,0x70,0xF2,0x23,0x9B,0x00,0x6B,0x43,0xF3,0x18,
0x3A,0x33,0x1A,0x78,0x00,0x2A,0x04,0xD0,0x00,0x22,0x28,0x00,0x1A,0x70,0xFB,0xF7,
0x6D,0xFD,0xF2,0x24,0xA4,0x00,0x23,0x00,0x6B,0x43,0xF3,0x18,0x3E,0x33,0x18,0x78,
0x0B,0x28,0x00,0xD9,0xA1,0xE1,0x00,0xF0,0x31,0xFF,0x0C,0x00,0x0F,0x00,0x65,0x00,
0xB2,0x00,0xE6,0x00,0x27,0x01,0x72,0x01,0x5F,0x01,0x88,0x01,0xA0,0x01,0xA0,0x01,
0x93,0x01,0x6C,0x43,0x36,0x19,0x8D,0xE1,0x6C,0x43,0xC3,0x21,0x00,0x20,0xFE,0xF7,
0xB5,0xF8,0x30,0x19,0x0D,0x30,0x20,0x21,0xFE,0xF7,0x83,0xFE,0x40,0x20,0x34,0x19,
// row 151
0xA3,0x7A,0x18,0x40,0x02,0xD0,0x01,0x22,0xBA,0x71,0x00,0xE0,0xB8,0x71,0xF2,0x24,
0xA4,0x00,0x22,0x00,0x6A,0x43,0xB2,0x18,0x17,0x7B,0x21,0x00,0xFF,0x06,0x15,0xD5,
0x00,0x28,0x00,0xD0,0x71,0xE1,0x51,0x7A,0x03,0x22,0xC9,0x07,0x00,0xD5,0x9B,0x08,
0x65,0x43,0x76,0x19,0x13,0x40,0x3E,0x36,0x02,0x2B,0x01,0xD1,0x03,0x23,0x63,0xE1,
0x01,0x2B,0x01,0xD1,0x02,0x23,0x5F,0xE1,0x08,0x23,0x5D,0xE1,0x03,0x20,0x1C,0x00,
0x04,0x40,0x02,0x2C,0x06,0xD1,0x9B,0x08,0x18,0x40,0x02,0x28,0x0C,0xD1,0x3E,0x32,
0x05,0x23,0x07,0xE0,0x01,0x2C,0x07,0xD1,0x9B,0x08,0x03,0x40,0x01,0x2B,0x03,0xD1,
0x3E,0x32,0x03,0x33,0x13,0x70,0x48,0xE1,0x4D,0x43,0x76,0x19,0x3E,0x36,0x0B,0x23,
// row 152
0x42,0xE1,0xC0,0x46,0x40,0x13,0x00,0x20,0xD1,0x1A,0x00,0x20,0x04,0x07,0x00,0x20,
0xB7,0x00,0x00,0x20,0x00,0x9B,0x00,0x2B,0x12,0xD0,0x01,0x22,0x6C,0x43,0x01,0x9B,
0x30,0x19,0x67,0x33,0x1A,0x70,0x0D,0x30,0x30,0x21,0xFE,0xF7,0x2A,0xFE,0x30,0x23,
0x34,0x19,0xA1,0x7A,0x28,0x00,0x19,0x40,0x2B,0x3B,0x19,0x43,0xFE,0xF7,0x2C,0xFE,
0x28,0x00,0xFF,0xF7,0x89,0xFB,0xF2,0x23,0x9B,0x00,0x6B,0x43,0xF3,0x18,0x59,0x7A,
0x03,0x22,0x5B,0x7B,0xC9,0x07,0x00,0xD5,0x9B,0x08,0x13,0x42,0x00,0xD0,0x14,0xE1,
0xF2,0x24,0x10,0x27,0xA4,0x00,0x6C,0x43,0x00,0x21,0x28,0x00,0xFF,0xF7,0xE6,0xF9,
0x34,0x19,0x28,0x00,0xFF,0xF7,0xC6,0xFB,0x23,0x7B,0x3B,0x42,0x10,0xD0,0x00,0x21,
// row 153
0x28,0x00,0xFB,0xF7,0xCF,0xFD,0xA3,0x7B,0x28,0x00,0xBB,0x43,0xA3,0x73,0x01,0x23,
0x3A,0x34,0x23,0x70,0xFB,0xF7,0xB2,0xFC,0x00,0x22,0x01,0x9B,0x72,0x33,0x1A,0x70,
0xF2,0x24,0xA4,0x00,0x65,0x43,0x76,0x19,0x3E,0x36,0x09,0x23,0xEC,0xE0,0x00,0x9B,
0x00,0x2B,0x0E,0xD0,0x00,0x22,0x6C,0x43,0x01,0x9B,0x34,0x19,0x67,0x33,0x0D,0x34,
0x10,0x21,0x20,0x00,0x1A,0x70,0xFE,0xF7,0xD1,0xFD,0x20,0x21,0x20,0x00,0xFE,0xF7,
0xD8,0xFD,0xF2,0x24,0xA4,0x00,0x6C,0x43,0x36,0x19,0x33,0x7B,0xDB,0x06,0x00,0xD4,
0xD3,0xE0,0x04,0x23,0xB7,0x7B,0x1F,0x40,0x00,0xD0,0xCE,0xE0,0x39,0x00,0x28,0x00,
0xFF,0xF7,0xA4,0xF9,0x28,0x00,0xFF,0xF7,0x2F,0xFB,0x33,0x00,0x01,0x22,0x3A,0x33,
// row 154
0x1A,0x70,0x28,0x00,0xFB,0xF7,0x7A,0xFC,0x0A,0x23,0x3E,0x36,0x33,0x70,0x01,0x9B,
0x72,0x33,0x1F,0x70,0xB9,0xE0,0x00,0x9B,0x00,0x2B,0x1C,0xD0,0x01,0x22,0x6C,0x43,
0x01,0x9B,0x30,0x19,0x67,0x33,0x1A,0x70,0x0D,0x30,0x20,0x21,0xFE,0xF7,0x9E,0xFD,
0x30,0x23,0x34,0x19,0xA1,0x7A,0x28,0x00,0x19,0x40,0x2B,0x3B,0x19,0x43,0xFE,0xF7,
0xAB,0xFD,0x28,0x00,0xFF,0xF7,0x08,0xFB,0xBB,0x79,0x00,0x2B,0x06,0xD0,0x28,0x00,
0xFF,0xF7,0x88,0xFB,0x02,0xE0,0x28,0x00,0xFF,0xF7,0xFE,0xFA,0xF2,0x23,0x9B,0x00,
0x6B,0x43,0xF3,0x18,0x5B,0x7B,0x03,0x22,0x18,0x00,0x99,0x08,0x10,0x40,0x02,0x28,
0x03,0xD0,0x0A,0x40,0x02,0x2A,0x00,0xD0,0x87,0xE0,0x4B,0x40,0x9B,0x07,0x00,0xD1,
// row 155
0x83,0xE0,0xF2,0x24,0xA4,0x00,0x65,0x43,0xC3,0x21,0x00,0x20,0x76,0x19,0xFD,0xF7,
0xA5,0xFF,0x3E,0x36,0x07,0x23,0x77,0xE0,0x00,0x9B,0x00,0x2B,0x18,0xD0,0x20,0x00,
0x00,0x22,0x68,0x43,0x01,0x9B,0x30,0x18,0x67,0x33,0x1A,0x70,0x0D,0x30,0x20,0x21,
0xFE,0xF7,0x5C,0xFD,0x0A,0x21,0x28,0x00,0xFE,0xF7,0x6E,0xFD,0x28,0x00,0xFF,0xF7,
0xCB,0xFA,0xBB,0x79,0x00,0x2B,0x06,0xD0,0x28,0x00,0xFF,0xF7,0x4B,0xFB,0x02,0xE0,
0x28,0x00,0xFF,0xF7,0xC1,0xFA,0xF2,0x23,0x03,0x21,0x9B,0x00,0x6B,0x43,0xF3,0x18,
0x5B,0x7B,0x9A,0x08,0x0B,0x42,0x01,0xD1,0x0A,0x42,0x4E,0xD0,0x53,0x40,0x9B,0x07,
0x4B,0xD0,0xF2,0x24,0xA4,0x00,0x65,0x43,0xC3,0x21,0x00,0x20,0x76,0x19,0xFD,0xF7,
// row 156
0x6D,0xFF,0x3E,0x36,0x06,0x23,0x3F,0xE0,0x00,0x9B,0x00,0x2B,0x0B,0xD0,0x6C,0x43,
0x36,0x19,0x0D,0x36,0x30,0x00,0x20,0x21,0xFE,0xF7,0x33,0xFD,0x10,0x21,0x30,0x00,
0xFE,0xF7,0x2F,0xFD,0x11,0xE0,0x28,0x00,0xFF,0xF7,0x96,0xFA,0x2D,0xE0,0x00,0x9B,
0x00,0x2B,0xF8,0xD0,0x6C,0x43,0x36,0x19,0x0D,0x36,0x20,0x21,0x30,0x00,0xFE,0xF7,
0x20,0xFD,0x10,0x21,0x30,0x00,0xFE,0xF7,0x11,0xFD,0x28,0x00,0xFF,0xF7,0x84,0xFA,
0x01,0x21,0x28,0x00,0xFE,0xF7,0x94,0xFD,0x17,0xE0,0x6C,0x43,0x30,0x19,0x0F,0x30,
0x01,0x21,0xFE,0xF7,0x03,0xFD,0x01,0x23,0x34,0x19,0x3E,0x34,0x23,0x70,0x0C,0xE0,
0x30,0x23,0x6C,0x43,0x36,0x19,0xB1,0x7A,0x28,0x00,0x19,0x40,0x2B,0x3B,0x19,0x43,
// row 157
0xFE,0xF7,0x0A,0xFD,0x01,0x23,0x3E,0x36,0x33,0x70,0xF7,0xBD,0x10,0xB5,0x48,0x21,
0x01,0x48,0xFE,0xF7,0xEB,0xFC,0x10,0xBD,0x4E,0x13,0x00,0x20,0xF0,0xB5,0x89,0xB0,
0x6B,0x46,0xF2,0x25,0x05,0x90,0x1B,0x7D,0xAD,0x00,0x18,0x00,0x06,0x93,0xFE,0xF7,
0x0D,0xF8,0x05,0x9B,0x00,0x26,0x5D,0x43,0x4B,0x4B,0x01,0x27,0x5D,0x19,0x2B,0x00,
0x42,0x33,0x1E,0x70,0x03,0x00,0x6F,0x33,0x1E,0x70,0x5F,0x70,0x08,0x3B,0x1E,0x70,
0x01,0x3B,0x1E,0x70,0x2B,0x00,0x3A,0x33,0x06,0x70,0x46,0x70,0x87,0x73,0x06,0x74,
0x1E,0x70,0x5E,0x70,0x9E,0x70,0x0A,0x23,0xAB,0x72,0x03,0x00,0x04,0x00,0x87,0x33,
0x1F,0x70,0x06,0x98,0xFE,0xF7,0x90,0xFB,0x22,0x00,0x02,0x23,0x2F,0x74,0x8E,0x32,
// row 158
0x43,0x35,0x2E,0x70,0x31,0x00,0x13,0x70,0x53,0x70,0x93,0x70,0xD3,0x70,0x05,0x98,
0xFF,0xF7,0x94,0xF8,0x05,0x9B,0xB3,0x42,0x0E,0xD1,0x96,0x23,0x5B,0x00,0x03,0x93,
0x32,0x4B,0x3A,0x00,0x02,0x93,0x32,0x4B,0x39,0x00,0x01,0x93,0xDE,0x23,0x05,0x98,
0x00,0x93,0xD3,0x3B,0x00,0xF0,0xAC,0xFA,0x04,0x20,0xFD,0xF7,0x8F,0xFC,0xC8,0x20,
0x00,0xF0,0x08,0xFD,0xF2,0x20,0x05,0x9B,0x80,0x00,0x43,0x43,0x07,0x93,0x00,0x23,
0x25,0x4F,0x07,0x9A,0x01,0x26,0xBD,0x18,0xD3,0x53,0x26,0x4A,0xEB,0x82,0x6A,0x80,
0xFF,0x22,0x2A,0x71,0x6A,0x71,0xF8,0x3A,0xEA,0x71,0x59,0x32,0x2A,0x72,0x2A,0x73,
0x2C,0x32,0x6A,0x84,0x6C,0x3A,0xAA,0x84,0x1F,0x4A,0xAE,0x71,0xAA,0x82,0x06,0x98,
// row 159
0xFC,0xF7,0x60,0xFF,0x19,0x21,0x00,0xF0,0x1B,0xFD,0x23,0x78,0x80,0xB2,0x28,0x84,
0x3D,0x00,0xB3,0x42,0x0D,0xD0,0xA0,0x28,0x0B,0xD9,0x07,0x9B,0x6A,0x34,0xF8,0x18,
0x26,0x70,0x0E,0x30,0x31,0x00,0xFE,0xF7,0x61,0xFC,0x06,0x98,0xFB,0xF7,0xB4,0xFA,
0x03,0xE0,0x00,0x21,0x06,0x98,0xFB,0xF7,0xCB,0xFA,0xF2,0x23,0x05,0x9A,0x9B,0x00,
0x53,0x43,0x80,0x22,0xED,0x18,0xEB,0x7B,0x52,0x42,0x13,0x43,0xEB,0x73,0xAB,0x7B,
0xC0,0x32,0x93,0x43,0xAB,0x73,0x02,0x21,0x05,0x98,0xFE,0xF7,0xD1,0xFC,0x01,0x23,
0x3E,0x35,0x2B,0x70,0x09,0xB0,0xF0,0xBD,0x40,0x13,0x00,0x20,0x8C,0x0E,0x00,0x20,
0xFD,0x41,0x00,0x00,0xFF,0x7F,0x00,0x00,0xDD,0xEE,0xFF,0xFF,0xF7,0xB5,0x06,0x00,
// row 160
0x18,0x24,0x74,0x43,0x1A,0x4D,0x1B,0x4B,0x2C,0x19,0x80,0x00,0xC0,0x58,0xA7,0x68,
0xA3,0x8A,0x01,0x95,0x9B,0xB2,0x00,0x2F,0x02,0xD1,0x17,0x70,0x39,0x00,0x25,0xE0,
0xC2,0x24,0xA4,0x00,0x04,0x59,0xA4,0x46,0x1F,0x24,0x65,0x46,0x25,0x40,0x0C,0x1C,
0xA9,0x42,0x00,0xD9,0x2C,0x1C,0xA1,0xB2,0x11,0x70,0x59,0x18,0x8A,0xB2,0x18,0x21,
0x71,0x43,0x01,0x9C,0x61,0x18,0x8C,0x89,0x00,0x21,0x94,0x42,0x0E,0xD3,0xD0,0x21,
0x89,0x00,0x93,0x42,0x04,0xD2,0x44,0x58,0xFC,0x54,0x01,0x33,0x9B,0xB2,0xF8,0xE7,
0x18,0x20,0x01,0x21,0x46,0x43,0x01,0x9A,0x95,0x19,0xAB,0x82,0x08,0x00,0xFE,0xBD,
0x0C,0x07,0x00,0x20,0x8C,0x65,0x00,0x00,0x13,0x4B,0x82,0x00,0xD3,0x58,0x30,0xB5,
// row 161
0x1A,0x68,0x12,0x49,0x52,0x00,0x52,0x08,0x1A,0x60,0x18,0x22,0x50,0x43,0x10,0x4A,
0x10,0x25,0x10,0x18,0x02,0x22,0x02,0x71,0x00,0x22,0x82,0x82,0x5A,0x50,0xF8,0x20,
0x01,0x21,0x0C,0x4C,0x49,0x42,0x00,0x01,0x19,0x50,0x18,0x59,0xA8,0x43,0x18,0x51,
0xF4,0x20,0x00,0x01,0x19,0x50,0x80,0x30,0x19,0x50,0x80,0x21,0xDA,0x66,0x1A,0x68,
0x09,0x06,0x0A,0x43,0x1A,0x60,0x30,0xBD,0x8C,0x65,0x00,0x00,0x88,0x0F,0x00,0x00,
0x0C,0x07,0x00,0x20,0x48,0x0F,0x00,0x00,0x6F,0x39,0x10,0xB5,0xCC,0xB2,0x20,0x00,
0xFF,0xF7,0xCA,0xFF,0x18,0x20,0x60,0x43,0x03,0x49,0x00,0x22,0x08,0x18,0x01,0x79,
0x03,0x69,0x03,0x20,0x98,0x47,0x10,0xBD,0x0C,0x07,0x00,0x20,0xCC,0x4B,0x82,0x00,
// row 162
0xF0,0xB5,0xD4,0x58,0x00,0x22,0x87,0xB0,0x04,0xAB,0xDA,0x71,0xC9,0x4B,0x06,0x00,
0xE2,0x58,0x01,0x23,0x1A,0x42,0x06,0xD0,0xC7,0x49,0x62,0x58,0x9A,0x43,0x62,0x50,
0xE8,0x22,0x12,0x01,0xA3,0x50,0xC5,0x4B,0x01,0x22,0xE3,0x58,0x01,0x92,0x02,0x93,
0x02,0x23,0x02,0x9A,0xFF,0x33,0x1A,0x42,0x08,0xD0,0x31,0x00,0x6F,0x31,0xC9,0xB2,
0x00,0x20,0xFD,0xF7,0xCB,0xFD,0x00,0x23,0x02,0x93,0x01,0x93,0x02,0x9B,0xDB,0x06,
0x00,0xD4,0x85,0xE0,0x18,0x23,0x73,0x43,0xB9,0x4A,0xD3,0x18,0x9B,0x78,0x03,0x92,
0xFE,0x2B,0x1A,0xD0,0xC2,0x23,0x9B,0x00,0xE7,0x58,0x1F,0x23,0x01,0x22,0x1F,0x40,
0x63,0x6E,0x00,0x25,0x13,0x42,0x12,0xD0,0x14,0x20,0x00,0xF0,0xEB,0xFB,0xF4,0x23,
// row 163
0x1B,0x01,0xE3,0x58,0x5B,0x06,0x0A,0xD5,0xC2,0x23,0x9B,0x00,0xE7,0x58,0x1F,0x23,
0x1F,0x40,0x01,0x3F,0xFF,0xB2,0x01,0x35,0x01,0xE0,0x08,0x27,0x00,0x25,0x18,0x23,
0x73,0x43,0xA7,0x4A,0xD3,0x18,0x19,0x79,0x04,0x29,0x2C,0xD0,0x04,0xAB,0xDA,0x1D,
0x39,0x00,0x30,0x00,0xFF,0xF7,0x22,0xFF,0x01,0x90,0x00,0x28,0x1E,0xD0,0x00,0x2D,
0x10,0xD0,0x14,0x20,0x00,0xF0,0xC6,0xFB,0xC2,0x23,0x9B,0x00,0xE1,0x58,0x1F,0x23,
0x19,0x40,0x01,0x29,0x06,0xD9,0x01,0x39,0x04,0xAB,0xC9,0xB2,0xDA,0x1D,0x30,0x00,
0xFF,0xF7,0x0C,0xFF,0x18,0x23,0x05,0x21,0x73,0x43,0x03,0x9A,0x01,0x20,0xD3,0x18,
0x9A,0x8A,0x19,0x71,0x92,0xB2,0x1B,0x69,0x98,0x47,0x01,0x90,0xFC,0x23,0x01,0x22,
// row 164
0x1B,0x01,0xE2,0x50,0x03,0xE0,0x1B,0x69,0x00,0x22,0x02,0x20,0x98,0x47,0x18,0x23,
0x73,0x43,0x03,0x9A,0x00,0x20,0xD3,0x18,0x02,0x22,0x98,0x82,0x1A,0x71,0x81,0x23,
0x80,0x21,0x9B,0x00,0xE2,0x58,0x49,0x02,0x0A,0x43,0xE2,0x50,0xE1,0x58,0x85,0x4A,
0x0A,0x40,0xE2,0x50,0x01,0x22,0x84,0x49,0x63,0x58,0x93,0x43,0x63,0x50,0xF8,0x23,
0x10,0x21,0x1B,0x01,0xE2,0x50,0x81,0x4A,0xA3,0x58,0x8B,0x43,0xA3,0x50,0x31,0x00,
0xF4,0x23,0x30,0x22,0x1B,0x01,0x6F,0x31,0xE2,0x50,0xC9,0xB2,0xFD,0xF7,0x3E,0xFD,
0x02,0x9B,0x5B,0x06,0x00,0xD4,0x8C,0xE0,0x35,0x00,0xFA,0x22,0x6F,0x35,0xED,0xB2,
0x77,0x4B,0x52,0x00,0x29,0x00,0x00,0x20,0xFD,0xF7,0x92,0xFC,0xE8,0x22,0x18,0x21,
// row 165
0x01,0x20,0x12,0x01,0xA3,0x58,0x71,0x43,0x03,0x43,0xA3,0x50,0x6C,0x4A,0x53,0x18,
0x19,0x79,0x02,0x29,0x6A,0xD1,0x67,0x6E,0x99,0x78,0xFF,0x06,0x35,0xD5,0xFE,0x29,
0x21,0xD0,0xD0,0x21,0x89,0x00,0x61,0x58,0xC1,0x40,0x0B,0x29,0x07,0xD0,0x1B,0x29,
0x0B,0xD1,0x68,0x49,0x08,0x70,0x68,0x49,0x99,0x60,0x00,0x21,0x04,0xE0,0x00,0x21,
0x64,0x48,0x01,0x70,0x65,0x48,0x98,0x60,0x99,0x82,0x59,0x4B,0xB1,0x00,0xC9,0x58,
0xC1,0x23,0x80,0x27,0x9B,0x00,0xC8,0x58,0x7F,0x02,0x38,0x43,0xC8,0x50,0xCF,0x58,
0x58,0x48,0x38,0x40,0xC8,0x50,0x18,0x23,0x73,0x43,0x04,0x21,0xD3,0x18,0x00,0x22,
0x19,0x71,0x10,0x00,0x1B,0x69,0x98,0x47,0x00,0x28,0x37,0xD0,0xF8,0x22,0x01,0x23,
// row 166
0x12,0x01,0xA3,0x50,0x50,0x4A,0xA3,0x50,0x18,0xE0,0xFE,0x29,0x0D,0xD0,0x48,0x4B,
0xB2,0x00,0xD2,0x58,0xC1,0x23,0x80,0x20,0x9B,0x00,0xD1,0x58,0x40,0x02,0x01,0x43,
0xD1,0x50,0xD0,0x58,0x47,0x49,0x01,0x40,0xD1,0x50,0x18,0x23,0x73,0x43,0x44,0x4A,
0xD3,0x18,0x05,0x22,0x1A,0x71,0x01,0x9B,0x00,0x2B,0x17,0xD0,0xF4,0x23,0x30,0x22,
0x10,0x21,0x1B,0x01,0xE2,0x50,0x41,0x4A,0xA3,0x58,0x0B,0x43,0xA3,0x50,0x3C,0x4A,
0x13,0x00,0x60,0x33,0x99,0x5D,0x01,0x23,0x00,0x29,0x04,0xD1,0x34,0x4A,0xB1,0x00,
0x8A,0x58,0xD3,0x66,0x0C,0xE0,0x64,0x32,0x93,0x55,0x09,0xE0,0x30,0x4B,0xB2,0x00,
0xD3,0x58,0x02,0x22,0x29,0x00,0xDA,0x66,0x00,0x20,0xFD,0xF7,0xAF,0xFC,0x00,0x23,
// row 167
0x01,0x93,0xF4,0x23,0x02,0x9A,0x1B,0x01,0xE2,0x50,0x01,0x9B,0x00,0x2B,0x09,0xD1,
0x30,0x00,0xFF,0xF7,0x71,0xFE,0x31,0x00,0x6F,0x31,0xC9,0xB2,0x00,0x20,0xFD,0xF7,
0x9D,0xFC,0x43,0xE0,0x01,0x27,0x2E,0x4B,0xE3,0x58,0x02,0x93,0x3B,0x42,0x28,0xD0,
0x18,0x23,0x73,0x43,0x22,0x4A,0x04,0x21,0xD3,0x18,0x00,0x22,0x1B,0x69,0x10,0x00,
0x98,0x47,0x05,0x1E,0x1D,0xD1,0x20,0x4A,0x80,0x20,0xA3,0x58,0x40,0x02,0xBB,0x43,
0xA3,0x50,0xF8,0x23,0x1B,0x01,0xE7,0x50,0x15,0x4B,0xB2,0x00,0xD3,0x58,0x81,0x22,
0x92,0x00,0x99,0x58,0x01,0x43,0x99,0x50,0x98,0x58,0x16,0x49,0x01,0x40,0x99,0x50,
0x31,0x00,0x02,0x22,0x6F,0x31,0xDA,0x66,0xC9,0xB2,0x28,0x00,0xFD,0xF7,0x6E,0xFC,
// row 168
0x01,0x95,0xF8,0x23,0x02,0x9A,0x1B,0x01,0xE2,0x50,0x16,0x4B,0xE5,0x58,0xEB,0x07,
0x06,0xD5,0x04,0xAB,0xDA,0x1D,0x08,0x21,0x30,0x00,0xFF,0xF7,0xEF,0xFD,0x01,0x90,
0xFC,0x23,0x1B,0x01,0xE5,0x50,0x01,0x9B,0x00,0x2B,0xB1,0xD0,0x07,0xB0,0xF0,0xBD,
0x8C,0x65,0x00,0x00,0x8C,0x0E,0x00,0x00,0x88,0x0E,0x00,0x00,0x4C,0x0F,0x00,0x00,
0x0C,0x07,0x00,0x20,0xFF,0xFF,0xFE,0xFF,0x88,0x0F,0x00,0x00,0x48,0x0F,0x00,0x00,
0xD9,0x58,0x00,0x00,0xD0,0x1A,0x00,0x20,0xB8,0x0F,0x00,0x20,0x8C,0x0E,0x00,0x20,
0x8C,0x0F,0x00,0x00,0xCC,0x0F,0x00,0x00,0x10,0xB5,0x00,0x20,0xFF,0xF7,0x46,0xFE,
0x10,0xBD,0x10,0xB5,0x01,0x20,0xFF,0xF7,0x41,0xFE,0x10,0xBD,0x10,0xB5,0x02,0x20,
// row 169
0xFF,0xF7,0x3C,0xFE,0x10,0xBD,0x10,0xB5,0x03,0x20,0xFF,0xF7,0x37,0xFE,0x10,0xBD,
0xF0,0xB5,0x85,0xB0,0x02,0x92,0x0A,0xAA,0x12,0x78,0x04,0x00,0x00,0x92,0x0D,0xAA,
0x12,0x88,0x01,0x91,0x03,0x92,0x03,0x28,0x7B,0xD8,0x3F,0x4A,0x81,0x00,0x8A,0x58,
0x00,0x21,0x3E,0x48,0x11,0x60,0x80,0x27,0x10,0x66,0x81,0x20,0x7F,0x02,0x80,0x00,
0xD1,0x66,0x17,0x50,0x01,0x30,0xFF,0x30,0x17,0x50,0xF4,0x25,0x01,0x20,0x38,0x4E,
0x40,0x42,0x2D,0x01,0x91,0x51,0x50,0x51,0x36,0x4D,0x51,0x51,0x08,0x3D,0x50,0x51,
0x35,0x4D,0x51,0x51,0xFC,0x21,0x09,0x01,0x50,0x50,0x00,0x98,0x5D,0x00,0x00,0x04,
0x28,0x43,0xC4,0x25,0xAD,0x00,0x11,0x68,0x50,0x51,0x00,0x98,0x2E,0x4D,0xFE,0x28,
// row 170
0x00,0xD0,0x39,0x43,0x08,0x20,0x80,0x27,0xFF,0x30,0xBF,0x00,0xD0,0x51,0x01,0x37,
0xFF,0x37,0xD0,0x51,0x29,0x48,0x6F,0x46,0x01,0x43,0x11,0x60,0x18,0x21,0x61,0x43,
0x27,0x48,0x3F,0x79,0x0F,0x54,0x41,0x18,0x68,0x46,0x00,0x7A,0x4B,0x70,0xC8,0x70,
0x02,0x20,0x08,0x71,0x00,0x20,0x88,0x82,0x0C,0x98,0x6B,0x46,0x88,0x60,0x68,0x46,
0x80,0x89,0x1B,0x78,0x88,0x81,0x0B,0x98,0x8B,0x70,0x08,0x61,0x81,0x21,0xC1,0x20,
0x04,0x23,0x80,0x00,0x89,0x00,0x53,0x50,0x13,0x50,0x17,0x58,0x19,0x4B,0x1F,0x40,
0x17,0x50,0x50,0x58,0x03,0x40,0x53,0x50,0x42,0x23,0xFF,0x33,0x93,0x51,0x41,0x3B,
0xFF,0x3B,0x53,0x51,0x02,0x2C,0x09,0xD0,0x03,0x2C,0x0A,0xD0,0x9C,0x42,0x02,0xD0,
// row 171
0x11,0x49,0x09,0x20,0x07,0xE0,0x11,0x49,0x0A,0x20,0x04,0xE0,0x10,0x49,0x0B,0x20,
0x01,0xE0,0x0C,0x20,0x0F,0x49,0x09,0x34,0x00,0xF0,0x9E,0xF9,0xE0,0xB2,0x00,0xF0,
0xA3,0xF9,0x05,0xB0,0xF0,0xBD,0xC0,0x46,0x8C,0x65,0x00,0x00,0x88,0x28,0x00,0x40,
0x48,0x0F,0x00,0x00,0x88,0x0F,0x00,0x00,0xC8,0x0F,0x00,0x00,0x00,0x01,0x00,0x80,
0x0C,0x07,0x00,0x20,0xFF,0xFF,0xFE,0xFF,0x69,0x5C,0x00,0x00,0x73,0x5C,0x00,0x00,
0x7D,0x5C,0x00,0x00,0x87,0x5C,0x00,0x00,0x70,0xB5,0x10,0x4C,0x80,0x00,0x05,0x59,
0x82,0x20,0x80,0x00,0x2C,0x58,0xEA,0x38,0xFF,0x38,0x20,0x40,0x08,0x24,0x20,0x1A,
0xC0,0xB2,0xFD,0x34,0xFF,0x34,0x90,0x42,0x02,0xD9,0x01,0x20,0x28,0x51,0x02,0xE0,
// row 172
0x04,0x22,0x2A,0x51,0x02,0x00,0x90,0x24,0x88,0x18,0xA4,0x00,0x81,0x42,0x03,0xD0,
0x0E,0x78,0x01,0x31,0x2E,0x51,0xF9,0xE7,0x1A,0x70,0x70,0xBD,0x8C,0x65,0x00,0x00,
0x10,0xB5,0x00,0xF0,0x43,0xFB,0x03,0x68,0x0C,0x2B,0x00,0xD1,0xFE,0xE7,0xFE,0xE7,
0xF8,0xB5,0x00,0x25,0x0F,0x49,0x10,0x4B,0x01,0x39,0x4A,0x1C,0x14,0xD0,0x00,0x22,
0x1F,0x68,0x5C,0x68,0x9E,0x68,0xA0,0x18,0xB2,0x42,0x03,0xD0,0xB8,0x58,0xA0,0x50,
0x04,0x32,0xF8,0xE7,0x02,0x00,0xDE,0x68,0x14,0x1A,0xA6,0x42,0x01,0xD0,0x20,0xC2,
0xFA,0xE7,0x10,0x33,0x01,0x39,0xE8,0xE7,0x00,0xF0,0x26,0xFB,0xFC,0xF7,0xF2,0xFE,
0xFE,0xE7,0xC0,0x46,0x01,0x00,0x00,0x00,0xC4,0x65,0x00,0x00,0x00,0x23,0x70,0xB5,
// row 173
0x0C,0x48,0x0D,0x4C,0x0D,0x4D,0x9A,0x00,0x21,0x00,0x03,0x2B,0x00,0xD8,0xA9,0x58,
0x01,0x33,0x81,0x50,0x23,0x2B,0xF6,0xD1,0xFA,0xF7,0x3A,0xFD,0x08,0x4B,0x1A,0x68,
0x00,0x2A,0x00,0xD1,0x1A,0x60,0x01,0x21,0x06,0x4A,0x13,0x68,0x0B,0x43,0x13,0x60,
0x70,0xBD,0xC0,0x46,0x00,0x00,0x00,0x20,0x21,0x5E,0x00,0x00,0x00,0x08,0x00,0x00,
0x90,0x00,0x00,0x20,0x00,0x00,0x10,0x40,0x04,0x23,0x04,0x49,0x80,0x00,0x0A,0x68,
0x9A,0x43,0xD2,0xB2,0x03,0x40,0x13,0x43,0x0B,0x60,0x70,0x47,0x00,0x01,0x04,0x40,
0xF0,0xB5,0x00,0x25,0x48,0x4B,0xAB,0xB0,0x02,0x95,0x01,0x90,0x03,0x95,0x98,0x42,
0x00,0xD9,0x83,0xE0,0xA9,0x42,0x00,0xD1,0x80,0xE0,0x80,0x22,0x0A,0xA8,0x00,0xF0,
// row 174
0x01,0xFB,0x42,0x4B,0x08,0xAF,0x08,0x93,0x7F,0x23,0x41,0x4C,0x7B,0x60,0x41,0x4E,
0x41,0x4B,0x27,0x60,0x33,0x60,0xC0,0x46,0x23,0x68,0x1B,0x0F,0x0F,0x2B,0x03,0xD0,
0x23,0x68,0x1B,0x0F,0x0A,0x2B,0x01,0xD0,0x25,0x68,0xED,0xB2,0x02,0x95,0x02,0x9D,
0x00,0x2D,0x65,0xD1,0x00,0xF0,0x29,0xF9,0x38,0x4B,0x39,0x49,0x04,0xAA,0x04,0x93,
0x05,0x91,0x22,0x60,0x37,0x4A,0x32,0x4B,0x32,0x60,0xC0,0x46,0x22,0x68,0x12,0x0F,
0x0F,0x2A,0x03,0xD0,0x1A,0x68,0x12,0x0F,0x0A,0x2A,0x01,0xD0,0x1D,0x68,0xED,0xB2,
0x03,0x95,0x03,0x9B,0x00,0x2B,0x10,0xD1,0x2F,0x4D,0x29,0x4A,0x25,0x60,0x2F,0x4D,
0x35,0x60,0xC0,0x46,0x25,0x68,0x2D,0x0F,0x0F,0x2D,0x03,0xD0,0x15,0x68,0x2D,0x0F,
// row 175
0x0A,0x2D,0x01,0xD0,0x13,0x68,0xDB,0xB2,0x02,0x93,0x02,0x9B,0x00,0x2B,0x16,0xD1,
0x27,0x4A,0x08,0x92,0x01,0x9A,0x08,0x9D,0x12,0x04,0x2A,0x43,0x25,0x4D,0x08,0x92,
0x27,0x60,0x1B,0x4A,0x35,0x60,0xC0,0x46,0x25,0x68,0x2D,0x0F,0x0F,0x2D,0x03,0xD0,
0x15,0x68,0x2D,0x0F,0x0A,0x2D,0x01,0xD0,0x13,0x68,0xDB,0xB2,0x02,0x93,0x03,0x9B,
0x00,0x2B,0x18,0xD1,0x1C,0x4A,0x06,0xAD,0x06,0x92,0x07,0x91,0x1B,0x49,0x25,0x60,
0x0F,0x4A,0x31,0x60,0xC0,0x46,0x21,0x68,0x09,0x0F,0x0F,0x29,0x03,0xD0,0x11,0x68,
0x09,0x0F,0x0A,0x29,0x01,0xD0,0x13,0x68,0xDB,0xB2,0x03,0x93,0x03,0x9B,0x00,0x2B,
0x01,0xD0,0x03,0x9B,0x02,0x93,0x00,0xF0,0xCC,0xF8,0x01,0xE0,0x04,0x23,0x02,0x93,
// row 176
0x02,0x98,0x2B,0xB0,0xF0,0xBD,0xC0,0x46,0xFF,0x01,0x00,0x00,0xB6,0xD7,0x00,0x00,
0x08,0x00,0x10,0x40,0x04,0x00,0x10,0x40,0x04,0x00,0x00,0x80,0xB6,0xE9,0x00,0x00,
0x74,0x07,0x00,0x20,0x16,0x00,0x00,0x80,0xB6,0xE8,0x00,0x00,0x15,0x00,0x00,0x80,
0xB6,0xD8,0x00,0x00,0x05,0x00,0x00,0x80,0xB6,0xEA,0x00,0x00,0x17,0x00,0x00,0x80,
0xF7,0xB5,0x05,0x00,0x18,0x3D,0x04,0x00,0x18,0x2D,0x36,0xD8,0x1B,0x4B,0xEB,0x40,
0xDB,0x07,0x32,0xD5,0x07,0x27,0x00,0xF0,0x98,0xF8,0x19,0x4E,0x01,0x90,0x33,0x68,
0x18,0x4A,0xBB,0x43,0x33,0x60,0x18,0x4B,0x18,0x49,0xE3,0x18,0x1B,0x78,0xDB,0xB2,
0x13,0x60,0x17,0x4A,0x13,0x68,0xBB,0x43,0x13,0x60,0x16,0x4B,0x0A,0x68,0xE3,0x18,
// row 177
0x18,0x78,0x7F,0x23,0x9A,0x43,0x03,0x40,0x13,0x43,0x0B,0x60,0x32,0x20,0x00,0xF0,
0x73,0xF8,0x18,0x2C,0x0E,0xD0,0x33,0x68,0x1C,0x3C,0xA4,0x08,0xBB,0x43,0x3C,0x40,
0x1C,0x43,0x34,0x60,0x32,0x20,0x00,0xF0,0x67,0xF8,0x33,0x68,0xAD,0x08,0xBB,0x43,
0x1D,0x43,0x35,0x60,0x01,0x98,0x00,0xF0,0x6C,0xF8,0xF7,0xBD,0x11,0x11,0x11,0x01,
0x08,0x0F,0x03,0x40,0x0C,0x0F,0x03,0x40,0xCD,0xF1,0xFF,0x0F,0x18,0x0F,0x03,0x40,
0x10,0x0F,0x03,0x40,0xB4,0xF1,0xFF,0x0F,0x02,0x4B,0x80,0x00,0xC3,0x18,0x18,0x68,
0x19,0x60,0x70,0x47,0x40,0x00,0x00,0x20,0x1F,0x23,0x18,0x40,0x1E,0x3B,0x83,0x40,
0x01,0x4A,0x13,0x60,0x70,0x47,0xC0,0x46,0x00,0xE1,0x00,0xE0,0x1F,0x23,0x18,0x40,
// row 178
0x1E,0x3B,0x83,0x40,0x01,0x4A,0x13,0x60,0x70,0x47,0xC0,0x46,0x80,0xE1,0x00,0xE0,
0x03,0x4A,0x04,0x49,0x13,0x68,0x9B,0xB2,0x0B,0x43,0x13,0x60,0x70,0x47,0xC0,0x46,
0x0C,0xED,0x00,0xE0,0x04,0x00,0xFA,0x05,0x70,0xB5,0x80,0x25,0x04,0x00,0x2D,0x02,
0x06,0x4B,0xAC,0x42,0x05,0xD9,0x58,0x68,0x00,0xF0,0x1E,0xF8,0x04,0x4B,0xE4,0x18,
0xF6,0xE7,0x98,0x68,0x60,0x43,0x00,0xF0,0x17,0xF8,0x70,0xBD,0xB8,0x00,0x00,0x20,
0x00,0x80,0xFF,0xFF,0x10,0xB5,0x03,0x4B,0x1B,0x7B,0x58,0x43,0x00,0xF0,0x0C,0xF8,
0x10,0xBD,0xC0,0x46,0xB8,0x00,0x00,0x20,0x01,0x4A,0x02,0x4B,0x1A,0x60,0x70,0x47,
0x65,0x88,0xED,0xAC,0x38,0x00,0x03,0x40,0x02,0x30,0x80,0x08,0x03,0xD0,0x01,0x38,
// row 179
0xFD,0xD1,0xC0,0x46,0xC0,0x46,0xC0,0x46,0x70,0x47,0xEF,0xF3,0x10,0x80,0x72,0xB6,
0x70,0x47,0x80,0xF3,0x10,0x88,0x70,0x47,0x02,0xB4,0x71,0x46,0x49,0x08,0x49,0x00,
0x09,0x5C,0x49,0x00,0x8E,0x44,0x02,0xBC,0x70,0x47,0xC0,0x46,0x03,0xB4,0x71,0x46,
0x49,0x08,0x40,0x00,0x49,0x00,0x09,0x5A,0x49,0x00,0x8E,0x44,0x03,0xBC,0x70,0x47,
0x00,0x22,0x43,0x08,0x8B,0x42,0x74,0xD3,0x03,0x09,0x8B,0x42,0x5F,0xD3,0x03,0x0A,
0x8B,0x42,0x44,0xD3,0x03,0x0B,0x8B,0x42,0x28,0xD3,0x03,0x0C,0x8B,0x42,0x0D,0xD3,
0xFF,0x22,0x09,0x02,0x12,0xBA,0x03,0x0C,0x8B,0x42,0x02,0xD3,0x12,0x12,0x09,0x02,
0x65,0xD0,0x03,0x0B,0x8B,0x42,0x19,0xD3,0x00,0xE0,0x09,0x0A,0xC3,0x0B,0x8B,0x42,
// row 180
0x01,0xD3,0xCB,0x03,0xC0,0x1A,0x52,0x41,0x83,0x0B,0x8B,0x42,0x01,0xD3,0x8B,0x03,
0xC0,0x1A,0x52,0x41,0x43,0x0B,0x8B,0x42,0x01,0xD3,0x4B,0x03,0xC0,0x1A,0x52,0x41,
0x03,0x0B,0x8B,0x42,0x01,0xD3,0x0B,0x03,0xC0,0x1A,0x52,0x41,0xC3,0x0A,0x8B,0x42,
0x01,0xD3,0xCB,0x02,0xC0,0x1A,0x52,0x41,0x83,0x0A,0x8B,0x42,0x01,0xD3,0x8B,0x02,
0xC0,0x1A,0x52,0x41,0x43,0x0A,0x8B,0x42,0x01,0xD3,0x4B,0x02,0xC0,0x1A,0x52,0x41,
0x03,0x0A,0x8B,0x42,0x01,0xD3,0x0B,0x02,0xC0,0x1A,0x52,0x41,0xCD,0xD2,0xC3,0x09,
0x8B,0x42,0x01,0xD3,0xCB,0x01,0xC0,0x1A,0x52,0x41,0x83,0x09,0x8B,0x42,0x01,0xD3,
0x8B,0x01,0xC0,0x1A,0x52,0x41,0x43,0x09,0x8B,0x42,0x01,0xD3,0x4B,0x01,0xC0,0x1A,
// row 181
0x52,0x41,0x03,0x09,0x8B,0x42,0x01,0xD3,0x0B,0x01,0xC0,0x1A,0x52,0x41,0xC3,0x08,
0x8B,0x42,0x01,0xD3,0xCB,0x00,0xC0,0x1A,0x52,0x41,0x83,0x08,0x8B,0x42,0x01,0xD3,
0x8B,0x00,0xC0,0x1A,0x52,0x41,0x43,0x08,0x8B,0x42,0x01,0xD3,0x4B,0x00,0xC0,0x1A,
0x52,0x41,0x41,0x1A,0x00,0xD2,0x01,0x46,0x52,0x41,0x10,0x46,0x70,0x47,0xFF,0xE7,
0x01,0xB5,0x00,0x20,0x00,0xF0,0xF0,0xF8,0x02,0xBD,0xC0,0x46,0x00,0x29,0xF7,0xD0,
0x76,0xE7,0x70,0x47,0x03,0x46,0x0B,0x43,0x7F,0xD4,0x00,0x22,0x43,0x08,0x8B,0x42,
0x74,0xD3,0x03,0x09,0x8B,0x42,0x5F,0xD3,0x03,0x0A,0x8B,0x42,0x44,0xD3,0x03,0x0B,
0x8B,0x42,0x28,0xD3,0x03,0x0C,0x8B,0x42,0x0D,0xD3,0xFF,0x22,0x09,0x02,0x12,0xBA,
// row 182
0x03,0x0C,0x8B,0x42,0x02,0xD3,0x12,0x12,0x09,0x02,0x65,0xD0,0x03,0x0B,0x8B,0x42,
0x19,0xD3,0x00,0xE0,0x09,0x0A,0xC3,0x0B,0x8B,0x42,0x01,0xD3,0xCB,0x03,0xC0,0x1A,
0x52,0x41,0x83,0x0B,0x8B,0x42,0x01,0xD3,0x8B,0x03,0xC0,0x1A,0x52,0x41,0x43,0x0B,
0x8B,0x42,0x01,0xD3,0x4B,0x03,0xC0,0x1A,0x52,0x41,0x03,0x0B,0x8B,0x42,0x01,0xD3,
0x0B,0x03,0xC0,0x1A,0x52,0x41,0xC3,0x0A,0x8B,0x42,0x01,0xD3,0xCB,0x02,0xC0,0x1A,
0x52,0x41,0x83,0x0A,0x8B,0x42,0x01,0xD3,0x8B,0x02,0xC0,0x1A,0x52,0x41,0x43,0x0A,
0x8B,0x42,0x01,0xD3,0x4B,0x02,0xC0,0x1A,0x52,0x41,0x03,0x0A,0x8B,0x42,0x01,0xD3,
0x0B,0x02,0xC0,0x1A,0x52,0x41,0xCD,0xD2,0xC3,0x09,0x8B,0x42,0x01,0xD3,0xCB,0x01,
// row 183
0xC0,0x1A,0x52,0x41,0x83,0x09,0x8B,0x42,0x01,0xD3,0x8B,0x01,0xC0,0x1A,0x52,0x41,
0x43,0x09,0x8B,0x42,0x01,0xD3,0x4B,0x01,0xC0,0x1A,0x52,0x41,0x03,0x09,0x8B,0x42,
0x01,0xD3,0x0B,0x01,0xC0,0x1A,0x52,0x41,0xC3,0x08,0x8B,0x42,0x01,0xD3,0xCB,0x00,
0xC0,0x1A,0x52,0x41,0x83,0x08,0x8B,0x42,0x01,0xD3,0x8B,0x00,0xC0,0x1A,0x52,0x41,
0x43,0x08,0x8B,0x42,0x01,0xD3,0x4B,0x00,0xC0,0x1A,0x52,0x41,0x41,0x1A,0x00,0xD2,
0x01,0x46,0x52,0x41,0x10,0x46,0x70,0x47,0x5D,0xE0,0xCA,0x0F,0x00,0xD0,0x49,0x42,
0x03,0x10,0x00,0xD3,0x40,0x42,0x53,0x40,0x00,0x22,0x9C,0x46,0x03,0x09,0x8B,0x42,
0x2D,0xD3,0x03,0x0A,0x8B,0x42,0x12,0xD3,0xFC,0x22,0x89,0x01,0x12,0xBA,0x03,0x0A,
// row 184
0x8B,0x42,0x0C,0xD3,0x89,0x01,0x92,0x11,0x8B,0x42,0x08,0xD3,0x89,0x01,0x92,0x11,
0x8B,0x42,0x04,0xD3,0x89,0x01,0x3A,0xD0,0x92,0x11,0x00,0xE0,0x89,0x09,0xC3,0x09,
0x8B,0x42,0x01,0xD3,0xCB,0x01,0xC0,0x1A,0x52,0x41,0x83,0x09,0x8B,0x42,0x01,0xD3,
0x8B,0x01,0xC0,0x1A,0x52,0x41,0x43,0x09,0x8B,0x42,0x01,0xD3,0x4B,0x01,0xC0,0x1A,
0x52,0x41,0x03,0x09,0x8B,0x42,0x01,0xD3,0x0B,0x01,0xC0,0x1A,0x52,0x41,0xC3,0x08,
0x8B,0x42,0x01,0xD3,0xCB,0x00,0xC0,0x1A,0x52,0x41,0x83,0x08,0x8B,0x42,0x01,0xD3,
0x8B,0x00,0xC0,0x1A,0x52,0x41,0xD9,0xD2,0x43,0x08,0x8B,0x42,0x01,0xD3,0x4B,0x00,
0xC0,0x1A,0x52,0x41,0x41,0x1A,0x00,0xD2,0x01,0x46,0x63,0x46,0x52,0x41,0x5B,0x10,
// row 185
0x10,0x46,0x01,0xD3,0x40,0x42,0x00,0x2B,0x00,0xD5,0x49,0x42,0x70,0x47,0x63,0x46,
0x5B,0x10,0x00,0xD3,0x40,0x42,0x01,0xB5,0x00,0x20,0x00,0xF0,0x05,0xF8,0x02,0xBD,
0x00,0x29,0xF8,0xD0,0x16,0xE7,0x70,0x47,0x70,0x47,0xC0,0x46,0x01,0x4B,0x18,0x68,
0x70,0x47,0xC0,0x46,0x2C,0x01,0x00,0x20,0x0E,0x4B,0x70,0xB5,0x00,0x25,0x1E,0x00,
0x0D,0x4C,0xE4,0x1A,0xA4,0x10,0xA5,0x42,0x04,0xD0,0xAB,0x00,0xF3,0x58,0x98,0x47,
0x01,0x35,0xF8,0xE7,0x00,0xF0,0x64,0xF8,0x08,0x4B,0x00,0x25,0x1E,0x00,0x08,0x4C,
0xE4,0x1A,0xA4,0x10,0xA5,0x42,0x04,0xD0,0xAB,0x00,0xF3,0x58,0x98,0x47,0x01,0x35,
0xF8,0xE7,0x70,0xBD,0xAC,0x65,0x00,0x00,0xAC,0x65,0x00,0x00,0xAC,0x65,0x00,0x00,
// row 186
0xB4,0x65,0x00,0x00,0x00,0x23,0x10,0xB5,0x9A,0x42,0x03,0xD0,0xCC,0x5C,0xC4,0x54,
0x01,0x33,0xF9,0xE7,0x10,0xBD,0x03,0x00,0x82,0x18,0x93,0x42,0x02,0xD0,0x19,0x70,
0x01,0x33,0xFA,0xE7,0x70,0x47,0x00,0x00,0x00,0x00,0x00,0x00,0x00,0x00,0x0A,0x40,
0x00,0x00,0x0B,0x40,0x00,0x06,0x00,0x00,0x01,0x06,0x00,0x00,0x04,0x07,0x00,0x00,
0x00,0x03,0x05,0x07,0x18,0xE3,0x08,0x00,0x18,0x1B,0x03,0x00,0xD8,0x60,0x03,0x00,
0x38,0x67,0x03,0x00,0x38,0x9B,0x08,0x00,0x93,0x73,0x0E,0x00,0x8C,0x0F,0x0E,0x00,
0x00,0x00,0x00,0x00,0x00,0x00,0x04,0x40,0x00,0x01,0x04,0x40,0x00,0x02,0x04,0x40,
0x00,0x03,0x04,0x40,0x00,0x04,0x04,0x40,0x00,0x00,0x02,0x40,0x00,0x01,0x02,0x40,
// row 187
0x00,0x02,0x02,0x40,0x00,0x03,0x02,0x40,0x00,0x04,0x02,0x40,0x00,0x00,0x05,0x40,
0x00,0x00,0x06,0x40,0x00,0x00,0x07,0x40,0x00,0x00,0x08,0x40,0x43,0x00,0x00,0x00,
0xF8,0xB5,0xC0,0x46,0xF8,0xBC,0x08,0xBC,0x9E,0x46,0x70,0x47,0x3D,0x0A,0x00,0x00,
0x7D,0x5E,0x00,0x00,0xF8,0xB5,0xC0,0x46,0xF8,0xBC,0x08,0xBC,0x9E,0x46,0x70,0x47,
0x15,0x0A,0x00,0x00,0xD8,0x65,0x00,0x00,0x98,0x00,0x00,0x20,0x98,0x00,0x00,0x00,
0x28,0x1A,0x00,0x00,0x00,0x00,0x00,0x00,0x00,0x00,0x00,0x00,0x01,0x01,0x01,0x19,
0x01,0x00,0x00,0x00,0xC0,0xFF,0x00,0x00,0x40,0xFF,0x00,0x00,0x32,0x00,0x00,0x02,
0x00,0x02,0x00,0x02,0x00,0x02,0x03,0x01,0x01,0x00,0x00,0x00,0x00,0x00,0xE0,0x2E,
// row 188
0xC0,0x5D,0x00,0x00,0x18,0x00,0x00,0x00,0x00,0x36,0x6E,0x01,0x00,0x00,0x00,0x00,
0x00,0x00,0x00,0x00,0x00,0x00,0x00,0x00,0x00,0x00,0x00,0x00,0x00,0x00,0x00,0x00,
0x00,0x00,0x00,0x00,0x00,0x00,0x00,0x00,0x00,0x00,0x00,0x00,0x9C,0x65,0x00,0x00,
0x00,0x00,0x00,0x00,0x00,0x00,0x00,0x00,0x00,0x00,0x00,0x00,0x00,0x00,0x00,0x00,
0x00,0x00,0x00,0x00,0x00,0x00,0x00,0x00,0x00,0x00,0x00,0x00,0x00,0x00,0x00,0x00,
0x00,0x00,0x00,0x00,0x00,0x00,0x00,0x00,0x00,0x00,0x00,0x00,0x00,0x00,0x00,0x00,
0x00,0x00,0x00,0x00,0x00,0x00,0x00,0x00,0x00,0x00,0x00,0x00,0xCC,0x00,0x00,0x20,
0x00,0x00,0x00,0x00,0x00,0x00,0x00,0x00,0x00,0x00,0x00,0x00,0x00,0x00,0x00,0x00,
};

uint8_t image1_metadata[] = {
// row 189
0x00,0x00,0x00,0x00,0x00,0x00,0x00,0x00,0x00,0x00,0x00,0x00,0x00,0x00,0x00,0x00,
0x00,0x00,0x00,0x00,0x00,0x00,0x00,0x00,0x00,0x00,0x00,0x00,0x00,0x00,0x00,0x00,
0x00,0x00,0x00,0x00,0x00,0x00,0x00,0x00,0x00,0x00,0x00,0x00,0x00,0x00,0x00,0x00,
0x00,0x00,0x00,0x00,0x00,0x00,0x00,0x00,0x00,0x00,0x00,0x00,0x00,0x00,0x00,0x00,
0x94,0xFD,0x08,0x00,0x00,0x0F,0x00,0x00,0x00,0x80,0x5E,0x00,0x00,0x00,0x00,0x00,
0x00,0x00,0x00,0x00,0x00,0x00,0x00,0x00,0x00,0x00,0x00,0x00,0x00,0x00,0x00,0x00,
0x00,0x00,0x00,0x00,0x00,0x00,0x00,0x00,0x00,0x00,0x00,0x00,0x00,0x00,0x00,0x00,
0x00,0x00,0x00,0x00,0x00,0x00,0x00,0x00,0x00,0x00,0x00,0x00,0x00,0x00,0x00,0x00,
};

int image1_rows = 189;

uint8_t image2[] = {
// row 0
0x00,0x40,0x00,0x20,0x7D,0x84,0x00,0x00,0xA1,0xD9,0x00,0x00,0xA1,0xD9,0x00,0x00,
0x00,0x00,0x00,0x00,0x00,0x00,0x00,0x00,0x00,0x00,0x00,0x00,0x00,0x00,0x00,0x00,
0x00,0x00,0x00,0x00,0x00,0x00,0x00,0x00,0x00,0x00,0x00,0x00,0x00,0x00,0x00,0x00,
0x00,0x00,0x00,0x00,0x00,0x00,0x00,0x00,0x00,0x00,0x00,0x00,0x00,0x00,0x00,0x00,
0x00,0x00,0x00,0x00,0x00,0x00,0x00,0x00,0x00,0x00,0x00,0x00,0x00,0x00,0x00,0x00,
0x00,0x00,0x00,0x00,0x00,0x00,0x00,0x00,0x00,0x00,0x00,0x00,0x00,0x00,0x00,0x00,
0x00,0x00,0x00,0x00,0x00,0x00,0x00,0x00,0x00,0x00,0x00,0x00,0x00,0x00,0x00,0x00,
0x00,0x00,0x00,0x00,0x00,0x00,0x00,0x00,0x00,0x00,0x00,0x00,0x00,0x00,0x00,0x00,
// row 1
0x00,0x00,0x00,0x00,0x00,0x00,0x00,0x00,0x00,0x00,0x00,0x00,0x00,0x00,0x00,0x00,
0x00,0x00,0x00,0x00,0x00,0x00,0x00,0x00,0x00,0x00,0x00,0x00,0x00,0x00,0x00,0x00,
0x00,0x00,0x00,0x00,0x00,0x00,0x00,0x00,0x00,0x00,0x00,0x00,0x00,0x00,0x00,0x00,
0x00,0x00,0x00,0x00,0x00,0x00,0x00,0x00,0x00,0x00,0x00,0x00,0x00,0x00,0x00,0x00,
0x00,0x00,0x00,0x00,0x00,0x00,0x00,0x00,0x00,0x00,0x00,0x00,0x00,0x00,0x00,0x00,
0x00,0x00,0x00,0x00,0x00,0x00,0x00,0x00,0x00,0x00,0x00,0x00,0x00,0x00,0x00,0x00,
0x79,0x00,0x01,0x00,0xC0,0x11,0x01,0x33,0x00,0x00,0x00,0x00,0x00,0x00,0x00,0x00,
0x00,0x00,0x00,0x00,0x00,0x00,0x00,0x00,0x00,0x00,0x00,0x00,0x10,0xB5,0x03,0x4B,
// row 2
0x83,0xF3,0x08,0x88,0x05,0xF0,0x30,0xFC,0x05,0xF0,0x92,0xFA,0x00,0x40,0x00,0x20,
0x10,0xB5,0x72,0xB6,0xFF,0x22,0x25,0x4B,0x80,0x24,0x1A,0x60,0x00,0x22,0x24,0x4B,
0x64,0x00,0x1A,0x60,0x23,0x4B,0x04,0x32,0x1A,0x60,0x23,0x4B,0x01,0x3A,0x1C,0x60,
0x22,0x4B,0x30,0x20,0x1A,0x60,0x22,0x4B,0x21,0x32,0x1A,0x60,0x21,0x4B,0x12,0x3A,
0x1A,0x60,0x05,0xF0,0x7D,0xFB,0xBE,0x22,0x9E,0x21,0x1F,0x4B,0xD2,0x01,0x1A,0x60,
0x1E,0x4B,0x1F,0x4A,0xC9,0x01,0x1A,0x60,0x1E,0x4A,0x11,0x60,0xBC,0x21,0x1E,0x4A,
0x89,0x01,0x1A,0x60,0x1D,0x4A,0x11,0x60,0x1D,0x4A,0x1E,0x49,0x1A,0x60,0xE0,0x22,
0xD2,0x00,0x0A,0x60,0x1C,0x49,0x19,0x60,0x1C,0x49,0x0A,0x60,0xC0,0x21,0x1C,0x4A,
// row 3
0x89,0x00,0x1A,0x60,0x1B,0x4A,0x11,0x60,0x1B,0x4A,0x1A,0x60,0x1B,0x4A,0x14,0x60,
0x1B,0x4A,0x1A,0x60,0x1B,0x4A,0x14,0x60,0x1B,0x4A,0x1A,0x60,0x40,0x22,0x1B,0x4B,
0x1A,0x60,0x1B,0x4B,0x01,0x32,0x1A,0x60,0x10,0xBD,0xC0,0x46,0x00,0x04,0x02,0x40,
0x00,0x01,0x02,0x40,0x00,0x01,0x04,0x40,0x08,0x01,0x04,0x40,0x00,0x04,0x04,0x40,
0x08,0x04,0x04,0x40,0x30,0x00,0x10,0x40,0x0C,0x02,0x01,0x40,0x00,0x00,0x01,0x40,
0x03,0xFF,0x00,0x80,0x08,0x02,0x01,0x40,0x02,0xFF,0x00,0x80,0x04,0x02,0x01,0x40,
0x01,0xFF,0x00,0x80,0x00,0x02,0x01,0x40,0x00,0xFF,0x00,0x80,0x0C,0x03,0x01,0x40,
0x43,0xFF,0x00,0x80,0x08,0x03,0x01,0x40,0x42,0xFF,0x00,0x80,0x00,0x03,0x01,0x40,
// row 4
0x40,0xFF,0x00,0x80,0x04,0x03,0x01,0x40,0x41,0xFF,0x00,0x80,0x28,0x00,0x03,0x40,
0x00,0x01,0x01,0x40,0x10,0xB5,0x06,0x4C,0x23,0x78,0x00,0x2B,0x07,0xD1,0x05,0x4B,
0x00,0x2B,0x02,0xD0,0x04,0x48,0x00,0xE0,0x00,0xBF,0x01,0x23,0x23,0x70,0x10,0xBD,
0x30,0x01,0x00,0x20,0x00,0x00,0x00,0x00,0xA8,0xE0,0x00,0x00,0x08,0x4B,0x10,0xB5,
0x00,0x2B,0x03,0xD0,0x07,0x49,0x08,0x48,0x00,0xE0,0x00,0xBF,0x07,0x48,0x03,0x68,
0x00,0x2B,0x00,0xD1,0x10,0xBD,0x06,0x4B,0x00,0x2B,0xFB,0xD0,0x98,0x47,0xF9,0xE7,
0x00,0x00,0x00,0x00,0x34,0x01,0x00,0x20,0xA8,0xE0,0x00,0x00,0x98,0x00,0x00,0x20,
0x00,0x00,0x00,0x00,0x10,0xB5,0x00,0xF0,0x0B,0xF9,0x00,0xF0,0x51,0xFD,0x01,0x20,
// row 5
0x10,0xBD,0x00,0x00,0xF7,0xB5,0x0C,0x00,0x05,0x00,0x01,0x92,0x02,0xF0,0x1E,0xFE,
0x12,0x2C,0x3D,0xD0,0x0F,0xD8,0x05,0x2C,0x07,0xD8,0x04,0x2C,0x5F,0xD2,0x02,0x2C,
0x2C,0xD0,0x40,0xD8,0x01,0x2C,0x3E,0xD0,0x74,0xE0,0x0A,0x2C,0x3B,0xD0,0x01,0x21,
0x0B,0x2C,0x2E,0xD0,0x6E,0xE0,0x1A,0x2C,0x35,0xD0,0x0C,0xD8,0x15,0x2C,0x27,0xD0,
0x16,0x2C,0x5A,0xD0,0x14,0x2C,0x65,0xD1,0x70,0x23,0x6B,0x43,0x34,0x4A,0xD3,0x18,
0x49,0x33,0x01,0x22,0x5D,0xE0,0x2F,0x2C,0x55,0xD0,0x39,0x2C,0x18,0xD0,0x23,0x2C,
0x58,0xD1,0x30,0x4F,0x6F,0x30,0x02,0x78,0x7B,0x5D,0x06,0x00,0x9A,0x42,0x02,0xD0,
0x28,0x00,0x00,0xF0,0xCA,0xF8,0x33,0x78,0x7B,0x55,0x4B,0xE0,0x70,0x23,0x6B,0x43,
// row 6
0x27,0x4A,0xD3,0x18,0x19,0x00,0x00,0x22,0x3A,0x31,0x0A,0x70,0x39,0x33,0x40,0xE0,
0x00,0x21,0x76,0x30,0x02,0x78,0x01,0x23,0x00,0x2A,0x06,0xD0,0x23,0x00,0x15,0x3B,
0x5A,0x42,0x53,0x41,0x01,0xE0,0x00,0x23,0x19,0x00,0x70,0x22,0x6A,0x43,0x1C,0x48,
0x82,0x18,0x16,0x00,0x00,0x20,0x3A,0x36,0x39,0x32,0x30,0x70,0x10,0x70,0x81,0x42,
0x05,0xD1,0x83,0x42,0x03,0xD1,0x29,0x21,0x28,0x00,0x02,0xF0,0xC7,0xFC,0x03,0x2C,
0x01,0xD0,0x1A,0x2C,0x1E,0xD1,0x28,0x00,0x00,0xF0,0x0E,0xFD,0x1A,0xE0,0x70,0x23,
0x6B,0x43,0x0F,0x4A,0x01,0x21,0xD3,0x18,0x1A,0x00,0x3A,0x32,0x11,0x70,0x19,0x00,
0x00,0x22,0x39,0x31,0x0A,0x70,0x44,0x33,0x0B,0xE0,0x70,0x23,0x6B,0x43,0x08,0x4A,
// row 7
0xD3,0x18,0x3B,0x33,0x04,0xE0,0x70,0x23,0x6B,0x43,0x05,0x4A,0xD3,0x18,0x3A,0x33,
0x00,0x22,0x1A,0x70,0x28,0x00,0x01,0x9A,0x21,0x00,0x00,0xF0,0x77,0xF8,0xF7,0xBD,
0x8C,0x07,0x00,0x20,0x4C,0x01,0x00,0x20,0x4B,0x1E,0x99,0x41,0x10,0xB5,0x24,0x31,
0x00,0x22,0xFF,0xF7,0x67,0xFF,0x10,0xBD,0x70,0x23,0x58,0x43,0x01,0x4B,0xC0,0x18,
0x70,0x47,0xC0,0x46,0x8C,0x07,0x00,0x20,0x10,0xB5,0x03,0x48,0x00,0xF0,0xDC,0xFC,
0x02,0x48,0x00,0xF0,0xD3,0xFC,0x10,0xBD,0x29,0x87,0x00,0x00,0x7D,0x87,0x00,0x00,
0x10,0xB5,0x01,0xF0,0x0D,0xFC,0x10,0xBD,0x10,0xB5,0x04,0x00,0x02,0xF0,0x66,0xFD,
0x70,0x30,0x01,0x78,0x20,0x00,0x01,0xF0,0xC5,0xFB,0x10,0xBD,0x70,0xB5,0x04,0x00,
// row 8
0x15,0x00,0x01,0x29,0x1C,0xD1,0x70,0x22,0x0E,0x4B,0x42,0x43,0x00,0x2D,0x0B,0xD1,
0x9A,0x18,0x42,0x32,0x13,0x78,0x0F,0x31,0x0B,0x43,0x13,0x70,0xFF,0xF7,0xE4,0xFF,
0x29,0x00,0x00,0x28,0x0C,0xD0,0x08,0xE0,0x10,0x20,0x9B,0x18,0x42,0x33,0x1A,0x78,
0x02,0x42,0x05,0xD0,0x1A,0x78,0x82,0x43,0x1A,0x70,0x20,0x00,0x00,0xF0,0x18,0xF8,
0x70,0xBD,0xC0,0x46,0x8C,0x07,0x00,0x20,0x70,0xB5,0x16,0x00,0x04,0x00,0x0D,0x00,
0x00,0x21,0x01,0xF0,0xCD,0xFC,0x33,0x00,0x2A,0x00,0x00,0x21,0x20,0x00,0x01,0xF0,
0x17,0xFC,0x01,0x22,0x03,0x00,0x00,0x21,0x20,0x00,0x01,0xF0,0x29,0xFC,0x70,0xBD,
0x70,0xB5,0x0D,0x00,0x04,0x00,0x02,0xF0,0x21,0xFD,0x00,0x2D,0x04,0xD1,0x70,0x30,
// row 9
0x01,0x78,0x20,0x00,0xFF,0xF7,0xAC,0xFF,0x70,0xBD,0x70,0x47,0x00,0x20,0x70,0x47,
0x70,0x47,0x00,0x00,0x70,0xB5,0x04,0x00,0x0D,0x00,0xFF,0xF7,0x8D,0xFF,0x06,0x00,
0x26,0x2D,0x02,0xD0,0x27,0x2D,0x08,0xD0,0x1F,0xE0,0x20,0x00,0x27,0x21,0x02,0xF0,
0x15,0xFC,0x20,0x00,0x00,0xF0,0xAA,0xF8,0x17,0xE0,0x00,0x22,0x0B,0x49,0x20,0x00,
0xFF,0xF7,0xC2,0xFF,0x00,0x28,0x0A,0xD1,0x26,0x21,0x20,0x00,0x02,0xF0,0x06,0xFC,
0x20,0x00,0x00,0xF0,0x9B,0xF8,0x73,0x68,0x20,0x00,0x98,0x47,0x05,0xE0,0x04,0x4B,
0x01,0x22,0x29,0x00,0x20,0x00,0x02,0xF0,0x5B,0xFB,0x70,0xBD,0x88,0x13,0x00,0x00,
0x15,0x88,0x00,0x00,0x10,0xB5,0x01,0x1E,0x02,0xD0,0x01,0x28,0x02,0xD1,0x00,0x21,
// row 10
0x01,0xF0,0x12,0xFF,0x10,0xBD,0x10,0xB5,0x01,0x1E,0x02,0xD0,0x01,0x28,0x02,0xD1,
0x00,0x21,0x01,0xF0,0xD3,0xFE,0x10,0xBD,0x70,0xB5,0x05,0x00,0x02,0xF0,0xCE,0xFC,
0x04,0x00,0x05,0xF0,0x32,0xFA,0x06,0x00,0x28,0x00,0x00,0xF0,0x6F,0xF8,0x23,0x00,
0x87,0x33,0x1B,0x78,0x00,0x2B,0x06,0xD0,0xA1,0x34,0x23,0x78,0x00,0x2B,0x02,0xD1,
0x28,0x00,0xFF,0xF7,0xE0,0xFF,0x30,0x00,0x05,0xF0,0x23,0xFA,0x70,0xBD,0x00,0x00,
0xF8,0xB5,0x0E,0x00,0x04,0x00,0xFF,0xF7,0x2F,0xFF,0x05,0x00,0x05,0xF0,0x15,0xFA,
0x07,0x00,0x20,0x00,0xFF,0xF7,0xC6,0xFF,0x20,0x00,0x00,0xF0,0x4F,0xF8,0x27,0x22,
0x26,0x21,0x20,0x00,0x02,0xF0,0xD6,0xFB,0x00,0x2E,0x17,0xD0,0x20,0x00,0x02,0xF0,
// row 11
0x9D,0xFC,0x87,0x30,0x03,0x78,0x00,0x2B,0x10,0xD0,0x20,0x00,0x00,0xF0,0x36,0xF8,
0x6E,0x60,0x09,0x4E,0xFA,0x22,0x33,0x00,0x26,0x21,0x20,0x00,0x02,0xF0,0x00,0xFB,
0x33,0x00,0x01,0x22,0x27,0x21,0x20,0x00,0x02,0xF0,0xFA,0xFA,0x03,0x4B,0x38,0x00,
0xAB,0x86,0x05,0xF0,0xEE,0xF9,0xF8,0xBD,0x15,0x88,0x00,0x00,0x88,0x13,0x00,0x00,
0x70,0xB5,0x05,0x00,0xFF,0xF7,0xF8,0xFE,0x03,0x68,0x04,0x00,0x00,0x2B,0x03,0xD0,
0x28,0x00,0x98,0x47,0x00,0x23,0x23,0x60,0x70,0xBD,0x10,0xB5,0x04,0x00,0xFF,0xF7,
0xEB,0xFE,0x00,0x21,0x45,0x30,0x01,0x70,0x8C,0x42,0x01,0xD1,0x21,0x00,0x01,0xE0,
0x01,0x2C,0x02,0xD1,0x20,0x00,0x01,0xF0,0x1B,0xFE,0x10,0xBD,0x10,0xB5,0x00,0x28,
// row 12
0x01,0xD0,0x01,0x28,0x01,0xD1,0x01,0xF0,0xFF,0xFE,0x10,0xBD,0x10,0xB5,0x00,0x28,
0x01,0xD0,0x01,0x28,0x01,0xD1,0x01,0xF0,0x05,0xFF,0x10,0xBD,0xF8,0xB5,0x0E,0x00,
0x04,0x00,0xFF,0xF7,0xC9,0xFE,0x05,0x00,0x30,0x00,0x1E,0x38,0x06,0x28,0x68,0xD8,
0x05,0xF0,0xB2,0xF9,0x04,0x0D,0x2E,0x35,0x40,0x67,0x5D,0x00,0x20,0x22,0x1F,0x21,
0x20,0x00,0x02,0xF0,0x6F,0xFB,0xC8,0x23,0x9B,0x00,0x6B,0x86,0x2B,0xE0,0x2F,0x00,
0x48,0x37,0x3B,0x78,0x2B,0x4E,0x00,0x2B,0x03,0xD1,0x3B,0x78,0x00,0x2B,0x0C,0xD0,
0x12,0xE0,0x14,0x22,0x29,0x8E,0x52,0x42,0x20,0x00,0xFF,0xF7,0xED,0xFE,0x00,0x28,
0xF3,0xD0,0x33,0x00,0x05,0x22,0x20,0x21,0x35,0xE0,0x29,0x8E,0x0A,0x22,0x20,0x00,
// row 13
0xFF,0xF7,0xE2,0xFE,0x00,0x28,0xF4,0xD0,0x33,0x00,0x01,0x22,0x1F,0x21,0x2A,0xE0,
0x1E,0x21,0x20,0x00,0x02,0xF0,0x22,0xFB,0x2B,0x8E,0x6B,0x86,0x2B,0xE0,0x22,0x21,
0x20,0x00,0x02,0xF0,0x1B,0xFB,0x20,0x00,0xFF,0xF7,0x97,0xFF,0x20,0x00,0xFF,0xF7,
0xAD,0xFF,0x26,0xE0,0x0A,0x22,0x14,0x49,0x20,0x00,0xFF,0xF7,0xC5,0xFE,0x00,0x28,
0x02,0xD1,0x20,0x00,0xFF,0xF7,0x89,0xFF,0x14,0x22,0xC8,0x21,0x52,0x42,0x89,0x00,
0x20,0x00,0xFF,0xF7,0xB9,0xFE,0x0B,0x4B,0x00,0x28,0x02,0xD1,0x0A,0x22,0x24,0x21,
0x01,0xE0,0x01,0x22,0x22,0x21,0x20,0x00,0x02,0xF0,0x5A,0xFA,0x09,0xE0,0x21,0x21,
0x20,0x00,0x02,0xF0,0xF3,0xFA,0x20,0x00,0xFF,0xF7,0x88,0xFF,0x20,0x00,0xFF,0xF7,
// row 14
0x5F,0xFF,0xF8,0xBD,0x9D,0x89,0x00,0x00,0x88,0x13,0x00,0x00,0x10,0xB5,0xFF,0xF7,
0x53,0xFE,0xC8,0x23,0x02,0x8E,0x9B,0x00,0x9A,0x42,0x01,0xD1,0x01,0x4B,0x03,0x86,
0xC0,0x46,0x10,0xBD,0x88,0x13,0x00,0x00,0x70,0xB5,0x0D,0x00,0x04,0x00,0xFF,0xF7,
0x43,0xFE,0x06,0x00,0x20,0x00,0x02,0xF0,0xC1,0xFB,0x73,0x8E,0x35,0x86,0xAB,0x42,
0x05,0xD9,0xC8,0x23,0x9B,0x00,0x9D,0x42,0x01,0xD0,0x72,0x30,0x03,0x78,0x20,0x00,
0xFF,0xF7,0xDC,0xFF,0x70,0xBD,0x00,0x00,0xF7,0xB5,0x0F,0x00,0x04,0x00,0xFF,0xF7,
0x2B,0xFE,0x05,0x00,0x20,0x00,0x02,0xF0,0xA9,0xFB,0x06,0x00,0x05,0xF0,0x0D,0xF9,
0x24,0x22,0x01,0x90,0x1E,0x21,0x20,0x00,0x02,0xF0,0xD4,0xFA,0x33,0x00,0x87,0x33,
// row 15
0x1B,0x78,0x00,0x2B,0x48,0xD0,0xA1,0x36,0x33,0x78,0x00,0x2B,0x44,0xD1,0x20,0x00,
0xFF,0xF7,0x3C,0xFF,0x20,0x00,0xFF,0xF7,0x0F,0xFE,0x45,0x30,0x06,0x78,0x00,0x2E,
0x1D,0xD1,0x20,0x00,0xFF,0xF7,0x08,0xFE,0x01,0x23,0x45,0x30,0x03,0x70,0x00,0x2C,
0x08,0xD1,0x21,0x00,0x20,0x00,0x01,0xF0,0xB7,0xFD,0x0A,0x20,0x05,0xF0,0xCA,0xF8,
0x21,0x00,0x09,0xE0,0x01,0x2C,0x0A,0xD1,0x31,0x00,0x20,0x00,0x01,0xF0,0xAC,0xFD,
0x0A,0x20,0x05,0xF0,0xBF,0xF8,0x31,0x00,0x20,0x00,0x01,0xF0,0xC9,0xFD,0x00,0x2F,
0x1A,0xD0,0x2B,0x00,0x01,0x22,0x48,0x33,0x1A,0x70,0x69,0x8E,0x2A,0x8E,0x91,0x42,
0x04,0xD9,0x00,0x22,0x20,0x00,0x1A,0x70,0xFF,0xF7,0x00,0xFF,0x2F,0x60,0x08,0x4D,
// row 16
0xFA,0x22,0x2B,0x00,0x1E,0x21,0x20,0x00,0x02,0xF0,0xCA,0xF9,0x2B,0x00,0x01,0x22,
0x1F,0x21,0x20,0x00,0x02,0xF0,0xC4,0xF9,0x01,0x98,0x05,0xF0,0xBA,0xF8,0xF7,0xBD,
0x9D,0x89,0x00,0x00,0xF8,0xB5,0x04,0x00,0x0E,0x00,0xFF,0xF7,0xC5,0xFD,0x05,0x00,
0x05,0xF0,0xAB,0xF8,0x1E,0x21,0x07,0x00,0x24,0x22,0x20,0x00,0x02,0xF0,0x72,0xFA,
0x1A,0x49,0x6B,0x8E,0x20,0x00,0x8B,0x42,0x05,0xD8,0xFF,0xF7,0xC6,0xFE,0x14,0x20,
0x05,0xF0,0x80,0xF8,0x01,0xE0,0xFF,0xF7,0x67,0xFF,0xC8,0x23,0x9B,0x00,0x6B,0x86,
0x00,0x2E,0x19,0xD0,0x20,0x00,0x02,0xF0,0x29,0xFB,0x87,0x30,0x03,0x78,0x00,0x2B,
0x12,0xD0,0x20,0x00,0xFF,0xF7,0xC2,0xFE,0x96,0x22,0x2E,0x60,0x0C,0x4D,0x92,0x00,
// row 17
0x2B,0x00,0x21,0x21,0x20,0x00,0x02,0xF0,0x8B,0xF9,0x2B,0x00,0x01,0x22,0x22,0x21,
0x20,0x00,0x02,0xF0,0x85,0xF9,0x05,0xE0,0x20,0x00,0xFF,0xF7,0x9E,0xFE,0x20,0x00,
0xFF,0xF7,0xB4,0xFE,0x38,0x00,0x05,0xF0,0x74,0xF8,0xF8,0xBD,0x88,0x13,0x00,0x00,
0x9D,0x89,0x00,0x00,0xF0,0xB5,0x03,0x88,0xA1,0xB0,0x04,0x00,0x44,0x2B,0x51,0xD0,
0x07,0xD8,0x22,0x2B,0x30,0xD0,0x33,0x2B,0x40,0xD0,0x11,0x2B,0x00,0xD0,0x9D,0xE0,
0x08,0xE0,0x77,0x2B,0x00,0xD1,0x89,0xE0,0x88,0x2B,0x3A,0xD0,0x66,0x2B,0x00,0xD0,
0x94,0xE0,0x44,0xE0,0xEF,0x20,0x01,0xF0,0x2B,0xFF,0x4B,0x4D,0x02,0x00,0x0C,0x23,
0x00,0x28,0x16,0xD1,0x04,0x21,0x01,0x20,0x01,0xF0,0x14,0xFF,0x01,0xF0,0xC2,0xFF,
// row 18
0x01,0x28,0x04,0xD1,0x08,0x23,0xFF,0x33,0x2B,0x80,0xF7,0x33,0x04,0xE0,0x02,0x28,
0x03,0xD1,0x10,0x23,0x2B,0x80,0x41,0x4B,0x6B,0x80,0x68,0x88,0x01,0xF0,0x24,0xFF,
0x00,0x23,0x01,0x22,0x2A,0x71,0x67,0xE0,0x10,0x20,0x01,0xF0,0x09,0xFF,0x00,0x28,
0x06,0xD0,0x01,0x22,0x04,0x21,0x00,0x20,0x01,0xF0,0xF4,0xFE,0x00,0x23,0x01,0xE0,
0x02,0x23,0x5B,0x42,0x00,0x21,0x34,0x4A,0x11,0x71,0x55,0xE0,0x01,0xF0,0x9A,0xFF,
0x58,0xE0,0x33,0x4B,0x1A,0x78,0x10,0x07,0xC0,0x0F,0x03,0x01,0x50,0x07,0xC0,0x0F,
0x18,0x43,0x4F,0xE0,0x02,0x22,0x2C,0x4B,0x00,0x20,0x1A,0x71,0x4A,0xE0,0x80,0x22,
0x00,0x21,0x68,0x46,0x05,0xF0,0xCF,0xF9,0x01,0xF0,0x84,0xFF,0x01,0x28,0x05,0xD1,
// row 19
0xFF,0x25,0x28,0x4B,0x02,0x21,0x1F,0x68,0x6D,0x00,0x03,0xE0,0x01,0x21,0x26,0x4B,
0x22,0x4D,0x1F,0x68,0x25,0x4E,0x30,0x00,0x01,0xF0,0xE6,0xFD,0x00,0x28,0x28,0xD1,
0x7A,0x7F,0x3B,0x7F,0x12,0x02,0x1A,0x43,0xBB,0x7F,0x21,0x48,0x1B,0x04,0x13,0x43,
0x1A,0x00,0xFB,0x7F,0x1B,0x06,0x13,0x43,0x02,0x00,0x01,0x33,0x5C,0x32,0x13,0x70,
0x02,0x00,0x19,0x0A,0x5D,0x32,0x11,0x70,0x02,0x00,0x19,0x0C,0x5E,0x32,0x1B,0x0E,
0x5F,0x30,0x11,0x70,0x03,0x70,0x40,0x22,0x31,0x00,0x10,0xA8,0x05,0xF0,0x92,0xF9,
0x69,0x46,0x28,0x00,0x04,0xF0,0x7C,0xFE,0x43,0xB2,0x05,0xE0,0x72,0xB6,0x04,0xF0,
0x8F,0xFF,0x02,0x23,0x5B,0x42,0x02,0xE0,0x00,0x20,0x83,0x42,0x02,0xD0,0xFF,0x22,
// row 20
0x22,0x80,0x05,0xE0,0x00,0x02,0x20,0x80,0x00,0x23,0x01,0xE0,0x0C,0x23,0xF6,0xE7,
0x18,0x00,0x21,0xB0,0xF0,0xBD,0xC0,0x46,0x50,0x01,0x00,0x20,0xFF,0x01,0x00,0x00,
0x74,0x08,0x00,0x20,0xA4,0x00,0x00,0x20,0xA8,0x00,0x00,0x20,0x11,0x1B,0x00,0x20,
0xD1,0x1A,0x00,0x20,0x10,0xB5,0x07,0x4C,0x01,0x00,0x00,0x22,0x20,0x88,0x01,0xF0,
0xA1,0xFE,0x23,0x00,0x00,0x28,0x02,0xD1,0x22,0x88,0x01,0x32,0x22,0x80,0x01,0x22,
0x1A,0x71,0x10,0xBD,0x50,0x01,0x00,0x20,0x01,0x4B,0x18,0x79,0x70,0x47,0xC0,0x46,
0x50,0x01,0x00,0x20,0x10,0xB5,0x01,0xF0,0x0D,0xFF,0x01,0x28,0x02,0xD1,0x01,0xF0,
0x0F,0xFF,0x01,0xE0,0x01,0xF0,0x22,0xFF,0x00,0x68,0x10,0xBD,0x70,0xB5,0x01,0x20,
// row 21
0x42,0x25,0x02,0x24,0x00,0x22,0x03,0x21,0x0E,0x4B,0xDD,0x61,0x1C,0x62,0x58,0x62,
0x5A,0x63,0x40,0x32,0xD9,0x62,0x1A,0x65,0x9D,0x63,0xDC,0x63,0x18,0x64,0x99,0x64,
0x5A,0x65,0x01,0xF0,0x21,0xFF,0x08,0x4B,0x11,0x38,0x18,0x70,0x20,0x20,0x07,0x4B,
0x07,0x4A,0xD1,0x58,0x01,0x43,0xD1,0x50,0x06,0x49,0xCA,0x58,0x02,0x43,0xCA,0x50,
0x70,0xBD,0xC0,0x46,0xFC,0x00,0x01,0x40,0x56,0x01,0x00,0x20,0x68,0x08,0x00,0x00,
0x00,0x00,0x0A,0x40,0x00,0x00,0x0B,0x40,0x0C,0x4B,0x80,0x00,0xC3,0x58,0x0C,0x49,
0x82,0xB0,0x5A,0x58,0x01,0x92,0x01,0x98,0x0A,0x4A,0x02,0x40,0xE0,0x20,0x01,0x92,
0x01,0x9A,0x00,0x03,0x02,0x43,0x01,0x92,0x01,0x9A,0x5A,0x50,0x06,0x49,0x07,0x4A,
// row 22
0x58,0x58,0x02,0x40,0x5A,0x50,0x02,0xB0,0x70,0x47,0xC0,0x46,0xAC,0xE0,0x00,0x00,
0xC8,0x20,0x00,0x00,0xFF,0xFF,0x81,0xFF,0xCC,0x20,0x00,0x00,0xFF,0xFD,0xFF,0xFF,
0xF8,0xB5,0x20,0x27,0x0A,0x4B,0x80,0x00,0xC4,0x58,0x89,0x00,0x09,0x4D,0x64,0x18,
0x63,0x59,0x3B,0x42,0x0A,0xD1,0x28,0x26,0x0A,0x20,0x66,0x51,0x04,0xF0,0x0A,0xFF,
0x67,0x51,0x30,0x00,0x04,0xF0,0x06,0xFF,0xA0,0x23,0x63,0x51,0xF8,0xBD,0xC0,0x46,
0xAC,0xE0,0x00,0x00,0x6C,0x08,0x00,0x00,0x70,0xB5,0x08,0x26,0x06,0x4B,0x80,0x00,
0xC4,0x58,0x06,0x4D,0x89,0x00,0x64,0x18,0x63,0x59,0x0A,0x20,0x33,0x43,0x63,0x51,
0x04,0xF0,0xF0,0xFE,0x66,0x51,0x70,0xBD,0xAC,0xE0,0x00,0x00,0x6C,0x08,0x00,0x00,
// row 23
0x70,0xB5,0x04,0x00,0x0D,0x00,0x04,0xF0,0xB9,0xFE,0x29,0x00,0x20,0x00,0x04,0xF0,
0xA3,0xFE,0x20,0x00,0x04,0xF0,0xA8,0xFE,0x70,0xBD,0x00,0x00,0xF8,0xB5,0x05,0x00,
0x17,0x00,0x0C,0x00,0x02,0xF0,0x92,0xF9,0x03,0x00,0x67,0x33,0x28,0x4A,0x1B,0x78,
0xAD,0x00,0xAE,0x58,0x01,0x2B,0x35,0xD0,0x00,0x21,0x01,0x2C,0x01,0xD1,0x88,0x21,
0x49,0x00,0x3C,0x00,0x00,0x25,0xD2,0x19,0x53,0x7D,0x12,0x7D,0x5B,0x02,0x52,0x01,
0x13,0x43,0x0B,0x43,0xC0,0x22,0xFF,0x21,0xD2,0x00,0xB0,0x58,0x09,0x01,0x01,0x40,
0x8B,0x42,0x09,0xD0,0xB0,0x58,0x1B,0x49,0x01,0x40,0xB1,0x50,0xB1,0x58,0x32,0x20,
0x0B,0x43,0xB3,0x50,0x04,0xF0,0xAE,0xFE,0xAD,0x23,0x9B,0x00,0xF3,0x58,0x5A,0x05,
// row 24
0x03,0xD5,0x02,0x37,0x00,0x2D,0x06,0xD0,0x1F,0xE0,0xDB,0x04,0x05,0xD5,0x01,0x24,
0x00,0x2D,0x1A,0xD1,0x3F,0x19,0xFC,0xB2,0x17,0xE0,0x6B,0x42,0x5D,0x41,0x6D,0x42,
0x2C,0x40,0x12,0xE0,0x01,0x2C,0x0E,0xD1,0x88,0x24,0x64,0x00,0x8B,0x30,0x01,0x78,
0x01,0x25,0x89,0x00,0x52,0x18,0x13,0x7A,0x52,0x7A,0x5B,0x01,0x52,0x02,0x13,0x43,
0x23,0x43,0x02,0x24,0xC6,0xE7,0x00,0x24,0xF0,0xE7,0x20,0x00,0xF8,0xBD,0xC0,0x46,
0xAC,0xE0,0x00,0x00,0x0F,0xF0,0xFF,0xFF,0x70,0xB5,0xD0,0x25,0x13,0x4B,0x80,0x00,
0xC4,0x58,0xED,0x00,0x61,0x51,0x0A,0x20,0x0E,0x00,0x04,0xF0,0x73,0xFE,0xD2,0x22,
0x02,0x23,0x92,0x00,0xA3,0x50,0x08,0x32,0xA2,0x58,0x1A,0x42,0x14,0xD0,0x00,0x2E,
// row 25
0x12,0xDB,0xC1,0x23,0x9B,0x00,0xE3,0x58,0x62,0x59,0x5B,0x07,0x9B,0x0F,0x12,0x04,
0x08,0xD5,0x02,0x2B,0x08,0xD1,0xD3,0x22,0x02,0x21,0x92,0x00,0xA3,0x58,0x0B,0x43,
0xA3,0x50,0x01,0xE0,0x01,0x2B,0xF6,0xD0,0x70,0xBD,0xC0,0x46,0xAC,0xE0,0x00,0x00,
0x12,0x4B,0x82,0x00,0x70,0xB5,0xD5,0x58,0xAD,0x22,0x80,0x23,0x10,0x4C,0x92,0x00,
0x26,0x5C,0xAA,0x58,0xDB,0x01,0x1A,0x40,0x00,0x2E,0x08,0xD0,0x00,0x2A,0x04,0xD0,
0x01,0x22,0x0C,0x4B,0x11,0x00,0x1B,0x68,0x06,0xE0,0x22,0x54,0x08,0xE0,0x00,0x2A,
0x04,0xD1,0x01,0x21,0x07,0x4B,0x1B,0x68,0x98,0x47,0x06,0xE0,0x01,0x23,0x23,0x54,
0xFA,0x22,0x05,0x4B,0x52,0x00,0x01,0xF0,0x53,0xFF,0x70,0xBD,0xAC,0xE0,0x00,0x00,
// row 26
0x9C,0x00,0x00,0x20,0x58,0x01,0x00,0x20,0x31,0x90,0x00,0x00,0x02,0x4B,0x99,0x70,
0x02,0x4B,0x6C,0x33,0x18,0x70,0x70,0x47,0x9C,0x00,0x00,0x20,0x58,0x03,0x00,0x20,
0xF8,0xB5,0x12,0x4B,0x1B,0x79,0x00,0x2B,0x1F,0xD0,0x80,0x26,0x10,0x4C,0x11,0x4F,
0x76,0x02,0xE3,0x59,0x33,0x42,0x18,0xD1,0xFB,0x25,0x01,0x22,0xED,0x00,0x63,0x59,
0xC8,0x20,0x13,0x43,0x63,0x51,0x63,0x59,0x93,0x40,0xD3,0x40,0x63,0x51,0x04,0xF0,
0x01,0xFE,0x04,0xF0,0x1A,0xFE,0xE3,0x59,0x33,0x42,0x04,0xD1,0x80,0x22,0x63,0x59,
0x12,0x06,0x13,0x43,0x63,0x51,0x04,0xF0,0x14,0xFE,0xF8,0xBD,0x9C,0x00,0x00,0x20,
0x00,0x00,0x0A,0x40,0x1C,0x06,0x00,0x00,0x70,0x47,0x00,0x00,0x01,0x4B,0x18,0x60,
// row 27
0x70,0x47,0xC0,0x46,0x58,0x01,0x00,0x20,0x01,0x4B,0x18,0x67,0x70,0x47,0xC0,0x46,
0x58,0x03,0x00,0x20,0x13,0x4B,0x82,0x00,0xD3,0x58,0x9A,0x22,0x52,0x00,0x50,0x43,
0x11,0x4A,0x10,0xB5,0x10,0x18,0x1A,0x00,0x41,0x60,0x00,0x20,0x0F,0x49,0xA8,0x32,
0x10,0x60,0xD1,0x60,0x0F,0x21,0x51,0x61,0x1E,0x31,0xFF,0x31,0x91,0x62,0x0C,0x49,
0xD1,0x62,0xA1,0x21,0xC9,0x00,0x5C,0x58,0x0A,0x4A,0x22,0x40,0x5A,0x50,0x19,0x00,
0xE8,0x31,0x0A,0x68,0x08,0x4C,0x92,0xB2,0x22,0x43,0x0A,0x60,0x07,0x4A,0xC0,0x33,
0x1A,0x60,0x10,0xBD,0xAC,0xE0,0x00,0x00,0x58,0x01,0x00,0x20,0x0F,0x02,0x00,0x00,
0x0A,0x40,0x41,0x01,0x00,0x04,0x08,0xC0,0x02,0x00,0x0F,0x7E,0x41,0x00,0x41,0x00,
// row 28
0x14,0x4B,0x82,0x00,0x70,0xB5,0xD4,0x58,0x0D,0x00,0x02,0xF0,0x5F,0xF8,0x22,0x00,
0xBC,0x32,0x11,0x68,0x10,0x4B,0x0B,0x40,0xA9,0x07,0x01,0xD4,0x82,0x21,0x00,0xE0,
0x86,0x21,0xC9,0x01,0x0B,0x43,0x69,0x07,0x02,0xD5,0x80,0x21,0xC9,0x00,0x0B,0x43,
0x41,0x21,0x13,0x60,0xC4,0x34,0x23,0x68,0x1B,0x0C,0x1B,0x04,0x19,0x43,0x03,0x00,
0x66,0x30,0x67,0x33,0x1B,0x78,0x02,0x78,0x1B,0x02,0x52,0x01,0x13,0x43,0x0B,0x43,
0x23,0x60,0x70,0xBD,0xAC,0xE0,0x00,0x00,0xFF,0x80,0xFF,0xFF,0x02,0x21,0x03,0x4B,
0x80,0x00,0xC2,0x58,0x53,0x68,0x8B,0x43,0x53,0x60,0x70,0x47,0xAC,0xE0,0x00,0x00,
0x22,0x4B,0xF7,0xB5,0x82,0x00,0xD4,0x58,0x21,0x4D,0x23,0x00,0xA0,0x33,0x1A,0x68,
// row 29
0x9A,0x23,0x5B,0x00,0x43,0x43,0xEB,0x18,0x29,0x33,0xFF,0x33,0x1E,0x78,0x00,0x2E,
0x01,0xD1,0x00,0x20,0x30,0xE0,0x00,0x29,0x06,0xD1,0x1F,0x23,0x08,0x25,0x13,0x40,
0x07,0x2B,0x03,0xD8,0x29,0x00,0x01,0xE0,0x10,0x25,0x00,0x21,0x9A,0x22,0x0B,0x00,
0x52,0x00,0x50,0x43,0x12,0x4A,0x12,0x18,0x01,0x92,0x4A,0x19,0x93,0x42,0x1A,0xDA,
0xFC,0x20,0x84,0x46,0x01,0x98,0x01,0x9F,0x84,0x44,0x60,0x46,0x2A,0x37,0xFF,0x37,
0x3A,0x78,0x80,0x69,0x92,0x00,0x12,0x58,0x94,0x46,0x60,0x46,0x1A,0x1D,0x92,0x00,
0x10,0x51,0x3A,0x78,0x01,0x32,0xD2,0xB2,0x3A,0x70,0x3A,0x78,0x96,0x42,0xD0,0xD9,
0x01,0x33,0xDB,0xB2,0xE1,0xE7,0x01,0x20,0xFE,0xBD,0xC0,0x46,0xAC,0xE0,0x00,0x00,
// row 30
0x58,0x01,0x00,0x20,0xF0,0xB5,0x85,0xB0,0x9C,0x46,0x0A,0xAB,0x02,0x92,0x04,0xCB,
0x06,0x00,0x01,0x92,0x9A,0x22,0x52,0x00,0x72,0x43,0x1B,0x78,0x1C,0x4C,0x1D,0x48,
0x03,0x93,0xA2,0x18,0xB3,0x00,0x1D,0x58,0x13,0x00,0x0C,0x9F,0xFC,0x33,0x9F,0x61,
0x67,0x46,0x2C,0x33,0x1F,0x70,0x6B,0x46,0x2B,0x32,0x1B,0x7B,0xFF,0x32,0x13,0x70,
0x02,0x29,0x06,0xD1,0x2A,0x00,0x80,0x27,0xBC,0x32,0x13,0x68,0xFF,0x00,0x3B,0x43,
0x13,0x60,0x8B,0x00,0xC0,0x18,0x2B,0x00,0x82,0x69,0xC8,0x33,0x1A,0x60,0xE0,0x23,
0x01,0x20,0x01,0x9A,0x1B,0x01,0x13,0x40,0x01,0x31,0x03,0x43,0x09,0x04,0x19,0x43,
0x2B,0x00,0xAC,0x33,0x19,0x60,0xEA,0x60,0x6B,0x46,0x08,0x22,0x9A,0x56,0x9A,0x23,
// row 31
0x5B,0x00,0x5E,0x43,0xA4,0x19,0x2C,0x34,0xFF,0x34,0x22,0x70,0x05,0xB0,0xF0,0xBD,
0x58,0x01,0x00,0x20,0xAC,0xE0,0x00,0x00,0x02,0x22,0x08,0x4B,0x80,0x00,0x10,0xB5,
0xC4,0x58,0xFF,0x32,0xDC,0x34,0x23,0x68,0x05,0x20,0x13,0x43,0x23,0x60,0x04,0xF0,
0xD1,0xFC,0x22,0x68,0x02,0x4B,0x13,0x40,0x23,0x60,0x10,0xBD,0xAC,0xE0,0x00,0x00,
0xFE,0xFE,0xFF,0xFF,0xF8,0xB5,0xA1,0x27,0x3E,0x4B,0x82,0x00,0xD4,0x58,0xFF,0x00,
0xE2,0x59,0x3D,0x4B,0x06,0x00,0x13,0x40,0xE3,0x51,0xA0,0x23,0x3B,0x4A,0xDB,0x00,
0xE2,0x50,0x9A,0x23,0x5B,0x00,0x73,0x43,0x39,0x48,0xC3,0x18,0x19,0x00,0x2C,0x31,
0xFF,0x31,0x0A,0x78,0x05,0x00,0x52,0xB2,0x00,0x2A,0x06,0xDA,0x80,0x21,0x35,0x4A,
// row 32
0x89,0x01,0xA3,0x58,0x0B,0x43,0xA3,0x50,0x5A,0xE0,0x22,0x00,0xA4,0x32,0x10,0x68,
0x31,0x4A,0x02,0x40,0x0D,0xD0,0x0A,0x78,0x5B,0x68,0x01,0x3A,0x52,0xB2,0x0A,0x70,
0x80,0x21,0xE2,0x59,0x49,0x01,0x0A,0x43,0xE2,0x51,0x00,0x21,0x30,0x00,0x98,0x47,
0x46,0xE0,0x2A,0x33,0xFF,0x33,0x1A,0x70,0x01,0x21,0x30,0x00,0xFF,0xF7,0x18,0xFF,
0x00,0x28,0x04,0xD0,0x80,0x22,0xE3,0x59,0xD2,0x02,0x13,0x43,0xE3,0x51,0xA1,0x22,
0xD2,0x00,0xA3,0x58,0x21,0x49,0x0B,0x43,0xA3,0x50,0x9A,0x23,0x5B,0x00,0x1A,0x00,
0x72,0x43,0xAA,0x18,0x2B,0x32,0xFF,0x32,0x12,0x78,0x02,0x21,0x01,0x2A,0x02,0xD1,
0x62,0x68,0x0A,0x43,0x01,0xE0,0x62,0x68,0x8A,0x43,0x73,0x43,0xEB,0x18,0x2C,0x33,
// row 33
0x62,0x60,0xFF,0x33,0xC4,0x34,0x22,0x68,0x1B,0x78,0x00,0x2B,0x03,0xD0,0x80,0x23,
0x1B,0x03,0x13,0x43,0x01,0xE0,0x12,0x4B,0x13,0x40,0x9A,0x20,0x80,0x22,0x40,0x00,
0x70,0x43,0x92,0x02,0x28,0x18,0x13,0x43,0x02,0x00,0x00,0x21,0x2D,0x32,0xFF,0x32,
0x2C,0x30,0x11,0x70,0xFF,0x30,0x02,0x78,0x01,0x3A,0x52,0xB2,0x02,0x70,0x23,0x60,
0x01,0x20,0xF8,0xBD,0xAC,0xE0,0x00,0x00,0xFF,0xEF,0xFF,0xFF,0x98,0xF0,0x14,0x00,
0x58,0x01,0x00,0x20,0x04,0x05,0x00,0x00,0x01,0x20,0x00,0x00,0x88,0xE0,0x00,0x00,
0xFF,0xFF,0xF7,0xFF,0x0B,0x4B,0x82,0x00,0xD2,0x58,0x9A,0x23,0x5B,0x00,0x58,0x43,
0x09,0x4B,0x10,0xB5,0x1B,0x18,0x00,0x20,0x2E,0x33,0xFF,0x33,0x18,0x70,0xA0,0x23,
// row 34
0x06,0x49,0xDB,0x00,0xD1,0x50,0xA1,0x21,0xC9,0x00,0x53,0x58,0x04,0x4C,0x23,0x43,
0x53,0x50,0x10,0xBD,0xAC,0xE0,0x00,0x00,0x58,0x01,0x00,0x20,0x7F,0x06,0x09,0x04,
0x00,0x06,0x01,0x04,0x10,0x4B,0x80,0x00,0xC3,0x58,0x30,0xB5,0x18,0x00,0xBC,0x30,
0x04,0x68,0x0E,0x4A,0x22,0x40,0x02,0x60,0xA1,0x22,0xD2,0x00,0x9D,0x58,0x0C,0x4C,
0x2C,0x40,0x9C,0x50,0x00,0x29,0x09,0xD0,0x80,0x24,0x01,0x68,0xE4,0x01,0x21,0x43,
0x01,0x60,0x80,0x20,0x99,0x58,0x80,0x00,0x01,0x43,0x99,0x50,0xA0,0x22,0x05,0x49,
0xD2,0x00,0x00,0x20,0x99,0x50,0x30,0xBD,0xAC,0xE0,0x00,0x00,0xFF,0x80,0xFF,0xFF,
0xFF,0xF9,0xFE,0xFB,0x00,0x06,0x01,0x04,0x80,0x22,0x09,0x4B,0x80,0x00,0x10,0xB5,
// row 35
0xC4,0x58,0x52,0x03,0xC4,0x34,0x23,0x68,0x32,0x20,0x13,0x43,0x23,0x60,0x04,0xF0,
0xE1,0xFB,0x80,0x22,0x23,0x68,0x52,0x02,0x13,0x43,0x00,0x20,0x23,0x60,0x10,0xBD,
0xAC,0xE0,0x00,0x00,0x06,0x4B,0x80,0x00,0xC3,0x58,0x06,0x4A,0xC4,0x33,0x19,0x68,
0x00,0x20,0x0A,0x40,0x1A,0x60,0x19,0x68,0x03,0x4A,0x0A,0x40,0x1A,0x60,0x70,0x47,
0xAC,0xE0,0x00,0x00,0xFF,0xFF,0xFE,0xFF,0xFF,0xFF,0xEF,0xFF,0x0B,0x4B,0x82,0x00,
0xD2,0x58,0x9A,0x23,0x5B,0x00,0x58,0x43,0x09,0x4B,0xA1,0x21,0x1B,0x18,0x00,0x20,
0x2D,0x33,0xFF,0x33,0x10,0xB5,0xC9,0x00,0x18,0x70,0x54,0x58,0x05,0x4B,0x23,0x40,
0x53,0x50,0xA0,0x23,0x04,0x49,0xDB,0x00,0xD1,0x50,0x10,0xBD,0xAC,0xE0,0x00,0x00,
// row 36
0x58,0x01,0x00,0x20,0x77,0x0F,0xEB,0xFF,0x88,0xF0,0x14,0x00,0xF8,0xB5,0x1A,0x4D,
0x83,0x00,0x0E,0x00,0x5C,0x59,0x05,0x29,0x01,0xD1,0xFF,0xF7,0xBD,0xFE,0xA0,0x23,
0xA1,0x22,0x16,0x49,0xDB,0x00,0xE1,0x50,0xD2,0x00,0xA3,0x58,0x0B,0x43,0xA3,0x50,
0xB3,0x00,0xED,0x18,0x23,0x00,0xAA,0x69,0xCC,0x33,0x1A,0x60,0x05,0x2E,0x07,0xD0,
0x80,0x22,0xC4,0x34,0x23,0x68,0xD2,0x02,0x13,0x43,0x23,0x60,0x00,0x20,0x11,0xE0,
0x0A,0x25,0x27,0x00,0xA4,0x37,0x3B,0x68,0x09,0x4E,0x33,0x42,0x06,0xD0,0x01,0x3D,
0x0A,0x20,0xED,0xB2,0x04,0xF0,0x76,0xFB,0x00,0x2D,0xF2,0xD1,0x3B,0x68,0x0F,0x20,
0x33,0x42,0xE5,0xD0,0xF8,0xBD,0xC0,0x46,0xAC,0xE0,0x00,0x00,0x00,0x01,0x02,0x00,
// row 37
0x07,0x20,0x00,0x00,0x9A,0x23,0x5B,0x00,0x58,0x43,0x02,0x4B,0x18,0x18,0x08,0x30,
0x70,0x47,0xC0,0x46,0x58,0x01,0x00,0x20,0xF0,0xB5,0x83,0x00,0x85,0xB0,0x02,0x93,
0x99,0x4B,0x82,0x00,0xD6,0x58,0x99,0x4B,0x07,0x00,0xF2,0x58,0x01,0x93,0x00,0x2A,
0x00,0xD1,0xC8,0xE1,0xF3,0x58,0x9B,0x05,0x11,0xD5,0x9A,0x23,0x5B,0x00,0x43,0x43,
0x93,0x4A,0x00,0x21,0xD3,0x18,0x1A,0x00,0x2D,0x32,0xFF,0x32,0x11,0x70,0x5B,0x68,
0x08,0x31,0x98,0x47,0x88,0x22,0xA0,0x23,0x92,0x00,0xDB,0x00,0xF2,0x50,0x01,0x9B,
0xF2,0x58,0x80,0x23,0x1A,0x42,0x0A,0xD0,0xA0,0x22,0xD2,0x00,0xB3,0x50,0xB4,0x33,
0x7B,0x43,0x87,0x4A,0xD3,0x18,0x01,0x22,0x2D,0x33,0xFF,0x33,0x1A,0x70,0x01,0x9B,
// row 38
0xF3,0x58,0x5B,0x01,0x74,0xD5,0xA0,0x21,0xC9,0x00,0x74,0x58,0x23,0x07,0x23,0xD5,
0x30,0x23,0x23,0x40,0x10,0x2B,0x1F,0xD1,0x25,0x33,0xFF,0x33,0x7B,0x43,0x7C,0x4A,
0xD3,0x18,0x1A,0x00,0x2D,0x32,0xFF,0x32,0x10,0x78,0x01,0x28,0x14,0xD1,0x00,0x20,
0x10,0x70,0x30,0x00,0x80,0x25,0xAC,0x30,0x02,0x68,0x2D,0x03,0x2A,0x43,0x02,0x60,
0xA1,0x20,0xC0,0x00,0x35,0x58,0x73,0x4A,0x5B,0x68,0x2A,0x40,0x32,0x50,0x72,0x4A,
0x38,0x00,0x72,0x50,0x03,0x21,0x98,0x47,0xE3,0x07,0x45,0xD5,0x20,0x23,0x23,0x40,
0x42,0xD1,0x9A,0x22,0x52,0x00,0x7A,0x43,0x69,0x4C,0x94,0x46,0xA2,0x18,0x11,0x00,
0xA1,0x20,0x2D,0x31,0xFF,0x31,0x0B,0x70,0xC0,0x00,0x35,0x58,0x67,0x49,0x29,0x40,
// row 39
0x31,0x50,0x80,0x20,0xA0,0x21,0x40,0x01,0xC9,0x00,0x70,0x50,0x31,0x00,0xA4,0x31,
0x09,0x68,0xF0,0x6D,0x89,0x06,0x49,0x0F,0x01,0x39,0x11,0x72,0x60,0x49,0x01,0x40,
0xD1,0x60,0x51,0x7B,0x49,0x06,0x49,0x0F,0x51,0x72,0xC8,0xB2,0x11,0x7B,0xC9,0x06,
0xC9,0x0E,0x91,0x72,0x11,0x7B,0x89,0x06,0xC9,0x0F,0xD1,0x72,0x22,0x00,0x04,0x34,
0x83,0x42,0x09,0xD2,0x19,0x00,0x18,0x31,0x89,0x00,0x8D,0x59,0x99,0x00,0x61,0x44,
0x61,0x18,0xCD,0x60,0x01,0x33,0xF3,0xE7,0x9A,0x23,0x5B,0x00,0x7B,0x43,0xD2,0x18,
0x53,0x68,0x06,0x21,0x38,0x00,0x98,0x47,0xA0,0x23,0x4E,0x4A,0xDB,0x00,0xF2,0x50,
0x80,0x24,0x01,0x9B,0xE4,0x00,0xF3,0x58,0x23,0x42,0x0B,0xD0,0x9A,0x23,0x5B,0x00,
// row 40
0x7B,0x43,0x43,0x4A,0x07,0x21,0xD3,0x18,0x5B,0x68,0x38,0x00,0x98,0x47,0xA0,0x23,
0xDB,0x00,0xF4,0x50,0x80,0x24,0x01,0x9B,0x64,0x02,0xF3,0x58,0x23,0x42,0x0B,0xD0,
0x9A,0x23,0x5B,0x00,0x7B,0x43,0x3A,0x4A,0x07,0x21,0xD3,0x18,0x5B,0x68,0x38,0x00,
0x98,0x47,0xA0,0x23,0xDB,0x00,0xF4,0x50,0x80,0x22,0x01,0x9B,0x52,0x01,0xF3,0x58,
0x13,0x42,0x11,0xD0,0xA1,0x21,0xC9,0x00,0x70,0x58,0x34,0x4B,0x03,0x40,0x73,0x50,
0xA0,0x23,0xDB,0x00,0xF2,0x50,0x9A,0x23,0x5B,0x00,0x7B,0x43,0x2C,0x4A,0x01,0x21,
0xD3,0x18,0x5B,0x68,0x38,0x00,0x98,0x47,0x80,0x24,0x01,0x9B,0xE4,0x02,0xF3,0x58,
0x23,0x42,0x0E,0xD0,0x00,0x21,0x38,0x00,0xFF,0xF7,0xFA,0xFC,0x00,0x28,0x05,0xD1,
// row 41
0xA1,0x22,0xD2,0x00,0xB1,0x58,0x28,0x4B,0x0B,0x40,0xB3,0x50,0xA0,0x23,0xDB,0x00,
0xF4,0x50,0x01,0x9B,0xF3,0x58,0x9B,0x04,0x5E,0xD5,0x9A,0x23,0x5B,0x00,0x7B,0x43,
0x1B,0x4C,0x00,0x21,0xE3,0x18,0x1A,0x00,0x2D,0x32,0xFF,0x32,0x11,0x70,0x19,0x00,
0x2C,0x31,0xFF,0x31,0x0A,0x78,0x03,0x94,0x52,0xB2,0x00,0x2A,0x0A,0xDA,0xA1,0x21,
0xC9,0x00,0x70,0x58,0x13,0x4A,0x5B,0x68,0x02,0x40,0x72,0x50,0x38,0x00,0x02,0x21,
0x98,0x47,0x3C,0xE0,0x0B,0x78,0x00,0x2B,0x2E,0xD0,0xA0,0x23,0x80,0x22,0x35,0x00,
0x80,0x24,0xDB,0x00,0x52,0x03,0xF2,0x50,0x05,0x20,0xC4,0x35,0x04,0xF0,0x32,0xFA,
0x2B,0x68,0x24,0x03,0x23,0x42,0x19,0xD0,0xA1,0x22,0x80,0x21,0xD2,0x00,0xB3,0x58,
// row 42
0x49,0x03,0x0B,0x43,0xB3,0x50,0x17,0xE0,0xAC,0xE0,0x00,0x00,0x0C,0x05,0x00,0x00,
0x58,0x01,0x00,0x20,0x77,0x1F,0xFF,0xFF,0x88,0xE0,0x00,0x00,0xFF,0xEF,0xFF,0xFF,
0xEF,0x7F,0xFF,0xFF,0x7F,0x00,0x08,0x04,0xFF,0xFF,0xFB,0xFF,0x05,0x20,0x04,0xF0,
0x11,0xFA,0x2B,0x68,0x23,0x43,0x2B,0x60,0x9A,0x23,0x5B,0x00,0x7B,0x43,0x03,0x9A,
0xD4,0x18,0x2C,0x34,0xFF,0x34,0x23,0x78,0x01,0x3B,0x5B,0xB2,0x23,0x70,0x80,0x22,
0xA0,0x23,0x92,0x01,0xDB,0x00,0xF2,0x50,0x80,0x24,0x01,0x9B,0x64,0x03,0xF3,0x58,
0x23,0x42,0x12,0xD0,0x05,0x20,0x04,0xF0,0xF5,0xF9,0x32,0x00,0x80,0x21,0xC4,0x32,
0x13,0x68,0x09,0x03,0x0B,0x43,0x13,0x60,0xA1,0x22,0xD2,0x00,0xB1,0x58,0x40,0x4B,
// row 43
0x0B,0x40,0xB3,0x50,0xA0,0x23,0xDB,0x00,0xF4,0x50,0x01,0x9B,0xF2,0x58,0xC0,0x23,
0x1B,0x02,0x1A,0x42,0x1F,0xD0,0xD0,0x22,0xA0,0x23,0x12,0x02,0xDB,0x00,0xF2,0x50,
0xA1,0x22,0x80,0x24,0xD2,0x00,0xB3,0x58,0x64,0x01,0x23,0x43,0xB3,0x50,0x0A,0x20,
0x04,0xF0,0xD0,0xF9,0x33,0x00,0xA4,0x33,0x1A,0x68,0x32,0x4B,0x1A,0x42,0x01,0xD1,
0x31,0x4B,0xF4,0x50,0x9A,0x23,0x5B,0x00,0x7B,0x43,0x30,0x4A,0x00,0x21,0xD3,0x18,
0x5B,0x68,0x38,0x00,0x98,0x47,0x01,0x9B,0xF3,0x58,0xDB,0x05,0x17,0xD5,0x9A,0x23,
0x5B,0x00,0x7B,0x43,0x29,0x4A,0x00,0x21,0xD3,0x18,0x1A,0x00,0x2D,0x32,0xFF,0x32,
0x11,0x70,0x5B,0x68,0x05,0x31,0x38,0x00,0x98,0x47,0xA1,0x22,0xD2,0x00,0xB1,0x58,
// row 44
0x23,0x4B,0x0B,0x40,0xB3,0x50,0xA0,0x23,0x22,0x4A,0xDB,0x00,0xF2,0x50,0x01,0x9B,
0xF3,0x58,0x9B,0x03,0x17,0xD5,0x9A,0x23,0x5B,0x00,0x7B,0x43,0x1B,0x4A,0x00,0x21,
0xD3,0x18,0x1A,0x00,0x2D,0x32,0xFF,0x32,0x11,0x70,0xA1,0x21,0xC9,0x00,0x70,0x58,
0x17,0x4A,0x5B,0x68,0x02,0x40,0x72,0x50,0xA0,0x22,0x16,0x49,0xD2,0x00,0xB1,0x50,
0x38,0x00,0x04,0x21,0x98,0x47,0x14,0x4B,0xF2,0x58,0x00,0x2A,0x16,0xD0,0x20,0x22,
0xF1,0x58,0x11,0x42,0x02,0xD0,0xA2,0x21,0xC9,0x00,0x72,0x50,0xF2,0x58,0x40,0x23,
0x1A,0x42,0x0B,0xD0,0xA2,0x22,0xD2,0x00,0xB3,0x50,0x0C,0x4B,0x02,0x9A,0x9B,0x18,
0x5B,0x6F,0x00,0x2B,0x02,0xD0,0x04,0x21,0x38,0x00,0x98,0x47,0x05,0xB0,0xF0,0xBD,
// row 45
0xFF,0xFF,0xEF,0xFF,0x07,0x20,0x00,0x00,0x04,0x05,0x00,0x00,0x58,0x01,0x00,0x20,
0xFF,0xFE,0xFD,0xFF,0x00,0x01,0x02,0x00,0x1C,0x05,0x00,0x00,0x58,0x03,0x00,0x20,
0x10,0xB5,0x00,0x20,0xFF,0xF7,0xF8,0xFD,0x10,0xBD,0x10,0xB5,0x01,0x20,0xFF,0xF7,
0xF3,0xFD,0x10,0xBD,0xC0,0x22,0x12,0x4B,0x80,0x00,0xC3,0x58,0xD2,0x00,0x98,0x58,
0x10,0x49,0x10,0xB5,0x01,0x40,0xE0,0x20,0x99,0x50,0x99,0x58,0x00,0x03,0x01,0x43,
0x99,0x50,0xAA,0x21,0x89,0x00,0x58,0x58,0x0B,0x4A,0x02,0x40,0x5A,0x50,0xC1,0x22,
0x01,0x20,0x92,0x00,0x99,0x58,0x81,0x43,0x99,0x50,0x99,0x58,0x0F,0x30,0x01,0x43,
0x99,0x50,0x00,0x21,0x08,0x00,0xFF,0xF7,0x13,0xFA,0x00,0x20,0x10,0xBD,0xC0,0x46,
// row 46
0xAC,0xE0,0x00,0x00,0xFF,0xFF,0xF1,0xCF,0xFE,0xFB,0xFF,0xFF,0xF8,0xB5,0x4D,0x4B,
0x82,0x00,0xD4,0x58,0xC1,0x23,0x06,0x00,0x08,0x20,0xDB,0x00,0xE2,0x58,0x82,0x43,
0xE2,0x50,0x01,0x2E,0x03,0xD1,0x48,0x49,0xCA,0x58,0x82,0x43,0xCA,0x50,0xC0,0x25,
0x00,0x21,0xED,0x00,0x63,0x59,0x08,0x00,0x5B,0x00,0x5B,0x08,0x63,0x51,0xFF,0xF7,
0xEF,0xF9,0x32,0x20,0x04,0xF0,0x06,0xF9,0x0A,0x22,0x80,0x21,0xA9,0x20,0x63,0x59,
0x09,0x02,0x13,0x43,0x3D,0x4A,0x63,0x51,0xA3,0x58,0x80,0x00,0x0B,0x43,0xA3,0x50,
0x22,0x58,0x3B,0x4B,0x3B,0x49,0x1A,0x40,0x0A,0x43,0x22,0x50,0xAA,0x22,0x92,0x00,
0xA0,0x58,0xC0,0x25,0x03,0x40,0x0B,0x43,0xC0,0x21,0xA3,0x50,0x08,0x3A,0xA3,0x58,
// row 47
0x89,0x03,0x0B,0x43,0xAC,0x21,0xA3,0x50,0x33,0x4A,0x89,0x00,0x62,0x50,0x60,0x58,
0x32,0x4B,0x6D,0x01,0x18,0x43,0x60,0x50,0xB0,0x20,0x08,0x31,0x65,0x50,0x80,0x00,
0x21,0x58,0x29,0x43,0x21,0x50,0xAD,0x21,0x89,0x00,0x60,0x58,0x0D,0x00,0x01,0x02,
0x06,0xD5,0xAF,0x20,0x80,0x27,0x80,0x00,0x21,0x58,0x3F,0x01,0x39,0x43,0x21,0x50,
0x61,0x59,0x89,0x01,0x06,0xD5,0xAF,0x20,0x80,0x25,0x80,0x00,0x21,0x58,0x6D,0x01,
0x29,0x43,0x21,0x50,0xC9,0x21,0x89,0x00,0x62,0x50,0x62,0x58,0x01,0x27,0x13,0x43,
0x63,0x50,0xC0,0x21,0xD2,0x23,0xD4,0x22,0xA8,0x25,0xC9,0x03,0x9B,0x00,0xE1,0x50,
0x92,0x00,0xA3,0x58,0xAD,0x00,0x0B,0x43,0xA3,0x50,0x19,0x4A,0x0A,0x20,0xA3,0x58,
// row 48
0x3B,0x43,0xA3,0x50,0x62,0x59,0x17,0x4B,0xB7,0x40,0x13,0x40,0xC0,0x22,0x63,0x51,
0x63,0x59,0x52,0x01,0x13,0x43,0x63,0x51,0x04,0xF0,0x9C,0xF8,0x80,0x22,0x63,0x59,
0xD2,0x00,0x13,0x43,0x63,0x51,0xAE,0x23,0x80,0x21,0x9B,0x00,0x41,0x3A,0xE1,0x50,
0xFF,0x3A,0xA3,0x58,0x00,0x20,0x0B,0x43,0xA3,0x50,0x0B,0x4B,0xDA,0x6F,0x17,0x43,
0xDF,0x67,0xF8,0xBD,0xAC,0xE0,0x00,0x00,0x00,0x00,0x0A,0x40,0x04,0x06,0x00,0x00,
0xFE,0xFB,0xFF,0xFF,0x10,0x40,0x00,0x00,0x84,0x24,0x24,0x00,0x01,0x08,0x00,0x00,
0x68,0x08,0x00,0x00,0xFF,0xA3,0xFF,0xFF,0x58,0x03,0x00,0x20,0xF7,0xB5,0xAE,0x26,
0x80,0x27,0xB0,0x25,0x25,0x4B,0x82,0x00,0xD4,0x58,0xA8,0x22,0xB6,0x00,0xA7,0x51,
// row 49
0xAD,0x00,0x63,0x59,0x92,0x00,0xBB,0x43,0x63,0x51,0xA1,0x58,0x20,0x4B,0x01,0x90,
0x0B,0x40,0xA3,0x50,0x0A,0x20,0x04,0xF0,0x5D,0xF8,0xD4,0x22,0xA7,0x51,0x92,0x00,
0xA1,0x58,0x1C,0x4B,0x0B,0x40,0xA3,0x50,0xC0,0x22,0xD2,0x23,0xC9,0x21,0xD2,0x03,
0x9B,0x00,0xE2,0x50,0x89,0x00,0x62,0x58,0x17,0x4B,0x1A,0x40,0x62,0x50,0xC0,0x22,
0x52,0x01,0xA2,0x51,0x61,0x59,0x15,0x4A,0x0A,0x40,0x62,0x51,0xAC,0x22,0x92,0x00,
0xA1,0x58,0x0B,0x40,0xA3,0x50,0xC0,0x22,0x80,0x21,0xD2,0x00,0xA3,0x58,0x09,0x06,
0x0B,0x43,0xA3,0x50,0x01,0x23,0x01,0x9A,0x93,0x40,0x0D,0x4A,0xD0,0x6F,0x98,0x43,
0xD0,0x67,0x08,0xD1,0x01,0x00,0xFF,0xF7,0x2F,0xF9,0xC1,0x22,0x08,0x21,0xD2,0x00,
// row 50
0xA3,0x58,0x0B,0x43,0xA3,0x50,0x00,0x20,0xFE,0xBD,0xC0,0x46,0xAC,0xE0,0x00,0x00,
0xFF,0xA3,0xFF,0xFF,0xFF,0xFF,0x9F,0xFF,0xFE,0xF7,0xFF,0xFF,0xFF,0xE7,0xFF,0xFF,
0x58,0x03,0x00,0x20,0x10,0xB5,0x04,0x00,0x01,0xF0,0xD0,0xFA,0x00,0x2C,0x01,0xD1,
0x0A,0x4B,0x00,0xE0,0x0A,0x4B,0x02,0x00,0x67,0x32,0x12,0x78,0x00,0x2A,0x0B,0xD1,
0x18,0x21,0x1A,0x68,0x68,0x30,0x8A,0x43,0x1A,0x60,0x02,0x78,0x03,0x2A,0x03,0xD1,
0x1A,0x68,0x08,0x39,0x0A,0x43,0x1A,0x60,0x10,0xBD,0xC0,0x46,0x00,0xFF,0x0A,0x40,
0x00,0xFF,0x0B,0x40,0xF8,0xB5,0x07,0x00,0x0E,0x00,0x14,0x00,0x01,0x28,0x2D,0xD8,
0x00,0x21,0x17,0x4B,0x82,0x00,0x08,0x00,0xD5,0x58,0xFF,0xF7,0xD1,0xF8,0x00,0x2F,
// row 51
0x03,0xD1,0x14,0x4B,0xE2,0x5C,0x14,0x4B,0x02,0xE0,0x14,0x4B,0xE2,0x5C,0x14,0x4B,
0x00,0x2E,0x01,0xD1,0x5A,0x60,0x00,0xE0,0x9A,0x60,0x18,0x21,0x1A,0x68,0x8A,0x43,
0x1A,0x60,0x02,0x2C,0x04,0xD1,0x1A,0x68,0x08,0x39,0x0A,0x43,0x1A,0x60,0x01,0x34,
0xC0,0x23,0xDB,0x00,0xE9,0x58,0x0B,0x4A,0xA4,0x06,0x0A,0x40,0x14,0x43,0x82,0x22,
0x00,0x2E,0x00,0xD0,0x84,0x22,0xD2,0x05,0x14,0x43,0xEC,0x50,0xF8,0xBD,0xC0,0x46,
0xAC,0xE0,0x00,0x00,0x10,0xF2,0xFF,0x0F,0x00,0xFF,0x0A,0x40,0x90,0xF2,0xFF,0x0F,
0x00,0xFF,0x0B,0x40,0xFF,0xFF,0xFF,0xF3,0x06,0x4B,0x80,0x00,0xC2,0x58,0xC0,0x23,
0xDB,0x00,0xD0,0x58,0x00,0x29,0x01,0xD1,0x03,0x49,0x00,0xE0,0x03,0x49,0x01,0x40,
// row 52
0xD1,0x50,0x70,0x47,0xAC,0xE0,0x00,0x00,0xFF,0xFF,0xFF,0xFE,0xFF,0xFF,0xFF,0xFD,
0x04,0x4B,0x80,0x00,0xC1,0x58,0x04,0x4A,0x04,0x4B,0x88,0x58,0x03,0x40,0x8B,0x50,
0x70,0x47,0xC0,0x46,0xAC,0xE0,0x00,0x00,0x04,0x06,0x00,0x00,0xFF,0xFB,0xFF,0xFF,
0xC0,0x22,0x08,0x4B,0x80,0x00,0xC0,0x58,0xD2,0x00,0x83,0x58,0x00,0x29,0x02,0xD1,
0xA0,0x21,0xC9,0x03,0x01,0xE0,0xA0,0x21,0x09,0x04,0x0B,0x43,0x02,0x49,0x0B,0x40,
0x83,0x50,0x70,0x47,0xAC,0xE0,0x00,0x00,0xFF,0xFF,0xFF,0xBF,0xC0,0x22,0x0A,0x4B,
0x80,0x00,0x10,0xB5,0xC4,0x58,0xD2,0x00,0xA3,0x58,0x10,0x00,0x00,0x29,0x04,0xD1,
0x06,0x4A,0x13,0x40,0x80,0x22,0x52,0x03,0x03,0xE0,0x05,0x4A,0x13,0x40,0x80,0x22,
// row 53
0x92,0x03,0x13,0x43,0x23,0x50,0x10,0xBD,0xAC,0xE0,0x00,0x00,0xFF,0xFF,0xBF,0xFF,
0xFF,0xFF,0x7F,0xFF,0xF7,0xB5,0x07,0x00,0x01,0xF0,0x18,0xFA,0x2F,0x4B,0xBA,0x00,
0xD2,0x58,0x03,0x00,0x6F,0x33,0x1D,0x78,0x21,0x33,0x1B,0x88,0x01,0xAC,0x23,0x80,
0x03,0x00,0x72,0x33,0x19,0x78,0x06,0x00,0x00,0x29,0x04,0xD0,0xA4,0x32,0x11,0x68,
0x06,0x22,0x11,0x42,0x48,0xD1,0x32,0x00,0x67,0x32,0x11,0x78,0x01,0x29,0x15,0xD1,
0x1A,0x78,0xD2,0xB2,0x00,0x2A,0x04,0xD0,0x00,0x22,0x70,0x36,0x33,0x78,0xE2,0x54,
0x05,0xE0,0x4E,0x1B,0xF1,0xB2,0x38,0x00,0xFF,0xF7,0x58,0xF8,0xA0,0x55,0x00,0x22,
0x29,0x00,0x38,0x00,0xFF,0xF7,0x52,0xF8,0x60,0x55,0x2D,0xE0,0x1B,0x78,0xDB,0xB2,
// row 54
0x00,0x2B,0x16,0xD0,0x63,0x5D,0x01,0x2B,0x05,0xD9,0x01,0x22,0x29,0x00,0x38,0x00,
0xFF,0xF7,0x44,0xF8,0x60,0x55,0x63,0x5D,0x01,0x2B,0x05,0xD8,0x00,0x22,0x29,0x00,
0x38,0x00,0xFF,0xF7,0x3B,0xF8,0x60,0x55,0x00,0x22,0x70,0x36,0x33,0x78,0xE2,0x54,
0x12,0xE0,0x1D,0x00,0xEE,0xB2,0x00,0x22,0x31,0x00,0x38,0x00,0xFF,0xF7,0x2E,0xF8,
0x60,0x55,0x00,0x28,0x05,0xD0,0x01,0x22,0x31,0x00,0x38,0x00,0xFF,0xF7,0x26,0xF8,
0x60,0x55,0x01,0x35,0x02,0x2D,0xED,0xD1,0x20,0x88,0xFE,0xBD,0xAC,0xE0,0x00,0x00,
0x07,0x4B,0x80,0x00,0xC2,0x58,0xC0,0x23,0x04,0x20,0xDB,0x00,0x00,0x29,0x02,0xD1,
0xD1,0x58,0x81,0x43,0x01,0xE0,0xD1,0x58,0x01,0x43,0xD1,0x50,0x70,0x47,0xC0,0x46,
// row 55
0xAC,0xE0,0x00,0x00,0x06,0x4B,0x80,0x00,0xC2,0x58,0x01,0x23,0x00,0x29,0x01,0xD1,
0x8C,0x21,0x00,0xE0,0x8E,0x21,0x89,0x00,0x50,0x58,0x40,0x09,0x18,0x40,0x70,0x47,
0xAC,0xE0,0x00,0x00,0x14,0x4B,0x82,0x00,0x70,0xB5,0xD4,0x58,0xAD,0x23,0x9B,0x00,
0xE2,0x58,0x0D,0x00,0x0C,0x23,0x52,0x04,0x1B,0xD5,0xFF,0xF7,0xE3,0xFF,0x00,0x23,
0x98,0x42,0x16,0xD1,0x0D,0x4A,0x9D,0x42,0x01,0xD1,0x8C,0x23,0x00,0xE0,0x8E,0x23,
0x02,0x20,0x9B,0x00,0xE1,0x58,0x11,0x43,0xE1,0x50,0xE1,0x58,0x01,0x43,0xE1,0x50,
0xE1,0x58,0x81,0x43,0xE1,0x50,0x90,0x21,0x89,0x00,0x63,0x58,0x13,0x43,0x63,0x50,
0x00,0x23,0x18,0x00,0x70,0xBD,0xC0,0x46,0xAC,0xE0,0x00,0x00,0x20,0x0C,0x20,0x00,
// row 56
0x13,0x4B,0x70,0xB5,0x82,0x00,0x0D,0x00,0xD4,0x58,0xFF,0xF7,0xBB,0xFF,0x00,0x28,
0x1C,0xD0,0x90,0x22,0x92,0x00,0xA1,0x58,0x0E,0x4B,0x0A,0x20,0x0B,0x40,0xA3,0x50,
0x03,0xF0,0x98,0xFE,0x00,0x2D,0x04,0xD1,0x8C,0x23,0x9B,0x00,0xE1,0x58,0x0A,0x4A,
0x03,0xE0,0x8E,0x23,0x9B,0x00,0xE1,0x58,0x08,0x4A,0x0A,0x40,0x02,0x21,0xE2,0x50,
0xE2,0x58,0x0A,0x43,0xE2,0x50,0xE2,0x58,0x8A,0x43,0xE2,0x50,0x00,0x20,0x70,0xBD,
0xAC,0xE0,0x00,0x00,0xDF,0xF3,0xDF,0xFF,0xDF,0xFB,0xDF,0xFF,0xDF,0xF7,0xDF,0xFF,
0x9A,0x23,0x58,0x43,0x10,0xB5,0x41,0x18,0x88,0x31,0x08,0x48,0x49,0x00,0x41,0x18,
0x49,0x89,0x10,0x02,0x89,0xB2,0x03,0xF0,0xA3,0xFE,0x03,0x28,0x03,0xD9,0xFE,0x28,
// row 57
0x02,0xD9,0xFE,0x20,0x00,0xE0,0x04,0x20,0xC0,0xB2,0x10,0xBD,0x58,0x01,0x00,0x20,
0x70,0xB5,0x0D,0x00,0x04,0x00,0x19,0x00,0x10,0x00,0x01,0xF0,0xA2,0xF8,0xC3,0x43,
0xDB,0x17,0x18,0x40,0x05,0x4B,0x40,0x00,0xD9,0x78,0x03,0xF0,0x13,0xFF,0x29,0x00,
0x82,0xB2,0x20,0x00,0xFF,0xF7,0xD4,0xFF,0x70,0xBD,0xC0,0x46,0x9C,0x00,0x00,0x20,
0xF0,0xB5,0x85,0xB0,0x02,0x92,0x1A,0x4A,0x0E,0x00,0x81,0x00,0x05,0x00,0x8F,0x58,
0x1C,0x00,0x03,0xF0,0x5A,0xFE,0x9A,0x23,0x5B,0x00,0x6B,0x43,0x15,0x4A,0x03,0x90,
0xD3,0x18,0x9E,0x19,0xFF,0x36,0x73,0x7E,0x00,0x2B,0x02,0xD0,0x80,0x23,0x1B,0x03,
0x1C,0x43,0xD0,0x26,0xF6,0x00,0xBB,0x59,0x0A,0x20,0x01,0x93,0x02,0x9B,0x5A,0x04,
// row 58
0xC0,0x23,0xDB,0x02,0x13,0x40,0x80,0x22,0x92,0x00,0x13,0x43,0x1C,0x43,0xBC,0x51,
0x03,0xF0,0x20,0xFE,0x01,0x99,0x28,0x00,0xBC,0x59,0xFE,0xF7,0x9D,0xFF,0x03,0x98,
0x03,0xF0,0x37,0xFE,0x01,0x20,0xE4,0x0B,0xA0,0x43,0x05,0xB0,0xF0,0xBD,0xC0,0x46,
0xAC,0xE0,0x00,0x00,0x58,0x01,0x00,0x20,0xF0,0xB5,0x2A,0x4B,0x85,0xB0,0x01,0x92,
0x82,0x00,0xD4,0x58,0x00,0x23,0x0D,0x00,0x06,0x00,0x03,0x93,0x03,0xF0,0x1D,0xFE,
0xD0,0x22,0xD2,0x00,0xA3,0x58,0x80,0x21,0x00,0x93,0xA0,0x23,0x09,0x05,0xDB,0x00,
0xE1,0x50,0x9A,0x23,0x5B,0x00,0x73,0x43,0x1F,0x49,0x07,0x00,0xCB,0x18,0x5D,0x19,
0x01,0x9B,0xFF,0x35,0x59,0x04,0xC0,0x23,0x68,0x7E,0xDB,0x02,0x0B,0x40,0x00,0x28,
// row 59
0x01,0xD0,0x1A,0x49,0x01,0xE0,0x80,0x21,0x89,0x00,0x0B,0x43,0xA3,0x50,0xE0,0x22,
0x01,0x21,0x52,0x00,0xA3,0x58,0x0B,0x43,0xA3,0x50,0x80,0x21,0xA0,0x22,0x09,0x05,
0xD2,0x00,0xA3,0x58,0x0B,0x42,0x06,0xD1,0x03,0x9B,0xC7,0x2B,0x03,0xD8,0x03,0x9B,
0x01,0x33,0x03,0x93,0xF5,0xE7,0x02,0x20,0x03,0xF0,0xCC,0xFD,0xE0,0x23,0x5B,0x00,
0xE5,0x58,0x80,0x22,0xA0,0x23,0x12,0x05,0xDB,0x00,0xE2,0x50,0x00,0x99,0x30,0x00,
0xFE,0xF7,0x42,0xFF,0x38,0x00,0x03,0xF0,0xDC,0xFD,0x2D,0x0C,0xE8,0xB2,0x05,0xB0,
0xF0,0xBD,0xC0,0x46,0xAC,0xE0,0x00,0x00,0x58,0x01,0x00,0x20,0x00,0x02,0x08,0x00,
0x9A,0x23,0x5B,0x00,0x43,0x43,0x70,0xB5,0x11,0x4D,0x06,0x00,0xEB,0x18,0x5B,0x18,
// row 60
0xFF,0x33,0x5B,0x7E,0x0C,0x00,0x00,0x2B,0x10,0xD0,0x02,0x22,0xFF,0xF7,0x94,0xFF,
0x01,0x1E,0x0B,0xD0,0x96,0x20,0xC0,0x02,0x03,0xF0,0xD2,0xFD,0x9A,0x23,0x73,0x43,
0x1B,0x19,0x88,0x33,0x5B,0x00,0x80,0xB2,0xEB,0x18,0x58,0x81,0x9A,0x23,0x5E,0x43,
0x34,0x19,0x88,0x34,0x64,0x00,0x2C,0x19,0x60,0x89,0x80,0xB2,0x70,0xBD,0xC0,0x46,
0x58,0x01,0x00,0x20,0x10,0xB5,0x04,0x00,0x00,0x21,0xFF,0xF7,0xD1,0xFF,0x01,0x22,
0x00,0x21,0x20,0x00,0xFF,0xF7,0x70,0xFF,0x9A,0x23,0x5B,0x00,0x63,0x43,0x05,0x4A,
0xD3,0x18,0xFE,0x33,0x9B,0x8B,0x58,0x43,0x03,0x4B,0xDB,0x78,0x58,0x43,0x40,0x0A,
0x80,0xB2,0x10,0xBD,0x58,0x01,0x00,0x20,0x9C,0x00,0x00,0x20,0x0D,0x4B,0x82,0x00,
// row 61
0xD2,0x58,0xD0,0x23,0x10,0xB5,0x04,0x00,0x0B,0x48,0xDB,0x00,0xD0,0x50,0x9A,0x23,
0x00,0x20,0x5B,0x00,0x63,0x43,0x09,0x4A,0xD3,0x18,0x5B,0x18,0xFF,0x33,0x58,0x76,
0x9A,0x23,0x5C,0x43,0xFA,0x23,0x61,0x18,0x88,0x31,0x49,0x00,0x51,0x18,0xDB,0x00,
0x4B,0x81,0x10,0xBD,0xAC,0xE0,0x00,0x00,0x00,0x02,0x00,0x80,0x58,0x01,0x00,0x20,
0xF8,0xB5,0x05,0x00,0x02,0x20,0x01,0x2D,0x00,0xD9,0x9D,0xE0,0x4F,0x4B,0xAA,0x00,
0xD4,0x58,0x00,0x2D,0x00,0xD1,0x8D,0xE0,0x4D,0x49,0x0F,0x20,0xFE,0xF7,0x50,0xFE,
0x4C,0x49,0x07,0x20,0xFE,0xF7,0x4C,0xFE,0x4B,0x4F,0x80,0x22,0x23,0x68,0x12,0x06,
0x13,0x43,0xC0,0x22,0x23,0x60,0xD2,0x00,0xA3,0x58,0x08,0x21,0x5B,0x00,0x5B,0x08,
// row 62
0xA3,0x50,0xC1,0x23,0x01,0x26,0xDB,0x00,0xE2,0x58,0x64,0x20,0x8A,0x43,0xE2,0x50,
0xE2,0x58,0x32,0x43,0xE2,0x50,0x03,0xF0,0x1D,0xFD,0xD2,0x22,0xD2,0x00,0xA3,0x58,
0x32,0x20,0xB3,0x40,0xF3,0x40,0xA3,0x50,0xD4,0x23,0x3C,0x4A,0xDB,0x00,0xE2,0x50,
0x3B,0x4A,0x10,0x33,0xE2,0x50,0x3B,0x4A,0x10,0x33,0xE2,0x50,0xC0,0x22,0x10,0x33,
0x92,0x00,0xE2,0x50,0x03,0xF0,0x06,0xFD,0x3C,0x21,0x37,0x4A,0xA3,0x58,0x8B,0x43,
0x34,0x39,0x0B,0x43,0xA3,0x50,0x00,0x23,0x3B,0x66,0x9D,0x42,0x3B,0xD1,0xFB,0x21,
0xC9,0x00,0x63,0x58,0x30,0x00,0x33,0x43,0x63,0x50,0x63,0x58,0xB3,0x40,0xF3,0x40,
0x63,0x50,0x84,0x23,0x1E,0x21,0xDB,0x00,0xE1,0x50,0xA3,0x58,0x22,0x31,0x0B,0x43,
// row 63
0xA3,0x50,0x03,0xF0,0xD1,0xFC,0x88,0x23,0xDB,0x00,0xE2,0x58,0x27,0x4B,0x1B,0x68,
0xD2,0x05,0x15,0xD4,0x00,0x2B,0x03,0xD0,0x2A,0x00,0x29,0x00,0x28,0x00,0x98,0x47,
0x01,0x20,0x03,0xF0,0xC1,0xFC,0x22,0x4A,0x22,0x4B,0xA1,0x58,0x0B,0x40,0x80,0x21,
0xA3,0x50,0xBD,0x32,0xFF,0x32,0xA3,0x58,0x09,0x06,0x0B,0x43,0xA3,0x50,0x05,0xE0,
0x00,0x2B,0x03,0xD0,0x32,0x00,0x29,0x00,0x28,0x00,0x98,0x47,0x01,0x21,0x1A,0x4A,
0xA3,0x58,0x0B,0x43,0xA3,0x50,0x10,0x22,0x0C,0x21,0x23,0x68,0x28,0x00,0x13,0x43,
0x16,0x4A,0x23,0x60,0xA3,0x58,0x0B,0x43,0xA3,0x50,0x00,0x21,0xFF,0xF7,0x46,0xFF,
0x00,0x20,0x09,0xE0,0x12,0x49,0x0E,0x20,0xFE,0xF7,0xC2,0xFD,0x11,0x49,0x06,0x20,
// row 64
0xFE,0xF7,0xBE,0xFD,0x10,0x4F,0x70,0xE7,0xF8,0xBD,0xC0,0x46,0xAC,0xE0,0x00,0x00,
0x2B,0x9A,0x00,0x00,0x3B,0xA5,0x00,0x00,0x00,0xFF,0x0B,0x40,0x64,0x36,0x14,0x28,
0x67,0x46,0x3D,0x2F,0x14,0x3D,0x5F,0x00,0x64,0x08,0x00,0x00,0x58,0x01,0x00,0x20,
0x1C,0x06,0x00,0x00,0xFF,0xFF,0xFE,0xFF,0x4C,0x04,0x00,0x00,0x2C,0x06,0x00,0x00,
0x21,0x9A,0x00,0x00,0x31,0xA5,0x00,0x00,0x00,0xFF,0x0A,0x40,0x4F,0x4B,0xF7,0xB5,
0x82,0x00,0xD4,0x58,0xB1,0x23,0x9B,0x00,0xE6,0x58,0x04,0x3B,0xE2,0x58,0x05,0x00,
0xB2,0x43,0xE2,0x50,0xAE,0x22,0x92,0x00,0xA6,0x50,0x01,0x93,0x00,0x2E,0x2B,0xD0,
0xC0,0x27,0x7F,0x01,0x3E,0x42,0x0A,0xD0,0x45,0x4B,0x1B,0x6F,0x00,0x2B,0x01,0xD0,
// row 65
0x00,0x21,0x98,0x47,0x01,0x9B,0xE3,0x58,0x1F,0x43,0x01,0x9B,0xE7,0x50,0x33,0x06,
0x1A,0xD5,0x40,0x4B,0x1B,0x68,0x00,0x2B,0x10,0xD0,0xAD,0x23,0x9B,0x00,0xE2,0x58,
0x80,0x23,0xDB,0x01,0x13,0x40,0x3C,0x4A,0x00,0xD0,0x01,0x23,0x53,0x55,0xFA,0x22,
0x3A,0x4B,0x52,0x00,0x33,0x21,0x28,0x00,0x00,0xF0,0x72,0xFD,0xB0,0x22,0x80,0x21,
0x92,0x00,0xA3,0x58,0x0B,0x43,0xA3,0x50,0x8A,0x23,0xDB,0x00,0xE3,0x58,0x00,0x2B,
0x2A,0xD0,0x33,0x4B,0x2F,0x4F,0xE2,0x58,0x32,0x4E,0xE2,0x50,0x04,0x3B,0xE1,0x58,
0x80,0x23,0x5B,0x00,0x19,0x40,0x15,0xD0,0x80,0x22,0xA3,0x59,0x52,0x02,0x13,0x43,
0xA3,0x51,0x64,0x20,0x03,0xF0,0x2E,0xFC,0x10,0x21,0xA3,0x59,0x2A,0x4A,0x8B,0x43,
// row 66
0xA3,0x51,0x93,0x59,0x8B,0x43,0x93,0x51,0x3B,0x68,0x00,0x2B,0x0C,0xD0,0x01,0x22,
0x00,0x21,0x07,0xE0,0xA2,0x59,0x25,0x4B,0x13,0x40,0xA3,0x51,0x3B,0x68,0x00,0x2B,
0x02,0xD0,0x0A,0x00,0x28,0x00,0x98,0x47,0xD5,0x23,0x9B,0x00,0xE2,0x58,0xC0,0x23,
0xDB,0x03,0x1A,0x42,0x09,0xD0,0xD2,0x22,0x92,0x00,0xA3,0x50,0x14,0x4B,0x1B,0x6F,
0x00,0x2B,0x02,0xD0,0x01,0x21,0x28,0x00,0x98,0x47,0xD5,0x23,0x9B,0x00,0xE2,0x58,
0x02,0x23,0x1A,0x42,0x18,0xD0,0xD4,0x21,0x89,0x00,0x62,0x58,0x9A,0x43,0x62,0x50,
0xD2,0x22,0x92,0x00,0xA3,0x50,0xD0,0x23,0x01,0x21,0xDB,0x00,0xE3,0x58,0x09,0x4A,
0xDB,0x0B,0x99,0x43,0x9A,0x23,0x5B,0x00,0x6B,0x43,0xD3,0x18,0xFC,0x33,0x5B,0x6A,
// row 67
0x00,0x2B,0x01,0xD0,0x28,0x00,0x98,0x47,0xF7,0xBD,0xC0,0x46,0xAC,0xE0,0x00,0x00,
0x58,0x03,0x00,0x20,0x58,0x01,0x00,0x20,0x9C,0x00,0x00,0x20,0x31,0x90,0x00,0x00,
0x44,0x04,0x00,0x00,0x1C,0x06,0x00,0x00,0x00,0x00,0x0B,0x40,0xFF,0xFF,0xFE,0xFF,
0x10,0xB5,0x00,0x20,0xFF,0xF7,0x4A,0xFF,0x10,0xBD,0x10,0xB5,0x01,0x20,0xFF,0xF7,
0x45,0xFF,0x10,0xBD,0x14,0x4B,0x80,0x00,0x70,0xB5,0xC3,0x58,0x02,0x22,0x00,0x29,
0x19,0xD0,0x12,0x4D,0x12,0x4C,0x59,0x59,0x12,0x48,0x11,0x43,0x59,0x51,0x19,0x59,
0x11,0x43,0x19,0x51,0x19,0x58,0x11,0x43,0x19,0x50,0x0F,0x49,0x5E,0x58,0x16,0x43,
0x5E,0x50,0x5E,0x59,0x96,0x43,0x5E,0x51,0x1D,0x59,0x95,0x43,0x1D,0x51,0x1C,0x58,
// row 68
0x94,0x43,0x1C,0x50,0x03,0xE0,0x09,0x49,0x58,0x58,0x10,0x43,0x58,0x50,0x58,0x58,
0x90,0x43,0x58,0x50,0x70,0xBD,0xC0,0x46,0xAC,0xE0,0x00,0x00,0xD0,0x20,0x00,0x00,
0xD4,0x20,0x00,0x00,0xD8,0x20,0x00,0x00,0xE0,0x20,0x00,0x00,0xE8,0x20,0x00,0x00,
0xF8,0xB5,0x1A,0x4E,0x07,0x00,0x36,0x18,0x33,0x79,0x00,0x2B,0x2C,0xD0,0x80,0x21,
0x17,0x4B,0x82,0x00,0xD4,0x58,0x17,0x4A,0x89,0x00,0xA3,0x58,0x16,0x4D,0x0B,0x43,
0xA2,0x39,0xFF,0x39,0xA3,0x50,0x00,0xF0,0x41,0xFD,0x14,0x4A,0x14,0x20,0xA3,0x58,
0x2B,0x40,0xA3,0x50,0x03,0xF0,0x76,0xFB,0x11,0x4A,0x14,0x20,0xA3,0x58,0x2B,0x40,
0xA3,0x50,0x03,0xF0,0x6F,0xFB,0x0F,0x4A,0x14,0x20,0xA3,0x58,0x2B,0x40,0xA3,0x50,
// row 69
0x03,0xF0,0x68,0xFB,0x0C,0x4B,0x01,0x21,0xE2,0x58,0x38,0x00,0x15,0x40,0xE5,0x50,
0xFF,0xF7,0x98,0xFF,0x00,0x23,0x33,0x71,0xF8,0xBD,0xC0,0x46,0xD8,0x03,0x00,0x20,
0xAC,0xE0,0x00,0x00,0xCC,0x20,0x00,0x00,0xDF,0xFF,0xDF,0xFF,0xE0,0x20,0x00,0x00,
0xD4,0x20,0x00,0x00,0xD8,0x20,0x00,0x00,0xD0,0x20,0x00,0x00,0x70,0xB5,0x04,0x00,
0x12,0x4B,0x82,0x00,0xD5,0x58,0xFF,0xF7,0xB3,0xFF,0x00,0x21,0x20,0x00,0xFF,0xF7,
0x79,0xFF,0x05,0x23,0x0E,0x49,0x0A,0x68,0x1A,0x42,0xFC,0xD1,0x05,0x23,0x0D,0x49,
0x0A,0x68,0x1A,0x42,0xFC,0xD1,0x90,0x22,0x12,0x01,0xAB,0x58,0x0A,0x49,0x14,0x20,
0x0B,0x43,0xAB,0x50,0x03,0xF0,0x2E,0xFB,0x08,0x4A,0x09,0x49,0xAB,0x58,0x0B,0x43,
// row 70
0xAB,0x50,0x01,0x22,0x07,0x4B,0x06,0x33,0x1A,0x55,0x70,0xBD,0xAC,0xE0,0x00,0x00,
0xA4,0x00,0x0A,0x40,0xA4,0x00,0x0B,0x40,0x0B,0x00,0x3E,0x00,0xE8,0x20,0x00,0x00,
0x20,0x00,0x20,0x00,0xD8,0x03,0x00,0x20,0x0D,0x4B,0x70,0xB5,0x82,0x00,0x5B,0x21,
0xD4,0x58,0x05,0x00,0x00,0xF0,0xD2,0xFC,0x0A,0x4A,0x0B,0x4B,0xA1,0x58,0x14,0x20,
0x0B,0x40,0xA3,0x50,0x03,0xF0,0x06,0xFB,0x90,0x22,0x0B,0x21,0x12,0x01,0xA3,0x58,
0x8B,0x43,0xA3,0x50,0x00,0x22,0x05,0x4B,0x06,0x33,0x5A,0x55,0x70,0xBD,0xC0,0x46,
0xAC,0xE0,0x00,0x00,0xE8,0x20,0x00,0x00,0xDF,0xFF,0xDF,0xFF,0xD8,0x03,0x00,0x20,
0xF8,0xB5,0x1C,0x4E,0x05,0x00,0x36,0x18,0x31,0x79,0x00,0x29,0x31,0xD1,0x1A,0x4B,
// row 71
0x82,0x00,0xD4,0x58,0xFF,0xF7,0xD0,0xFF,0x01,0x21,0x28,0x00,0xFF,0xF7,0x1A,0xFF,
0x16,0x4A,0x17,0x4F,0xA3,0x58,0x14,0x20,0x3B,0x43,0xA3,0x50,0x03,0xF0,0xDA,0xFA,
0x14,0x4A,0x14,0x20,0xA3,0x58,0x3B,0x43,0xA3,0x50,0x03,0xF0,0xD3,0xFA,0x12,0x4A,
0x14,0x20,0xA3,0x58,0x3B,0x43,0xA3,0x50,0x03,0xF0,0xCC,0xFA,0x0F,0x4A,0x80,0x21,
0xA3,0x58,0x89,0x00,0x1F,0x43,0x01,0x23,0xA7,0x50,0x0D,0x4A,0x33,0x71,0xA3,0x58,
0x28,0x00,0x0B,0x43,0xA2,0x39,0xA3,0x50,0xFF,0x39,0x0A,0x4B,0x0A,0x22,0x00,0xF0,
0xDF,0xFB,0xF8,0xBD,0xD8,0x03,0x00,0x20,0xAC,0xE0,0x00,0x00,0xD0,0x20,0x00,0x00,
0x20,0x00,0x20,0x00,0xD8,0x20,0x00,0x00,0xD4,0x20,0x00,0x00,0xE0,0x20,0x00,0x00,
// row 72
0xCC,0x20,0x00,0x00,0x59,0x8E,0x00,0x00,0xF2,0x22,0x05,0x4B,0x80,0x00,0xC1,0x58,
0x7C,0x20,0xD2,0x00,0x8B,0x58,0x83,0x43,0x6D,0x38,0x03,0x43,0x8B,0x50,0x70,0x47,
0xAC,0xE0,0x00,0x00,0xF2,0x22,0x04,0x4B,0x80,0x00,0xC1,0x58,0x7F,0x20,0xD2,0x00,
0x8B,0x58,0x83,0x43,0x8B,0x50,0x70,0x47,0xAC,0xE0,0x00,0x00,0xFA,0x22,0x10,0xB5,
0x03,0x4B,0x52,0x00,0xC0,0x21,0x00,0x20,0x00,0xF0,0xAA,0xFB,0x10,0xBD,0xC0,0x46,
0xBD,0xA7,0x00,0x00,0x22,0x4A,0x23,0x4B,0x10,0xB5,0x9A,0x42,0x0A,0xD8,0x01,0x20,
0x00,0xF0,0x0A,0xFA,0xFF,0x22,0xFA,0x21,0x08,0x20,0x0F,0x23,0x52,0x00,0xFF,0x31,
0xFF,0x30,0x0B,0xE0,0x02,0x20,0x00,0xF0,0xFF,0xF9,0x1B,0x4B,0x10,0x20,0x1A,0x68,
// row 73
0x91,0x79,0x53,0x79,0x09,0x02,0x19,0x43,0x0F,0x23,0x18,0x4A,0x00,0xF0,0x62,0xF9,
0xFE,0xF7,0xF4,0xFA,0x00,0xF0,0x0E,0xFB,0x02,0xF0,0xF8,0xFC,0x01,0x21,0x00,0x20,
0xFE,0xF7,0x34,0xFC,0xFD,0xF7,0x90,0xFF,0x00,0x20,0x00,0xF0,0xBD,0xFC,0x00,0x20,
0x02,0xF0,0xF4,0xFC,0x62,0xB6,0xFA,0x22,0x0D,0x4B,0x52,0x00,0xC0,0x21,0x00,0x20,
0x00,0xF0,0x6E,0xFB,0x00,0x20,0x00,0xF0,0xDF,0xFC,0x00,0x20,0xFD,0xF7,0xD2,0xFE,
0x00,0x21,0x08,0x00,0x02,0xF0,0x1E,0xFA,0x00,0xF0,0xCC,0xF9,0xF2,0xE7,0xC0,0x46,
0x60,0x84,0x00,0x00,0xFF,0x7F,0x00,0x00,0xA8,0x00,0x00,0x20,0xFF,0x01,0x00,0x00,
0xBD,0xA7,0x00,0x00,0x01,0x4B,0x18,0x78,0x70,0x47,0xC0,0x46,0x74,0x08,0x00,0x20,
// row 74
0xF8,0xB5,0x03,0x00,0x82,0x7A,0x44,0x7A,0xD9,0x7A,0x12,0x02,0x22,0x43,0x09,0x04,
0x10,0x00,0x0A,0x00,0x19,0x7B,0x02,0x43,0x09,0x06,0x11,0x43,0x1E,0xD0,0x98,0x79,
0x5A,0x79,0x00,0x02,0x10,0x43,0xC0,0x01,0x80,0x30,0x0E,0x4A,0x47,0x18,0x97,0x42,
0x14,0xD8,0x9C,0x78,0x5E,0x78,0xDA,0x78,0x24,0x02,0x34,0x43,0x12,0x04,0x22,0x43,
0x14,0x00,0x1A,0x79,0x12,0x06,0x22,0x43,0x90,0x42,0x07,0xD8,0x97,0x42,0x05,0xD9,
0x1C,0x78,0x00,0xF0,0x2B,0xFC,0x00,0x23,0x84,0x42,0x00,0xD0,0x06,0x23,0x18,0x00,
0xF8,0xBD,0xC0,0x46,0xFF,0xFF,0x00,0x00,0x10,0xB5,0x0C,0x00,0x00,0x28,0x22,0xD0,
0xFF,0xF7,0xC6,0xFF,0x00,0x28,0x0C,0xD1,0x01,0x2C,0x03,0xD1,0x0F,0x4A,0x04,0x21,
// row 75
0x13,0x78,0x04,0xE0,0x02,0x2C,0x18,0xD1,0x08,0x21,0x0C,0x4A,0x13,0x78,0x8B,0x43,
0x0F,0xE0,0x01,0x2C,0x06,0xD1,0x04,0x21,0x08,0x4A,0x06,0x20,0x13,0x78,0x0B,0x43,
0x13,0x70,0x0A,0xE0,0x06,0x20,0x02,0x2C,0x07,0xD1,0x08,0x21,0x03,0x4A,0x13,0x78,
0x0B,0x43,0x13,0x70,0x01,0xE0,0x02,0x20,0x40,0x42,0x10,0xBD,0x74,0x08,0x00,0x20,
0x70,0xB5,0x05,0x00,0x02,0x28,0x01,0xD1,0x07,0x4C,0x00,0xE0,0x07,0x4C,0x00,0xF0,
0x59,0xF9,0x85,0x42,0x01,0xD1,0xE0,0x69,0x05,0xE0,0x20,0x00,0xFF,0xF7,0x90,0xFF,
0x00,0x28,0xF8,0xD0,0x00,0x20,0x70,0xBD,0x40,0xFF,0x00,0x00,0xC0,0xFF,0x00,0x00,
0x70,0xB5,0x16,0x00,0x30,0x22,0x1E,0x4C,0xA2,0xB0,0xA3,0x6A,0x05,0x00,0x93,0x43,
// row 76
0x20,0x3A,0x13,0x43,0xA3,0x62,0x70,0x32,0x02,0xA8,0x03,0xF0,0x7B,0xFB,0x19,0x4B,
0x6A,0x46,0x00,0x93,0x7F,0x23,0x01,0x93,0x17,0x4B,0x9A,0x60,0x17,0x4A,0x5A,0x60,
0xC0,0x46,0xC0,0x46,0xC0,0x46,0x9A,0x68,0x12,0x0F,0x0A,0x2A,0x18,0xD1,0x00,0x2E,
0x06,0xD0,0x13,0x4A,0x00,0x92,0x6A,0x46,0x01,0x95,0x9A,0x60,0x11,0x4A,0x06,0xE0,
0x11,0x4A,0x2D,0x04,0x15,0x43,0x6A,0x46,0x00,0x95,0x9A,0x60,0x0F,0x4A,0x5A,0x60,
0xC0,0x46,0xC0,0x46,0xC0,0x46,0x9B,0x68,0x00,0x20,0x1B,0x0F,0x0A,0x2B,0x00,0xD0,
0x0C,0x20,0x30,0x22,0xA3,0x6A,0x93,0x43,0xA3,0x62,0x22,0xB0,0x70,0xBD,0xC0,0x46,
0x00,0x00,0x03,0x40,0xB6,0xD7,0x00,0x00,0x00,0x00,0x10,0x40,0x04,0x00,0x00,0x80,
// row 77
0xB6,0xEB,0x00,0x00,0x18,0x00,0x00,0x80,0xB6,0xD8,0x00,0x00,0x05,0x00,0x00,0x80,
0x1D,0x4B,0x70,0xB5,0x1A,0x78,0xD2,0xB2,0x00,0x2A,0x2F,0xD0,0x30,0x24,0x1B,0x4B,
0x9A,0x6A,0xA2,0x43,0x20,0x3C,0x22,0x43,0x0C,0x00,0x9A,0x62,0x18,0x4A,0x08,0x3C,
0x22,0x60,0x7F,0x22,0x04,0x39,0x0A,0x60,0x16,0x4A,0x17,0x49,0x94,0x60,0x51,0x60,
0xC0,0x46,0xC0,0x46,0xC0,0x46,0x95,0x68,0x2D,0x0F,0x29,0x07,0x0A,0x2D,0x0F,0xD1,
0x12,0x4D,0x00,0x04,0x28,0x43,0x20,0x60,0x11,0x48,0x94,0x60,0x50,0x60,0xC0,0x46,
0xC0,0x46,0xC0,0x46,0x92,0x68,0x00,0x20,0x12,0x0F,0x12,0x07,0x8A,0x42,0x00,0xD0,
0x0C,0x20,0x30,0x21,0x9A,0x6A,0x8A,0x43,0x9A,0x62,0x01,0xE0,0xFF,0xF7,0x78,0xFF,
// row 78
0x00,0x28,0x00,0xD0,0x05,0x20,0x70,0xBD,0xE2,0x03,0x00,0x20,0x00,0x00,0x03,0x40,
0xB6,0xD7,0x00,0x00,0x00,0x00,0x10,0x40,0x04,0x00,0x00,0x80,0xB6,0xD8,0x00,0x00,
0x05,0x00,0x00,0x80,0x05,0x4B,0x00,0x28,0x04,0xD0,0x01,0x20,0x88,0x40,0x1A,0x70,
0x58,0x70,0x01,0xE0,0x58,0x70,0x18,0x70,0x70,0x47,0xC0,0x46,0xE2,0x03,0x00,0x20,
0x03,0x4B,0x5B,0x78,0x18,0x40,0x43,0x1E,0x98,0x41,0xC0,0xB2,0x70,0x47,0xC0,0x46,
0xE2,0x03,0x00,0x20,0x10,0xB5,0x03,0x4C,0x20,0x80,0x61,0x80,0xA2,0x80,0xE3,0x80,
0x10,0xBD,0xC0,0x46,0xAE,0x00,0x00,0x20,0x10,0xB5,0x04,0x00,0xA2,0xB0,0x88,0x22,
0x00,0x21,0x68,0x46,0x03,0xF0,0xCF,0xFA,0x02,0xA9,0x20,0x00,0xFF,0xF7,0x88,0xFF,
// row 79
0x22,0xB0,0x10,0xBD,0x70,0xB5,0x14,0x4B,0x04,0x00,0x5B,0x78,0x0D,0x00,0x0E,0x20,
0x00,0x2B,0x20,0xD0,0x07,0x38,0x00,0x29,0x1D,0xD0,0x10,0x4B,0x1A,0x88,0xA2,0x42,
0x19,0xD8,0x5A,0x88,0xA2,0x42,0x02,0xD2,0x9B,0x88,0xA3,0x42,0x13,0xD1,0x0C,0x4B,
0x07,0x20,0x9C,0x42,0x0F,0xD8,0x05,0x38,0x9C,0x42,0x04,0xD0,0xFF,0x23,0x5B,0x00,
0x9C,0x42,0x04,0xD1,0x01,0x20,0xFF,0xF7,0xFB,0xFE,0x01,0x30,0xE8,0x65,0x29,0x00,
0x20,0x00,0xFF,0xF7,0x5D,0xFF,0x70,0xBD,0xE2,0x03,0x00,0x20,0xAE,0x00,0x00,0x20,
0xFF,0x01,0x00,0x00,0x0F,0x22,0x03,0x09,0x9B,0x00,0x10,0x40,0x07,0x4A,0x00,0x29,
0x05,0xD0,0xD1,0x58,0x01,0x23,0x83,0x40,0x0A,0x68,0x13,0x43,0x04,0xE0,0xD1,0x58,
// row 80
0x01,0x22,0x82,0x40,0x0B,0x68,0x93,0x43,0x0B,0x60,0x70,0x47,0xE4,0xE0,0x00,0x00,
0x07,0x49,0x03,0x09,0x9B,0x00,0x5B,0x58,0x02,0x00,0x59,0x68,0x0F,0x23,0x1A,0x40,
0x0E,0x3B,0x93,0x40,0x18,0x00,0x08,0x40,0x43,0x1E,0x98,0x41,0xC0,0xB2,0x70,0x47,
0xE4,0xE0,0x00,0x00,0x08,0x4A,0x03,0x09,0x9B,0x00,0x10,0xB5,0x9C,0x58,0x0F,0x23,
0x18,0x40,0x0C,0x3B,0x58,0x43,0x04,0x33,0x83,0x40,0x81,0x40,0xA2,0x68,0x9A,0x43,
0x11,0x43,0xA1,0x60,0x10,0xBD,0xC0,0x46,0xE4,0xE0,0x00,0x00,0x80,0x21,0x04,0x4B,
0x80,0x00,0xC2,0x58,0x49,0x04,0x93,0x68,0x0B,0x43,0x93,0x60,0x70,0x47,0xC0,0x46,
0xE4,0xE0,0x00,0x00,0x70,0x47,0x00,0x00,0x01,0x4B,0x18,0x70,0x70,0x47,0xC0,0x46,
// row 81
0xB6,0x00,0x00,0x20,0x01,0x4B,0x18,0x78,0x70,0x47,0xC0,0x46,0xB6,0x00,0x00,0x20,
0x10,0xB5,0xFF,0xF7,0x2F,0xFE,0x03,0x1C,0x06,0x48,0x5B,0x07,0x08,0xD4,0x06,0x4B,
0x1A,0x68,0x90,0x79,0x53,0x79,0x00,0x02,0x18,0x43,0xC0,0x01,0x61,0x30,0xFF,0x30,
0x10,0xBD,0xC0,0x46,0xE4,0x03,0x00,0x20,0xA4,0x00,0x00,0x20,0x10,0xB5,0xFF,0xF7,
0x19,0xFE,0x03,0x1C,0x06,0x48,0x1B,0x07,0x08,0xD4,0x06,0x4B,0x1A,0x68,0x90,0x79,
0x53,0x79,0x00,0x02,0x18,0x43,0xC0,0x01,0x61,0x30,0xFF,0x30,0x10,0xBD,0xC0,0x46,
0xE4,0x03,0x00,0x20,0xA8,0x00,0x00,0x20,0x05,0x4B,0x06,0x49,0x18,0x68,0x0F,0x23,
0x98,0x43,0xC2,0xB2,0x08,0x68,0x00,0x09,0x03,0x40,0x1A,0x43,0x10,0x00,0x70,0x47,
// row 82
0xE8,0x0F,0x00,0xF0,0xEC,0x0F,0x00,0xF0,0x70,0xB5,0x07,0x4D,0x07,0x4A,0x2B,0x68,
0x11,0x88,0x9B,0xB2,0x04,0x00,0x16,0x00,0x8B,0x42,0x02,0xD0,0x64,0x20,0x03,0xF0,
0x19,0xF8,0x2C,0x60,0x34,0x80,0x70,0xBD,0x40,0x00,0x03,0x40,0xEC,0x03,0x00,0x20,
0x01,0x23,0xF7,0xB5,0x48,0x4E,0x49,0x4A,0x73,0x64,0x93,0x70,0x47,0x4A,0xF3,0x6B,
0x90,0x88,0x99,0xB2,0x80,0xB2,0x1B,0x04,0x17,0x00,0x1B,0x0C,0x81,0x42,0x02,0xD8,
0x80,0x24,0x64,0x02,0x1B,0x19,0x00,0x25,0x1B,0x1A,0x9B,0xB2,0x7D,0x37,0x00,0x93,
0x91,0x80,0xFF,0x37,0x3C,0x00,0xEB,0xB2,0x75,0x3C,0x01,0x93,0xFF,0x3C,0xA1,0x7A,
0xC9,0xB2,0xFF,0x29,0x21,0xD0,0x00,0x9B,0x22,0x68,0x05,0x33,0x9A,0x42,0x03,0xD9,
// row 83
0x23,0x68,0x00,0x9A,0x9B,0x1A,0x00,0xE0,0x00,0x23,0x23,0x60,0x23,0x68,0x00,0x2B,
0x13,0xD1,0xFF,0x33,0xA3,0x72,0x32,0x4B,0x18,0x00,0x70,0x30,0x42,0x5D,0x72,0x33,
0x01,0x3A,0xD2,0xB2,0x42,0x55,0x1A,0x78,0x01,0x3A,0xD2,0xB2,0x1A,0x70,0x63,0x68,
0x00,0x2B,0x02,0xD0,0x63,0x68,0x01,0x98,0x98,0x47,0x0C,0x34,0xBC,0x42,0xD6,0xD1,
0x75,0x34,0xFF,0x34,0x01,0x35,0x27,0x00,0x02,0x2D,0xCB,0xD1,0x24,0x4C,0x23,0x4D,
0x23,0x00,0x72,0x33,0x1B,0x78,0xDB,0xB2,0x00,0x2B,0x26,0xD0,0x29,0x00,0x00,0x23,
0x08,0x31,0x20,0x48,0x00,0x91,0x00,0x9A,0x00,0x99,0xD2,0x18,0x75,0x33,0xFF,0x33,
0xCF,0x18,0x91,0x7A,0xFF,0x29,0x03,0xD0,0x11,0x68,0x81,0x42,0x00,0xD2,0x10,0x68,
// row 84
0x0C,0x32,0x97,0x42,0xF5,0xD1,0xBA,0x22,0x92,0x00,0x93,0x42,0xEB,0xD1,0xAB,0x88,
0xF2,0x6B,0x9B,0xB2,0x91,0xB2,0x12,0x04,0x12,0x0C,0x8B,0x42,0x02,0xD3,0x80,0x21,
0x49,0x02,0x52,0x18,0xD3,0x1A,0x9B,0xB2,0x00,0xE0,0x0E,0x48,0x05,0x33,0x83,0x42,
0x84,0xD8,0x23,0x00,0x80,0xB2,0x74,0x33,0x18,0x80,0xAB,0x88,0x72,0x34,0xC0,0x18,
0x80,0xB2,0xFF,0xF7,0x61,0xFF,0x00,0x23,0xAB,0x70,0x23,0x78,0x00,0x2B,0x02,0xD1,
0x08,0x20,0x02,0xF0,0x53,0xFF,0xF7,0xBD,0x00,0x00,0x03,0x40,0xEC,0x03,0x00,0x20,
0x6C,0x06,0x00,0x20,0xC0,0xFF,0x00,0x00,0x0C,0x23,0x59,0x43,0x69,0x33,0xFF,0x33,
0x43,0x43,0xC9,0x18,0xFF,0x23,0x10,0xB5,0x0C,0x4C,0x61,0x18,0x8B,0x74,0x0C,0x4B,
// row 85
0x19,0x00,0x70,0x31,0x0A,0x5C,0x72,0x33,0x01,0x3A,0xD2,0xB2,0x0A,0x54,0x1A,0x78,
0x01,0x3A,0xD2,0xB2,0x1A,0x70,0x1B,0x78,0x00,0x2B,0x05,0xD1,0xA3,0x78,0x00,0x2B,
0x02,0xD1,0x08,0x20,0x02,0xF0,0x2A,0xFF,0x10,0xBD,0xC0,0x46,0xEC,0x03,0x00,0x20,
0x6C,0x06,0x00,0x20,0xF8,0xB5,0x00,0x23,0x0C,0x25,0xFF,0x24,0x2D,0x48,0x2A,0x00,
0x5A,0x43,0x01,0x33,0x82,0x18,0x94,0x74,0x01,0x00,0x1F,0x2B,0xF7,0xD1,0x2A,0x4C,
0x00,0x23,0x22,0x00,0x0C,0x25,0xFF,0x20,0x70,0x32,0x13,0x70,0x2A,0x00,0x5A,0x43,
0x8A,0x18,0x87,0x32,0xFF,0x32,0x01,0x33,0x10,0x70,0x1F,0x2B,0xF6,0xD1,0x23,0x00,
0x00,0x25,0x70,0x33,0x5D,0x70,0x23,0x00,0x08,0x20,0x72,0x33,0x1D,0x70,0x02,0xF0,
// row 86
0xFD,0xFE,0x01,0x21,0x80,0x20,0x1D,0x4B,0x1D,0x4A,0x00,0x06,0x9A,0x63,0xDA,0x6C,
0x0A,0x43,0xDA,0x64,0xDA,0x6A,0x02,0x43,0xDA,0x62,0x08,0x20,0x59,0x64,0x19,0x49,
0x02,0xF0,0xDA,0xFE,0x18,0x4B,0x19,0x4A,0x19,0x49,0x1A,0x48,0x5D,0x50,0x9D,0x50,
0x19,0x4A,0x98,0x50,0x18,0x00,0x19,0x4A,0x15,0x68,0xAD,0xB2,0x13,0x68,0x9B,0xB2,
0x9D,0x42,0xFB,0xD0,0x15,0x4B,0x1D,0x68,0x05,0x23,0x43,0x50,0x80,0x23,0xAE,0xB2,
0x5B,0x02,0x47,0x58,0x1F,0x42,0xFC,0xD0,0x12,0x68,0x93,0xB2,0x9E,0x42,0x02,0xD9,
0x80,0x22,0x52,0x02,0x13,0x43,0x5B,0x1B,0x76,0x34,0x23,0x80,0x00,0x23,0x43,0x50,
0xF8,0xBD,0xC0,0x46,0xEC,0x03,0x00,0x20,0x6C,0x06,0x00,0x20,0x00,0x00,0x03,0x40,
// row 87
0x65,0x88,0xED,0xAC,0xB1,0xAC,0x00,0x00,0x00,0x10,0x00,0xE0,0x18,0xD0,0x00,0x00,
0x10,0xD0,0x00,0x00,0xBF,0x5D,0x00,0x00,0x14,0xD0,0x00,0x00,0x3C,0x00,0x03,0x40,
0xF0,0xB5,0x85,0xB0,0x05,0x00,0x0F,0x00,0x16,0x00,0x02,0x93,0x00,0x20,0xFF,0x29,
0x00,0xD1,0x88,0xE0,0x82,0x42,0x00,0xD1,0x85,0xE0,0xBA,0x23,0x5B,0x00,0x6B,0x43,
0x42,0x4A,0x08,0x32,0xD3,0x18,0x01,0x93,0x02,0xF0,0xDF,0xFE,0xFF,0x23,0x1E,0x22,
0x01,0x99,0x03,0x90,0x69,0x31,0xFF,0x31,0x88,0x7A,0xFF,0x28,0x00,0xD1,0xD3,0xB2,
0x88,0x7A,0x87,0x42,0x0D,0xD1,0xD3,0xB2,0x39,0x4A,0x10,0x00,0x70,0x30,0x41,0x5D,
0x72,0x32,0x01,0x39,0xC9,0xB2,0x41,0x55,0x11,0x78,0x01,0x39,0xC9,0xB2,0x11,0x70,
// row 88
0x07,0xE0,0x01,0x3A,0x52,0xB2,0x0C,0x39,0x50,0x1C,0xE5,0xD1,0x00,0x24,0xFF,0x2B,
0x55,0xD0,0x0C,0x22,0x53,0x43,0x01,0x9A,0x2D,0x4C,0xD3,0x18,0x02,0x9A,0x1E,0x81,
0x5A,0x60,0x22,0x00,0x76,0x32,0x12,0x88,0x28,0x49,0x56,0x43,0x9F,0x72,0x1E,0x60,
0x8A,0x78,0x0E,0x00,0x00,0x2A,0x36,0xD1,0x20,0x00,0x26,0x4A,0x72,0x30,0xD2,0x6B,
0x00,0x78,0x97,0xB2,0x00,0x28,0x1D,0xD0,0x89,0x88,0x12,0x04,0x89,0xB2,0x12,0x0C,
0xB9,0x42,0x02,0xD3,0x80,0x20,0x40,0x02,0x12,0x18,0x52,0x1A,0x19,0x68,0x92,0xB2,
0x52,0x18,0x1A,0x60,0x22,0x00,0x74,0x32,0x18,0x68,0x11,0x88,0x88,0x42,0x1A,0xD2,
0x1B,0x68,0x9B,0xB2,0x13,0x80,0xB0,0x88,0x13,0x88,0xC0,0x18,0x80,0xB2,0xFF,0xF7,
// row 89
0x43,0xFE,0x10,0xE0,0x8F,0x80,0x18,0x68,0x13,0x4B,0x98,0x42,0x00,0xD9,0x18,0x00,
0x23,0x00,0x80,0xB2,0x74,0x33,0xC7,0x19,0x18,0x80,0xB8,0xB2,0xFF,0xF7,0x34,0xFE,
0x08,0x20,0x02,0xF0,0x21,0xFE,0x22,0x00,0x70,0x32,0x53,0x5D,0x72,0x34,0x01,0x33,
0xDB,0xB2,0x53,0x55,0x23,0x78,0x01,0x33,0xDB,0xB2,0x23,0x70,0x01,0x24,0x03,0x98,
0x02,0xF0,0x67,0xFE,0x20,0x00,0x05,0xB0,0xF0,0xBD,0xC0,0x46,0xEC,0x03,0x00,0x20,
0x6C,0x06,0x00,0x20,0x00,0x00,0x03,0x40,0xC0,0xFF,0x00,0x00,0xF8,0xB5,0x04,0x00,
0x0D,0x00,0x02,0xF0,0x52,0xFE,0x06,0x00,0xFF,0x2D,0x11,0xD0,0x0C,0x22,0xBA,0x20,
0x00,0x23,0x94,0x46,0x40,0x00,0x60,0x43,0x09,0x4F,0x62,0x46,0x5A,0x43,0x12,0x18,
// row 90
0xBA,0x18,0x92,0x7C,0xD9,0xB2,0x95,0x42,0x06,0xD0,0x01,0x33,0x1F,0x2B,0xF4,0xD1,
0x30,0x00,0x02,0xF0,0x3E,0xFE,0xF8,0xBD,0x20,0x00,0xFF,0xF7,0xA5,0xFE,0xF7,0xE7,
0xEC,0x03,0x00,0x20,0xF7,0xB5,0x06,0x00,0x0F,0x00,0x15,0x00,0x91,0x42,0x1F,0xD2,
0xFF,0x2A,0x1D,0xD0,0x02,0xF0,0x29,0xFE,0xBA,0x23,0x00,0x24,0x5B,0x00,0x73,0x43,
0x00,0x90,0x01,0x93,0x0C,0x23,0x63,0x43,0x01,0x9A,0xE1,0xB2,0x9B,0x18,0x09,0x4A,
0xD3,0x18,0x9B,0x7C,0xDB,0xB2,0x9F,0x42,0x04,0xD8,0x9D,0x42,0x02,0xD3,0x30,0x00,
0xFF,0xF7,0x82,0xFE,0x01,0x34,0x1F,0x2C,0xEC,0xD1,0x00,0x98,0x02,0xF0,0x11,0xFE,
0xF7,0xBD,0xC0,0x46,0xEC,0x03,0x00,0x20,0x30,0xB5,0x00,0x23,0xFF,0x29,0x11,0xD0,
// row 91
0xBA,0x22,0x0C,0x25,0x52,0x00,0x50,0x43,0x07,0x4C,0x2A,0x00,0x5A,0x43,0x12,0x18,
0xA2,0x18,0x92,0x7C,0x91,0x42,0x04,0xD0,0x01,0x33,0x1F,0x2B,0xF5,0xD1,0x00,0x23,
0x00,0xE0,0x01,0x23,0x18,0x00,0x30,0xBD,0xEC,0x03,0x00,0x20,0x03,0x1E,0x0C,0xD0,
0x00,0x23,0x99,0x42,0x09,0xD0,0x41,0x18,0x88,0x42,0x04,0xD0,0x02,0x78,0x01,0x30,
0x9B,0x18,0xDB,0xB2,0xF8,0xE7,0x5B,0x42,0xDB,0xB2,0x18,0x00,0x70,0x47,0x00,0x23,
0x10,0xB5,0x92,0x00,0x93,0x42,0x03,0xD0,0xCC,0x58,0xC4,0x50,0x04,0x33,0xF9,0xE7,
0x10,0xBD,0x41,0x43,0x10,0xB5,0x04,0x00,0x08,0x00,0x64,0x21,0x02,0xF0,0x72,0xFE,
0x00,0x19,0x10,0xBD,0x70,0xB5,0x04,0x00,0x0D,0x00,0x02,0xF0,0xC6,0xFD,0x00,0x2C,
// row 92
0x02,0xD0,0x23,0x68,0x1D,0x43,0x25,0x60,0x02,0xF0,0xC3,0xFD,0x70,0xBD,0x70,0xB5,
0x04,0x00,0x0D,0x00,0x02,0xF0,0xB9,0xFD,0x00,0x2C,0x02,0xD0,0x23,0x68,0xAB,0x43,
0x23,0x60,0x02,0xF0,0xB6,0xFD,0x70,0xBD,0x70,0xB5,0x04,0x00,0x02,0x20,0x01,0x2C,
0x22,0xD8,0xD8,0x23,0x5B,0x00,0x63,0x43,0x10,0x48,0xC1,0x18,0x0D,0x00,0x0A,0x00,
0xC8,0x35,0xCC,0x32,0x2A,0x60,0x1B,0x5C,0x05,0x00,0x02,0x2B,0x00,0xD0,0x4B,0x70,
0x20,0x00,0x00,0xF0,0xCF,0xFB,0x0A,0x49,0x20,0x00,0x00,0xF0,0x71,0xFA,0xD8,0x20,
0x40,0x00,0x60,0x43,0x28,0x18,0x03,0x00,0x01,0x22,0x88,0x33,0x1A,0x70,0xA5,0x30,
0x04,0x4B,0xFF,0x30,0x03,0x60,0x00,0x20,0x70,0xBD,0xC0,0x46,0x78,0x08,0x00,0x20,
// row 93
0x6D,0xC3,0x00,0x00,0x07,0x89,0x34,0x14,0x10,0xB5,0x02,0x24,0x01,0x28,0x11,0xD8,
0xD8,0x23,0x5B,0x00,0x43,0x43,0x08,0x4A,0x00,0x24,0xD3,0x18,0x1A,0x00,0x87,0x32,
0x12,0x78,0xA2,0x42,0x06,0xD1,0x89,0x33,0x1A,0x78,0x01,0x2A,0x02,0xD1,0x1C,0x70,
0x00,0xF0,0x57,0xFC,0x20,0x00,0x10,0xBD,0x78,0x08,0x00,0x20,0xD8,0x23,0x5B,0x00,
0x58,0x43,0x01,0x4B,0xC0,0x18,0x70,0x47,0x78,0x08,0x00,0x20,0xD8,0x23,0x5B,0x00,
0x58,0x43,0x01,0x4B,0xC0,0x18,0x70,0x47,0x78,0x08,0x00,0x20,0xD8,0x23,0x5B,0x00,
0x58,0x43,0x10,0xB5,0x02,0x4B,0x18,0x18,0xA4,0x30,0xFF,0xF7,0x83,0xFF,0x10,0xBD,
0x78,0x08,0x00,0x20,0xD8,0x23,0x5B,0x00,0x58,0x43,0x10,0xB5,0x02,0x4B,0x18,0x18,
// row 94
0xA4,0x30,0xFF,0xF7,0x84,0xFF,0x10,0xBD,0x78,0x08,0x00,0x20,0xAC,0x23,0x5B,0x00,
0x43,0x43,0xF7,0xB5,0x17,0x4C,0x1F,0x00,0xE3,0x18,0x1A,0x00,0x44,0x32,0xFF,0x32,
0x01,0x91,0x11,0x78,0x05,0x00,0x01,0x29,0x22,0xD1,0x45,0x33,0xFF,0x33,0x1E,0x78,
0x00,0x23,0x03,0x31,0x13,0x70,0x05,0x22,0xFF,0xF7,0xF4,0xFE,0x03,0x2E,0x08,0xD8,
0x03,0x23,0x07,0x21,0x73,0x43,0xDB,0x19,0xE3,0x18,0x1A,0x79,0x01,0x32,0x0A,0x40,
0x1A,0x71,0xAC,0x23,0x5B,0x00,0x6B,0x43,0x1F,0x00,0xE3,0x18,0x4A,0x33,0xFF,0x33,
0x1E,0x70,0x28,0x00,0xFE,0xF7,0x32,0xF9,0xE3,0x59,0x01,0x99,0x28,0x00,0x98,0x47,
0xF7,0xBD,0xC0,0x46,0xDC,0x0B,0x00,0x20,0x10,0xB5,0x04,0x00,0xFF,0xF7,0xA6,0xFF,
// row 95
0xA4,0x30,0x02,0x68,0x09,0x4B,0x1A,0x42,0x05,0xD0,0x20,0x00,0x10,0x21,0xFF,0xF7,
0xBD,0xFF,0x01,0x20,0x09,0xE0,0xAC,0x20,0x40,0x00,0x60,0x43,0x04,0x4B,0x18,0x18,
0xFC,0x30,0x40,0x6D,0x43,0x1E,0x98,0x41,0xC0,0xB2,0x10,0xBD,0x43,0xC0,0x00,0x00,
0xDC,0x0B,0x00,0x20,0x10,0xB5,0x04,0x00,0x08,0x1F,0x03,0x28,0x2F,0xD8,0x02,0xF0,
0xEB,0xFC,0x02,0x2A,0x1E,0x15,0xAC,0x23,0x5B,0x00,0x63,0x43,0x14,0x4A,0xD3,0x18,
0x44,0x33,0xFF,0x33,0x1B,0x78,0x01,0x2B,0x21,0xD1,0x20,0x00,0xFF,0xF7,0xCC,0xFF,
0x00,0x28,0x1C,0xD1,0x20,0x00,0xFD,0xF7,0xED,0xFF,0x18,0xE0,0xAC,0x23,0x5B,0x00,
0x63,0x43,0x0B,0x4A,0x20,0x21,0x9B,0x58,0x20,0x00,0x98,0x47,0x0F,0xE0,0xAC,0x23,
// row 96
0x5B,0x00,0x63,0x43,0x06,0x4A,0xD3,0x18,0x19,0x00,0x00,0x22,0x55,0x31,0xFF,0x31,
0xFC,0x33,0x0A,0x70,0x5A,0x65,0x20,0x21,0x20,0x00,0xFF,0xF7,0x77,0xFF,0x10,0xBD,
0xDC,0x0B,0x00,0x20,0x70,0xB5,0x04,0xAC,0x25,0x88,0x07,0x29,0x03,0xD0,0x06,0x78,
0x00,0x24,0x8E,0x42,0x2C,0xD1,0x01,0x2A,0x0E,0xD0,0x00,0x2A,0x02,0xD0,0x02,0x2A,
0x0F,0xD0,0x13,0xE0,0x41,0x78,0x14,0x00,0x00,0x29,0x21,0xD1,0x00,0x24,0x42,0x79,
0xD2,0x09,0xA2,0x42,0x1C,0xD1,0x09,0xE0,0x00,0x24,0x42,0x78,0xA2,0x42,0xF5,0xD1,
0x16,0xE0,0x00,0x24,0x42,0x79,0xD2,0x09,0xA2,0x42,0x11,0xD0,0x00,0x2B,0x06,0xD0,
0x02,0x79,0x00,0x24,0xD2,0x06,0xD2,0x0E,0xD3,0x40,0xDB,0x07,0x08,0xD5,0x05,0x4B,
// row 97
0x01,0x24,0x9D,0x42,0x04,0xD0,0x43,0x78,0x5C,0x1B,0x60,0x42,0x44,0x41,0xE4,0xB2,
0x20,0x00,0x70,0xBD,0xFF,0xFF,0x00,0x00,0xF0,0xB5,0x87,0xB0,0x05,0x92,0xAC,0x22,
0x02,0x90,0x02,0x9B,0x52,0x00,0x5A,0x43,0x30,0x48,0x0D,0x78,0x84,0x18,0x23,0x00,
0x0E,0x00,0x00,0x21,0xFC,0x33,0x59,0x65,0x02,0x2D,0x54,0xD8,0x50,0x33,0x1B,0x78,
0x01,0x2B,0x50,0xD0,0x03,0x23,0x6B,0x43,0x9A,0x18,0x83,0x18,0x20,0x00,0x9A,0x79,
0x41,0x30,0xD2,0xB2,0x03,0x92,0x5A,0x79,0xFF,0x30,0x04,0x92,0x72,0x79,0x24,0x4F,
0x12,0x07,0x52,0x0F,0x02,0x70,0x01,0x20,0x5A,0x71,0x98,0x71,0x0A,0x00,0x00,0x97,
0x20,0x23,0x30,0x00,0xFF,0xF7,0x96,0xFF,0x00,0x28,0x04,0xD0,0x44,0x34,0xFF,0x34,
// row 98
0x23,0x78,0x01,0x2B,0x2F,0xD0,0x6B,0x1E,0x01,0x2B,0x12,0xD8,0x00,0x97,0x19,0x4B,
0x00,0x22,0x07,0x21,0x30,0x00,0xFF,0xF7,0x85,0xFF,0x00,0x28,0x23,0xD1,0x14,0x4B,
0x01,0x22,0x00,0x93,0x07,0x21,0x14,0x4B,0x30,0x00,0xFF,0xF7,0x7B,0xFF,0x00,0x28,
0x19,0xD1,0xAC,0x22,0x02,0x9B,0x52,0x00,0x5A,0x43,0x0C,0x49,0x8B,0x18,0x18,0x00,
0x42,0x30,0xFF,0x30,0x05,0x70,0x40,0x20,0xFC,0x33,0x58,0x65,0x05,0x9B,0x00,0x2B,
0x09,0xD1,0x03,0x33,0x5D,0x43,0x6B,0x46,0xAD,0x18,0x1B,0x7B,0x4D,0x19,0xAB,0x71,
0x6B,0x46,0x1B,0x7C,0x6B,0x71,0x07,0xB0,0xF0,0xBD,0xC0,0x46,0xDC,0x0B,0x00,0x20,
0xFF,0xFF,0x00,0x00,0xF7,0xFF,0xFE,0xFF,0xFF,0x7F,0xFF,0xFF,0xF8,0xB5,0x04,0x00,
// row 99
0x0D,0x1E,0x05,0xD1,0xFD,0xF7,0x6A,0xFE,0x6B,0x4B,0x0F,0x22,0x05,0x21,0x5A,0xE0,
0x01,0x29,0x0C,0xD1,0x05,0x21,0xFF,0xF7,0xA1,0xFD,0x20,0x00,0xFF,0xF7,0xEC,0xFE,
0x00,0x28,0x00,0xD0,0xC7,0xE0,0x20,0x00,0xFD,0xF7,0x0C,0xFF,0xC3,0xE0,0x02,0x29,
0x03,0xD1,0xFD,0xF7,0x53,0xFE,0x20,0x21,0x04,0xE0,0x03,0x29,0x06,0xD1,0xFD,0xF7,
0x4D,0xFE,0x08,0x21,0x20,0x00,0xFF,0xF7,0xA1,0xFE,0xB4,0xE0,0x04,0x29,0x17,0xD1,
0xAC,0x23,0x5B,0x00,0x43,0x43,0x59,0x49,0xCA,0x18,0x45,0x32,0xFF,0x32,0x15,0x78,
0x05,0x2D,0x0A,0xD1,0x07,0x21,0xFF,0xF7,0xC7,0xFD,0x00,0x28,0x00,0xD1,0xA2,0xE0,
0x29,0x00,0x20,0x00,0xFE,0xF7,0x0A,0xF8,0x9D,0xE0,0x5B,0x58,0x10,0x21,0x98,0xE0,
// row 100
0x05,0x29,0x03,0xD1,0x07,0x21,0xFF,0xF7,0x69,0xFD,0xDA,0xE7,0x06,0x29,0x1E,0xD1,
0xFD,0xF7,0x24,0xFE,0xAC,0x23,0x5B,0x00,0x63,0x43,0x48,0x4A,0x04,0x21,0xD3,0x18,
0x01,0x22,0x55,0x33,0xFF,0x33,0x1A,0x70,0x20,0x00,0x04,0x32,0xFF,0xF7,0x7A,0xFD,
0x20,0x00,0xFE,0xF7,0x27,0xF8,0x00,0x22,0x01,0x00,0x20,0x00,0xFF,0xF7,0x2C,0xFF,
0x03,0x22,0x29,0x00,0x3C,0x4B,0x20,0x00,0xFF,0xF7,0xAA,0xFC,0x73,0xE0,0x07,0x29,
0x5C,0xD1,0x06,0x21,0xFF,0xF7,0x42,0xFD,0xAC,0x23,0x5B,0x00,0x63,0x43,0x37,0x4D,
0xEB,0x18,0x55,0x33,0xFF,0x33,0x1B,0x78,0x00,0x2B,0x07,0xD0,0x20,0x00,0xFE,0xF7,
0x09,0xF8,0x01,0x22,0x01,0x00,0x20,0x00,0xFF,0xF7,0x0E,0xFF,0xAC,0x23,0x5B,0x00,
// row 101
0x63,0x43,0xEB,0x18,0x1A,0x00,0x44,0x32,0xFF,0x32,0x12,0x78,0x01,0x2A,0x16,0xD1,
0x1A,0x00,0x45,0x32,0xFF,0x32,0x12,0x78,0x02,0x2A,0x10,0xD8,0xFC,0x33,0x5B,0x6D,
0x00,0x2B,0x04,0xD0,0x10,0x21,0x20,0x00,0xFF,0xF7,0x30,0xFE,0x07,0xE0,0x20,0x00,
0xFF,0xF7,0x62,0xFE,0x00,0x28,0x02,0xD1,0x20,0x00,0xFD,0xF7,0x83,0xFE,0xAC,0x27,
0x7F,0x00,0x67,0x43,0xEE,0x19,0x33,0x00,0x55,0x33,0xFF,0x33,0x1B,0x78,0x00,0x2B,
0x13,0xD0,0xFC,0x36,0x73,0x6D,0x00,0x2B,0x0F,0xD0,0x20,0x00,0xFD,0xF7,0xD2,0xFF,
0xEB,0x19,0x34,0x33,0x01,0x00,0x43,0x22,0x18,0x00,0xFF,0xF7,0x70,0xFD,0xEB,0x59,
0x71,0x6D,0x20,0x00,0x98,0x47,0x00,0x23,0x73,0x65,0xAC,0x23,0x5B,0x00,0x5C,0x43,
// row 102
0x00,0x23,0x2D,0x19,0x55,0x35,0xFF,0x35,0x2B,0x70,0x14,0xE0,0x08,0x29,0x12,0xD1,
0x10,0x21,0xFF,0xF7,0xFB,0xFD,0xAC,0x23,0x5B,0x00,0x63,0x43,0x07,0x49,0x00,0x20,
0xCA,0x18,0x15,0x00,0x5B,0x58,0x01,0x21,0x55,0x32,0xFC,0x35,0xFF,0x32,0x68,0x65,
0x10,0x70,0x20,0x00,0x98,0x47,0xF8,0xBD,0x35,0xB3,0x00,0x00,0xDC,0x0B,0x00,0x20,
0x10,0xB5,0x02,0x23,0x01,0x28,0x0A,0xD8,0x00,0x29,0x08,0xD0,0x57,0x33,0xFF,0x33,
0x43,0x43,0x04,0x4A,0x99,0x50,0x04,0x49,0xFD,0xF7,0x1C,0xFD,0x00,0x23,0x18,0x00,
0x10,0xBD,0xC0,0x46,0xDC,0x0B,0x00,0x20,0xFD,0xB4,0x00,0x00,0x10,0xB5,0x02,0x23,
0x01,0x28,0x02,0xD8,0xFD,0xF7,0x44,0xFD,0x00,0x23,0x18,0x00,0x10,0xBD,0x00,0x00,
// row 103
0x03,0x00,0x10,0xB5,0x02,0x20,0x01,0x2B,0x0E,0xD8,0x03,0x22,0x00,0x20,0x51,0x43,
0x56,0x32,0xFF,0x32,0x53,0x43,0x05,0x4C,0xC9,0x18,0xE3,0x18,0x42,0x33,0x61,0x18,
0xFF,0x33,0x88,0x71,0x08,0x71,0x18,0x70,0x10,0xBD,0xC0,0x46,0xDC,0x0B,0x00,0x20,
0x70,0xB5,0x05,0x00,0x02,0x24,0x01,0x28,0x1C,0xD8,0x00,0x21,0xFF,0xF7,0xE0,0xFF,
0x01,0x21,0x28,0x00,0xFF,0xF7,0xDC,0xFF,0x21,0x00,0x28,0x00,0xFF,0xF7,0xD8,0xFF,
0xAC,0x23,0x5B,0x00,0x6B,0x43,0x18,0x00,0x00,0x21,0x07,0x4B,0x0C,0x00,0x1B,0x18,
0x1A,0x00,0xFC,0x32,0x51,0x65,0x44,0x33,0x58,0x32,0x11,0x70,0xFF,0x33,0x08,0x3A,
0x11,0x70,0x19,0x70,0x20,0x00,0x70,0xBD,0xDC,0x0B,0x00,0x20,0xF0,0xB5,0x8B,0xB0,
// row 104
0x1F,0x00,0x10,0xAB,0x1B,0x88,0x04,0x00,0x06,0x93,0x11,0xAB,0x0D,0x00,0x1B,0x78,
0x02,0x20,0x01,0x2C,0x79,0xD8,0xAC,0x21,0x49,0x00,0x61,0x43,0x3C,0x48,0x41,0x18,
0x0E,0x00,0x44,0x36,0xFF,0x36,0x36,0x78,0x05,0x90,0x0F,0x20,0x01,0x2E,0x6C,0xD0,
0x08,0x00,0x45,0x30,0xFF,0x30,0x82,0x71,0x07,0x22,0x13,0x40,0x0A,0x00,0x05,0x70,
0x68,0x46,0x4C,0x32,0xFF,0x32,0x00,0x8B,0x13,0x70,0x43,0x31,0x05,0x3A,0x10,0x80,
0x97,0x70,0xFF,0x31,0x08,0x78,0x03,0x22,0x01,0x28,0x01,0xD1,0x00,0x22,0x0A,0x70,
0xAC,0x20,0x40,0x00,0x07,0x00,0x67,0x43,0x05,0x99,0x09,0x90,0xC9,0x19,0x09,0x6B,
0x27,0x48,0x06,0x91,0x99,0x00,0x08,0x91,0x84,0x46,0x00,0x21,0x08,0x98,0x81,0x42,
// row 105
0x08,0xD0,0x12,0x98,0x40,0x58,0x07,0x90,0x07,0x9E,0xC8,0x19,0x60,0x44,0x06,0x61,
0x04,0x31,0xF3,0xE7,0x09,0x99,0x05,0x98,0x61,0x43,0x0E,0x00,0x10,0x31,0x41,0x18,
0x02,0x91,0x00,0x21,0x01,0x91,0x06,0x99,0x20,0x00,0x00,0x91,0x29,0x00,0xFD,0xF7,
0x29,0xFD,0x02,0xF0,0x6A,0xFA,0x05,0x9A,0x07,0x00,0x96,0x19,0x33,0x00,0x01,0x22,
0x44,0x33,0xFF,0x33,0x1A,0x70,0x20,0x00,0xFF,0xF7,0x56,0xFD,0x00,0x28,0x18,0xD1,
0x33,0x00,0x42,0x33,0xFF,0x33,0x1B,0x78,0x01,0x3B,0x01,0x2B,0x04,0xD9,0x4A,0x36,
0xFF,0x36,0x33,0x78,0x06,0x2B,0x09,0xD1,0x01,0x3D,0x01,0x2D,0x06,0xD8,0x09,0x4B,
0x02,0x22,0x04,0x21,0x20,0x00,0xFF,0xF7,0x53,0xFB,0x02,0xE0,0x20,0x00,0xFD,0xF7,
// row 106
0x61,0xFD,0x38,0x00,0x02,0xF0,0x45,0xFA,0x00,0x20,0x0B,0xB0,0xF0,0xBD,0xC0,0x46,
0xDC,0x0B,0x00,0x20,0x35,0xB3,0x00,0x00,0xF8,0xB5,0x05,0x00,0x02,0x20,0x01,0x2D,
0x33,0xD8,0x02,0xF0,0x32,0xFA,0xAC,0x24,0x07,0x00,0x05,0x21,0x28,0x00,0xFF,0xF7,
0xD5,0xFB,0x64,0x00,0x04,0x21,0x28,0x00,0xFF,0xF7,0xD0,0xFB,0x6C,0x43,0x07,0x21,
0x28,0x00,0xFF,0xF7,0xCB,0xFB,0x28,0x00,0xFD,0xF7,0x40,0xFE,0x0F,0x4B,0x38,0x00,
0x1C,0x19,0x26,0x00,0x22,0x00,0x00,0x23,0x05,0x27,0x44,0x36,0xFF,0x36,0xFC,0x32,
0x33,0x70,0x45,0x34,0x53,0x65,0x58,0x32,0x13,0x70,0xFF,0x34,0x02,0xF0,0x11,0xFA,
0x07,0x4B,0x07,0x21,0x27,0x70,0x14,0x22,0x28,0x00,0xFF,0xF7,0x11,0xFB,0x01,0x23,
// row 107
0x39,0x00,0x33,0x70,0x28,0x00,0xFD,0xF7,0x41,0xFE,0xF8,0xBD,0xDC,0x0B,0x00,0x20,
0x35,0xB3,0x00,0x00,0x10,0xB5,0xFD,0xF7,0xEF,0xFD,0x10,0xBD,0x10,0xB5,0xFD,0xF7,
0x01,0xFE,0x10,0xBD,0x02,0x23,0x01,0x28,0x09,0xD8,0x57,0x33,0xFF,0x33,0x58,0x43,
0x04,0x4B,0x18,0x18,0x01,0x23,0x43,0x30,0xFF,0x30,0x03,0x70,0x00,0x23,0x18,0x00,
0x70,0x47,0xC0,0x46,0xDC,0x0B,0x00,0x20,0xF8,0xB5,0x06,0x00,0x0F,0x00,0xFF,0xF7,
0x7D,0xFC,0x02,0x00,0x86,0x32,0x13,0x78,0x01,0x2B,0x0A,0xD1,0x00,0x25,0xC4,0x30,
0x03,0x68,0x04,0x00,0x15,0x70,0xAB,0x42,0x03,0xD0,0x39,0x00,0x30,0x00,0x98,0x47,
0x25,0x60,0xF8,0xBD,0x10,0xB5,0x04,0x00,0xFE,0xF7,0x62,0xFC,0x20,0x00,0xFE,0xF7,
// row 108
0x59,0xF8,0x04,0x48,0x24,0x01,0x00,0x19,0x10,0x22,0x00,0x21,0x02,0xF0,0x83,0xFB,
0x10,0xBD,0xC0,0x46,0xE4,0x06,0x00,0x20,0x70,0xB5,0x05,0x00,0xFF,0xF7,0x56,0xFC,
0x04,0x00,0x28,0x00,0xFE,0xF7,0x72,0xF8,0x01,0x23,0x6E,0x34,0x23,0x70,0x70,0xBD,
0x70,0xB5,0xFF,0xF7,0x4B,0xFC,0x03,0x00,0x4B,0x25,0x6B,0x33,0x1D,0x70,0x04,0x00,
0x00,0x20,0xFF,0xF7,0x43,0xFC,0xD2,0x22,0x52,0x00,0x81,0x58,0x07,0x4B,0x4B,0x43,
0x07,0x49,0x5B,0x18,0x83,0x50,0x22,0x00,0x5B,0x03,0x5B,0x0F,0x1F,0x33,0x6C,0x32,
0x13,0x70,0x6D,0x34,0xEB,0x1A,0x23,0x70,0x70,0xBD,0xC0,0x46,0x0D,0x66,0x19,0x00,
0x5F,0xF3,0x6E,0x3C,0xF8,0xB5,0x05,0x00,0x17,0x00,0x0C,0x00,0xFF,0xF7,0x26,0xFC,
// row 109
0x03,0x00,0x06,0x00,0x8B,0x33,0x1F,0x70,0x3A,0x00,0x28,0x00,0x21,0x00,0xFE,0xF7,
0x69,0xF9,0x21,0x00,0x28,0x00,0x34,0x19,0xFE,0xF7,0xE0,0xF9,0x22,0x00,0x02,0x23,
0x8E,0x32,0x90,0x34,0x13,0x70,0x23,0x70,0xF8,0xBD,0x70,0xB5,0x05,0x00,0x0C,0x00,
0xFF,0xF7,0x0C,0xFC,0x06,0x00,0x21,0x00,0x28,0x00,0xFE,0xF7,0x95,0xF9,0x21,0x00,
0x28,0x00,0x34,0x19,0xFE,0xF7,0xB4,0xF9,0x22,0x00,0x04,0x23,0x8E,0x32,0x90,0x34,
0x13,0x70,0x23,0x70,0x70,0xBD,0x70,0xB5,0x04,0x00,0x0D,0x00,0x02,0x20,0x01,0x2C,
0x07,0xD8,0x20,0x00,0xFE,0xF7,0x80,0xF9,0x20,0x00,0x29,0x00,0xFE,0xF7,0xB6,0xF9,
0x00,0x20,0x70,0xBD,0x70,0xB5,0x04,0x00,0x0E,0x00,0xFF,0xF7,0xE7,0xFB,0x00,0x21,
// row 110
0x05,0x00,0x20,0x00,0xFF,0xF7,0xE7,0xFF,0x01,0x21,0x20,0x00,0xFF,0xF7,0xE3,0xFF,
0x20,0x00,0xFE,0xF7,0x7D,0xF9,0x00,0x21,0x20,0x00,0xFC,0xF7,0x61,0xFE,0x01,0x21,
0x20,0x00,0xFC,0xF7,0x5D,0xFE,0x00,0x2E,0x1A,0xD1,0x31,0x00,0x20,0x00,0xFD,0xF7,
0x79,0xF8,0x31,0x00,0x20,0x00,0xFC,0xF7,0x0B,0xFF,0x18,0x22,0x0F,0x21,0x20,0x00,
0xFF,0xF7,0xF0,0xFA,0x2B,0x00,0x83,0x33,0x1E,0x70,0x25,0x33,0x1E,0x60,0x0E,0x3B,
0x1E,0x70,0x28,0x3B,0x1E,0x70,0x01,0x3B,0x1E,0x70,0x01,0x23,0x6E,0x35,0x2B,0x70,
0x70,0xBD,0x10,0xB5,0x04,0x00,0xFE,0xF7,0x81,0xF8,0x20,0x00,0x00,0x21,0xFF,0xF7,
0xC1,0xFF,0x00,0x21,0x20,0x00,0xFF,0xF7,0x27,0xFF,0x10,0xBD,0xF2,0x23,0x9B,0x00,
// row 111
0x58,0x43,0x03,0x4B,0x18,0x18,0x01,0x23,0x3B,0x30,0x03,0x70,0x70,0x47,0xC0,0x46,
0x40,0x13,0x00,0x20,0x10,0xB5,0xC0,0xB2,0x0C,0x00,0xFF,0xF7,0x97,0xFB,0x67,0x30,
0x03,0x78,0x01,0x2B,0x07,0xD1,0x00,0x20,0x02,0x2C,0x0E,0xD0,0x60,0x42,0x60,0x41,
0x01,0x33,0x18,0x1A,0x09,0xE0,0x07,0x20,0x03,0x2C,0x06,0xD0,0x01,0x38,0x02,0x2C,
0x03,0xD0,0x00,0x20,0x01,0x2C,0x00,0xD1,0x05,0x30,0x10,0xBD,0xF8,0xB5,0x05,0x00,
0x0C,0x00,0x02,0xF0,0xDA,0xF8,0x1A,0x4A,0x06,0x00,0x63,0x07,0x1A,0xD5,0xF2,0x23,
0x9B,0x00,0x19,0x00,0x69,0x43,0x51,0x18,0x08,0x00,0x95,0x31,0x99,0x30,0xFF,0x30,
0xFF,0x31,0x07,0x68,0x09,0x68,0xB9,0x42,0x0C,0xD0,0x00,0x20,0x08,0x2F,0x00,0xD0,
// row 112
0x78,0x1C,0x6B,0x43,0xD3,0x18,0x99,0x33,0xFF,0x33,0x18,0x60,0x81,0x42,0x01,0xD0,
0x04,0x23,0x9C,0x43,0xF2,0x23,0x9B,0x00,0x5D,0x43,0x53,0x5B,0x01,0x20,0xA3,0x43,
0x53,0x53,0x05,0xD0,0x01,0xF0,0x50,0xFF,0x32,0x20,0x02,0xF0,0x93,0xF8,0x00,0x20,
0x01,0xF0,0x4A,0xFF,0x30,0x00,0x02,0xF0,0xAC,0xF8,0x00,0x20,0xF8,0xBD,0xC0,0x46,
0x40,0x13,0x00,0x20,0xF2,0x23,0x9B,0x00,0x43,0x43,0x07,0x4A,0x10,0xB5,0xD3,0x18,
0x1A,0x00,0x95,0x33,0xFF,0x33,0x1B,0x68,0x99,0x32,0xFF,0x32,0x13,0x60,0x04,0x21,
0xFF,0xF7,0xB4,0xFF,0x10,0xBD,0xC0,0x46,0x40,0x13,0x00,0x20,0x70,0xB5,0x04,0x00,
0x0D,0x00,0x02,0xF0,0x8A,0xF8,0x21,0x78,0x29,0x43,0x21,0x70,0x02,0xF0,0x89,0xF8,
// row 113
0x70,0xBD,0x70,0xB5,0x04,0x00,0x0D,0x00,0x02,0xF0,0x7F,0xF8,0x23,0x78,0xAB,0x43,
0x23,0x70,0x02,0xF0,0x7E,0xF8,0x70,0xBD,0xF8,0xB5,0xF2,0x23,0x04,0x00,0x9B,0x00,
0x63,0x43,0x27,0x48,0x03,0x22,0xC3,0x18,0x43,0x33,0x19,0x70,0x0B,0x00,0x0E,0x00,
0x13,0x40,0x05,0x00,0x01,0x2B,0x06,0xD1,0x0B,0x09,0x1A,0x40,0xE0,0xB2,0x00,0x21,
0xFF,0xF7,0xD8,0xFE,0x11,0xE0,0x02,0x2B,0x04,0xD1,0xE0,0xB2,0x00,0x21,0xFF,0xF7,
0xEC,0xFE,0x0A,0xE0,0x03,0x2B,0x08,0xD1,0xE7,0xB2,0x00,0x21,0x38,0x00,0xFE,0xF7,
0xBD,0xF8,0x00,0x21,0x38,0x00,0xFE,0xF7,0x7F,0xF8,0x03,0x22,0xB1,0x08,0x11,0x40,
0x01,0x29,0x05,0xD1,0x36,0x09,0x32,0x40,0xE0,0xB2,0xFF,0xF7,0xBB,0xFE,0x11,0xE0,
// row 114
0x02,0x29,0x04,0xD1,0xE0,0xB2,0x01,0x39,0xFF,0xF7,0xCF,0xFE,0x0A,0xE0,0x03,0x29,
0x08,0xD1,0xE6,0xB2,0x02,0x39,0x30,0x00,0xFE,0xF7,0xA0,0xF8,0x01,0x21,0x30,0x00,
0xFE,0xF7,0x62,0xF8,0x64,0x20,0x02,0xF0,0x15,0xF8,0xF2,0x20,0x80,0x00,0x60,0x43,
0x28,0x18,0x0D,0x30,0x0F,0x21,0xFF,0xF7,0xA4,0xFF,0x00,0x20,0xF8,0xBD,0xC0,0x46,
0x40,0x13,0x00,0x20,0x10,0xB5,0x00,0x21,0x04,0x00,0xFC,0xF7,0x6B,0xFF,0xF2,0x20,
0x80,0x00,0x60,0x43,0x03,0x4B,0x10,0x21,0x18,0x18,0x0E,0x30,0xFF,0xF7,0x91,0xFF,
0x10,0xBD,0xC0,0x46,0x40,0x13,0x00,0x20,0x70,0xB5,0x04,0x00,0x0D,0x00,0x02,0xF0,
0x0C,0xF8,0x21,0x88,0x29,0x43,0x21,0x80,0x02,0xF0,0x0B,0xF8,0x70,0xBD,0x00,0x00,
// row 115
0xF2,0x23,0x9B,0x00,0x43,0x43,0x70,0xB5,0x1C,0x00,0x0D,0x00,0x06,0x4B,0x89,0xB2,
0xE4,0x18,0x20,0x00,0xFF,0xF7,0xE8,0xFF,0x63,0x88,0x1D,0x42,0x02,0xD0,0x00,0x20,
0x01,0xF0,0x92,0xFE,0x70,0xBD,0xC0,0x46,0x40,0x13,0x00,0x20,0x70,0xB5,0x05,0x00,
0xF2,0x20,0x80,0x00,0x68,0x43,0x10,0x4C,0x23,0x18,0x9E,0x7B,0x33,0x07,0x19,0xD5,
0x08,0x30,0x20,0x18,0x06,0x30,0x00,0x29,0x03,0xD0,0x04,0x21,0xFF,0xF7,0x4E,0xFF,
0x02,0xE0,0x04,0x21,0xFF,0xF7,0x55,0xFF,0xF2,0x23,0x9B,0x00,0x6B,0x43,0xE4,0x18,
0xA3,0x7B,0xB3,0x42,0x06,0xD0,0x23,0x79,0x5B,0x07,0x03,0xD5,0x02,0x21,0x28,0x00,
0xFF,0xF7,0xC6,0xFF,0x00,0x20,0x70,0xBD,0x40,0x13,0x00,0x20,0xF0,0xB5,0xBF,0x4B,
// row 116
0x05,0x00,0x1C,0x78,0x85,0xB0,0x20,0x00,0x16,0x00,0xFF,0xF7,0x5F,0xFA,0x04,0x2D,
0x00,0xD1,0xDC,0xE2,0x03,0x2D,0x09,0xD1,0x96,0x22,0x20,0x00,0x52,0x00,0x50,0x43,
0xB7,0x4B,0x00,0x21,0xC0,0x18,0x02,0xF0,0x76,0xF9,0xD0,0xE2,0x01,0x2D,0x00,0xD0,
0x81,0xE0,0x96,0x21,0xB2,0x4D,0x49,0x00,0x01,0x2E,0x03,0xD8,0x61,0x43,0xB1,0x4B,
0x6A,0x5C,0x74,0xE0,0x61,0x43,0x6B,0x5C,0x00,0x93,0x50,0x2B,0x23,0xD1,0x69,0x18,
0x4A,0x78,0x49,0x3B,0x13,0x40,0x05,0x2B,0x29,0xD1,0x67,0x30,0x03,0x78,0x01,0x2B,
0x05,0xD1,0xA9,0x4B,0x1B,0x22,0xC4,0x21,0x20,0x00,0xFF,0xF7,0x99,0xF8,0x20,0x00,
0xFF,0xF7,0x52,0xFD,0xF2,0x23,0x9B,0x00,0x63,0x43,0xA4,0x4A,0x50,0x21,0xD3,0x18,
// row 117
0xA3,0x4A,0x20,0x00,0x5A,0x80,0xFF,0x22,0x1A,0x71,0x5A,0x71,0xFE,0x3A,0x9A,0x71,
0xFF,0xF7,0x76,0xFF,0x46,0xE0,0x00,0x9B,0x98,0x2B,0x08,0xD1,0x02,0x2E,0x41,0xD0,
0x01,0x31,0x69,0x18,0x32,0x00,0x9B,0x48,0x02,0xF0,0x2C,0xF9,0x3A,0xE0,0xF2,0x23,
0x9D,0x21,0x9B,0x00,0x63,0x43,0x95,0x4A,0x89,0x00,0xD2,0x18,0x57,0x18,0x04,0x31,
0x52,0x18,0x38,0x68,0x12,0x68,0x12,0x1A,0x01,0x2A,0x2B,0xD0,0x08,0x32,0x29,0xD0,
0x96,0x21,0x8E,0x4A,0x80,0x01,0x49,0x00,0xC3,0x18,0x61,0x43,0xD3,0x18,0xB5,0x33,
0xFF,0x33,0x18,0x00,0x69,0x18,0x32,0x00,0x02,0xF0,0x0C,0xF9,0xF2,0x23,0x63,0x43,
0x3A,0x68,0x86,0x48,0x9B,0x18,0x19,0x00,0x66,0x31,0x89,0x00,0x41,0x18,0x00,0x98,
// row 118
0x6A,0x33,0x48,0x60,0x81,0x49,0x9B,0x00,0x5E,0x50,0x51,0x1C,0x02,0x2A,0x00,0xD1,
0x5B,0xE2,0xF2,0x23,0x9B,0x00,0x63,0x43,0x7C,0x4A,0xD3,0x18,0x9D,0x22,0x92,0x00,
0x9B,0x18,0x19,0x60,0x96,0x20,0x40,0x00,0x44,0x43,0x76,0x4B,0x2A,0x5D,0x1A,0x70,
0x00,0x22,0x5A,0x70,0x4B,0xE2,0x00,0x2D,0x01,0xD0,0x00,0x20,0x48,0xE2,0x71,0x4B,
0x5A,0x78,0x00,0x2A,0x00,0xD0,0x23,0xE2,0x2D,0x32,0xFF,0x32,0x10,0x00,0x60,0x43,
0x71,0x49,0x1D,0x78,0x46,0x18,0x0B,0x00,0x1F,0x2D,0x00,0xD1,0x6E,0xE1,0x5F,0xD8,
0x15,0x2D,0x00,0xD1,0x1B,0xE1,0x2D,0xD8,0x08,0x2D,0x00,0xD1,0x01,0xE1,0x10,0xD8,
0x02,0x2D,0x00,0xD1,0xF7,0xE0,0x04,0xD8,0x00,0x2D,0x00,0xD0,0x05,0xE2,0x67,0x4B,
// row 119
0xF5,0xE1,0x04,0x2D,0x00,0xD1,0xF1,0xE0,0x13,0x23,0x06,0x2D,0x00,0xD1,0xEE,0xE1,
0xFB,0xE1,0x10,0x2D,0x00,0xD1,0xEE,0xE0,0x04,0xD8,0x0A,0x2D,0x00,0xD0,0xF4,0xE1,
0x5F,0x4B,0xE4,0xE1,0x12,0x2D,0x00,0xD1,0xF0,0xE0,0x14,0x2D,0x00,0xD0,0xEC,0xE1,
0xF2,0x22,0x96,0x21,0x92,0x00,0x62,0x43,0x54,0x48,0x49,0x00,0x82,0x18,0x61,0x43,
0x12,0x79,0xCB,0xE1,0x1A,0x2D,0x00,0xD1,0x0E,0xE1,0x14,0xD8,0x17,0x2D,0x00,0xD1,
0xF6,0xE0,0x00,0xD2,0xEA,0xE0,0x18,0x2D,0x00,0xD1,0xFB,0xE0,0x19,0x2D,0x00,0xD0,
0xD3,0xE1,0xF2,0x22,0x96,0x21,0x92,0x00,0x62,0x43,0x48,0x48,0x49,0x00,0x82,0x18,
0x61,0x43,0x42,0x32,0xB1,0xE1,0x1C,0x2D,0x00,0xD1,0x07,0xE1,0x00,0xD2,0xFB,0xE0,
// row 120
0x1D,0x2D,0x00,0xD1,0x0C,0xE1,0x1E,0x2D,0x00,0xD0,0xBE,0xE1,0xF2,0x22,0x96,0x21,
0x92,0x00,0x62,0x43,0x3D,0x48,0x49,0x00,0x82,0x18,0x61,0x43,0x92,0x7B,0x9D,0xE1,
0x70,0x2D,0x00,0xD1,0x7D,0xE1,0x49,0xD8,0x29,0x2D,0x00,0xD1,0x1C,0xE1,0x23,0xD8,
0x24,0x2D,0x00,0xD1,0x0A,0xE1,0x0F,0xD8,0x20,0x2D,0x00,0xD0,0xA5,0xE1,0xF2,0x22,
0x96,0x21,0x01,0x25,0x92,0x00,0x62,0x43,0x30,0x48,0x49,0x00,0x61,0x43,0x82,0x18,
0x12,0x7C,0x2A,0x40,0x5A,0x54,0x99,0xE1,0x26,0x2D,0x00,0xD1,0xFD,0xE0,0x28,0x2D,
0x00,0xD0,0x92,0xE1,0xF2,0x22,0x96,0x21,0x92,0x00,0x62,0x43,0x27,0x48,0x49,0x00,
0x82,0x18,0x61,0x43,0x12,0x7E,0x71,0xE1,0x2F,0x2D,0x00,0xD1,0xFD,0xE0,0x16,0xD8,
// row 121
0x2E,0x2D,0x00,0xD0,0x81,0xE1,0xF2,0x22,0x92,0x00,0x62,0x43,0x1F,0x49,0x02,0x25,
0x8A,0x18,0x11,0x00,0x96,0x20,0x40,0x31,0x09,0x78,0x41,0x32,0x0D,0x43,0x11,0x78,
0x2A,0x00,0x40,0x00,0x60,0x43,0xC9,0x00,0x0A,0x43,0x1A,0x54,0x57,0xE1,0x30,0x2D,
0x00,0xD1,0xEC,0xE0,0x50,0x2D,0x00,0xD1,0x24,0xE1,0x66,0xE1,0x7A,0x2D,0x00,0xD1,
0x44,0xE1,0x2F,0xD8,0x74,0x2D,0x00,0xD1,0x32,0xE1,0x09,0xD8,0x72,0x2D,0x00,0xD0,
0x5B,0xE1,0xF2,0x23,0x9B,0x00,0x63,0x43,0x0C,0x4A,0xD3,0x18,0x5B,0x8C,0x46,0xE1,
0x76,0x2D,0x00,0xD1,0x2B,0xE1,0x78,0x2D,0x00,0xD0,0x4E,0xE1,0xF2,0x23,0x9B,0x00,
0x63,0x43,0x06,0x4A,0xD3,0x18,0x1B,0x8D,0x39,0xE1,0xC0,0x46,0xD0,0x1A,0x00,0x20,
// row 122
0x8C,0x0E,0x00,0x20,0x04,0x07,0x00,0x20,0xC5,0xBC,0x00,0x00,0x40,0x13,0x00,0x20,
0xFF,0x7F,0x00,0x00,0xD1,0x1A,0x00,0x20,0xE6,0x10,0x00,0x20,0xB4,0x04,0x00,0x00,
0x11,0x20,0x00,0x00,0x90,0x2D,0x00,0xD1,0x1B,0xE1,0x0C,0xD8,0x84,0x2D,0x00,0xD0,
0x2B,0xE1,0xF2,0x22,0x96,0x21,0x92,0x00,0x62,0x43,0xA6,0x48,0x49,0x00,0x82,0x18,
0x61,0x43,0x30,0x32,0x09,0xE1,0x94,0x2D,0x00,0xD1,0x12,0xE1,0x96,0x2D,0x00,0xD0,
0x1B,0xE1,0xFC,0xF7,0x87,0xFE,0xF2,0x23,0x9B,0x00,0x63,0x43,0x9D,0x4A,0x80,0xB2,
0xD3,0x18,0x18,0x87,0x0E,0xE1,0x9C,0x4B,0x33,0x80,0x0F,0xE1,0x80,0x23,0x5B,0x00,
0xFD,0xE0,0x9A,0x4B,0xFB,0xE0,0xF2,0x22,0x92,0x00,0x62,0x43,0x95,0x49,0x52,0x5A,
// row 123
0x96,0x21,0x49,0x00,0x61,0x43,0x5A,0x54,0x12,0x12,0xC8,0xE0,0xF2,0x22,0x92,0x00,
0x62,0x43,0x90,0x49,0x8A,0x18,0x96,0x21,0x52,0x88,0x49,0x00,0xBC,0xE0,0xF2,0x23,
0x9B,0x00,0x63,0x43,0x8B,0x4A,0xD3,0x18,0x5B,0x79,0x4D,0xE0,0xF2,0x22,0x96,0x21,
0x92,0x00,0x62,0x43,0x87,0x48,0x49,0x00,0x82,0x18,0x61,0x43,0x92,0x79,0xCD,0xE0,
0xF2,0x22,0x96,0x21,0x92,0x00,0x62,0x43,0x82,0x48,0x49,0x00,0x82,0x18,0x61,0x43,
0xD2,0x79,0xC3,0xE0,0xF2,0x22,0x96,0x21,0x92,0x00,0x62,0x43,0x7D,0x48,0x49,0x00,
0x82,0x18,0x61,0x43,0x12,0x7A,0xB9,0xE0,0xF2,0x21,0x89,0x00,0x61,0x43,0x79,0x48,
0x62,0x43,0x41,0x18,0x89,0x7A,0x3E,0xE0,0xF2,0x22,0x96,0x21,0x92,0x00,0x62,0x43,
// row 124
0x74,0x48,0x49,0x00,0x82,0x18,0x61,0x43,0xD2,0x7A,0xA7,0xE0,0xF2,0x22,0x96,0x21,
0x92,0x00,0x62,0x43,0x6F,0x48,0x49,0x00,0x82,0x18,0x61,0x43,0x12,0x7B,0x9D,0xE0,
0xF2,0x22,0x92,0x00,0x62,0x43,0x6B,0x49,0x8A,0x18,0x52,0x7B,0x91,0x06,0x01,0xD5,
0x0F,0x21,0x8A,0x43,0x96,0x21,0x49,0x00,0x61,0x43,0x8F,0xE0,0xF2,0x23,0x9B,0x00,
0x63,0x43,0x64,0x4A,0xD3,0x18,0xDB,0x7B,0x43,0x54,0x88,0xE0,0xF2,0x23,0x9B,0x00,
0x63,0x43,0x60,0x4A,0xD3,0x18,0x9B,0x8A,0x89,0xE0,0xF2,0x23,0x9B,0x00,0x63,0x43,
0x5C,0x4A,0xD3,0x18,0xDB,0x8A,0x82,0xE0,0xF2,0x21,0x89,0x00,0x61,0x43,0x59,0x48,
0x62,0x43,0x41,0x18,0x49,0x7E,0x99,0x54,0x71,0xE0,0xF2,0x22,0x96,0x21,0x92,0x00,
// row 125
0x62,0x43,0x54,0x48,0x49,0x00,0x82,0x18,0x61,0x43,0x3F,0x32,0x65,0xE0,0xF2,0x21,
0x89,0x00,0x61,0x43,0x4F,0x4F,0x8C,0x46,0x7A,0x18,0x11,0x00,0x10,0x00,0x99,0x31,
0x95,0x30,0xFF,0x31,0xFF,0x30,0x09,0x68,0x00,0x68,0x00,0x92,0x81,0x42,0x29,0xD0,
0xF2,0x23,0x63,0x43,0x5B,0x18,0x18,0x00,0x10,0x30,0x80,0x00,0x38,0x18,0x45,0x68,
0x96,0x20,0x40,0x00,0x60,0x43,0x02,0x00,0x68,0x04,0x40,0x0F,0x01,0x93,0x80,0x00,
0x43,0x4B,0x03,0x30,0xD0,0x54,0x00,0x9B,0xB5,0x70,0x5A,0x18,0x01,0x9B,0x2D,0x12,
0x1A,0x33,0x9B,0x00,0xF5,0x70,0xDD,0x59,0x1C,0x23,0x59,0x43,0x8C,0x32,0x12,0x78,
0x61,0x44,0x98,0x31,0x72,0x70,0x30,0x1D,0x2A,0x00,0xC9,0x19,0x01,0xF0,0x02,0xFF,
// row 126
0x04,0x35,0x43,0xE0,0xF2,0x22,0x92,0x00,0x62,0x43,0x32,0x49,0x8A,0x18,0x35,0x49,
0x52,0x18,0x12,0x88,0x53,0x39,0xFF,0x39,0x61,0x43,0x5A,0x54,0x12,0x0A,0x72,0x70,
0x31,0xE0,0xF2,0x23,0x9B,0x00,0x63,0x43,0x2A,0x4A,0xD3,0x18,0x1B,0x8C,0x1E,0xE0,
0xF2,0x23,0x9B,0x00,0x63,0x43,0x27,0x4A,0xD3,0x18,0x9B,0x8C,0x17,0xE0,0xF2,0x23,
0x9B,0x00,0x63,0x43,0x23,0x4A,0xD3,0x18,0xDB,0x8C,0x10,0xE0,0xF2,0x23,0x9B,0x00,
0x63,0x43,0x20,0x4A,0xD3,0x18,0x5B,0x8D,0x09,0xE0,0x12,0x78,0x5A,0x54,0x01,0x25,
0x14,0xE0,0xF2,0x23,0x9B,0x00,0x63,0x43,0x1A,0x4A,0xD3,0x18,0x5B,0x8E,0x33,0x80,
0x09,0xE0,0xFC,0xF7,0x77,0xFD,0xF2,0x23,0x9B,0x00,0x63,0x43,0x15,0x4A,0x00,0x0C,
// row 127
0xD3,0x18,0xD8,0x86,0x30,0x80,0x02,0x25,0x00,0xE0,0x00,0x25,0x16,0x4B,0x5D,0x80,
0x15,0x4D,0x6B,0x88,0x08,0x2B,0x01,0xD9,0x08,0x22,0x03,0xE0,0x9A,0xB2,0x00,0x2A,
0x00,0xD1,0xCA,0xE5,0x96,0x21,0x49,0x00,0x61,0x43,0x02,0xAB,0xDE,0x1D,0x0C,0x4B,
0xD2,0xB2,0xC9,0x18,0x6B,0x78,0x00,0x20,0xC9,0x18,0x33,0x00,0x01,0xF0,0x0C,0xFB,
0x6A,0x78,0x33,0x78,0xD3,0x18,0x6B,0x70,0x01,0xE0,0x00,0x21,0xA1,0xE5,0x01,0x20,
0x05,0xB0,0xF0,0xBD,0x40,0x13,0x00,0x20,0xEE,0xF6,0xFF,0xFF,0x12,0x30,0x00,0x00,
0xE6,0x10,0x00,0x20,0x7E,0x02,0x00,0x00,0x04,0x07,0x00,0x20,0x10,0xB5,0xFE,0xF7,
0x75,0xFF,0x10,0xBD,0x70,0xB5,0x04,0x00,0xFE,0xF7,0x68,0xFF,0x09,0x21,0x05,0x00,
// row 128
0x20,0x00,0xFE,0xF7,0x6B,0xFE,0x20,0x00,0xFF,0xF7,0xC8,0xFA,0xF2,0x20,0x00,0x23,
0x80,0x00,0x60,0x43,0x03,0x4A,0x7A,0x35,0x10,0x18,0x3C,0x30,0x2B,0x70,0x03,0x70,
0x70,0xBD,0xC0,0x46,0x40,0x13,0x00,0x20,0x10,0xB5,0x04,0x00,0xFF,0xF7,0xE2,0xFF,
0x40,0x21,0x20,0x00,0xFF,0xF7,0xA4,0xFC,0x10,0xBD,0x00,0x00,0xF8,0xB5,0xC5,0xB2,
0x04,0x00,0x28,0x00,0x0F,0x00,0xFE,0xF7,0x41,0xFF,0x06,0x00,0xF2,0x20,0x80,0x00,
0x60,0x43,0x0F,0x4C,0x24,0x18,0x3F,0x34,0x27,0x70,0x00,0x2F,0x0A,0xD0,0x28,0x00,
0xFF,0xF7,0xA6,0xF9,0x21,0x78,0x28,0x00,0xFF,0xF7,0x80,0xF9,0x28,0x00,0xFD,0xF7,
0x39,0xF8,0x0A,0xE0,0x39,0x00,0x28,0x00,0x7A,0x36,0xFD,0xF7,0x53,0xF8,0x33,0x78,
// row 129
0x00,0x2B,0x02,0xD0,0x28,0x00,0xFF,0xF7,0xB5,0xFF,0x00,0x20,0xF8,0xBD,0xC0,0x46,
0x40,0x13,0x00,0x20,0x7F,0xB5,0x04,0x00,0xFE,0xF7,0x18,0xFF,0xF2,0x23,0x9B,0x00,
0x1A,0x00,0x62,0x43,0x35,0x4E,0x01,0x00,0xB2,0x18,0x10,0x00,0x3F,0x30,0x00,0x78,
0x00,0x28,0x62,0xD0,0x9F,0x20,0x80,0x00,0x12,0x18,0x10,0x78,0x07,0x28,0x51,0xD8,
0x01,0xF0,0x6A,0xFC,0x04,0x04,0x04,0x50,0x50,0x50,0x04,0x37,0xF0,0x22,0x63,0x43,
0x92,0x00,0xF3,0x18,0x9B,0x18,0x1B,0x78,0x00,0x2B,0x02,0xD1,0x20,0x00,0xFF,0xF7,
0x61,0xFA,0xF2,0x25,0xAC,0x22,0xAD,0x00,0x65,0x43,0x52,0x00,0x24,0x4B,0x62,0x43,
0x75,0x19,0x24,0x49,0xEB,0x18,0x1B,0x88,0xF1,0x20,0x8A,0x18,0x13,0x63,0x9F,0x21,
// row 130
0x1F,0x22,0x80,0x00,0x28,0x18,0x00,0x68,0x1A,0x40,0x89,0x00,0x5B,0x04,0x5B,0x0F,
0x69,0x18,0x09,0x78,0x02,0x90,0x01,0x93,0x00,0x20,0x6B,0x46,0x18,0x80,0x03,0x00,
0x20,0x00,0xFF,0xF7,0x6B,0xF9,0x00,0x28,0x1A,0xD1,0x01,0x23,0x3C,0x35,0x2B,0x70,
0x23,0xE0,0xF2,0x23,0x01,0x22,0x9B,0x00,0x63,0x43,0xF6,0x18,0x7A,0x31,0x3C,0x36,
0x0A,0x70,0x20,0x00,0x32,0x70,0x00,0x21,0xFC,0xF7,0xEC,0xFF,0x20,0x00,0xFF,0xF7,
0x21,0xFA,0x0D,0x4B,0x37,0x22,0x09,0x21,0x20,0x00,0xFE,0xF7,0x21,0xFD,0x0C,0xE0,
0x0F,0x28,0x0A,0xD1,0x20,0x00,0x20,0x21,0xFF,0xF7,0x0A,0xFC,0xF2,0x23,0x9B,0x00,
0x5C,0x43,0x00,0x23,0x34,0x19,0x3C,0x34,0x23,0x70,0x7F,0xBD,0x40,0x13,0x00,0x20,
// row 131
0x7E,0x02,0x00,0x00,0xDC,0x0B,0x00,0x20,0xA9,0xC3,0x00,0x00,0xF0,0xB5,0xC5,0xB2,
0x85,0xB0,0x04,0x00,0x28,0x00,0xFE,0xF7,0x99,0xFE,0x07,0x00,0xA4,0x37,0x3B,0x68,
0x02,0x90,0x00,0x2B,0x00,0xD1,0xCE,0xE0,0x01,0x23,0x3A,0x68,0x1A,0x42,0x1F,0xD0,
0xF2,0x26,0xB6,0x00,0x66,0x43,0x65,0x4A,0x96,0x19,0x32,0x00,0x3F,0x32,0x12,0x78,
0x00,0x2A,0x15,0xD0,0x62,0x4A,0xB3,0x71,0x72,0x80,0xFF,0x22,0x00,0x21,0x32,0x71,
0x72,0x71,0x20,0x00,0xFF,0xF7,0x32,0xFF,0x20,0x00,0xFF,0xF7,0x33,0xFB,0x08,0x21,
0x20,0x00,0xFF,0xF7,0xCD,0xFB,0x00,0x23,0x3C,0x36,0x3B,0x60,0x33,0x70,0xAA,0xE0,
0x3B,0x68,0x5B,0x06,0x69,0xD5,0xAC,0x21,0x49,0x00,0x61,0x43,0x55,0x4B,0x5E,0x18,
// row 132
0x33,0x00,0x34,0x33,0x1B,0x78,0x01,0x93,0x04,0x2B,0x52,0xD8,0x01,0x27,0x9F,0x40,
0xF2,0x23,0x9B,0x00,0x63,0x43,0x4D,0x48,0xC0,0x18,0x00,0x90,0x3F,0x30,0x00,0x78,
0x38,0x42,0x46,0xD0,0x00,0x9F,0x95,0x37,0xFF,0x37,0x38,0x68,0x84,0x46,0x62,0x46,
0x00,0x98,0x99,0x30,0xFF,0x30,0x00,0x68,0x80,0x1A,0x01,0x28,0x39,0xD0,0x08,0x30,
0x37,0xD0,0x30,0x00,0x35,0x30,0x00,0x78,0x82,0x00,0x03,0x92,0x1C,0x20,0x62,0x46,
0x50,0x43,0xC3,0x18,0x98,0x33,0x18,0x00,0x3C,0x4B,0x03,0x9A,0xC0,0x18,0x3D,0x4B,
0x59,0x18,0x3C,0x31,0x01,0xF0,0x4E,0xFD,0xF2,0x23,0x63,0x43,0x3A,0x68,0x37,0x48,
0x9B,0x18,0x19,0x00,0x10,0x31,0x89,0x00,0x41,0x18,0xB0,0x6B,0x1A,0x33,0x48,0x60,
// row 133
0x32,0x49,0x03,0x98,0x9B,0x00,0x58,0x50,0x69,0x46,0x00,0x9B,0x09,0x79,0x9B,0x18,
0x8C,0x33,0x19,0x70,0x51,0x1C,0x08,0x2A,0x53,0xD0,0xF2,0x23,0x9B,0x00,0x63,0x43,
0x2A,0x4A,0x20,0x00,0xD3,0x18,0x95,0x33,0xFF,0x33,0x19,0x60,0x04,0x21,0xFF,0xF7,
0x67,0xFB,0x40,0x21,0x28,0x00,0xFE,0xF7,0x1D,0xFE,0xF2,0x23,0x9B,0x00,0x63,0x43,
0x22,0x4A,0xD3,0x18,0x00,0x22,0x3C,0x33,0x1A,0x70,0x02,0x9E,0xA4,0x36,0x33,0x68,
0x1B,0x07,0x0F,0xD5,0x40,0x21,0x20,0x00,0xFF,0xF7,0x52,0xFB,0xF2,0x23,0x9B,0x00,
0x63,0x43,0x1A,0x4A,0x38,0x21,0xD3,0x18,0x00,0x22,0x3C,0x33,0x1A,0x70,0x28,0x00,
0xFE,0xF7,0x00,0xFE,0x33,0x68,0xDB,0x06,0x0F,0xD5,0x20,0x21,0x20,0x00,0xFF,0xF7,
// row 134
0x3F,0xFB,0xF2,0x23,0x9B,0x00,0x63,0x43,0x10,0x4A,0x38,0x21,0xD3,0x18,0x00,0x22,
0x3C,0x33,0x1A,0x70,0x28,0x00,0xFE,0xF7,0xED,0xFD,0x33,0x68,0x9B,0x06,0x12,0xD5,
0x20,0x00,0x10,0x21,0xFF,0xF7,0x2C,0xFB,0xF2,0x23,0x9B,0x00,0x5C,0x43,0x07,0x4B,
0x38,0x21,0x1C,0x19,0x00,0x23,0x3C,0x34,0x23,0x70,0x28,0x00,0xFE,0xF7,0xDA,0xFD,
0x01,0xE0,0x00,0x21,0xA9,0xE7,0x00,0x20,0x05,0xB0,0xF0,0xBD,0x40,0x13,0x00,0x20,
0xFF,0x7F,0x00,0x00,0xDC,0x0B,0x00,0x20,0xF7,0xB5,0x04,0x00,0x01,0xF0,0x15,0xFB,
0x01,0x90,0x20,0x00,0xFE,0xF7,0xB2,0xFD,0x05,0x00,0x2E,0x00,0x20,0x00,0xFD,0xF7,
0x91,0xFB,0x90,0x36,0x33,0x88,0x87,0xB2,0xBB,0x42,0x05,0xD0,0x20,0x00,0xFD,0xF7,
// row 135
0x89,0xFB,0x83,0xB2,0xBB,0x42,0x38,0xD0,0xF2,0x23,0x01,0x22,0x9B,0x00,0x63,0x43,
0x1B,0x49,0xCB,0x18,0x18,0x7B,0x00,0x91,0x10,0x42,0x03,0xD0,0x5B,0x7A,0x00,0x27,
0x13,0x42,0x06,0xD1,0x31,0x78,0x20,0x00,0xFF,0xF7,0xF4,0xF9,0x03,0x23,0x18,0x40,
0x07,0x00,0xF2,0x23,0x9B,0x00,0x63,0x43,0x00,0x9A,0xD3,0x18,0x01,0x22,0x19,0x7B,
0x11,0x42,0x03,0xD0,0x5B,0x7A,0x00,0x20,0x13,0x42,0x06,0xD0,0x91,0x35,0x29,0x78,
0x20,0x00,0xFF,0xF7,0xDF,0xF9,0x03,0x23,0x18,0x40,0xF2,0x23,0x0F,0x22,0x9B,0x00,
0x5C,0x43,0x00,0x9B,0x80,0x00,0x1C,0x19,0x63,0x7B,0x93,0x43,0x3B,0x43,0x18,0x43,
0x60,0x73,0x01,0x98,0x01,0xF0,0xCD,0xFA,0xF7,0xBD,0x30,0x80,0xC4,0xE7,0xC0,0x46,
// row 136
0x40,0x13,0x00,0x20,0xF8,0xB5,0x04,0x00,0x01,0xF0,0xBF,0xFA,0x05,0x00,0x20,0x00,
0xFE,0xF7,0x5C,0xFD,0x03,0x00,0x02,0x27,0x90,0x33,0x91,0x30,0x1F,0x70,0x39,0x00,
0x07,0x70,0x20,0x00,0xFF,0xF7,0xB6,0xF9,0x39,0x00,0x06,0x00,0x20,0x00,0xFF,0xF7,
0xB1,0xF9,0xF2,0x22,0x92,0x00,0x62,0x43,0x09,0x4B,0x9A,0x18,0x0F,0x23,0x51,0x7B,
0x99,0x43,0x0C,0x3B,0x1E,0x40,0x03,0x40,0xBB,0x40,0x0E,0x43,0x33,0x43,0x53,0x73,
0x01,0x21,0x20,0x00,0xFF,0xF7,0x94,0xFA,0x28,0x00,0x01,0xF0,0x9A,0xFA,0xF8,0xBD,
0x40,0x13,0x00,0x20,0xF8,0xB5,0x05,0x00,0xFE,0xF7,0x30,0xFD,0xF2,0x21,0x89,0x00,
0x0A,0x00,0x6A,0x43,0x11,0x4B,0x04,0x00,0x9A,0x18,0x3D,0x32,0x12,0x78,0x1E,0x00,
// row 137
0x0F,0x00,0x00,0x2A,0x02,0xD1,0x28,0x00,0xFF,0xF7,0xD2,0xF8,0x3B,0x00,0x01,0x21,
0x6B,0x43,0xF3,0x18,0x3D,0x33,0x1A,0x78,0x4A,0x40,0x1A,0x70,0x23,0x00,0x67,0x33,
0x1B,0x78,0x8B,0x42,0x01,0xD1,0x6C,0x34,0x00,0xE0,0x6D,0x34,0x22,0x78,0x28,0x00,
0x92,0xB2,0x03,0x4B,0xC3,0x21,0xFE,0xF7,0x73,0xFB,0xF8,0xBD,0x40,0x13,0x00,0x20,
0xFD,0xBA,0x00,0x00,0xF8,0xB5,0xC7,0xB2,0x0D,0x00,0x04,0x00,0x38,0x00,0xFE,0xF7,
0xFD,0xFC,0xF2,0x23,0xE9,0xB2,0x01,0x25,0x06,0x00,0x9B,0x00,0x5C,0x43,0x09,0x4B,
0x38,0x00,0x1C,0x19,0x42,0x34,0x21,0x70,0x29,0x40,0xFD,0xF7,0x39,0xFB,0x32,0x00,
0x23,0x78,0x6F,0x32,0x2B,0x40,0x13,0x70,0x23,0x78,0x70,0x36,0x9D,0x43,0x35,0x70,
// row 138
0x00,0x20,0xF8,0xBD,0x40,0x13,0x00,0x20,0xF8,0xB5,0xC4,0xB2,0x06,0x00,0x20,0x00,
0x0F,0x00,0xFE,0xF7,0xDB,0xFC,0x70,0x30,0x01,0x78,0x0F,0x4D,0x20,0x00,0x00,0x2F,
0x0D,0xD0,0xFD,0xF7,0x3F,0xFB,0xF2,0x23,0x9B,0x00,0x73,0x43,0x04,0x00,0xE8,0x18,
0x0E,0x30,0x02,0x21,0x00,0x2C,0x0B,0xD1,0xFF,0xF7,0x98,0xF9,0x0A,0xE0,0xFD,0xF7,
0x5F,0xFB,0x04,0x00,0xF2,0x20,0x02,0x21,0x80,0x00,0x70,0x43,0x28,0x18,0x0E,0x30,
0xFF,0xF7,0x97,0xF9,0x20,0x00,0xF8,0xBD,0x40,0x13,0x00,0x20,0xF7,0xB5,0xC5,0xB2,
0x04,0x00,0x28,0x00,0x0F,0x00,0x16,0x00,0x01,0x93,0xFE,0xF7,0xAF,0xFC,0xF2,0x23,
0x9B,0x00,0x63,0x43,0x14,0x4A,0x01,0x99,0xD3,0x18,0x9F,0x22,0x92,0x00,0x9A,0x18,
// row 139
0x17,0x70,0x12,0x4A,0x9A,0x18,0x16,0x80,0xF1,0x22,0x92,0x00,0x9A,0x18,0x11,0x60,
0x02,0x00,0x7A,0x32,0x12,0x78,0x00,0x2A,0x0C,0xD1,0x1A,0x00,0x95,0x33,0x99,0x32,
0xFF,0x32,0xFF,0x33,0x12,0x68,0x1B,0x68,0x9A,0x42,0x03,0xD1,0xA4,0x30,0x03,0x68,
0x5B,0x06,0x04,0xD5,0x20,0x21,0x20,0x00,0xFF,0xF7,0xE2,0xF9,0x02,0xE0,0x28,0x00,
0xFF,0xF7,0x68,0xFD,0x00,0x20,0xFE,0xBD,0x40,0x13,0x00,0x20,0x7E,0x02,0x00,0x00,
0xF8,0xB5,0xC4,0xB2,0x07,0x00,0x20,0x00,0x0E,0x00,0x15,0x00,0xFE,0xF7,0x76,0xFC,
0xF2,0x23,0x9B,0x00,0x7B,0x43,0x0C,0x4A,0xF6,0xB2,0xD3,0x18,0x1A,0x00,0x19,0x00,
0x40,0x32,0x16,0x70,0x41,0x31,0xEA,0xB2,0x0A,0x70,0x01,0x00,0x67,0x30,0x66,0x31,
// row 140
0x0A,0x70,0x3F,0x33,0x06,0x70,0x19,0x78,0x00,0x29,0x02,0xD0,0x20,0x00,0xFE,0xF7,
0xAD,0xFE,0x00,0x20,0xF8,0xBD,0xC0,0x46,0x40,0x13,0x00,0x20,0xF7,0xB5,0x07,0x00,
0x1C,0x00,0xC3,0xB2,0xC0,0xB2,0x0D,0x00,0x01,0x92,0x00,0x93,0xFE,0xF7,0x4E,0xFC,
0xF2,0x22,0x92,0x00,0x7A,0x43,0xB5,0x4B,0x9E,0x18,0xB1,0x7B,0x49,0x06,0x00,0xD5,
0x63,0xE1,0x2F,0x2D,0x00,0xD1,0x0E,0xE1,0x33,0xDC,0x19,0x2D,0x00,0xD1,0x8A,0xE0,
0x16,0xDC,0x12,0x2D,0x00,0xD1,0x7D,0xE0,0x0A,0xDC,0x10,0x2D,0x00,0xD0,0x54,0xE1,
0xA1,0x78,0x63,0x78,0x09,0x02,0x19,0x43,0x38,0x00,0xFF,0xF7,0xAF,0xF8,0x4C,0xE1,
0x14,0x2D,0x75,0xD0,0x18,0x2D,0x00,0xD0,0x47,0xE1,0x63,0x78,0x33,0x72,0x44,0xE1,
// row 141
0x20,0x2D,0x00,0xD1,0xAB,0xE0,0x05,0xDC,0x1A,0x2D,0x76,0xD0,0x1C,0x2D,0x00,0xD1,
0x7F,0xE0,0x3A,0xE1,0x23,0x2D,0x00,0xD1,0xA6,0xE0,0x2E,0x2D,0x00,0xD0,0x34,0xE1,
0x01,0x23,0x61,0x78,0x38,0x00,0xCA,0x10,0x1A,0x40,0x19,0x40,0xFF,0xF7,0x90,0xFF,
0x2B,0xE1,0x76,0x2D,0x00,0xD1,0xF2,0xE0,0x27,0xDC,0x51,0x2D,0x00,0xD1,0xD7,0xE0,
0x17,0xDC,0x50,0x2D,0x00,0xD0,0x20,0xE1,0xF0,0x21,0x89,0x00,0x70,0x18,0x61,0x78,
0x89,0x06,0x89,0x0F,0x01,0x70,0xA0,0x21,0x89,0x00,0x52,0x18,0x07,0x21,0xD3,0x18,
0x8B,0x4A,0x60,0x78,0xB6,0x18,0x01,0x40,0x32,0x88,0x38,0x00,0xFF,0xF7,0x36,0xFF,
0x0B,0xE1,0x72,0x2D,0x00,0xD1,0xCC,0xE0,0x74,0x2D,0x00,0xD0,0x05,0xE1,0xA3,0x78,
// row 142
0x62,0x78,0x1B,0x02,0x13,0x43,0xB3,0x84,0xFF,0xE0,0x80,0x2D,0x00,0xD1,0xD2,0xE0,
0x0B,0xDC,0x78,0x2D,0x00,0xD1,0xC8,0xE0,0x7A,0x2D,0x00,0xD0,0xF5,0xE0,0xA3,0x78,
0x62,0x78,0x1B,0x02,0x13,0x43,0x73,0x85,0xEF,0xE0,0x82,0x2D,0x00,0xD1,0xCE,0xE0,
0x92,0x2D,0x00,0xD0,0xE9,0xE0,0xFF,0x21,0x71,0x86,0xA1,0x78,0x60,0x78,0x9A,0x18,
0x09,0x02,0x01,0x43,0x34,0x32,0xB1,0x86,0x10,0x00,0xFC,0xF7,0xB3,0xF8,0xB3,0x8E,
0x73,0x86,0xDA,0xE0,0xA3,0x78,0x62,0x78,0x1B,0x02,0x13,0x43,0x73,0x80,0xD4,0xE0,
0x63,0x78,0x33,0x71,0xD1,0xE0,0x63,0x78,0xF8,0xB2,0x73,0x72,0xFD,0xF7,0xDA,0xF8,
0x61,0x78,0x38,0x00,0xFF,0xF7,0xA6,0xFE,0xC7,0xE0,0xF2,0x21,0xFA,0xB2,0x89,0x00,
// row 143
0x4A,0x43,0x9A,0x18,0x13,0x00,0x01,0x21,0x64,0x78,0x3E,0x33,0x19,0x70,0x94,0x72,
0xBB,0xE0,0x62,0x78,0x33,0x7B,0x53,0x40,0xDB,0x06,0x07,0xD5,0xF2,0x23,0x9B,0x00,
0x7B,0x43,0x5A,0x4A,0xD3,0x18,0x01,0x22,0x3E,0x33,0x1A,0x70,0x10,0x23,0x62,0x78,
0x13,0x40,0x02,0x00,0x71,0x30,0x72,0x32,0x00,0x2B,0x00,0xD0,0x01,0x23,0x13,0x70,
0x03,0x70,0xF2,0x20,0x80,0x00,0x78,0x43,0x50,0x4A,0x63,0x78,0x10,0x18,0x03,0x73,
0x01,0x23,0x61,0x78,0x38,0x00,0x19,0x40,0xFF,0xF7,0x96,0xFE,0x95,0xE0,0x01,0x23,
0x62,0x78,0x13,0x40,0x33,0x74,0x90,0xE0,0x61,0x78,0x55,0x29,0x23,0xD0,0x10,0xD8,
0x44,0x29,0x00,0xD0,0x89,0xE0,0xF2,0x20,0x80,0x00,0x78,0x43,0x43,0x4B,0x01,0x21,
// row 144
0x18,0x18,0x0E,0x30,0xFF,0xF7,0x3D,0xF8,0x00,0x21,0x00,0x98,0xFB,0xF7,0xA0,0xFE,
0x7B,0xE0,0x66,0x29,0x19,0xD0,0x77,0x29,0x77,0xD1,0xF8,0xB2,0x00,0x21,0xFB,0xF7,
0x9B,0xFF,0xF2,0x20,0x80,0x00,0x78,0x43,0x38,0x4B,0x10,0x21,0x18,0x18,0x0E,0x30,
0xFF,0xF7,0x1C,0xF8,0x69,0xE0,0x9A,0x18,0x0E,0x32,0x10,0x00,0x01,0x21,0xFF,0xF7,
0x15,0xF8,0x00,0x98,0xFB,0xF7,0x68,0xFE,0x5F,0xE0,0xF8,0xB2,0x00,0x21,0xFB,0xF7,
0xE9,0xFF,0xF2,0x20,0x80,0x00,0x78,0x43,0x2C,0x4B,0x10,0x21,0x18,0x18,0x0E,0x30,
0xFF,0xF7,0x0F,0xF8,0x51,0xE0,0x61,0x78,0x38,0x00,0xFF,0xF7,0xE7,0xFB,0x4C,0xE0,
0xA0,0x21,0x89,0x00,0x50,0x18,0x01,0x9A,0xC0,0x18,0x03,0x3A,0x21,0x1D,0x01,0xF0,
// row 145
0x41,0xFA,0x23,0x4B,0xA2,0x78,0xF6,0x18,0xE3,0x78,0x1B,0x02,0x13,0x43,0x33,0x80,
0x3B,0xE0,0xA3,0x78,0x62,0x78,0x1B,0x02,0x13,0x43,0x73,0x84,0x35,0xE0,0xA3,0x78,
0x62,0x78,0x1B,0x02,0x13,0x43,0xF3,0x84,0x2F,0xE0,0xA3,0x78,0x62,0x78,0x1B,0x02,
0x13,0x43,0x33,0x85,0x29,0xE0,0xA3,0x78,0x62,0x78,0x1B,0x02,0x13,0x43,0xB3,0x85,
0xA1,0x78,0x07,0x29,0x21,0xD8,0x60,0x78,0xFD,0xF7,0xB4,0xFF,0x1D,0xE0,0xA3,0x78,
0x62,0x78,0x1B,0x02,0x13,0x43,0xF3,0x85,0xA3,0x78,0x09,0x2B,0x06,0xD0,0x0A,0x2B,
0x09,0xD0,0x08,0x2B,0x11,0xD1,0x60,0x78,0x00,0x21,0x01,0xE0,0x01,0x21,0x60,0x78,
0xFD,0xF7,0x78,0xFF,0x09,0xE0,0x60,0x78,0xFD,0xF7,0x8A,0xFF,0xF2,0x23,0x9B,0x00,
// row 146
0x5F,0x43,0x02,0x4B,0xDF,0x19,0x30,0x37,0x38,0x70,0xF7,0xBD,0x40,0x13,0x00,0x20,
0x7E,0x02,0x00,0x00,0xF7,0xB5,0x05,0x00,0xFE,0xF7,0xD8,0xFA,0x01,0x90,0xFC,0xF7,
0x9B,0xF8,0x01,0x28,0x36,0xD1,0xF2,0x23,0x9B,0x00,0x6B,0x43,0xB5,0x4E,0x1C,0x00,
0xF7,0x18,0x9E,0x22,0x9D,0x23,0x92,0x00,0x9B,0x00,0xFB,0x18,0xBF,0x18,0x1B,0x68,
0x3A,0x68,0x93,0x42,0x00,0xD1,0xA0,0xE2,0x01,0xF0,0x1F,0xF8,0xF2,0x21,0x69,0x43,
0x3A,0x68,0x00,0x90,0x93,0x01,0x8A,0x18,0x10,0x00,0x1B,0x19,0x66,0x32,0x91,0x00,
0xF3,0x18,0x6A,0x30,0x80,0x00,0xB5,0x33,0x71,0x18,0x82,0x59,0xFF,0x33,0x49,0x68,
0x28,0x00,0xFF,0xF7,0x53,0xFE,0x3B,0x68,0x00,0x22,0x02,0x2B,0x00,0xD0,0x5A,0x1C,
// row 147
0xF2,0x23,0x9B,0x00,0x5D,0x43,0x51,0x3B,0x76,0x19,0xFF,0x3B,0xF6,0x18,0x32,0x60,
0x00,0x98,0x0A,0xE0,0xFC,0xF7,0x60,0xF8,0x02,0x28,0x09,0xD1,0x00,0xF0,0xF5,0xFF,
0x04,0x00,0x99,0x48,0xFC,0xF7,0x46,0xF8,0x20,0x00,0x00,0xF0,0xF2,0xFF,0x6C,0xE2,
0x28,0x00,0xFF,0xF7,0xEB,0xFB,0xF2,0x22,0x92,0x00,0x13,0x00,0x6B,0x43,0x91,0x4E,
0xF3,0x18,0x19,0x00,0x3B,0x31,0x08,0x78,0x11,0x00,0x00,0x28,0x0F,0xD0,0x3E,0x33,
0x1A,0x78,0x04,0x2A,0x01,0xD1,0x01,0x32,0x02,0xE0,0x05,0x2A,0x01,0xD1,0x01,0x3A,
0x1A,0x70,0x0B,0x00,0x00,0x22,0x6B,0x43,0xF3,0x18,0x3B,0x33,0x1A,0x70,0xF2,0x27,
0x9E,0x22,0xBF,0x00,0x6F,0x43,0x92,0x00,0xF3,0x19,0x9C,0x18,0x04,0x3A,0x9B,0x18,
// row 148
0x1B,0x68,0x22,0x68,0x9A,0x42,0x27,0xD0,0x00,0xF0,0xBF,0xFF,0xF2,0x21,0x69,0x43,
0x22,0x68,0x00,0x90,0x93,0x01,0xDF,0x19,0x8A,0x18,0x10,0x00,0xF7,0x19,0x3B,0x00,
0x66,0x32,0x91,0x00,0x6A,0x30,0x80,0x00,0xB5,0x33,0x71,0x18,0x32,0x58,0xFF,0x33,
0x49,0x68,0x28,0x00,0xFF,0xF7,0xF2,0xFD,0x23,0x68,0x00,0x22,0x02,0x2B,0x00,0xD0,
0x5A,0x1C,0xF2,0x23,0x9E,0x21,0x9B,0x00,0x6B,0x43,0x89,0x00,0xF3,0x18,0x5B,0x18,
0x1A,0x60,0x00,0x98,0x00,0xF0,0x9D,0xFF,0xF2,0x23,0x00,0x21,0x9B,0x00,0x6B,0x43,
0x6A,0x4F,0xF3,0x18,0x3E,0x33,0x1B,0x78,0x3A,0x79,0x00,0x91,0x9A,0x42,0x02,0xD0,
0x3B,0x71,0x01,0x23,0x00,0x93,0x7B,0x79,0x00,0x2B,0x0C,0xD1,0xF2,0x24,0x28,0x00,
// row 149
0xFD,0xF7,0xE0,0xF9,0x19,0x21,0x00,0xF0,0x9B,0xFF,0xA4,0x00,0x6C,0x43,0x34,0x19,
0x20,0x84,0x0A,0x23,0x00,0xE0,0x01,0x3B,0xF2,0x24,0xA4,0x00,0x20,0x00,0x68,0x43,
0x7B,0x71,0x33,0x18,0x1B,0x8C,0xA0,0x2B,0x0C,0xD9,0x10,0x30,0x30,0x18,0x01,0x21,
0xFE,0xF7,0xE7,0xFE,0x01,0x21,0x28,0x00,0xFE,0xF7,0x78,0xFF,0x01,0x22,0x54,0x4B,
0x1A,0x70,0x36,0xE0,0x77,0x2B,0x03,0xD8,0x00,0x21,0x28,0x00,0xFE,0xF7,0x6E,0xFF,
0x20,0x00,0x68,0x43,0x33,0x18,0x1A,0x8C,0x15,0x2A,0x2A,0xD8,0x9A,0x7B,0x12,0x07,
0x1A,0xD5,0x01,0x21,0x1B,0x7C,0x4A,0x4C,0x0B,0x42,0x0B,0xD1,0x23,0x78,0x00,0x2B,
0x08,0xD0,0x10,0x30,0x30,0x18,0xFE,0xF7,0xB9,0xFE,0x80,0x21,0x28,0x00,0x89,0x01,
// row 150
0xFE,0xF7,0x3E,0xFF,0xF2,0x20,0x80,0x00,0x68,0x43,0x10,0x30,0x30,0x18,0x01,0x21,
0xFE,0xF7,0xAC,0xFE,0x00,0x23,0x23,0x70,0xF2,0x23,0x9B,0x00,0x6B,0x43,0xF3,0x18,
0x3A,0x33,0x1A,0x78,0x00,0x2A,0x04,0xD0,0x00,0x22,0x28,0x00,0x1A,0x70,0xFB,0xF7,
0x6D,0xFD,0xF2,0x24,0xA4,0x00,0x23,0x00,0x6B,0x43,0xF3,0x18,0x3E,0x33,0x18,0x78,
0x0B,0x28,0x00,0xD9,0xA1,0xE1,0x00,0xF0,0x31,0xFF,0x0C,0x00,0x0F,0x00,0x65,0x00,
0xB2,0x00,0xE6,0x00,0x27,0x01,0x72,0x01,0x5F,0x01,0x88,0x01,0xA0,0x01,0xA0,0x01,
0x93,0x01,0x6C,0x43,0x36,0x19,0x8D,0xE1,0x6C,0x43,0xC3,0x21,0x00,0x20,0xFE,0xF7,
0xB5,0xF8,0x30,0x19,0x0D,0x30,0x20,0x21,0xFE,0xF7,0x83,0xFE,0x40,0x20,0x34,0x19,
// row 151
0xA3,0x7A,0x18,0x40,0x02,0xD0,0x01,0x22,0xBA,0x71,0x00,0xE0,0xB8,0x71,0xF2,0x24,
0xA4,0x00,0x22,0x00,0x6A,0x43,0xB2,0x18,0x17,0x7B,0x21,0x00,0xFF,0x06,0x15,0xD5,
0x00,0x28,0x00,0xD0,0x71,0xE1,0x51,0x7A,0x03,0x22,0xC9,0x07,0x00,0xD5,0x9B,0x08,
0x65,0x43,0x76,0x19,0x13,0x40,0x3E,0x36,0x02,0x2B,0x01,0xD1,0x03,0x23,0x63,0xE1,
0x01,0x2B,0x01,0xD1,0x02,0x23,0x5F,0xE1,0x08,0x23,0x5D,0xE1,0x03,0x20,0x1C,0x00,
0x04,0x40,0x02,0x2C,0x06,0xD1,0x9B,0x08,0x18,0x40,0x02,0x28,0x0C,0xD1,0x3E,0x32,
0x05,0x23,0x07,0xE0,0x01,0x2C,0x07,0xD1,0x9B,0x08,0x03,0x40,0x01,0x2B,0x03,0xD1,
0x3E,0x32,0x03,0x33,0x13,0x70,0x48,0xE1,0x4D,0x43,0x76,0x19,0x3E,0x36,0x0B,0x23,
// row 152
0x42,0xE1,0xC0,0x46,0x40,0x13,0x00,0x20,0xD1,0x1A,0x00,0x20,0x04,0x07,0x00,0x20,
0xB7,0x00,0x00,0x20,0x00,0x9B,0x00,0x2B,0x12,0xD0,0x01,0x22,0x6C,0x43,0x01,0x9B,
0x30,0x19,0x67,0x33,0x1A,0x70,0x0D,0x30,0x30,0x21,0xFE,0xF7,0x2A,0xFE,0x30,0x23,
0x34,0x19,0xA1,0x7A,0x28,0x00,0x19,0x40,0x2B,0x3B,0x19,0x43,0xFE,0xF7,0x2C,0xFE,
0x28,0x00,0xFF,0xF7,0x89,0xFB,0xF2,0x23,0x9B,0x00,0x6B,0x43,0xF3,0x18,0x59,0x7A,
0x03,0x22,0x5B,0x7B,0xC9,0x07,0x00,0xD5,0x9B,0x08,0x13,0x42,0x00,0xD0,0x14,0xE1,
0xF2,0x24,0x10,0x27,0xA4,0x00,0x6C,0x43,0x00,0x21,0x28,0x00,0xFF,0xF7,0xE6,0xF9,
0x34,0x19,0x28,0x00,0xFF,0xF7,0xC6,0xFB,0x23,0x7B,0x3B,0x42,0x10,0xD0,0x00,0x21,
// row 153
0x28,0x00,0xFB,0xF7,0xCF,0xFD,0xA3,0x7B,0x28,0x00,0xBB,0x43,0xA3,0x73,0x01,0x23,
0x3A,0x34,0x23,0x70,0xFB,0xF7,0xB2,0xFC,0x00,0x22,0x01,0x9B,0x72,0x33,0x1A,0x70,
0xF2,0x24,0xA4,0x00,0x65,0x43,0x76,0x19,0x3E,0x36,0x09,0x23,0xEC,0xE0,0x00,0x9B,
0x00,0x2B,0x0E,0xD0,0x00,0x22,0x6C,0x43,0x01,0x9B,0x34,0x19,0x67,0x33,0x0D,0x34,
0x10,0x21,0x20,0x00,0x1A,0x70,0xFE,0xF7,0xD1,0xFD,0x20,0x21,0x20,0x00,0xFE,0xF7,
0xD8,0xFD,0xF2,0x24,0xA4,0x00,0x6C,0x43,0x36,0x19,0x33,0x7B,0xDB,0x06,0x00,0xD4,
0xD3,0xE0,0x04,0x23,0xB7,0x7B,0x1F,0x40,0x00,0xD0,0xCE,0xE0,0x39,0x00,0x28,0x00,
0xFF,0xF7,0xA4,0xF9,0x28,0x00,0xFF,0xF7,0x2F,0xFB,0x33,0x00,0x01,0x22,0x3A,0x33,
// row 154
0x1A,0x70,0x28,0x00,0xFB,0xF7,0x7A,0xFC,0x0A,0x23,0x3E,0x36,0x33,0x70,0x01,0x9B,
0x72,0x33,0x1F,0x70,0xB9,0xE0,0x00,0x9B,0x00,0x2B,0x1C,0xD0,0x01,0x22,0x6C,0x43,
0x01,0x9B,0x30,0x19,0x67,0x33,0x1A,0x70,0x0D,0x30,0x20,0x21,0xFE,0xF7,0x9E,0xFD,
0x30,0x23,0x34,0x19,0xA1,0x7A,0x28,0x00,0x19,0x40,0x2B,0x3B,0x19,0x43,0xFE,0xF7,
0xAB,0xFD,0x28,0x00,0xFF,0xF7,0x08,0xFB,0xBB,0x79,0x00,0x2B,0x06,0xD0,0x28,0x00,
0xFF,0xF7,0x88,0xFB,0x02,0xE0,0x28,0x00,0xFF,0xF7,0xFE,0xFA,0xF2,0x23,0x9B,0x00,
0x6B,0x43,0xF3,0x18,0x5B,0x7B,0x03,0x22,0x18,0x00,0x99,0x08,0x10,0x40,0x02,0x28,
0x03,0xD0,0x0A,0x40,0x02,0x2A,0x00,0xD0,0x87,0xE0,0x4B,0x40,0x9B,0x07,0x00,0xD1,
// row 155
0x83,0xE0,0xF2,0x24,0xA4,0x00,0x65,0x43,0xC3,0x21,0x00,0x20,0x76,0x19,0xFD,0xF7,
0xA5,0xFF,0x3E,0x36,0x07,0x23,0x77,0xE0,0x00,0x9B,0x00,0x2B,0x18,0xD0,0x20,0x00,
0x00,0x22,0x68,0x43,0x01,0x9B,0x30,0x18,0x67,0x33,0x1A,0x70,0x0D,0x30,0x20,0x21,
0xFE,0xF7,0x5C,0xFD,0x0A,0x21,0x28,0x00,0xFE,0xF7,0x6E,0xFD,0x28,0x00,0xFF,0xF7,
0xCB,0xFA,0xBB,0x79,0x00,0x2B,0x06,0xD0,0x28,0x00,0xFF,0xF7,0x4B,0xFB,0x02,0xE0,
0x28,0x00,0xFF,0xF7,0xC1,0xFA,0xF2,0x23,0x03,0x21,0x9B,0x00,0x6B,0x43,0xF3,0x18,
0x5B,0x7B,0x9A,0x08,0x0B,0x42,0x01,0xD1,0x0A,0x42,0x4E,0xD0,0x53,0x40,0x9B,0x07,
0x4B,0xD0,0xF2,0x24,0xA4,0x00,0x65,0x43,0xC3,0x21,0x00,0x20,0x76,0x19,0xFD,0xF7,
// row 156
0x6D,0xFF,0x3E,0x36,0x06,0x23,0x3F,0xE0,0x00,0x9B,0x00,0x2B,0x0B,0xD0,0x6C,0x43,
0x36,0x19,0x0D,0x36,0x30,0x00,0x20,0x21,0xFE,0xF7,0x33,0xFD,0x10,0x21,0x30,0x00,
0xFE,0xF7,0x2F,0xFD,0x11,0xE0,0x28,0x00,0xFF,0xF7,0x96,0xFA,0x2D,0xE0,0x00,0x9B,
0x00,0x2B,0xF8,0xD0,0x6C,0x43,0x36,0x19,0x0D,0x36,0x20,0x21,0x30,0x00,0xFE,0xF7,
0x20,0xFD,0x10,0x21,0x30,0x00,0xFE,0xF7,0x11,0xFD,0x28,0x00,0xFF,0xF7,0x84,0xFA,
0x01,0x21,0x28,0x00,0xFE,0xF7,0x94,0xFD,0x17,0xE0,0x6C,0x43,0x30,0x19,0x0F,0x30,
0x01,0x21,0xFE,0xF7,0x03,0xFD,0x01,0x23,0x34,0x19,0x3E,0x34,0x23,0x70,0x0C,0xE0,
0x30,0x23,0x6C,0x43,0x36,0x19,0xB1,0x7A,0x28,0x00,0x19,0x40,0x2B,0x3B,0x19,0x43,
// row 157
0xFE,0xF7,0x0A,0xFD,0x01,0x23,0x3E,0x36,0x33,0x70,0xF7,0xBD,0x10,0xB5,0x48,0x21,
0x01,0x48,0xFE,0xF7,0xEB,0xFC,0x10,0xBD,0x4E,0x13,0x00,0x20,0xF0,0xB5,0x89,0xB0,
0x6B,0x46,0xF2,0x25,0x05,0x90,0x1B,0x7D,0xAD,0x00,0x18,0x00,0x06,0x93,0xFE,0xF7,
0x0D,0xF8,0x05,0x9B,0x00,0x26,0x5D,0x43,0x4B,0x4B,0x01,0x27,0x5D,0x19,0x2B,0x00,
0x42,0x33,0x1E,0x70,0x03,0x00,0x6F,0x33,0x1E,0x70,0x5F,0x70,0x08,0x3B,0x1E,0x70,
0x01,0x3B,0x1E,0x70,0x2B,0x00,0x3A,0x33,0x06,0x70,0x46,0x70,0x87,0x73,0x06,0x74,
0x1E,0x70,0x5E,0x70,0x9E,0x70,0x0A,0x23,0xAB,0x72,0x03,0x00,0x04,0x00,0x87,0x33,
0x1F,0x70,0x06,0x98,0xFE,0xF7,0x90,0xFB,0x22,0x00,0x02,0x23,0x2F,0x74,0x8E,0x32,
// row 158
0x43,0x35,0x2E,0x70,0x31,0x00,0x13,0x70,0x53,0x70,0x93,0x70,0xD3,0x70,0x05,0x98,
0xFF,0xF7,0x94,0xF8,0x05,0x9B,0xB3,0x42,0x0E,0xD1,0x96,0x23,0x5B,0x00,0x03,0x93,
0x32,0x4B,0x3A,0x00,0x02,0x93,0x32,0x4B,0x39,0x00,0x01,0x93,0xDE,0x23,0x05,0x98,
0x00,0x93,0xD3,0x3B,0x00,0xF0,0xAC,0xFA,0x04,0x20,0xFD,0xF7,0x8F,0xFC,0xC8,0x20,
0x00,0xF0,0x08,0xFD,0xF2,0x20,0x05,0x9B,0x80,0x00,0x43,0x43,0x07,0x93,0x00,0x23,
0x25,0x4F,0x07,0x9A,0x01,0x26,0xBD,0x18,0xD3,0x53,0x26,0x4A,0xEB,0x82,0x6A,0x80,
0xFF,0x22,0x2A,0x71,0x6A,0x71,0xF8,0x3A,0xEA,0x71,0x59,0x32,0x2A,0x72,0x2A,0x73,
0x2C,0x32,0x6A,0x84,0x6C,0x3A,0xAA,0x84,0x1F,0x4A,0xAE,0x71,0xAA,0x82,0x06,0x98,
// row 159
0xFC,0xF7,0x60,0xFF,0x19,0x21,0x00,0xF0,0x1B,0xFD,0x23,0x78,0x80,0xB2,0x28,0x84,
0x3D,0x00,0xB3,0x42,0x0D,0xD0,0xA0,0x28,0x0B,0xD9,0x07,0x9B,0x6A,0x34,0xF8,0x18,
0x26,0x70,0x0E,0x30,0x31,0x00,0xFE,0xF7,0x61,0xFC,0x06,0x98,0xFB,0xF7,0xB4,0xFA,
0x03,0xE0,0x00,0x21,0x06,0x98,0xFB,0xF7,0xCB,0xFA,0xF2,0x23,0x05,0x9A,0x9B,0x00,
0x53,0x43,0x80,0x22,0xED,0x18,0xEB,0x7B,0x52,0x42,0x13,0x43,0xEB,0x73,0xAB,0x7B,
0xC0,0x32,0x93,0x43,0xAB,0x73,0x02,0x21,0x05,0x98,0xFE,0xF7,0xD1,0xFC,0x01,0x23,
0x3E,0x35,0x2B,0x70,0x09,0xB0,0xF0,0xBD,0x40,0x13,0x00,0x20,0x8C,0x0E,0x00,0x20,
0x7D,0xBD,0x00,0x00,0xFF,0x7F,0x00,0x00,0xDD,0xEE,0xFF,0xFF,0xF7,0xB5,0x06,0x00,
// row 160
0x18,0x24,0x74,0x43,0x1A,0x4D,0x1B,0x4B,0x2C,0x19,0x80,0x00,0xC0,0x58,0xA7,0x68,
0xA3,0x8A,0x01,0x95,0x9B,0xB2,0x00,0x2F,0x02,0xD1,0x17,0x70,0x39,0x00,0x25,0xE0,
0xC2,0x24,0xA4,0x00,0x04,0x59,0xA4,0x46,0x1F,0x24,0x65,0x46,0x25,0x40,0x0C,0x1C,
0xA9,0x42,0x00,0xD9,0x2C,0x1C,0xA1,0xB2,0x11,0x70,0x59,0x18,0x8A,0xB2,0x18,0x21,
0x71,0x43,0x01,0x9C,0x61,0x18,0x8C,0x89,0x00,0x21,0x94,0x42,0x0E,0xD3,0xD0,0x21,
0x89,0x00,0x93,0x42,0x04,0xD2,0x44,0x58,0xFC,0x54,0x01,0x33,0x9B,0xB2,0xF8,0xE7,
0x18,0x20,0x01,0x21,0x46,0x43,0x01,0x9A,0x95,0x19,0xAB,0x82,0x08,0x00,0xFE,0xBD,
0x0C,0x07,0x00,0x20,0x0C,0xE1,0x00,0x00,0x13,0x4B,0x82,0x00,0xD3,0x58,0x30,0xB5,
// row 161
0x1A,0x68,0x12,0x49,0x52,0x00,0x52,0x08,0x1A,0x60,0x18,0x22,0x50,0x43,0x10,0x4A,
0x10,0x25,0x10,0x18,0x02,0x22,0x02,0x71,0x00,0x22,0x82,0x82,0x5A,0x50,0xF8,0x20,
0x01,0x21,0x0C,0x4C,0x49,0x42,0x00,0x01,0x19,0x50,0x18,0x59,0xA8,0x43,0x18,0x51,
0xF4,0x20,0x00,0x01,0x19,0x50,0x80,0x30,0x19,0x50,0x80,0x21,0xDA,0x66,0x1A,0x68,
0x09,0x06,0x0A,0x43,0x1A,0x60,0x30,0xBD,0x0C,0xE1,0x00,0x00,0x88,0x0F,0x00,0x00,
0x0C,0x07,0x00,0x20,0x48,0x0F,0x00,0x00,0x6F,0x39,0x10,0xB5,0xCC,0xB2,0x20,0x00,
0xFF,0xF7,0xCA,0xFF,0x18,0x20,0x60,0x43,0x03,0x49,0x00,0x22,0x08,0x18,0x01,0x79,
0x03,0x69,0x03,0x20,0x98,0x47,0x10,0xBD,0x0C,0x07,0x00,0x20,0xCC,0x4B,0x82,0x00,
// row 162
0xF0,0xB5,0xD4,0x58,0x00,0x22,0x87,0xB0,0x04,0xAB,0xDA,0x71,0xC9,0x4B,0x06,0x00,
0xE2,0x58,0x01,0x23,0x1A,0x42,0x06,0xD0,0xC7,0x49,0x62,0x58,0x9A,0x43,0x62,0x50,
0xE8,0x22,0x12,0x01,0xA3,0x50,0xC5,0x4B,0x01,0x22,0xE3,0x58,0x01,0x92,0x02,0x93,
0x02,0x23,0x02,0x9A,0xFF,0x33,0x1A,0x42,0x08,0xD0,0x31,0x00,0x6F,0x31,0xC9,0xB2,
0x00,0x20,0xFD,0xF7,0xCB,0xFD,0x00,0x23,0x02,0x93,0x01,0x93,0x02,0x9B,0xDB,0x06,
0x00,0xD4,0x85,0xE0,0x18,0x23,0x73,0x43,0xB9,0x4A,0xD3,0x18,0x9B,0x78,0x03,0x92,
0xFE,0x2B,0x1A,0xD0,0xC2,0x23,0x9B,0x00,0xE7,0x58,0x1F,0x23,0x01,0x22,0x1F,0x40,
0x63,0x6E,0x00,0x25,0x13,0x42,0x12,0xD0,0x14,0x20,0x00,0xF0,0xEB,0xFB,0xF4,0x23,
// row 163
0x1B,0x01,0xE3,0x58,0x5B,0x06,0x0A,0xD5,0xC2,0x23,0x9B,0x00,0xE7,0x58,0x1F,0x23,
0x1F,0x40,0x01,0x3F,0xFF,0xB2,0x01,0x35,0x01,0xE0,0x08,0x27,0x00,0x25,0x18,0x23,
0x73,0x43,0xA7,0x4A,0xD3,0x18,0x19,0x79,0x04,0x29,0x2C,0xD0,0x04,0xAB,0xDA,0x1D,
0x39,0x00,0x30,0x00,0xFF,0xF7,0x22,0xFF,0x01,0x90,0x00,0x28,0x1E,0xD0,0x00,0x2D,
0x10,0xD0,0x14,0x20,0x00,0xF0,0xC6,0xFB,0xC2,0x23,0x9B,0x00,0xE1,0x58,0x1F,0x23,
0x19,0x40,0x01,0x29,0x06,0xD9,0x01,0x39,0x04,0xAB,0xC9,0xB2,0xDA,0x1D,0x30,0x00,
0xFF,0xF7,0x0C,0xFF,0x18,0x23,0x05,0x21,0x73,0x43,0x03,0x9A,0x01,0x20,0xD3,0x18,
0x9A,0x8A,0x19,0x71,0x92,0xB2,0x1B,0x69,0x98,0x47,0x01,0x90,0xFC,0x23,0x01,0x22,
// row 164
0x1B,0x01,0xE2,0x50,0x03,0xE0,0x1B,0x69,0x00,0x22,0x02,0x20,0x98,0x47,0x18,0x23,
0x73,0x43,0x03,0x9A,0x00,0x20,0xD3,0x18,0x02,0x22,0x98,0x82,0x1A,0x71,0x81,0x23,
0x80,0x21,0x9B,0x00,0xE2,0x58,0x49,0x02,0x0A,0x43,0xE2,0x50,0xE1,0x58,0x85,0x4A,
0x0A,0x40,0xE2,0x50,0x01,0x22,0x84,0x49,0x63,0x58,0x93,0x43,0x63,0x50,0xF8,0x23,
0x10,0x21,0x1B,0x01,0xE2,0x50,0x81,0x4A,0xA3,0x58,0x8B,0x43,0xA3,0x50,0x31,0x00,
0xF4,0x23,0x30,0x22,0x1B,0x01,0x6F,0x31,0xE2,0x50,0xC9,0xB2,0xFD,0xF7,0x3E,0xFD,
0x02,0x9B,0x5B,0x06,0x00,0xD4,0x8C,0xE0,0x35,0x00,0xFA,0x22,0x6F,0x35,0xED,0xB2,
0x77,0x4B,0x52,0x00,0x29,0x00,0x00,0x20,0xFD,0xF7,0x92,0xFC,0xE8,0x22,0x18,0x21,
// row 165
0x01,0x20,0x12,0x01,0xA3,0x58,0x71,0x43,0x03,0x43,0xA3,0x50,0x6C,0x4A,0x53,0x18,
0x19,0x79,0x02,0x29,0x6A,0xD1,0x67,0x6E,0x99,0x78,0xFF,0x06,0x35,0xD5,0xFE,0x29,
0x21,0xD0,0xD0,0x21,0x89,0x00,0x61,0x58,0xC1,0x40,0x0B,0x29,0x07,0xD0,0x1B,0x29,
0x0B,0xD1,0x68,0x49,0x08,0x70,0x68,0x49,0x99,0x60,0x00,0x21,0x04,0xE0,0x00,0x21,
0x64,0x48,0x01,0x70,0x65,0x48,0x98,0x60,0x99,0x82,0x59,0x4B,0xB1,0x00,0xC9,0x58,
0xC1,0x23,0x80,0x27,0x9B,0x00,0xC8,0x58,0x7F,0x02,0x38,0x43,0xC8,0x50,0xCF,0x58,
0x58,0x48,0x38,0x40,0xC8,0x50,0x18,0x23,0x73,0x43,0x04,0x21,0xD3,0x18,0x00,0x22,
0x19,0x71,0x10,0x00,0x1B,0x69,0x98,0x47,0x00,0x28,0x37,0xD0,0xF8,0x22,0x01,0x23,
// row 166
0x12,0x01,0xA3,0x50,0x50,0x4A,0xA3,0x50,0x18,0xE0,0xFE,0x29,0x0D,0xD0,0x48,0x4B,
0xB2,0x00,0xD2,0x58,0xC1,0x23,0x80,0x20,0x9B,0x00,0xD1,0x58,0x40,0x02,0x01,0x43,
0xD1,0x50,0xD0,0x58,0x47,0x49,0x01,0x40,0xD1,0x50,0x18,0x23,0x73,0x43,0x44,0x4A,
0xD3,0x18,0x05,0x22,0x1A,0x71,0x01,0x9B,0x00,0x2B,0x17,0xD0,0xF4,0x23,0x30,0x22,
0x10,0x21,0x1B,0x01,0xE2,0x50,0x41,0x4A,0xA3,0x58,0x0B,0x43,0xA3,0x50,0x3C,0x4A,
0x13,0x00,0x60,0x33,0x99,0x5D,0x01,0x23,0x00,0x29,0x04,0xD1,0x34,0x4A,0xB1,0x00,
0x8A,0x58,0xD3,0x66,0x0C,0xE0,0x64,0x32,0x93,0x55,0x09,0xE0,0x30,0x4B,0xB2,0x00,
0xD3,0x58,0x02,0x22,0x29,0x00,0xDA,0x66,0x00,0x20,0xFD,0xF7,0xAF,0xFC,0x00,0x23,
// row 167
0x01,0x93,0xF4,0x23,0x02,0x9A,0x1B,0x01,0xE2,0x50,0x01,0x9B,0x00,0x2B,0x09,0xD1,
0x30,0x00,0xFF,0xF7,0x71,0xFE,0x31,0x00,0x6F,0x31,0xC9,0xB2,0x00,0x20,0xFD,0xF7,
0x9D,0xFC,0x43,0xE0,0x01,0x27,0x2E,0x4B,0xE3,0x58,0x02,0x93,0x3B,0x42,0x28,0xD0,
0x18,0x23,0x73,0x43,0x22,0x4A,0x04,0x21,0xD3,0x18,0x00,0x22,0x1B,0x69,0x10,0x00,
0x98,0x47,0x05,0x1E,0x1D,0xD1,0x20,0x4A,0x80,0x20,0xA3,0x58,0x40,0x02,0xBB,0x43,
0xA3,0x50,0xF8,0x23,0x1B,0x01,0xE7,0x50,0x15,0x4B,0xB2,0x00,0xD3,0x58,0x81,0x22,
0x92,0x00,0x99,0x58,0x01,0x43,0x99,0x50,0x98,0x58,0x16,0x49,0x01,0x40,0x99,0x50,
0x31,0x00,0x02,0x22,0x6F,0x31,0xDA,0x66,0xC9,0xB2,0x28,0x00,0xFD,0xF7,0x6E,0xFC,
// row 168
0x01,0x95,0xF8,0x23,0x02,0x9A,0x1B,0x01,0xE2,0x50,0x16,0x4B,0xE5,0x58,0xEB,0x07,
0x06,0xD5,0x04,0xAB,0xDA,0x1D,0x08,0x21,0x30,0x00,0xFF,0xF7,0xEF,0xFD,0x01,0x90,
0xFC,0x23,0x1B,0x01,0xE5,0x50,0x01,0x9B,0x00,0x2B,0xB1,0xD0,0x07,0xB0,0xF0,0xBD,
0x0C,0xE1,0x00,0x00,0x8C,0x0E,0x00,0x00,0x88,0x0E,0x00,0x00,0x4C,0x0F,0x00,0x00,
0x0C,0x07,0x00,0x20,0xFF,0xFF,0xFE,0xFF,0x88,0x0F,0x00,0x00,0x48,0x0F,0x00,0x00,
0x59,0xD4,0x00,0x00,0xD0,0x1A,0x00,0x20,0xB8,0x0F,0x00,0x20,0x8C,0x0E,0x00,0x20,
0x8C,0x0F,0x00,0x00,0xCC,0x0F,0x00,0x00,0x10,0xB5,0x00,0x20,0xFF,0xF7,0x46,0xFE,
0x10,0xBD,0x10,0xB5,0x01,0x20,0xFF,0xF7,0x41,0xFE,0x10,0xBD,0x10,0xB5,0x02,0x20,
// row 169
0xFF,0xF7,0x3C,0xFE,0x10,0xBD,0x10,0xB5,0x03,0x20,0xFF,0xF7,0x37,0xFE,0x10,0xBD,
0xF0,0xB5,0x85,0xB0,0x02,0x92,0x0A,0xAA,0x12,0x78,0x04,0x00,0x00,0x92,0x0D,0xAA,
0x12,0x88,0x01,0x91,0x03,0x92,0x03,0x28,0x7B,0xD8,0x3F,0x4A,0x81,0x00,0x8A,0x58,
0x00,0x21,0x3E,0x48,0x11,0x60,0x80,0x27,0x10,0x66,0x81,0x20,0x7F,0x02,0x80,0x00,
0xD1,0x66,0x17,0x50,0x01,0x30,0xFF,0x30,0x17,0x50,0xF4,0x25,0x01,0x20,0x38,0x4E,
0x40,0x42,0x2D,0x01,0x91,0x51,0x50,0x51,0x36,0x4D,0x51,0x51,0x08,0x3D,0x50,0x51,
0x35,0x4D,0x51,0x51,0xFC,0x21,0x09,0x01,0x50,0x50,0x00,0x98,0x5D,0x00,0x00,0x04,
0x28,0x43,0xC4,0x25,0xAD,0x00,0x11,0x68,0x50,0x51,0x00,0x98,0x2E,0x4D,0xFE,0x28,
// row 170
0x00,0xD0,0x39,0x43,0x08,0x20,0x80,0x27,0xFF,0x30,0xBF,0x00,0xD0,0x51,0x01,0x37,
0xFF,0x37,0xD0,0x51,0x29,0x48,0x6F,0x46,0x01,0x43,0x11,0x60,0x18,0x21,0x61,0x43,
0x27,0x48,0x3F,0x79,0x0F,0x54,0x41,0x18,0x68,0x46,0x00,0x7A,0x4B,0x70,0xC8,0x70,
0x02,0x20,0x08,0x71,0x00,0x20,0x88,0x82,0x0C,0x98,0x6B,0x46,0x88,0x60,0x68,0x46,
0x80,0x89,0x1B,0x78,0x88,0x81,0x0B,0x98,0x8B,0x70,0x08,0x61,0x81,0x21,0xC1,0x20,
0x04,0x23,0x80,0x00,0x89,0x00,0x53,0x50,0x13,0x50,0x17,0x58,0x19,0x4B,0x1F,0x40,
0x17,0x50,0x50,0x58,0x03,0x40,0x53,0x50,0x42,0x23,0xFF,0x33,0x93,0x51,0x41,0x3B,
0xFF,0x3B,0x53,0x51,0x02,0x2C,0x09,0xD0,0x03,0x2C,0x0A,0xD0,0x9C,0x42,0x02,0xD0,
// row 171
0x11,0x49,0x09,0x20,0x07,0xE0,0x11,0x49,0x0A,0x20,0x04,0xE0,0x10,0x49,0x0B,0x20,
0x01,0xE0,0x0C,0x20,0x0F,0x49,0x09,0x34,0x00,0xF0,0x9E,0xF9,0xE0,0xB2,0x00,0xF0,
0xA3,0xF9,0x05,0xB0,0xF0,0xBD,0xC0,0x46,0x0C,0xE1,0x00,0x00,0x88,0x28,0x00,0x40,
0x48,0x0F,0x00,0x00,0x88,0x0F,0x00,0x00,0xC8,0x0F,0x00,0x00,0x00,0x01,0x00,0x80,
0x0C,0x07,0x00,0x20,0xFF,0xFF,0xFE,0xFF,0xE9,0xD7,0x00,0x00,0xF3,0xD7,0x00,0x00,
0xFD,0xD7,0x00,0x00,0x07,0xD8,0x00,0x00,0x70,0xB5,0x10,0x4C,0x80,0x00,0x05,0x59,
0x82,0x20,0x80,0x00,0x2C,0x58,0xEA,0x38,0xFF,0x38,0x20,0x40,0x08,0x24,0x20,0x1A,
0xC0,0xB2,0xFD,0x34,0xFF,0x34,0x90,0x42,0x02,0xD9,0x01,0x20,0x28,0x51,0x02,0xE0,
// row 172
0x04,0x22,0x2A,0x51,0x02,0x00,0x90,0x24,0x88,0x18,0xA4,0x00,0x81,0x42,0x03,0xD0,
0x0E,0x78,0x01,0x31,0x2E,0x51,0xF9,0xE7,0x1A,0x70,0x70,0xBD,0x0C,0xE1,0x00,0x00,
0x10,0xB5,0x00,0xF0,0x43,0xFB,0x03,0x68,0x0C,0x2B,0x00,0xD1,0xFE,0xE7,0xFE,0xE7,
0xF8,0xB5,0x00,0x25,0x0F,0x49,0x10,0x4B,0x01,0x39,0x4A,0x1C,0x14,0xD0,0x00,0x22,
0x1F,0x68,0x5C,0x68,0x9E,0x68,0xA0,0x18,0xB2,0x42,0x03,0xD0,0xB8,0x58,0xA0,0x50,
0x04,0x32,0xF8,0xE7,0x02,0x00,0xDE,0x68,0x14,0x1A,0xA6,0x42,0x01,0xD0,0x20,0xC2,
0xFA,0xE7,0x10,0x33,0x01,0x39,0xE8,0xE7,0x00,0xF0,0x26,0xFB,0xFC,0xF7,0xF2,0xFE,
0xFE,0xE7,0xC0,0x46,0x01,0x00,0x00,0x00,0x44,0xE1,0x00,0x00,0x00,0x23,0x70,0xB5,
// row 173
0x0C,0x48,0x0D,0x4C,0x0D,0x4D,0x9A,0x00,0x21,0x00,0x03,0x2B,0x00,0xD8,0xA9,0x58,
0x01,0x33,0x81,0x50,0x23,0x2B,0xF6,0xD1,0xFA,0xF7,0x3A,0xFD,0x08,0x4B,0x1A,0x68,
0x00,0x2A,0x00,0xD1,0x1A,0x60,0x01,0x21,0x06,0x4A,0x13,0x68,0x0B,0x43,0x13,0x60,
0x70,0xBD,0xC0,0x46,0x00,0x00,0x00,0x20,0xA1,0xD9,0x00,0x00,0x80,0x83,0x00,0x00,
0x90,0x00,0x00,0x20,0x00,0x00,0x10,0x40,0x04,0x23,0x04,0x49,0x80,0x00,0x0A,0x68,
0x9A,0x43,0xD2,0xB2,0x03,0x40,0x13,0x43,0x0B,0x60,0x70,0x47,0x00,0x01,0x04,0x40,
0xF0,0xB5,0x00,0x25,0x48,0x4B,0xAB,0xB0,0x02,0x95,0x01,0x90,0x03,0x95,0x98,0x42,
0x00,0xD9,0x83,0xE0,0xA9,0x42,0x00,0xD1,0x80,0xE0,0x80,0x22,0x0A,0xA8,0x00,0xF0,
// row 174
0x01,0xFB,0x42,0x4B,0x08,0xAF,0x08,0x93,0x7F,0x23,0x41,0x4C,0x7B,0x60,0x41,0x4E,
0x41,0x4B,0x27,0x60,0x33,0x60,0xC0,0x46,0x23,0x68,0x1B,0x0F,0x0F,0x2B,0x03,0xD0,
0x23,0x68,0x1B,0x0F,0x0A,0x2B,0x01,0xD0,0x25,0x68,0xED,0xB2,0x02,0x95,0x02,0x9D,
0x00,0x2D,0x65,0xD1,0x00,0xF0,0x29,0xF9,0x38,0x4B,0x39,0x49,0x04,0xAA,0x04,0x93,
0x05,0x91,0x22,0x60,0x37,0x4A,0x32,0x4B,0x32,0x60,0xC0,0x46,0x22,0x68,0x12,0x0F,
0x0F,0x2A,0x03,0xD0,0x1A,0x68,0x12,0x0F,0x0A,0x2A,0x01,0xD0,0x1D,0x68,0xED,0xB2,
0x03,0x95,0x03,0x9B,0x00,0x2B,0x10,0xD1,0x2F,0x4D,0x29,0x4A,0x25,0x60,0x2F,0x4D,
0x35,0x60,0xC0,0x46,0x25,0x68,0x2D,0x0F,0x0F,0x2D,0x03,0xD0,0x15,0x68,0x2D,0x0F,
// row 175
0x0A,0x2D,0x01,0xD0,0x13,0x68,0xDB,0xB2,0x02,0x93,0x02,0x9B,0x00,0x2B,0x16,0xD1,
0x27,0x4A,0x08,0x92,0x01,0x9A,0x08,0x9D,0x12,0x04,0x2A,0x43,0x25,0x4D,0x08,0x92,
0x27,0x60,0x1B,0x4A,0x35,0x60,0xC0,0x46,0x25,0x68,0x2D,0x0F,0x0F,0x2D,0x03,0xD0,
0x15,0x68,0x2D,0x0F,0x0A,0x2D,0x01,0xD0,0x13,0x68,0xDB,0xB2,0x02,0x93,0x03,0x9B,
0x00,0x2B,0x18,0xD1,0x1C,0x4A,0x06,0xAD,0x06,0x92,0x07,0x91,0x1B,0x49,0x25,0x60,
0x0F,0x4A,0x31,0x60,0xC0,0x46,0x21,0x68,0x09,0x0F,0x0F,0x29,0x03,0xD0,0x11,0x68,
0x09,0x0F,0x0A,0x29,0x01,0xD0,0x13,0x68,0xDB,0xB2,0x03,0x93,0x03,0x9B,0x00,0x2B,
0x01,0xD0,0x03,0x9B,0x02,0x93,0x00,0xF0,0xCC,0xF8,0x01,0xE0,0x04,0x23,0x02,0x93,
// row 176
0x02,0x98,0x2B,0xB0,0xF0,0xBD,0xC0,0x46,0xFF,0x01,0x00,0x00,0xB6,0xD7,0x00,0x00,
0x08,0x00,0x10,0x40,0x04,0x00,0x10,0x40,0x04,0x00,0x00,0x80,0xB6,0xE9,0x00,0x00,
0x74,0x07,0x00,0x20,0x16,0x00,0x00,0x80,0xB6,0xE8,0x00,0x00,0x15,0x00,0x00,0x80,
0xB6,0xD8,0x00,0x00,0x05,0x00,0x00,0x80,0xB6,0xEA,0x00,0x00,0x17,0x00,0x00,0x80,
0xF7,0xB5,0x05,0x00,0x18,0x3D,0x04,0x00,0x18,0x2D,0x36,0xD8,0x1B,0x4B,0xEB,0x40,
0xDB,0x07,0x32,0xD5,0x07,0x27,0x00,0xF0,0x98,0xF8,0x19,0x4E,0x01,0x90,0x33,0x68,
0x18,0x4A,0xBB,0x43,0x33,0x60,0x18,0x4B,0x18,0x49,0xE3,0x18,0x1B,0x78,0xDB,0xB2,
0x13,0x60,0x17,0x4A,0x13,0x68,0xBB,0x43,0x13,0x60,0x16,0x4B,0x0A,0x68,0xE3,0x18,
// row 177
0x18,0x78,0x7F,0x23,0x9A,0x43,0x03,0x40,0x13,0x43,0x0B,0x60,0x32,0x20,0x00,0xF0,
0x73,0xF8,0x18,0x2C,0x0E,0xD0,0x33,0x68,0x1C,0x3C,0xA4,0x08,0xBB,0x43,0x3C,0x40,
0x1C,0x43,0x34,0x60,0x32,0x20,0x00,0xF0,0x67,0xF8,0x33,0x68,0xAD,0x08,0xBB,0x43,
0x1D,0x43,0x35,0x60,0x01,0x98,0x00,0xF0,0x6C,0xF8,0xF7,0xBD,0x11,0x11,0x11,0x01,
0x08,0x0F,0x03,0x40,0x0C,0x0F,0x03,0x40,0xCD,0xF1,0xFF,0x0F,0x18,0x0F,0x03,0x40,
0x10,0x0F,0x03,0x40,0xB4,0xF1,0xFF,0x0F,0x02,0x4B,0x80,0x00,0xC3,0x18,0x18,0x68,
0x19,0x60,0x70,0x47,0x40,0x00,0x00,0x20,0x1F,0x23,0x18,0x40,0x1E,0x3B,0x83,0x40,
0x01,0x4A,0x13,0x60,0x70,0x47,0xC0,0x46,0x00,0xE1,0x00,0xE0,0x1F,0x23,0x18,0x40,
// row 178
0x1E,0x3B,0x83,0x40,0x01,0x4A,0x13,0x60,0x70,0x47,0xC0,0x46,0x80,0xE1,0x00,0xE0,
0x03,0x4A,0x04,0x49,0x13,0x68,0x9B,0xB2,0x0B,0x43,0x13,0x60,0x70,0x47,0xC0,0x46,
0x0C,0xED,0x00,0xE0,0x04,0x00,0xFA,0x05,0x70,0xB5,0x80,0x25,0x04,0x00,0x2D,0x02,
0x06,0x4B,0xAC,0x42,0x05,0xD9,0x58,0x68,0x00,0xF0,0x1E,0xF8,0x04,0x4B,0xE4,0x18,
0xF6,0xE7,0x98,0x68,0x60,0x43,0x00,0xF0,0x17,0xF8,0x70,0xBD,0xB8,0x00,0x00,0x20,
0x00,0x80,0xFF,0xFF,0x10,0xB5,0x03,0x4B,0x1B,0x7B,0x58,0x43,0x00,0xF0,0x0C,0xF8,
0x10,0xBD,0xC0,0x46,0xB8,0x00,0x00,0x20,0x01,0x4A,0x02,0x4B,0x1A,0x60,0x70,0x47,
0x65,0x88,0xED,0xAC,0x38,0x00,0x03,0x40,0x02,0x30,0x80,0x08,0x03,0xD0,0x01,0x38,
// row 179
0xFD,0xD1,0xC0,0x46,0xC0,0x46,0xC0,0x46,0x70,0x47,0xEF,0xF3,0x10,0x80,0x72,0xB6,
0x70,0x47,0x80,0xF3,0x10,0x88,0x70,0x47,0x02,0xB4,0x71,0x46,0x49,0x08,0x49,0x00,
0x09,0x5C,0x49,0x00,0x8E,0x44,0x02,0xBC,0x70,0x47,0xC0,0x46,0x03,0xB4,0x71,0x46,
0x49,0x08,0x40,0x00,0x49,0x00,0x09,0x5A,0x49,0x00,0x8E,0x44,0x03,0xBC,0x70,0x47,
0x00,0x22,0x43,0x08,0x8B,0x42,0x74,0xD3,0x03,0x09,0x8B,0x42,0x5F,0xD3,0x03,0x0A,
0x8B,0x42,0x44,0xD3,0x03,0x0B,0x8B,0x42,0x28,0xD3,0x03,0x0C,0x8B,0x42,0x0D,0xD3,
0xFF,0x22,0x09,0x02,0x12,0xBA,0x03,0x0C,0x8B,0x42,0x02,0xD3,0x12,0x12,0x09,0x02,
0x65,0xD0,0x03,0x0B,0x8B,0x42,0x19,0xD3,0x00,0xE0,0x09,0x0A,0xC3,0x0B,0x8B,0x42,
// row 180
0x01,0xD3,0xCB,0x03,0xC0,0x1A,0x52,0x41,0x83,0x0B,0x8B,0x42,0x01,0xD3,0x8B,0x03,
0xC0,0x1A,0x52,0x41,0x43,0x0B,0x8B,0x42,0x01,0xD3,0x4B,0x03,0xC0,0x1A,0x52,0x41,
0x03,0x0B,0x8B,0x42,0x01,0xD3,0x0B,0x03,0xC0,0x1A,0x52,0x41,0xC3,0x0A,0x8B,0x42,
0x01,0xD3,0xCB,0x02,0xC0,0x1A,0x52,0x41,0x83,0x0A,0x8B,0x42,0x01,0xD3,0x8B,0x02,
0xC0,0x1A,0x52,0x41,0x43,0x0A,0x8B,0x42,0x01,0xD3,0x4B,0x02,0xC0,0x1A,0x52,0x41,
0x03,0x0A,0x8B,0x42,0x01,0xD3,0x0B,0x02,0xC0,0x1A,0x52,0x41,0xCD,0xD2,0xC3,0x09,
0x8B,0x42,0x01,0xD3,0xCB,0x01,0xC0,0x1A,0x52,0x41,0x83,0x09,0x8B,0x42,0x01,0xD3,
0x8B,0x01,0xC0,0x1A,0x52,0x41,0x43,0x09,0x8B,0x42,0x01,0xD3,0x4B,0x01,0xC0,0x1A,
// row 181
0x52,0x41,0x03,0x09,0x8B,0x42,0x01,0xD3,0x0B,0x01,0xC0,0x1A,0x52,0x41,0xC3,0x08,
0x8B,0x42,0x01,0xD3,0xCB,0x00,0xC0,0x1A,0x52,0x41,0x83,0x08,0x8B,0x42,0x01,0xD3,
0x8B,0x00,0xC0,0x1A,0x52,0x41,0x43,0x08,0x8B,0x42,0x01,0xD3,0x4B,0x00,0xC0,0x1A,
0x52,0x41,0x41,0x1A,0x00,0xD2,0x01,0x46,0x52,0x41,0x10,0x46,0x70,0x47,0xFF,0xE7,
0x01,0xB5,0x00,0x20,0x00,0xF0,0xF0,0xF8,0x02,0xBD,0xC0,0x46,0x00,0x29,0xF7,0xD0,
0x76,0xE7,0x70,0x47,0x03,0x46,0x0B,0x43,0x7F,0xD4,0x00,0x22,0x43,0x08,0x8B,0x42,
0x74,0xD3,0x03,0x09,0x8B,0x42,0x5F,0xD3,0x03,0x0A,0x8B,0x42,0x44,0xD3,0x03,0x0B,
0x8B,0x42,0x28,0xD3,0x03,0x0C,0x8B,0x42,0x0D,0xD3,0xFF,0x22,0x09,0x02,0x12,0xBA,
// row 182
0x03,0x0C,0x8B,0x42,0x02,0xD3,0x12,0x12,0x09,0x02,0x65,0xD0,0x03,0x0B,0x8B,0x42,
0x19,0xD3,0x00,0xE0,0x09,0x0A,0xC3,0x0B,0x8B,0x42,0x01,0xD3,0xCB,0x03,0xC0,0x1A,
0x52,0x41,0x83,0x0B,0x8B,0x42,0x01,0xD3,0x8B,0x03,0xC0,0x1A,0x52,0x41,0x43,0x0B,
0x8B,0x42,0x01,0xD3,0x4B,0x03,0xC0,0x1A,0x52,0x41,0x03,0x0B,0x8B,0x42,0x01,0xD3,
0x0B,0x03,0xC0,0x1A,0x52,0x41,0xC3,0x0A,0x8B,0x42,0x01,0xD3,0xCB,0x02,0xC0,0x1A,
0x52,0x41,0x83,0x0A,0x8B,0x42,0x01,0xD3,0x8B,0x02,0xC0,0x1A,0x52,0x41,0x43,0x0A,
0x8B,0x42,0x01,0xD3,0x4B,0x02,0xC0,0x1A,0x52,0x41,0x03,0x0A,0x8B,0x42,0x01,0xD3,
0x0B,0x02,0xC0,0x1A,0x52,0x41,0xCD,0xD2,0xC3,0x09,0x8B,0x42,0x01,0xD3,0xCB,0x01,
// row 183
0xC0,0x1A,0x52,0x41,0x83,0x09,0x8B,0x42,0x01,0xD3,0x8B,0x01,0xC0,0x1A,0x52,0x41,
0x43,0x09,0x8B,0x42,0x01,0xD3,0x4B,0x01,0xC0,0x1A,0x52,0x41,0x03,0x09,0x8B,0x42,
0x01,0xD3,0x0B,0x01,0xC0,0x1A,0x52,0x41,0xC3,0x08,0x8B,0x42,0x01,0xD3,0xCB,0x00,
0xC0,0x1A,0x52,0x41,0x83,0x08,0x8B,0x42,0x01,0xD3,0x8B,0x00,0xC0,0x1A,0x52,0x41,
0x43,0x08,0x8B,0x42,0x01,0xD3,0x4B,0x00,0xC0,0x1A,0x52,0x41,0x41,0x1A,0x00,0xD2,
0x01,0x46,0x52,0x41,0x10,0x46,0x70,0x47,0x5D,0xE0,0xCA,0x0F,0x00,0xD0,0x49,0x42,
0x03,0x10,0x00,0xD3,0x40,0x42,0x53,0x40,0x00,0x22,0x9C,0x46,0x03,0x09,0x8B,0x42,
0x2D,0xD3,0x03,0x0A,0x8B,0x42,0x12,0xD3,0xFC,0x22,0x89,0x01,0x12,0xBA,0x03,0x0A,
// row 184
0x8B,0x42,0x0C,0xD3,0x89,0x01,0x92,0x11,0x8B,0x42,0x08,0xD3,0x89,0x01,0x92,0x11,
0x8B,0x42,0x04,0xD3,0x89,0x01,0x3A,0xD0,0x92,0x11,0x00,0xE0,0x89,0x09,0xC3,0x09,
0x8B,0x42,0x01,0xD3,0xCB,0x01,0xC0,0x1A,0x52,0x41,0x83,0x09,0x8B,0x42,0x01,0xD3,
0x8B,0x01,0xC0,0x1A,0x52,0x41,0x43,0x09,0x8B,0x42,0x01,0xD3,0x4B,0x01,0xC0,0x1A,
0x52,0x41,0x03,0x09,0x8B,0x42,0x01,0xD3,0x0B,0x01,0xC0,0x1A,0x52,0x41,0xC3,0x08,
0x8B,0x42,0x01,0xD3,0xCB,0x00,0xC0,0x1A,0x52,0x41,0x83,0x08,0x8B,0x42,0x01,0xD3,
0x8B,0x00,0xC0,0x1A,0x52,0x41,0xD9,0xD2,0x43,0x08,0x8B,0x42,0x01,0xD3,0x4B,0x00,
0xC0,0x1A,0x52,0x41,0x41,0x1A,0x00,0xD2,0x01,0x46,0x63,0x46,0x52,0x41,0x5B,0x10,
// row 185
0x10,0x46,0x01,0xD3,0x40,0x42,0x00,0x2B,0x00,0xD5,0x49,0x42,0x70,0x47,0x63,0x46,
0x5B,0x10,0x00,0xD3,0x40,0x42,0x01,0xB5,0x00,0x20,0x00,0xF0,0x05,0xF8,0x02,0xBD,
0x00,0x29,0xF8,0xD0,0x16,0xE7,0x70,0x47,0x70,0x47,0xC0,0x46,0x01,0x4B,0x18,0x68,
0x70,0x47,0xC0,0x46,0x2C,0x01,0x00,0x20,0x0E,0x4B,0x70,0xB5,0x00,0x25,0x1E,0x00,
0x0D,0x4C,0xE4,0x1A,0xA4,0x10,0xA5,0x42,0x04,0xD0,0xAB,0x00,0xF3,0x58,0x98,0x47,
0x01,0x35,0xF8,0xE7,0x00,0xF0,0x64,0xF8,0x08,0x4B,0x00,0x25,0x1E,0x00,0x08,0x4C,
0xE4,0x1A,0xA4,0x10,0xA5,0x42,0x04,0xD0,0xAB,0x00,0xF3,0x58,0x98,0x47,0x01,0x35,
0xF8,0xE7,0x70,0xBD,0x2C,0xE1,0x00,0x00,0x2C,0xE1,0x00,0x00,0x2C,0xE1,0x00,0x00,
// row 186
0x34,0xE1,0x00,0x00,0x00,0x23,0x10,0xB5,0x9A,0x42,0x03,0xD0,0xCC,0x5C,0xC4,0x54,
0x01,0x33,0xF9,0xE7,0x10,0xBD,0x03,0x00,0x82,0x18,0x93,0x42,0x02,0xD0,0x19,0x70,
0x01,0x33,0xFA,0xE7,0x70,0x47,0x00,0x00,0x00,0x00,0x00,0x00,0x00,0x00,0x0A,0x40,
0x00,0x00,0x0B,0x40,0x00,0x06,0x00,0x00,0x01,0x06,0x00,0x00,0x04,0x07,0x00,0x00,
0x00,0x03,0x05,0x07,0x18,0xE3,0x08,0x00,0x18,0x1B,0x03,0x00,0xD8,0x60,0x03,0x00,
0x38,0x67,0x03,0x00,0x38,0x9B,0x08,0x00,0x93,0x73,0x0E,0x00,0x8C,0x0F,0x0E,0x00,
0x00,0x00,0x00,0x00,0x00,0x00,0x04,0x40,0x00,0x01,0x04,0x40,0x00,0x02,0x04,0x40,
0x00,0x03,0x04,0x40,0x00,0x04,0x04,0x40,0x00,0x00,0x02,0x40,0x00,0x01,0x02,0x40,
// row 187
0x00,0x02,0x02,0x40,0x00,0x03,0x02,0x40,0x00,0x04,0x02,0x40,0x00,0x00,0x05,0x40,
0x00,0x00,0x06,0x40,0x00,0x00,0x07,0x40,0x00,0x00,0x08,0x40,0x43,0x00,0x00,0x00,
0xF8,0xB5,0xC0,0x46,0xF8,0xBC,0x08,0xBC,0x9E,0x46,0x70,0x47,0xBD,0x85,0x00,0x00,
0xFD,0xD9,0x00,0x00,0xF8,0xB5,0xC0,0x46,0xF8,0xBC,0x08,0xBC,0x9E,0x46,0x70,0x47,
0x95,0x85,0x00,0x00,0x58,0xE1,0x00,0x00,0x98,0x00,0x00,0x20,0x98,0x00,0x00,0x00,
0x28,0x1A,0x00,0x00,0x00,0x00,0x00,0x00,0x00,0x00,0x00,0x00,0x01,0x01,0x01,0x19,
0x01,0x00,0x00,0x00,0xC0,0xFF,0x00,0x00,0x40,0xFF,0x00,0x00,0x32,0x00,0x00,0x02,
0x00,0x02,0x00,0x02,0x00,0x02,0x03,0x01,0x01,0x00,0x00,0x00,0x00,0x00,0xE0,0x2E,
// row 188
0xC0,0x5D,0x00,0x00,0x18,0x00,0x00,0x00,0x00,0x36,0x6E,0x01,0x00,0x00,0x00,0x00,
0x00,0x00,0x00,0x00,0x00,0x00,0x00,0x00,0x00,0x00,0x00,0x00,0x00,0x00,0x00,0x00,
0x00,0x00,0x00,0x00,0x00,0x00,0x00,0x00,0x00,0x00,0x00,0x00,0x1C,0xE1,0x00,0x00,
0x00,0x00,0x00,0x00,0x00,0x00,0x00,0x00,0x00,0x00,0x00,0x00,0x00,0x00,0x00,0x00,
0x00,0x00,0x00,0x00,0x00,0x00,0x00,0x00,0x00,0x00,0x00,0x00,0x00,0x00,0x00,0x00,
0x00,0x00,0x00,0x00,0x00,0x00,0x00,0x00,0x00,0x00,0x00,0x00,0x00,0x00,0x00,0x00,
0x00,0x00,0x00,0x00,0x00,0x00,0x00,0x00,0x00,0x00,0x00,0x00,0xCC,0x00,0x00,0x20,
0x00,0x00,0x00,0x00,0x00,0x00,0x00,0x00,0x00,0x00,0x00,0x00,0x00,0x00,0x00,0x00,
};

uint8_t image2_metadata[] = {
// row 189
0x00,0x00,0x00,0x00,0x00,0x00,0x00,0x00,0x00,0x00,0x00,0x00,0x00,0x00,0x00,0x00,
0x00,0x00,0x00,0x00,0x00,0x00,0x00,0x00,0x00,0x00,0x00,0x00,0x00,0x00,0x00,0x00,
0x00,0x00,0x00,0x00,0x00,0x00,0x00,0x00,0x00,0x00,0x00,0x00,0x00,0x00,0x00,0x00,
0x00,0x00,0x00,0x00,0x00,0x00,0x00,0x00,0x00,0x00,0x00,0x00,0x00,0x00,0x00,0x00,
0x77,0x7D,0x84,0x00,0x00,0x06,0x01,0x00,0x00,0x80,0x5E,0x00,0x00,0x00,0x00,0x00,
0x00,0x00,0x00,0x00,0x00,0x00,0x00,0x00,0x00,0x00,0x00,0x00,0x00,0x00,0x00,0x00,
0x00,0x00,0x00,0x00,0x00,0x00,0x00,0x00,0x00,0x00,0x00,0x00,0x00,0x00,0x00,0x00,
0x00,0x00,0x00,0x00,0x00,0x00,0x00,0x00,0x00,0x00,0x00,0x00,0x00,0x00,0x00,0x00,
};

int image2_rows = 189;